,Order Id,Company Id,Company Name,Date,Order Value,Converted
0,80EYLOKP9E762WKG,LJKS5NK6788CYMUU,Chimera-Chasing Casbah,18-02-2017,4875,1
1,TLEXR1HZWTUTBHPB,LJKS5NK6788CYMUU,Chimera-Chasing Casbah,30-07-2015,8425,0
2,839FKFW2LLX4LMBB,LJKS5NK6788CYMUU,Chimera-Chasing Casbah,27-05-2016,4837,0
3,97OX39BGVMHODLJM,LJKS5NK6788CYMUU,Chimera-Chasing Casbah,27-09-2018,343,0
4,5T4LGH4XGBWOD49Z,LJKS5NK6788CYMUU,Chimera-Chasing Casbah,14-01-2016,983,0
5,041ORQM5OIHTIU6L,LJKS5NK6788CYMUU,Chimera-Chasing Casbah,24-08-2014,4185,0
6,8QUW0UXQ3XHIL56W,LJKS5NK6788CYMUU,Chimera-Chasing Casbah,09-06-2018,3186,0
7,6CE8ZDK832NZWJX5,LJKS5NK6788CYMUU,Chimera-Chasing Casbah,01-03-2018,7634,0
8,DSG1EKQVYZD63WCS,LJKS5NK6788CYMUU,Chimera-Chasing Casbah,04-01-2015,2900,0
9,YT796QI18WNGZ7ZJ,LJKS5NK6788CYMUU,Chimera-Chasing Casbah,12-04-2014,5839,0
10,6YLROQT27B6HRF4E,LJKS5NK6788CYMUU,Chimera-Chasing Casbah,28-07-2015,8841,0
11,WYDFDKHADZPNGLEY,LJKS5NK6788CYMUU,Chimera-Chasing Casbah,06-03-2016,7044,0
12,5R53QASREK911LJV,LJKS5NK6788CYMUU,Chimera-Chasing Casbah,26-08-2018,5173,0
13,0X57BF04C3X3OHHB,LJKS5NK6788CYMUU,Chimera-Chasing Casbah,21-11-2015,1104,0
14,AT0R4DFYYAFOC88Q,LJKS5NK6788CYMUU,Chimera-Chasing Casbah,21-07-2014,1883,0
15,KJ5BSZH04HH05GD6,LJKS5NK6788CYMUU,Chimera-Chasing Casbah,02-06-2017,5176,1
16,YCC4FERSSE7IA31M,LJKS5NK6788CYMUU,Chimera-Chasing Casbah,26-06-2018,4418,0
17,5WS2WEUKWONW9FFS,LJKS5NK6788CYMUU,Chimera-Chasing Casbah,07-05-2018,376,0
18,CI0ML2FIU25S84QX,LJKS5NK6788CYMUU,Chimera-Chasing Casbah,03-07-2016,8070,0
19,C0E1XGLTSP9563UZ,LJKS5NK6788CYMUU,Chimera-Chasing Casbah,25-06-2014,409,0
20,2DDN2LHS7G85GKPQ,LJKS5NK6788CYMUU,Chimera-Chasing Casbah,29-04-2014,202,0
21,DP79KUFXD9OF3SMI,LJKS5NK6788CYMUU,Chimera-Chasing Casbah,28-01-2017,8457,0
22,FM608JK1N01BPUQN,36MFTZOYMTAJP1RK,Tangential Sheds,08-05-2014,3762,1
23,CK331XXNIBQT81QL,36MFTZOYMTAJP1RK,Tangential Sheds,23-05-2015,7746,0
24,FESGKOQN2OZZWXY3,36MFTZOYMTAJP1RK,Tangential Sheds,10-01-2016,6011,1
25,YITOTLOF0MWZ0VYX,36MFTZOYMTAJP1RK,Tangential Sheds,03-10-2016,3462,1
26,7J1KCHZUP4EVKIYH,36MFTZOYMTAJP1RK,Tangential Sheds,09-03-2018,7292,0
27,8RIGCF74GUEQHQEE,36MFTZOYMTAJP1RK,Tangential Sheds,23-07-2018,3438,0
28,TH60C9D8TPYS7DGG,36MFTZOYMTAJP1RK,Tangential Sheds,15-12-2016,8783,1
29,A0NDUHF4PSNWXFK7,36MFTZOYMTAJP1RK,Tangential Sheds,19-07-2014,6306,0
30,W1Y086SRAVUZU1AL,36MFTZOYMTAJP1RK,Tangential Sheds,17-09-2017,7683,0
31,WKB58Q8BHLOFQAB5,36MFTZOYMTAJP1RK,Tangential Sheds,31-08-2016,5024,0
32,LMYSFA4HVRRTK8G2,36MFTZOYMTAJP1RK,Tangential Sheds,17-06-2016,8154,1
33,N8DOG58MW238BHA9,36MFTZOYMTAJP1RK,Tangential Sheds,25-12-2018,9009,0
34,J2NWE7JXWK3ZXREJ,36MFTZOYMTAJP1RK,Tangential Sheds,09-03-2015,9633,0
35,DPDV9UGF0SUCYTGW,36MFTZOYMTAJP1RK,Tangential Sheds,25-05-2017,7779,0
36,KNF3E3QTOQ22J269,36MFTZOYMTAJP1RK,Tangential Sheds,20-06-2018,6013,0
37,LEED1HY47M8BR5VL,36MFTZOYMTAJP1RK,Tangential Sheds,22-10-2017,327,0
38,5WKB125WA6MI7111,36MFTZOYMTAJP1RK,Tangential Sheds,09-11-2014,8994,0
39,90PHMOWKMWJMLY40,36MFTZOYMTAJP1RK,Tangential Sheds,06-08-2016,6920,0
40,LSJPNJQLDTIRNWAL,36MFTZOYMTAJP1RK,Tangential Sheds,27-01-2017,9880,0
41,9HAK7VSOZCZIFBZZ,36MFTZOYMTAJP1RK,Tangential Sheds,26-10-2014,6153,0
42,6UX5RMHJ1GK1F9YQ,H3JRC7XX7WJAD4ZO,Two-Mile Grab,24-08-2014,6645,1
43,5SYB15QEFWD1E4Q4,H3JRC7XX7WJAD4ZO,Two-Mile Grab,09-07-2017,2620,0
44,CM1LNRTBGYPBHUGD,H3JRC7XX7WJAD4ZO,Two-Mile Grab,04-08-2018,7815,0
45,1TRTXRM3HQ0338H5,H3JRC7XX7WJAD4ZO,Two-Mile Grab,06-09-2014,8817,0
46,W5S8VZ61WJONS4EE,H3JRC7XX7WJAD4ZO,Two-Mile Grab,25-03-2017,6362,0
47,795SVIJKO8KS3ZEL,H3JRC7XX7WJAD4ZO,Two-Mile Grab,05-01-2015,7534,1
48,8070KEFYSSPWPCD0,H3JRC7XX7WJAD4ZO,Two-Mile Grab,05-08-2014,1422,0
49,TE8BXQIYJNTUOBZ5,H3JRC7XX7WJAD4ZO,Two-Mile Grab,06-08-2016,1597,0
50,RUQOHROBGBOSNUO4,H3JRC7XX7WJAD4ZO,Two-Mile Grab,10-06-2016,6367,1
51,BHC1Q9ALNE6NEHOZ,H3JRC7XX7WJAD4ZO,Two-Mile Grab,25-06-2018,7428,0
52,1L1X099HZ77FC71E,H3JRC7XX7WJAD4ZO,Two-Mile Grab,28-09-2016,7553,1
53,6P91QRADC2O9WOVT,H3JRC7XX7WJAD4ZO,Two-Mile Grab,25-09-2016,8004,1
54,DLEAUXF0Y3B9WCLP,H3JRC7XX7WJAD4ZO,Two-Mile Grab,12-10-2016,3848,0
55,AV70ZTPG7WYIZBHM,H3JRC7XX7WJAD4ZO,Two-Mile Grab,30-01-2014,4141,1
56,QDFNZBV98WY6DTES,H3JRC7XX7WJAD4ZO,Two-Mile Grab,02-01-2018,6367,0
57,304ABUWAKLULJZZ5,H3JRC7XX7WJAD4ZO,Two-Mile Grab,25-09-2016,2638,0
58,N8DEX5RIZLY2TN9S,H3JRC7XX7WJAD4ZO,Two-Mile Grab,21-01-2018,4565,0
59,KW1BDZL123HHU4FH,HB25MDZR0MGCQUGX,Three-Men-And-A-Helper Congo'S,15-03-2017,4398,0
60,C06H3L3ZMTPHZYE7,HB25MDZR0MGCQUGX,Three-Men-And-A-Helper Congo'S,28-09-2014,989,0
61,S35Y2T41PETM02Z8,HB25MDZR0MGCQUGX,Three-Men-And-A-Helper Congo'S,25-01-2015,5266,0
62,4P0WQVUN6E5EGYWK,HB25MDZR0MGCQUGX,Three-Men-And-A-Helper Congo'S,12-06-2016,7196,1
63,W2DPUS8PKQAVW63O,HB25MDZR0MGCQUGX,Three-Men-And-A-Helper Congo'S,15-08-2018,6207,0
64,F7RNUHMDYQS2OS3S,HB25MDZR0MGCQUGX,Three-Men-And-A-Helper Congo'S,12-05-2016,4581,0
65,E2XFDVKEKUIWPXY9,HB25MDZR0MGCQUGX,Three-Men-And-A-Helper Congo'S,09-02-2018,4938,0
66,BUP7RCDWVHJWMFQ8,HB25MDZR0MGCQUGX,Three-Men-And-A-Helper Congo'S,20-10-2018,7355,0
67,FIF56JW8NB30A7H6,HB25MDZR0MGCQUGX,Three-Men-And-A-Helper Congo'S,16-08-2015,6150,0
68,4TG5JOMX0NLJD63N,HB25MDZR0MGCQUGX,Three-Men-And-A-Helper Congo'S,22-04-2014,8782,0
69,1SLO340LG6K3VM71,HB25MDZR0MGCQUGX,Three-Men-And-A-Helper Congo'S,03-01-2015,8707,0
70,77V9JAZD90EU4YSS,HB25MDZR0MGCQUGX,Three-Men-And-A-Helper Congo'S,13-04-2014,3229,0
71,4W2R0J2IM1I7A8NN,HB25MDZR0MGCQUGX,Three-Men-And-A-Helper Congo'S,20-08-2015,4162,0
72,UPG6H94A6V1J1P4V,HB25MDZR0MGCQUGX,Three-Men-And-A-Helper Congo'S,02-09-2017,9051,0
73,FZYBTOF3HIZG29DE,HB25MDZR0MGCQUGX,Three-Men-And-A-Helper Congo'S,01-07-2016,5275,0
74,M990MB6AAZVNZ7L9,HB25MDZR0MGCQUGX,Three-Men-And-A-Helper Congo'S,03-07-2014,4168,0
75,0VQEIQ6KSX6VZD08,HB25MDZR0MGCQUGX,Three-Men-And-A-Helper Congo'S,24-11-2014,6634,1
76,EJG2RJHF1KWL9B8Q,HB25MDZR0MGCQUGX,Three-Men-And-A-Helper Congo'S,23-08-2015,577,1
77,J39WX3H2JIWZB9CG,HB25MDZR0MGCQUGX,Three-Men-And-A-Helper Congo'S,26-04-2018,776,0
78,96N69EAPPK0L5AZQ,HB25MDZR0MGCQUGX,Three-Men-And-A-Helper Congo'S,24-08-2017,3879,0
79,H944X2A26P5INPIK,HB25MDZR0MGCQUGX,Three-Men-And-A-Helper Congo'S,12-12-2016,5850,0
80,EDFLKG6HV4MA3R5V,HB25MDZR0MGCQUGX,Three-Men-And-A-Helper Congo'S,17-06-2016,5070,0
81,CPCL6LVOZUKO5THR,HB25MDZR0MGCQUGX,Three-Men-And-A-Helper Congo'S,19-02-2017,4645,0
82,9WQ7292N2B1KV69M,HB25MDZR0MGCQUGX,Three-Men-And-A-Helper Congo'S,26-03-2018,5334,0
83,H0WAISJM9ZM951EF,HB25MDZR0MGCQUGX,Three-Men-And-A-Helper Congo'S,08-01-2017,4543,0
84,BYUB69B9Y5IFJI2J,HB25MDZR0MGCQUGX,Three-Men-And-A-Helper Congo'S,10-06-2015,2317,0
85,1MNOUYD5H74PX8LK,7RVA8TIVBLBXMNO4,Biophysical Battleground,26-07-2015,7404,0
86,S1R4AUBCH6BFGM52,7RVA8TIVBLBXMNO4,Biophysical Battleground,19-08-2017,1259,0
87,6ODHUV6OBRPAUYTX,7RVA8TIVBLBXMNO4,Biophysical Battleground,11-07-2015,4801,0
88,AX56I4Q2LLODK7MW,7RVA8TIVBLBXMNO4,Biophysical Battleground,27-09-2017,2149,0
89,RWOML79PI4SYCW5Q,7RVA8TIVBLBXMNO4,Biophysical Battleground,07-04-2014,2767,0
90,31NXICAELIBWKM2F,7RVA8TIVBLBXMNO4,Biophysical Battleground,05-09-2018,6124,1
91,RSXZMEAFNS1PSTH8,7RVA8TIVBLBXMNO4,Biophysical Battleground,13-07-2016,8715,0
92,LZ3EU913X19TKE96,7RVA8TIVBLBXMNO4,Biophysical Battleground,04-11-2016,4039,0
93,CBF1PO08FZBGM1EI,7RVA8TIVBLBXMNO4,Biophysical Battleground,10-06-2014,7600,0
94,I7AGDMJYVJWSJHGC,7RVA8TIVBLBXMNO4,Biophysical Battleground,04-11-2016,1592,0
95,9IACXR9WYFFTJRTR,7RVA8TIVBLBXMNO4,Biophysical Battleground,17-09-2016,2766,0
96,6PB6DUI45YAXQW9A,7RVA8TIVBLBXMNO4,Biophysical Battleground,11-10-2018,4088,0
97,MLG5A3GGB5XBONG9,7RVA8TIVBLBXMNO4,Biophysical Battleground,26-06-2015,4293,0
98,TMF0O3LUSIFJWVN0,7RVA8TIVBLBXMNO4,Biophysical Battleground,12-11-2016,6491,0
99,V2XJAKMRT4YXPJR3,7RVA8TIVBLBXMNO4,Biophysical Battleground,12-05-2017,5955,0
100,ADQJB5JSQ1MHOS5F,7RVA8TIVBLBXMNO4,Biophysical Battleground,26-06-2015,1715,0
101,EAHUQC2IKV4LUXZC,7RVA8TIVBLBXMNO4,Biophysical Battleground,12-10-2017,8059,0
102,FPN2NJG87LBNVXOS,7RVA8TIVBLBXMNO4,Biophysical Battleground,19-01-2015,2993,1
103,AP7PK4WOUN7VFL0C,7RVA8TIVBLBXMNO4,Biophysical Battleground,26-11-2016,9234,0
104,7NK90OVCTIXFNYRG,7RVA8TIVBLBXMNO4,Biophysical Battleground,03-06-2017,2815,0
105,ZLBALMLWQND36W00,KKM6EZRN9W5NYXP6,Verbal Greenwich,02-09-2018,5318,0
106,M84KY0H9WE2TL2L0,KKM6EZRN9W5NYXP6,Verbal Greenwich,09-10-2015,2610,0
107,9GJJY7QEHYN0KK2T,KKM6EZRN9W5NYXP6,Verbal Greenwich,17-03-2015,5425,0
108,TDGETQOVDKQ7G75K,KKM6EZRN9W5NYXP6,Verbal Greenwich,13-07-2014,5465,0
109,O4UDE5749976MLEV,KKM6EZRN9W5NYXP6,Verbal Greenwich,10-04-2014,9004,0
110,WEZC6L6FUVZC3YDJ,KKM6EZRN9W5NYXP6,Verbal Greenwich,12-06-2017,4451,0
111,7OJ5C6JX3ECMX5TR,KKM6EZRN9W5NYXP6,Verbal Greenwich,21-01-2017,5699,0
112,FXNCE1CW9GERT73H,KKM6EZRN9W5NYXP6,Verbal Greenwich,28-04-2014,8361,0
113,NDIQL43R4XF00BP2,KKM6EZRN9W5NYXP6,Verbal Greenwich,29-07-2018,8314,0
114,GPNI3NBHY33SKGQ5,KKM6EZRN9W5NYXP6,Verbal Greenwich,13-05-2014,5417,1
115,8UO2V1M1E0NXNYNC,KKM6EZRN9W5NYXP6,Verbal Greenwich,09-07-2016,9135,0
116,9RJFV08PRDKI9XVT,KKM6EZRN9W5NYXP6,Verbal Greenwich,20-08-2017,3526,1
117,W0561AD63VBDU1P6,KKM6EZRN9W5NYXP6,Verbal Greenwich,18-03-2015,2279,0
118,H0G4ADIJUHT1VQ0F,KKM6EZRN9W5NYXP6,Verbal Greenwich,21-09-2018,2108,0
119,PU6RJ9MP60M1X9RA,KKM6EZRN9W5NYXP6,Verbal Greenwich,23-08-2015,1289,0
120,DUMNFB5O85U8X6BE,KKM6EZRN9W5NYXP6,Verbal Greenwich,17-02-2015,8237,0
121,5RABSU0AHNW2EGDW,KKM6EZRN9W5NYXP6,Verbal Greenwich,22-05-2017,5234,0
122,RZ8ANVAEKLILZS90,KKM6EZRN9W5NYXP6,Verbal Greenwich,25-05-2014,6793,0
123,AT53FXESFEOEPUYN,KKM6EZRN9W5NYXP6,Verbal Greenwich,27-05-2015,9620,1
124,XZRIYPEEHPW0PBUK,KKM6EZRN9W5NYXP6,Verbal Greenwich,23-05-2014,843,0
125,9WNXZMFWU3Z53L9K,KKM6EZRN9W5NYXP6,Verbal Greenwich,17-03-2018,5257,0
126,53LDBYOKQD8YKGQA,KKM6EZRN9W5NYXP6,Verbal Greenwich,06-10-2017,6231,0
127,79PI0RH37Z4JPHAW,KKM6EZRN9W5NYXP6,Verbal Greenwich,18-05-2015,1875,0
128,0BHU2OLZXRLHW7YN,KKM6EZRN9W5NYXP6,Verbal Greenwich,19-09-2016,2737,0
129,ZM8E082FEWVLHZ93,KKM6EZRN9W5NYXP6,Verbal Greenwich,29-09-2015,4430,1
130,KCC7H7KU44XQHZ71,NBJDWUB8J2DHLH29,Unpremeditated Heliopolis,20-04-2016,7363,0
131,MNPOI21XTC7BS56B,NBJDWUB8J2DHLH29,Unpremeditated Heliopolis,26-04-2016,444,1
132,AMJA3KBWZWN7S4B2,NBJDWUB8J2DHLH29,Unpremeditated Heliopolis,08-10-2016,8136,1
133,SUKNQOP58IOA3MPT,NBJDWUB8J2DHLH29,Unpremeditated Heliopolis,15-08-2016,7148,0
134,71TL6DY3X4H3P28C,NBJDWUB8J2DHLH29,Unpremeditated Heliopolis,15-07-2014,8423,1
135,4QZI9WC1HDBEI20L,NBJDWUB8J2DHLH29,Unpremeditated Heliopolis,15-11-2017,628,0
136,XL6QT6D5QQL46ATJ,NBJDWUB8J2DHLH29,Unpremeditated Heliopolis,21-07-2018,5878,1
137,2XP9ETFTC804KQPM,NBJDWUB8J2DHLH29,Unpremeditated Heliopolis,16-11-2018,6088,0
138,6Y900PSOU7ZDV34M,NBJDWUB8J2DHLH29,Unpremeditated Heliopolis,09-09-2015,5697,0
139,0D778LL4ID5J2W91,NBJDWUB8J2DHLH29,Unpremeditated Heliopolis,05-05-2015,1760,0
140,PNG87HYUMCG1HF3F,NBJDWUB8J2DHLH29,Unpremeditated Heliopolis,10-07-2016,7179,0
141,0JSKJA646COD0591,NBJDWUB8J2DHLH29,Unpremeditated Heliopolis,03-06-2016,9364,0
142,4EQSQP05EV0SQUAW,NBJDWUB8J2DHLH29,Unpremeditated Heliopolis,09-09-2018,8077,0
143,WR15UB6O3FH9P0L9,NBJDWUB8J2DHLH29,Unpremeditated Heliopolis,24-09-2016,886,0
144,III4SSOWCHFS17YQ,NBJDWUB8J2DHLH29,Unpremeditated Heliopolis,12-04-2018,4672,0
145,L257CSOXV5LEH9UH,NBJDWUB8J2DHLH29,Unpremeditated Heliopolis,02-12-2016,2996,1
146,MMCUCU4ON5MZ5OWY,NBJDWUB8J2DHLH29,Unpremeditated Heliopolis,06-04-2018,7911,0
147,KUP2CXA0GEUDD5QS,NBJDWUB8J2DHLH29,Unpremeditated Heliopolis,18-10-2018,2057,0
148,6LNSYOH9SR5Y2DFQ,NBJDWUB8J2DHLH29,Unpremeditated Heliopolis,04-08-2015,7321,0
149,WEOXQPAKVF3TYFZL,D3Q0HECTK80RRGGO,Excitatory Joint,30-01-2016,7807,0
150,E804D4882DAN5AG9,D3Q0HECTK80RRGGO,Excitatory Joint,07-11-2016,8981,0
151,1Z0BTY402ZTUFTWD,D3Q0HECTK80RRGGO,Excitatory Joint,28-03-2014,7133,0
152,SHZHLE9ETJIIKOJP,D3Q0HECTK80RRGGO,Excitatory Joint,19-05-2015,1453,0
153,CJD4ZTWZDVO1BBI8,D3Q0HECTK80RRGGO,Excitatory Joint,21-11-2014,2193,1
154,R4XRDUKBXHA4PEOP,D3Q0HECTK80RRGGO,Excitatory Joint,17-09-2017,5681,0
155,E9NAN8LHODUSVBKU,D3Q0HECTK80RRGGO,Excitatory Joint,22-10-2014,6208,0
156,JY6ATCZZOZUOK215,D3Q0HECTK80RRGGO,Excitatory Joint,03-05-2018,9014,0
157,HGBPUR77K9S4DTRR,D3Q0HECTK80RRGGO,Excitatory Joint,28-06-2018,9191,0
158,91RYCCZF02FIXGS6,D3Q0HECTK80RRGGO,Excitatory Joint,20-01-2017,9552,0
159,47I3EAUZMZUXKGPS,D3Q0HECTK80RRGGO,Excitatory Joint,02-12-2016,4900,0
160,SJXFU920L0K2QHXV,D3Q0HECTK80RRGGO,Excitatory Joint,22-04-2014,3205,1
161,SN7BEMDXX1RPF2UT,D3Q0HECTK80RRGGO,Excitatory Joint,18-08-2017,7681,0
162,MX2YPAEU69DUOQQZ,D3Q0HECTK80RRGGO,Excitatory Joint,03-12-2017,3445,0
163,MF12NN0TAJDIW7TK,D3Q0HECTK80RRGGO,Excitatory Joint,20-09-2014,2174,0
164,U303YUJXGRSJBK53,D3Q0HECTK80RRGGO,Excitatory Joint,21-09-2017,8371,0
165,O5ERYWAXQYGDEKNX,D3Q0HECTK80RRGGO,Excitatory Joint,22-10-2014,386,1
166,V40G67JI8A83ZD5K,D3Q0HECTK80RRGGO,Excitatory Joint,01-11-2014,6994,0
167,US1A0DHSYO98LPXQ,D3Q0HECTK80RRGGO,Excitatory Joint,18-01-2018,7766,1
168,X3KU73CF9D0XS3VO,D3Q0HECTK80RRGGO,Excitatory Joint,10-12-2016,3327,1
169,YCM5I6LNR2OHQYV4,D3Q0HECTK80RRGGO,Excitatory Joint,23-12-2018,6058,0
170,C7FC12OSXWX91T0O,D3Q0HECTK80RRGGO,Excitatory Joint,10-05-2018,6441,0
171,GNLNYNMPTR4931KT,KGJBNJQHPF0WZ6SI,Dandy Fist,11-10-2015,5798,0
172,NKTFNOZ5ERHKU4N5,KGJBNJQHPF0WZ6SI,Dandy Fist,06-03-2015,7506,0
173,7R64L37LXDA0I6F7,KGJBNJQHPF0WZ6SI,Dandy Fist,24-05-2017,3360,0
174,7TCLDC2ID53PVIL1,KGJBNJQHPF0WZ6SI,Dandy Fist,21-08-2016,7466,0
175,XW8G90SR3LUYUYPA,KGJBNJQHPF0WZ6SI,Dandy Fist,12-07-2017,5420,0
176,ZPF427Z87FFFWJNW,KGJBNJQHPF0WZ6SI,Dandy Fist,28-11-2016,2346,0
177,PNP8BB0B39BYWGL1,KGJBNJQHPF0WZ6SI,Dandy Fist,21-03-2015,8077,0
178,X897D4L4HN6PJXOB,KGJBNJQHPF0WZ6SI,Dandy Fist,10-07-2015,2780,0
179,YFWY6ML1I2EXZLCS,KGJBNJQHPF0WZ6SI,Dandy Fist,22-12-2018,351,0
180,U5L3DIA4T868ALK7,KGJBNJQHPF0WZ6SI,Dandy Fist,29-10-2017,1527,0
181,UI4M5YYH938PQNUB,KGJBNJQHPF0WZ6SI,Dandy Fist,23-10-2018,4661,0
182,P07DDK8SD27H0KXR,KGJBNJQHPF0WZ6SI,Dandy Fist,19-10-2018,2253,0
183,KQTT4M3ZJXD22YZB,KGJBNJQHPF0WZ6SI,Dandy Fist,21-07-2014,1483,0
184,S3DAFDQR6LXTNH5O,KGJBNJQHPF0WZ6SI,Dandy Fist,07-04-2018,6733,0
185,N0AUKE5HOBKPZVYA,KGJBNJQHPF0WZ6SI,Dandy Fist,16-04-2018,5293,0
186,GMBH1O5T7P5SZOZZ,KGJBNJQHPF0WZ6SI,Dandy Fist,10-08-2017,8114,0
187,L5NHTF8CNED8BF19,KGJBNJQHPF0WZ6SI,Dandy Fist,26-01-2017,3556,0
188,IWT28DFEV57TT5JJ,KGJBNJQHPF0WZ6SI,Dandy Fist,05-02-2016,8187,0
189,XZ3ANE1ERIWGH3WP,KGJBNJQHPF0WZ6SI,Dandy Fist,11-02-2018,5111,0
190,UG3GDH1IBZMS455B,KGJBNJQHPF0WZ6SI,Dandy Fist,13-07-2016,3049,1
191,0MCKZMUWGRB11YO8,7FLAHMERFCITB6RT,Various Caesar,11-08-2014,1782,1
192,K0Y45BWK354B2OKA,7FLAHMERFCITB6RT,Various Caesar,10-03-2015,977,1
193,FJDG71C5R2K85AL3,7FLAHMERFCITB6RT,Various Caesar,10-12-2017,270,0
194,DIK1XR48OIZCN2K5,7FLAHMERFCITB6RT,Various Caesar,06-07-2017,1754,0
195,BV35V7ENONFVU7NM,7FLAHMERFCITB6RT,Various Caesar,24-02-2015,478,0
196,MC45IK7KAKVWUPPZ,7FLAHMERFCITB6RT,Various Caesar,16-09-2015,4017,0
197,X6ZDT6P0874W78RC,7FLAHMERFCITB6RT,Various Caesar,02-10-2014,2442,1
198,6485L77OUG59X2OT,7FLAHMERFCITB6RT,Various Caesar,03-11-2014,2118,0
199,22YSOLIP0T9DKIZV,7FLAHMERFCITB6RT,Various Caesar,04-03-2016,8036,0
200,20AXQRCM0KS0CXUY,7FLAHMERFCITB6RT,Various Caesar,02-06-2017,3528,0
201,4EX11YI1WDPC4X9S,7FLAHMERFCITB6RT,Various Caesar,08-08-2015,5800,1
202,MQOV98NN4CB77EQJ,7FLAHMERFCITB6RT,Various Caesar,11-08-2016,8063,0
203,8XTU6XYGO878LCKU,7FLAHMERFCITB6RT,Various Caesar,25-09-2016,7873,0
204,HKIEB5FCPQM7462E,7FLAHMERFCITB6RT,Various Caesar,18-07-2014,7007,0
205,XZC8I9HZ1S8X38IB,7FLAHMERFCITB6RT,Various Caesar,25-06-2018,2869,0
206,Q2NTDCNARNQVV4N5,7FLAHMERFCITB6RT,Various Caesar,19-09-2015,9107,0
207,0M4NXC9R68CXQBBX,7FLAHMERFCITB6RT,Various Caesar,07-05-2017,9192,0
208,AV26EZ6B8RU3XBKG,7FLAHMERFCITB6RT,Various Caesar,03-05-2016,7582,0
209,1PV5IN27W27TEL87,7FLAHMERFCITB6RT,Various Caesar,22-12-2016,7978,0
210,BIYM8E4SGXJIA97E,JYRK7UHZXGX4DLSX,Unhesitant Capercailzie,13-11-2016,2873,0
211,UX2C1MDJ9F203UL2,JYRK7UHZXGX4DLSX,Unhesitant Capercailzie,06-04-2017,4835,0
212,DQL5USGKJNNJVSNI,JYRK7UHZXGX4DLSX,Unhesitant Capercailzie,27-01-2015,8501,0
213,P84WQ1CC9ABHS6S6,JYRK7UHZXGX4DLSX,Unhesitant Capercailzie,10-10-2014,3475,0
214,UHKTOINVFEYMV562,JYRK7UHZXGX4DLSX,Unhesitant Capercailzie,11-08-2017,3618,1
215,O13P6EZWBUNUSOUK,JYRK7UHZXGX4DLSX,Unhesitant Capercailzie,07-07-2018,1806,0
216,5R1H2079QLL17D3U,JYRK7UHZXGX4DLSX,Unhesitant Capercailzie,30-10-2014,4333,0
217,J40JLFEJUX25GA99,JYRK7UHZXGX4DLSX,Unhesitant Capercailzie,18-09-2014,2065,0
218,N8FVMWHIHHUT78VI,JYRK7UHZXGX4DLSX,Unhesitant Capercailzie,17-03-2017,9644,0
219,XSHEVFGFDM4P8B82,JYRK7UHZXGX4DLSX,Unhesitant Capercailzie,03-07-2015,8895,1
220,O1B6G566ZLL24B9V,JYRK7UHZXGX4DLSX,Unhesitant Capercailzie,16-11-2016,7807,0
221,Q8E7LOK7XL94PZJK,JYRK7UHZXGX4DLSX,Unhesitant Capercailzie,05-01-2016,567,1
222,NZ5VWK4GACL1QLTW,JYRK7UHZXGX4DLSX,Unhesitant Capercailzie,12-02-2018,6655,0
223,RMCP1DPP68JHNMZQ,JYRK7UHZXGX4DLSX,Unhesitant Capercailzie,18-08-2014,2917,0
224,E1FDSV5IG8Y9T2YL,JYRK7UHZXGX4DLSX,Unhesitant Capercailzie,08-10-2014,4658,1
225,A9HO2L734OOU7DFC,JYRK7UHZXGX4DLSX,Unhesitant Capercailzie,07-01-2015,3407,0
226,0BNOA7PMMRO9B685,JYRK7UHZXGX4DLSX,Unhesitant Capercailzie,13-05-2017,4533,0
227,AIY1UNQ76NEAS142,JYRK7UHZXGX4DLSX,Unhesitant Capercailzie,02-03-2017,1821,0
228,CQIWQ5OGLUR9EXI4,JYRK7UHZXGX4DLSX,Unhesitant Capercailzie,28-11-2014,9917,0
229,WTL1WS0Y58KQ1P5Q,JYRK7UHZXGX4DLSX,Unhesitant Capercailzie,22-08-2017,7060,1
230,EXLV8NQJOWWA3SGZ,JYRK7UHZXGX4DLSX,Unhesitant Capercailzie,24-10-2015,9660,0
231,7D5NP1FETHNE9G4H,JYRK7UHZXGX4DLSX,Unhesitant Capercailzie,04-10-2017,3695,0
232,JDDBNI8K2MXEEGPD,JYRK7UHZXGX4DLSX,Unhesitant Capercailzie,20-02-2015,4051,0
233,MCW5TOIBAUVQNTZS,JYRK7UHZXGX4DLSX,Unhesitant Capercailzie,24-12-2016,6253,0
234,7IO0GPQDMZ7S7CMQ,JYRK7UHZXGX4DLSX,Unhesitant Capercailzie,10-05-2017,7129,0
235,PR3IBVO2O0QSW8DH,JYRK7UHZXGX4DLSX,Unhesitant Capercailzie,29-07-2018,2687,0
236,8TR22C5VIXFOBX0L,TAW7IY2L2IKUCCGC,Priestly Item-Categories,09-05-2014,2066,0
237,LD7ICLGCAPDVJAH0,TAW7IY2L2IKUCCGC,Priestly Item-Categories,18-07-2014,4099,0
238,TARU7P801K80QV8F,TAW7IY2L2IKUCCGC,Priestly Item-Categories,20-08-2016,5140,1
239,9GVA2LJJ7LLMQXUV,TAW7IY2L2IKUCCGC,Priestly Item-Categories,08-06-2017,758,1
240,B5N53HUZUDIYYEEQ,TAW7IY2L2IKUCCGC,Priestly Item-Categories,21-02-2016,2306,0
241,SKCU5DZCO0X6STX0,TAW7IY2L2IKUCCGC,Priestly Item-Categories,20-01-2018,9001,0
242,N7VO0G3FCUHN1DOK,TAW7IY2L2IKUCCGC,Priestly Item-Categories,06-10-2015,711,0
243,L0N408YQ5QWWECST,TAW7IY2L2IKUCCGC,Priestly Item-Categories,06-07-2015,1961,0
244,L0ANPFOCXB559AUQ,TAW7IY2L2IKUCCGC,Priestly Item-Categories,15-09-2016,4802,1
245,T0584YY2M13PLU1R,TAW7IY2L2IKUCCGC,Priestly Item-Categories,12-05-2017,8606,0
246,NF1HZ2S7ES4UPUSW,TAW7IY2L2IKUCCGC,Priestly Item-Categories,19-03-2016,3898,0
247,GBDXUHDI38G5FYPZ,TAW7IY2L2IKUCCGC,Priestly Item-Categories,02-10-2018,6224,0
248,08ED30RUYOG50EXB,TAW7IY2L2IKUCCGC,Priestly Item-Categories,16-02-2016,2710,0
249,RG249729KT2X4418,TAW7IY2L2IKUCCGC,Priestly Item-Categories,15-11-2016,9500,0
250,BXER6NI805VO9NB4,TAW7IY2L2IKUCCGC,Priestly Item-Categories,31-10-2018,3086,0
251,B694NA2M7NJXRAUV,TAW7IY2L2IKUCCGC,Priestly Item-Categories,21-04-2016,628,0
252,IFWFCKR8TRAGCLSN,TAW7IY2L2IKUCCGC,Priestly Item-Categories,03-09-2015,5201,0
253,X2L03IP73K1Z1E73,TAW7IY2L2IKUCCGC,Priestly Item-Categories,07-04-2018,9777,0
254,MCPFDC67TXWEM3YE,TAW7IY2L2IKUCCGC,Priestly Item-Categories,27-11-2014,9669,0
255,XDI8LZYQLYM1IVLS,TAW7IY2L2IKUCCGC,Priestly Item-Categories,01-01-2018,6806,0
256,KVYHY3R6LGHEASQD,TAW7IY2L2IKUCCGC,Priestly Item-Categories,13-01-2017,4169,0
257,C9YK3ZJ1UXQF3EVT,NUQS9SHQH6IU92V8,Paleocortical Boatloads,31-05-2015,3205,1
258,CW1NWMRNACRZU9LD,NUQS9SHQH6IU92V8,Paleocortical Boatloads,26-03-2016,3213,0
259,AYY9PCZUJO3O4WEY,NUQS9SHQH6IU92V8,Paleocortical Boatloads,02-03-2016,1334,0
260,XMIIBIZ3TNASFQAO,NUQS9SHQH6IU92V8,Paleocortical Boatloads,10-04-2016,473,0
261,PSIF6GVMSLM2MYD2,NUQS9SHQH6IU92V8,Paleocortical Boatloads,28-11-2016,2191,1
262,1E6NS6IM1UW4DK9T,NUQS9SHQH6IU92V8,Paleocortical Boatloads,03-08-2016,6016,0
263,SN05KOIHQG501JSG,NUQS9SHQH6IU92V8,Paleocortical Boatloads,14-03-2016,3131,1
264,EZAF7VULQYUPEJ9E,NUQS9SHQH6IU92V8,Paleocortical Boatloads,19-12-2018,399,0
265,TQZ0SRSQDMDYJGIB,NUQS9SHQH6IU92V8,Paleocortical Boatloads,16-10-2018,198,0
266,Z2OJ4S441SRGNRXX,NUQS9SHQH6IU92V8,Paleocortical Boatloads,22-11-2017,5380,0
267,26GUMPD6ZYA6WWQX,NUQS9SHQH6IU92V8,Paleocortical Boatloads,07-03-2017,376,0
268,WYPN9M9H6O01E7Q9,NUQS9SHQH6IU92V8,Paleocortical Boatloads,13-12-2014,1525,0
269,6SH3S27UW3ANE2N5,NUQS9SHQH6IU92V8,Paleocortical Boatloads,27-09-2018,5400,0
270,S8NO361OIWPHFNWU,NUQS9SHQH6IU92V8,Paleocortical Boatloads,27-10-2017,8039,0
271,RBUGYYU8SSUWLTDK,NUQS9SHQH6IU92V8,Paleocortical Boatloads,01-06-2016,8975,0
272,2P2FA216PELC1IPD,NUQS9SHQH6IU92V8,Paleocortical Boatloads,04-05-2017,4330,1
273,VAV8BIAQX7D3SI4F,NUQS9SHQH6IU92V8,Paleocortical Boatloads,11-01-2017,9157,0
274,Q7C16LWLFP0DKAFG,NUQS9SHQH6IU92V8,Paleocortical Boatloads,20-10-2016,2730,0
275,0CD1BR7HEILGQI67,NUQS9SHQH6IU92V8,Paleocortical Boatloads,26-08-2016,8878,0
276,ZRP44ZI0JZJ6YJH0,PQ79N68UEQ9FFCPU,Editorial Paintbrush,20-10-2016,7412,1
277,GFBLCUWJH23U3DAL,PQ79N68UEQ9FFCPU,Editorial Paintbrush,19-01-2018,5273,0
278,9EPT44W4A03QRFGP,PQ79N68UEQ9FFCPU,Editorial Paintbrush,19-07-2015,1902,1
279,11K0DZUPHJ64FX4B,PQ79N68UEQ9FFCPU,Editorial Paintbrush,23-07-2014,8951,0
280,UI3A45ACMR0LYM1N,PQ79N68UEQ9FFCPU,Editorial Paintbrush,10-09-2017,6436,1
281,OXX1WA2USIYH69SU,PQ79N68UEQ9FFCPU,Editorial Paintbrush,01-09-2018,1647,0
282,IRMI0DSQ0D63T6JP,PQ79N68UEQ9FFCPU,Editorial Paintbrush,29-12-2015,9258,0
283,7JAKJVWML04M7P6M,PQ79N68UEQ9FFCPU,Editorial Paintbrush,12-07-2015,8307,0
284,3ZP4NM8C92BM99EP,PQ79N68UEQ9FFCPU,Editorial Paintbrush,11-04-2015,9306,0
285,I3PHYA05IVXIQMYM,PQ79N68UEQ9FFCPU,Editorial Paintbrush,22-08-2018,6464,0
286,MPQHXFTZGOI68QRM,PQ79N68UEQ9FFCPU,Editorial Paintbrush,16-08-2017,7544,0
287,3EPFXQZG2Z7UQL6I,PQ79N68UEQ9FFCPU,Editorial Paintbrush,16-05-2016,4633,1
288,UZXP6F2RJC2MFNGN,PQ79N68UEQ9FFCPU,Editorial Paintbrush,11-12-2014,6384,0
289,VA21RPHKRXPA7Z6G,PQ79N68UEQ9FFCPU,Editorial Paintbrush,13-11-2015,997,0
290,VZ24PELY5HVNXT1D,PQ79N68UEQ9FFCPU,Editorial Paintbrush,24-12-2015,263,1
291,F7BV665ZKMMG3OIW,93DU98KT3NZCOW58,Victorian Aim,09-04-2018,8698,0
292,ZTZ112TP2OS71ECZ,93DU98KT3NZCOW58,Victorian Aim,22-09-2017,4222,0
293,DXNX6ATOF92U0N3I,93DU98KT3NZCOW58,Victorian Aim,09-01-2017,8572,0
294,AW6QVY220YVT9AZG,93DU98KT3NZCOW58,Victorian Aim,25-10-2015,6438,0
295,0SU27Q8GKWLPA527,93DU98KT3NZCOW58,Victorian Aim,20-12-2017,3083,0
296,91T8A0W5OFCTCXJJ,93DU98KT3NZCOW58,Victorian Aim,04-08-2018,8500,0
297,UX718KXCGGIIW4BJ,93DU98KT3NZCOW58,Victorian Aim,11-01-2014,3979,1
298,DZFOATWANU3ED7AJ,93DU98KT3NZCOW58,Victorian Aim,05-01-2016,9377,1
299,UG0280IDONLPXNUL,93DU98KT3NZCOW58,Victorian Aim,07-02-2014,5733,1
300,GGYMGFWO02V8ACJW,93DU98KT3NZCOW58,Victorian Aim,04-10-2017,3482,0
301,NDTIIPOH18OM1OI3,93DU98KT3NZCOW58,Victorian Aim,16-06-2014,6772,1
302,FR1E7KLRFM68RXIX,93DU98KT3NZCOW58,Victorian Aim,24-05-2016,8142,0
303,YVOTFYCKNHOE3ACH,93DU98KT3NZCOW58,Victorian Aim,12-05-2014,450,0
304,8GEKZMQRLCHS5588,93DU98KT3NZCOW58,Victorian Aim,08-03-2014,2500,0
305,J5ZDGO8GW19BH4IG,93DU98KT3NZCOW58,Victorian Aim,02-01-2018,8821,0
306,D40XU02TAQBETTEI,93DU98KT3NZCOW58,Victorian Aim,30-03-2015,8689,1
307,BDZXTN9SP1FE913C,93DU98KT3NZCOW58,Victorian Aim,06-08-2014,5303,0
308,TLOM9MYKZTPPQX4Q,93DU98KT3NZCOW58,Victorian Aim,12-11-2015,8100,0
309,WJZ6EUGNG7SXIOIS,93DU98KT3NZCOW58,Victorian Aim,29-04-2014,1345,0
310,7H3C3HVWWQ44UI3T,93DU98KT3NZCOW58,Victorian Aim,11-08-2016,1714,0
311,RWU7GWT08TQQV7AZ,93DU98KT3NZCOW58,Victorian Aim,27-04-2016,9739,0
312,TE0500JCPZUSWZZA,93DU98KT3NZCOW58,Victorian Aim,05-04-2015,2065,0
313,WPLI95GWCIZX4CCH,93DU98KT3NZCOW58,Victorian Aim,24-11-2014,6920,0
314,71NAMLVMEQSS3CJX,HYENPHTT6GZ7O2WY,Atune Endowment,04-11-2016,4684,0
315,BIJ2G4D01OIFSQRP,HYENPHTT6GZ7O2WY,Atune Endowment,28-08-2018,3071,0
316,KZREEGLWIFZSE2BL,HYENPHTT6GZ7O2WY,Atune Endowment,16-07-2015,9206,0
317,XEB7374NHBQM2GHX,HYENPHTT6GZ7O2WY,Atune Endowment,18-02-2017,7286,1
318,M3SEW0N0DN2NCLZF,HYENPHTT6GZ7O2WY,Atune Endowment,14-07-2014,8588,0
319,NZ0ACGW0D7Z1LUJS,HYENPHTT6GZ7O2WY,Atune Endowment,08-11-2018,6190,0
320,WFPGIJ5FWVUR0MDD,HYENPHTT6GZ7O2WY,Atune Endowment,24-04-2015,1676,0
321,4HXVHUHVCX5NLJBL,HYENPHTT6GZ7O2WY,Atune Endowment,05-06-2014,244,0
322,5UEVA18TR6R27B6S,HYENPHTT6GZ7O2WY,Atune Endowment,25-01-2015,2746,0
323,QMXPALMHBL805KH7,HYENPHTT6GZ7O2WY,Atune Endowment,23-03-2017,1595,0
324,9V2S834CCYVKT0L1,HYENPHTT6GZ7O2WY,Atune Endowment,09-02-2017,2980,0
325,29PGKTVH9XILX9R0,HYENPHTT6GZ7O2WY,Atune Endowment,28-05-2017,8427,0
326,OULJIDK8HJ36P760,HYENPHTT6GZ7O2WY,Atune Endowment,08-09-2018,9136,0
327,S6NZ55771929OQBP,HYENPHTT6GZ7O2WY,Atune Endowment,26-10-2014,7917,0
328,53EB09BFE5K0WYVO,HYENPHTT6GZ7O2WY,Atune Endowment,29-12-2016,2157,0
329,S51BMB1QC3NDWZOJ,HYENPHTT6GZ7O2WY,Atune Endowment,13-11-2014,4343,0
330,3YV5Z6O0M7AREQU0,HYENPHTT6GZ7O2WY,Atune Endowment,14-03-2018,3930,1
331,0PLRQ71FXIC0941O,HYENPHTT6GZ7O2WY,Atune Endowment,07-04-2016,8632,0
332,KAA08VEKBKWFS0D3,BQMPJF0W2Z2E0PEW,Industrial Opinions,12-04-2018,3296,0
333,V6G3EYLGJDF5G2B1,BQMPJF0W2Z2E0PEW,Industrial Opinions,29-06-2018,7400,0
334,URWK5DN1BMKWFLIQ,BQMPJF0W2Z2E0PEW,Industrial Opinions,11-10-2017,6883,0
335,CPGAVOUWDG36PWWM,BQMPJF0W2Z2E0PEW,Industrial Opinions,26-03-2014,2466,1
336,LDAA14H3QIBJQVK1,BQMPJF0W2Z2E0PEW,Industrial Opinions,08-05-2017,9240,0
337,TQONO1SYLK1V2F0B,BQMPJF0W2Z2E0PEW,Industrial Opinions,22-07-2015,9579,0
338,KLKZ6MPNS3NZVEZ4,BQMPJF0W2Z2E0PEW,Industrial Opinions,29-09-2017,6829,0
339,QDNH0NULETR5SDJV,BQMPJF0W2Z2E0PEW,Industrial Opinions,02-02-2017,9281,1
340,GPS31TNFE6T7J1H7,BQMPJF0W2Z2E0PEW,Industrial Opinions,21-10-2015,4379,0
341,JFUZ66U54ZS5076P,BQMPJF0W2Z2E0PEW,Industrial Opinions,09-03-2016,5144,0
342,FDUTT6RCAL9APFR5,BQMPJF0W2Z2E0PEW,Industrial Opinions,02-05-2017,9314,1
343,C1CJ4ITF3TTS458O,BQMPJF0W2Z2E0PEW,Industrial Opinions,15-11-2015,7263,0
344,I40791TIAER3NBC2,BQMPJF0W2Z2E0PEW,Industrial Opinions,19-09-2018,9011,0
345,F51XSDIV1RVNK482,BQMPJF0W2Z2E0PEW,Industrial Opinions,17-11-2018,6572,0
346,PMZY3CZE4VJT7CX7,BQMPJF0W2Z2E0PEW,Industrial Opinions,18-01-2016,9122,0
347,YBHRCXHUJSBOWN10,BQMPJF0W2Z2E0PEW,Industrial Opinions,11-03-2017,8935,0
348,3WKQD01GDWFQOW0K,BQMPJF0W2Z2E0PEW,Industrial Opinions,06-02-2017,9109,0
349,V8RFHUJKSGT0TT7F,BQMPJF0W2Z2E0PEW,Industrial Opinions,04-01-2018,6547,0
350,6HOP2Y4ORNK6HW4D,BQMPJF0W2Z2E0PEW,Industrial Opinions,23-11-2016,3857,0
351,JNKFETHVQKE3IQ2U,BQMPJF0W2Z2E0PEW,Industrial Opinions,11-08-2018,8912,0
352,JAKXO7DETNMJ5F26,R7ID6873ITH6GCLJ,Regional Art,03-08-2016,237,0
353,5Z32Q1TT63WCZCFN,R7ID6873ITH6GCLJ,Regional Art,30-04-2014,2177,0
354,SG30RH32SCZVB4QX,R7ID6873ITH6GCLJ,Regional Art,17-12-2016,3499,0
355,7UYTEW7Y2RM5WTC4,R7ID6873ITH6GCLJ,Regional Art,06-08-2014,4001,1
356,DD2IHOQY48MN2QE9,R7ID6873ITH6GCLJ,Regional Art,17-04-2018,5447,0
357,WLIFQDA4UHKJUTTG,R7ID6873ITH6GCLJ,Regional Art,13-01-2016,3993,1
358,1P4AZL0XM5YPZJ36,R7ID6873ITH6GCLJ,Regional Art,29-03-2015,1190,1
359,JYLA8KIOP45689EU,R7ID6873ITH6GCLJ,Regional Art,23-08-2018,547,0
360,R78OBUWCXSWBAM2F,R7ID6873ITH6GCLJ,Regional Art,29-03-2017,9413,0
361,GT2HK4BBK3GSPQPX,R7ID6873ITH6GCLJ,Regional Art,05-06-2016,5736,0
362,B5CRUQ2YRC9CZT78,R7ID6873ITH6GCLJ,Regional Art,15-04-2017,5987,0
363,I87WFIDOTQ1296DH,R7ID6873ITH6GCLJ,Regional Art,15-12-2017,8791,0
364,KVY5QRZLUQXTPP1M,R7ID6873ITH6GCLJ,Regional Art,16-06-2015,2230,0
365,XQA2GHLAN4H6EA90,R7ID6873ITH6GCLJ,Regional Art,22-10-2016,5714,1
366,A7HECMFF6VJBUSVF,R7ID6873ITH6GCLJ,Regional Art,23-06-2016,1339,0
367,Z1AWJAE0YEIUMDFS,R7ID6873ITH6GCLJ,Regional Art,20-07-2014,9764,0
368,2JTIWB2HF586ISEU,R7ID6873ITH6GCLJ,Regional Art,18-10-2018,5182,0
369,WK661VRF4WCKOKYV,R7ID6873ITH6GCLJ,Regional Art,18-07-2014,4324,0
370,564QVHWL6GZIEALQ,R7ID6873ITH6GCLJ,Regional Art,03-01-2015,2934,0
371,E4FXQ6P8K092R3JP,R7ID6873ITH6GCLJ,Regional Art,11-11-2017,2752,0
372,Y16LFXHYDNKF9P54,R7ID6873ITH6GCLJ,Regional Art,29-09-2015,7920,0
373,8JY9QMI1MGIJLL3X,R7ID6873ITH6GCLJ,Regional Art,14-06-2014,9398,0
374,IMYLLB3A4R78Z57Z,W2X6NP1JBOKWCO33,Fantastic Re-Enactments,08-08-2018,4271,0
375,OA780VCA8Q1YHNOS,W2X6NP1JBOKWCO33,Fantastic Re-Enactments,16-06-2016,4006,0
376,Y44SY58MUZYAIKWN,W2X6NP1JBOKWCO33,Fantastic Re-Enactments,12-05-2016,7023,0
377,NAMZXI2BE0NQB03R,W2X6NP1JBOKWCO33,Fantastic Re-Enactments,08-10-2016,2751,0
378,H2S305U979OBZ76H,W2X6NP1JBOKWCO33,Fantastic Re-Enactments,19-02-2016,4178,1
379,IZS4GGVCCETVY3KO,W2X6NP1JBOKWCO33,Fantastic Re-Enactments,11-12-2016,5878,0
380,DFMYU5P6BBMWP4HU,W2X6NP1JBOKWCO33,Fantastic Re-Enactments,16-12-2017,1505,0
381,R5RROQZEHSVU7JWT,W2X6NP1JBOKWCO33,Fantastic Re-Enactments,02-06-2014,6239,0
382,FMJ7WZ2IYQFQ45ZR,W2X6NP1JBOKWCO33,Fantastic Re-Enactments,06-08-2016,9198,0
383,2FRKZX687UELCO16,W2X6NP1JBOKWCO33,Fantastic Re-Enactments,15-12-2017,5687,1
384,9Z84FT8IUD4JCRZ7,W2X6NP1JBOKWCO33,Fantastic Re-Enactments,22-03-2014,2253,1
385,2XUZ0WI63RZZYPWU,W2X6NP1JBOKWCO33,Fantastic Re-Enactments,19-07-2014,9154,0
386,HL9789A3WQYQ9M2B,D459BZ8Z7N1KAFGU,Infamous Inoculation,29-03-2017,5100,0
387,OBDUU0I7XDOQG9T9,D459BZ8Z7N1KAFGU,Infamous Inoculation,29-07-2015,4281,1
388,UYL9IOR2OEYN7XNA,D459BZ8Z7N1KAFGU,Infamous Inoculation,14-06-2017,1052,0
389,N8ZC2ZAL8UW0I1LT,D459BZ8Z7N1KAFGU,Infamous Inoculation,08-09-2017,286,0
390,G67P7CDJV8V34PYU,D459BZ8Z7N1KAFGU,Infamous Inoculation,09-08-2015,5661,0
391,V9PT6M2N3XOH7RKG,D459BZ8Z7N1KAFGU,Infamous Inoculation,11-09-2014,1067,0
392,BQ5VSF3JACQW960R,D459BZ8Z7N1KAFGU,Infamous Inoculation,12-01-2014,2779,0
393,UAAH8C3JD78XG0E3,D459BZ8Z7N1KAFGU,Infamous Inoculation,03-03-2016,4862,1
394,2R5QKLGPXOI2D72N,D459BZ8Z7N1KAFGU,Infamous Inoculation,13-06-2017,4604,0
395,HNZR8KHUXQYRCNLC,D459BZ8Z7N1KAFGU,Infamous Inoculation,27-12-2014,5815,0
396,A8O3Q4KLOFAA2V68,D459BZ8Z7N1KAFGU,Infamous Inoculation,21-11-2018,7328,0
397,9FURHM6R6V0RHY3N,D459BZ8Z7N1KAFGU,Infamous Inoculation,11-10-2015,1150,1
398,G9CABRA0OOKCB5D1,D459BZ8Z7N1KAFGU,Infamous Inoculation,08-05-2018,1298,0
399,XSWWIDD5YEP0GEW9,D459BZ8Z7N1KAFGU,Infamous Inoculation,17-09-2017,210,0
400,XEPJWBRM7XJJC59W,D459BZ8Z7N1KAFGU,Infamous Inoculation,02-07-2017,4564,0
401,3H0L9J3HCNXCLB5A,D459BZ8Z7N1KAFGU,Infamous Inoculation,03-03-2014,5043,0
402,M2CHPQU5JS079QZB,D459BZ8Z7N1KAFGU,Infamous Inoculation,19-06-2015,2025,0
403,KKEXRRGRD0TSHLME,D459BZ8Z7N1KAFGU,Infamous Inoculation,04-03-2014,6848,1
404,4G2CZZRD4SBL5C3V,D459BZ8Z7N1KAFGU,Infamous Inoculation,29-01-2015,9644,0
405,XZSEH1DMZTW66538,D459BZ8Z7N1KAFGU,Infamous Inoculation,30-01-2018,6613,0
406,5IQ1UVD72WWNW7IG,D459BZ8Z7N1KAFGU,Infamous Inoculation,08-08-2015,7176,0
407,S9IFPGNYEON7Q96J,D459BZ8Z7N1KAFGU,Infamous Inoculation,02-05-2014,3259,0
408,QUHOXLQG8UIRF29I,D459BZ8Z7N1KAFGU,Infamous Inoculation,23-06-2015,4319,0
409,L2H61VTR5QMK9UO0,MR6NETSKD2PSN54L,Simple-Seeming Tenure,28-02-2017,614,1
410,6N0744MCV3DD9ZJY,MR6NETSKD2PSN54L,Simple-Seeming Tenure,14-12-2015,6990,0
411,OSOX9QEY53I7U8QB,MR6NETSKD2PSN54L,Simple-Seeming Tenure,16-04-2014,6327,0
412,R622XWYISTR4FIV2,MR6NETSKD2PSN54L,Simple-Seeming Tenure,11-07-2016,1179,1
413,PSQXKK7KIDIRKDSG,MR6NETSKD2PSN54L,Simple-Seeming Tenure,07-12-2018,6895,0
414,IFEP4XHSNXSB7MHC,MR6NETSKD2PSN54L,Simple-Seeming Tenure,08-09-2017,4240,0
415,Z8PYUN4L85MEW5W4,MR6NETSKD2PSN54L,Simple-Seeming Tenure,26-07-2016,6212,1
416,8XWFE5AX3D9LX5AY,MR6NETSKD2PSN54L,Simple-Seeming Tenure,18-09-2017,1828,0
417,KHZW72ZFDVVOT5UR,MR6NETSKD2PSN54L,Simple-Seeming Tenure,05-04-2017,9719,0
418,X546I8JFNVJFE7FH,MR6NETSKD2PSN54L,Simple-Seeming Tenure,01-10-2017,5183,0
419,2H7XSZBSVIB592ZV,MR6NETSKD2PSN54L,Simple-Seeming Tenure,27-02-2014,3078,0
420,QGNCH5GG92YX9EWE,MR6NETSKD2PSN54L,Simple-Seeming Tenure,20-02-2018,2195,0
421,5TJFKUN91B5EW9ZA,MR6NETSKD2PSN54L,Simple-Seeming Tenure,21-01-2015,5916,0
422,JY3AWOX9EHWT0RBG,MR6NETSKD2PSN54L,Simple-Seeming Tenure,14-09-2018,9332,0
423,GCB5ULGM1W8A8HPR,MR6NETSKD2PSN54L,Simple-Seeming Tenure,14-12-2017,4580,1
424,8PQ7WFUV58ZCTOX3,MR6NETSKD2PSN54L,Simple-Seeming Tenure,23-10-2018,5128,0
425,24UHRMDD41R01QYL,MR6NETSKD2PSN54L,Simple-Seeming Tenure,15-08-2016,8102,0
426,XDRL00ME7N5TSMRW,MR6NETSKD2PSN54L,Simple-Seeming Tenure,15-05-2014,6702,0
427,7GKHN5LYWN5KVWBA,MR6NETSKD2PSN54L,Simple-Seeming Tenure,03-11-2018,3845,0
428,2UDNOCM41XE38JXR,MR6NETSKD2PSN54L,Simple-Seeming Tenure,01-10-2014,3274,1
429,VXKJRG95OV6O6BEP,MR6NETSKD2PSN54L,Simple-Seeming Tenure,13-09-2014,234,0
430,DVJBVSN0T8EV74YS,MR6NETSKD2PSN54L,Simple-Seeming Tenure,17-10-2016,4797,0
431,CMZRPK9A9MXHEGHV,2K2NYUSW1RL19Z2J,Genteel Facility,26-02-2017,1721,0
432,LGH6S99JUDTSQ8JI,2K2NYUSW1RL19Z2J,Genteel Facility,24-12-2016,2498,1
433,M7WU8WL957UA0UYG,2K2NYUSW1RL19Z2J,Genteel Facility,24-05-2016,3896,0
434,OLNSKQQ7LOQWGVJE,2K2NYUSW1RL19Z2J,Genteel Facility,04-05-2017,9071,0
435,8KN0EADXEF6N8VYN,2K2NYUSW1RL19Z2J,Genteel Facility,04-09-2016,6144,0
436,WZJKX79E10TY5JEC,2K2NYUSW1RL19Z2J,Genteel Facility,21-11-2018,9969,0
437,P05AEO9O2H7MKQBW,2K2NYUSW1RL19Z2J,Genteel Facility,13-01-2014,5172,0
438,HP22IFNA977222R9,2K2NYUSW1RL19Z2J,Genteel Facility,21-04-2016,9495,0
439,ARL4YVKJKVG5DYX1,2K2NYUSW1RL19Z2J,Genteel Facility,18-04-2014,7714,0
440,L5L7QKO71R26VTPK,2K2NYUSW1RL19Z2J,Genteel Facility,03-07-2016,992,0
441,J37Z63J3QEEJ55E9,2K2NYUSW1RL19Z2J,Genteel Facility,14-03-2018,4278,0
442,IK417YPT82A8QPTG,2K2NYUSW1RL19Z2J,Genteel Facility,29-04-2017,9673,0
443,63ZWJSKTVO6E3SNP,2K2NYUSW1RL19Z2J,Genteel Facility,27-04-2015,2396,0
444,1ELB8CA6R0EM8MFG,2K2NYUSW1RL19Z2J,Genteel Facility,19-09-2016,6799,0
445,ESFKC2ABVV5H3WZO,2K2NYUSW1RL19Z2J,Genteel Facility,02-03-2018,2891,1
446,2DX8F7UAK13Z4LV6,2K2NYUSW1RL19Z2J,Genteel Facility,21-12-2015,9051,0
447,3PDNFOHFGJDMWD4T,2K2NYUSW1RL19Z2J,Genteel Facility,22-11-2015,4618,0
448,IYRIG2LSW9RNTBWU,2K2NYUSW1RL19Z2J,Genteel Facility,15-02-2014,2487,0
449,GZO831W6LRMKFY43,PYAQ341Y4240ACP4,Razor-Sharp Guests,18-12-2018,7166,0
450,5QOUK1EGHK8H9ZXV,PYAQ341Y4240ACP4,Razor-Sharp Guests,30-09-2016,3659,0
451,0G7GLVQYWIDX1NYD,PYAQ341Y4240ACP4,Razor-Sharp Guests,17-03-2017,7158,0
452,8RMLBMLBV5APITJ5,PYAQ341Y4240ACP4,Razor-Sharp Guests,24-11-2014,3375,0
453,7362WJKH6JEYHMRZ,PYAQ341Y4240ACP4,Razor-Sharp Guests,11-12-2015,2504,0
454,SS6TLV5CW0888BC4,PYAQ341Y4240ACP4,Razor-Sharp Guests,01-12-2015,3246,1
455,EOFFPD2TN5EWU8C6,PYAQ341Y4240ACP4,Razor-Sharp Guests,18-09-2018,5703,0
456,GOEFOY0OCXW7IGS3,PYAQ341Y4240ACP4,Razor-Sharp Guests,11-04-2016,288,0
457,TXAS5ABHHGCBWF9L,PYAQ341Y4240ACP4,Razor-Sharp Guests,26-03-2017,2415,1
458,D2SHQ8W91NWYKMHF,PYAQ341Y4240ACP4,Razor-Sharp Guests,04-06-2014,4135,0
459,CFPS5FD26QVUKAR1,PYAQ341Y4240ACP4,Razor-Sharp Guests,17-08-2016,3215,0
460,ZBGALD4ROHQ98IW5,PYAQ341Y4240ACP4,Razor-Sharp Guests,07-08-2016,2988,0
461,QLN55HTXMMW94Q0L,PYAQ341Y4240ACP4,Razor-Sharp Guests,01-06-2017,6715,0
462,JR8LHU5RN35DQFTT,PYAQ341Y4240ACP4,Razor-Sharp Guests,03-03-2017,5614,0
463,A9VCUDIUJP5N3ZVQ,PYAQ341Y4240ACP4,Razor-Sharp Guests,12-09-2018,1232,0
464,LEL63WOC2Y9XIL0U,PYAQ341Y4240ACP4,Razor-Sharp Guests,25-10-2014,909,0
465,HYZYGMMCWDFXJB9W,PYAQ341Y4240ACP4,Razor-Sharp Guests,25-07-2015,4761,0
466,Y4MVLDNM359IICWT,PYAQ341Y4240ACP4,Razor-Sharp Guests,14-03-2018,3347,0
467,NS8LDA8MDJDWPYME,PYAQ341Y4240ACP4,Razor-Sharp Guests,21-02-2018,3831,0
468,FONZ46R36Y0UIJ37,PYAQ341Y4240ACP4,Razor-Sharp Guests,25-11-2014,3026,0
469,2IS9TX3DAKE977D7,PYAQ341Y4240ACP4,Razor-Sharp Guests,19-06-2017,6900,0
470,ICUG2WCQX1M7DY0B,PYAQ341Y4240ACP4,Razor-Sharp Guests,18-09-2017,9556,0
471,5CS2MKMX43NIMGIE,PYAQ341Y4240ACP4,Razor-Sharp Guests,12-06-2014,5043,0
472,TJH86VTC3F3X1OU3,4VVOCC6ELGQAOZ7T,Serious-Minded Weld,21-08-2017,2202,0
473,0ZELE086OW7RD5GG,4VVOCC6ELGQAOZ7T,Serious-Minded Weld,25-12-2017,3024,0
474,ZRN1IZ7BX1T99NSB,4VVOCC6ELGQAOZ7T,Serious-Minded Weld,17-05-2016,3059,0
475,D6D4JEZICNC3NHUG,4VVOCC6ELGQAOZ7T,Serious-Minded Weld,17-06-2017,1793,0
476,3ZSRFIJEMLEDJKFR,4VVOCC6ELGQAOZ7T,Serious-Minded Weld,06-08-2014,1997,0
477,IAJV9M5D2GW55B20,4VVOCC6ELGQAOZ7T,Serious-Minded Weld,06-05-2016,5350,0
478,1KH57PSETXEIAHFP,4VVOCC6ELGQAOZ7T,Serious-Minded Weld,08-01-2017,1983,0
479,081O8LNCWCXNY0OI,4VVOCC6ELGQAOZ7T,Serious-Minded Weld,17-07-2018,468,0
480,CKJ0FK7JTBQ4WUIQ,4VVOCC6ELGQAOZ7T,Serious-Minded Weld,11-04-2017,4487,0
481,ORBCUROQMVBRWA4J,4VVOCC6ELGQAOZ7T,Serious-Minded Weld,12-03-2018,1778,0
482,6T8BSU596DZ0DS03,4VVOCC6ELGQAOZ7T,Serious-Minded Weld,24-08-2018,2201,0
483,7644YJQWYFEIKCUB,4VVOCC6ELGQAOZ7T,Serious-Minded Weld,03-04-2016,4662,1
484,V5Y90ORVSK575YXY,4VVOCC6ELGQAOZ7T,Serious-Minded Weld,18-01-2015,265,0
485,F5XNPYBBTSFJRTKW,4VVOCC6ELGQAOZ7T,Serious-Minded Weld,20-02-2015,9780,0
486,QCOO80QPGQB867L5,4VVOCC6ELGQAOZ7T,Serious-Minded Weld,12-08-2014,1545,0
487,CGNLJOAU6PMRGY6L,4VVOCC6ELGQAOZ7T,Serious-Minded Weld,29-11-2018,3205,0
488,5G8N0XZ9THO4GEAN,4VVOCC6ELGQAOZ7T,Serious-Minded Weld,30-12-2015,3493,1
489,LGBTMI5TE00DBS1Q,4VVOCC6ELGQAOZ7T,Serious-Minded Weld,05-09-2016,323,0
490,WL3GD87BJP08HU49,4VVOCC6ELGQAOZ7T,Serious-Minded Weld,03-02-2015,4948,0
491,LL2U38TLBRNAXAAU,4VVOCC6ELGQAOZ7T,Serious-Minded Weld,14-04-2018,3774,0
492,5Q0NJG90PRB9FE88,4VVOCC6ELGQAOZ7T,Serious-Minded Weld,07-01-2014,4999,0
493,MGA7TXTS4Z3SAEK4,4VVOCC6ELGQAOZ7T,Serious-Minded Weld,08-09-2017,6518,0
494,ASDP640M48CTNWCV,4VVOCC6ELGQAOZ7T,Serious-Minded Weld,01-02-2016,1246,0
495,WHNAGRIDHDAS1RJR,4VVOCC6ELGQAOZ7T,Serious-Minded Weld,05-03-2017,8666,0
496,O4HHPZS59ZQUIFKC,4VVOCC6ELGQAOZ7T,Serious-Minded Weld,31-12-2016,3592,1
497,O4MPYYDMDGO1G7X8,4VVOCC6ELGQAOZ7T,Serious-Minded Weld,03-10-2016,5863,0
498,EOCHRCOJGDV3K6B2,4VVOCC6ELGQAOZ7T,Serious-Minded Weld,22-05-2016,5773,0
499,J3BOGIFLDOZYXJ2J,4VVOCC6ELGQAOZ7T,Serious-Minded Weld,20-08-2017,7672,0
500,S21I4HEDRL2YRTXR,H8F5GIJX4PSKG38G,"Fast-Firing $10,000",16-05-2014,4161,0
501,1XM2OOU6QC3FX6K0,H8F5GIJX4PSKG38G,"Fast-Firing $10,000",24-10-2014,9184,0
502,193Y78BFQC9XRN8D,H8F5GIJX4PSKG38G,"Fast-Firing $10,000",19-01-2015,9707,0
503,TN08WH2F7RAS8NHK,H8F5GIJX4PSKG38G,"Fast-Firing $10,000",03-08-2017,529,0
504,294DLQ4IABA6A2BV,H8F5GIJX4PSKG38G,"Fast-Firing $10,000",30-06-2014,8718,0
505,BUUYP6OMZD796QPE,H8F5GIJX4PSKG38G,"Fast-Firing $10,000",16-10-2018,7922,0
506,OLNWUH91YTTIZ76T,H8F5GIJX4PSKG38G,"Fast-Firing $10,000",03-06-2014,408,0
507,XV5IGJSE2DWESNYH,H8F5GIJX4PSKG38G,"Fast-Firing $10,000",28-07-2017,1334,0
508,G8Q1Y8Q77IC199QF,H8F5GIJX4PSKG38G,"Fast-Firing $10,000",23-01-2014,955,1
509,17VF1KY57KBLKE3W,H8F5GIJX4PSKG38G,"Fast-Firing $10,000",18-10-2018,4830,0
510,KCQEVX67DRT9C2IC,H8F5GIJX4PSKG38G,"Fast-Firing $10,000",13-12-2015,9844,0
511,RYD0YPF1Q34KOX31,H8F5GIJX4PSKG38G,"Fast-Firing $10,000",02-07-2015,6828,0
512,TA49HLUDJKYUK6LR,H8F5GIJX4PSKG38G,"Fast-Firing $10,000",25-08-2016,3233,0
513,5EMXFW0SMYU0AWV8,H8F5GIJX4PSKG38G,"Fast-Firing $10,000",06-03-2016,2698,1
514,9C1RFERRI5KKCWK3,H8F5GIJX4PSKG38G,"Fast-Firing $10,000",07-02-2016,6937,0
515,CYPD6JRFK6WIXBUL,H8F5GIJX4PSKG38G,"Fast-Firing $10,000",01-12-2017,6880,0
516,YDZ64FMXOXNXRGUP,H8F5GIJX4PSKG38G,"Fast-Firing $10,000",17-05-2017,6058,0
517,OYPM8XM6OHAGUQ57,H8F5GIJX4PSKG38G,"Fast-Firing $10,000",04-02-2016,1218,0
518,RZ8ND863YHZ57LJ9,HYCHYUBNXEQTCM8G,Care-Free Arp,17-04-2014,7774,1
519,A5X3P9ZZ5NLS6GEM,HYCHYUBNXEQTCM8G,Care-Free Arp,10-08-2016,9726,0
520,EKIMF8LU7XHG4X3P,HYCHYUBNXEQTCM8G,Care-Free Arp,15-11-2014,8240,0
521,LJIEV5QO4XQWFX7W,HYCHYUBNXEQTCM8G,Care-Free Arp,08-02-2015,5669,0
522,55QOAG1CNZ4C05ZV,HYCHYUBNXEQTCM8G,Care-Free Arp,24-07-2015,4504,0
523,MV7IUXECJWTF0DUR,HYCHYUBNXEQTCM8G,Care-Free Arp,28-07-2016,8415,0
524,ZBAU9Y0H2AD3O643,HYCHYUBNXEQTCM8G,Care-Free Arp,27-02-2016,7606,0
525,XEW4FJC7OKV9KGNU,HYCHYUBNXEQTCM8G,Care-Free Arp,26-07-2018,5677,0
526,V250Q430V57YDEXA,HYCHYUBNXEQTCM8G,Care-Free Arp,19-12-2017,9772,0
527,OO0YHOTCY208JIB6,HYCHYUBNXEQTCM8G,Care-Free Arp,12-11-2018,5661,0
528,MV80NUUOQXKNMEY7,HYCHYUBNXEQTCM8G,Care-Free Arp,17-02-2016,7747,0
529,2WRYM2Q51D48SB7L,HYCHYUBNXEQTCM8G,Care-Free Arp,23-05-2015,4849,1
530,PMHSVEUXZD85TMEV,HYCHYUBNXEQTCM8G,Care-Free Arp,04-10-2014,4519,1
531,GZI196EUR6IQB8C2,HYCHYUBNXEQTCM8G,Care-Free Arp,02-02-2015,5663,0
532,RXKJ0WO2YV0EHVMT,HYCHYUBNXEQTCM8G,Care-Free Arp,17-01-2017,5465,1
533,ADJI17SGHKUC90DM,HYCHYUBNXEQTCM8G,Care-Free Arp,25-11-2014,4085,0
534,I96R37PFIMSEKLO6,HYCHYUBNXEQTCM8G,Care-Free Arp,28-02-2014,1324,0
535,8AVNBXZZPNXJ9RID,HYCHYUBNXEQTCM8G,Care-Free Arp,18-03-2015,4993,0
536,NQL25PH7CL17I92U,HYCHYUBNXEQTCM8G,Care-Free Arp,10-12-2014,2354,0
537,0R9M4BNQJDIHE356,HYCHYUBNXEQTCM8G,Care-Free Arp,18-10-2017,4142,0
538,G88K5XT9N9ERUVYS,HYCHYUBNXEQTCM8G,Care-Free Arp,23-05-2018,5452,0
539,F658V6BQRNMNAPJQ,HYCHYUBNXEQTCM8G,Care-Free Arp,16-04-2018,1100,0
540,Q7YQ8VQO39MWQ2W4,HYCHYUBNXEQTCM8G,Care-Free Arp,29-11-2016,9560,0
541,0GTPCVVOHV40DKUV,HYCHYUBNXEQTCM8G,Care-Free Arp,22-08-2014,4114,0
542,S86CF1R3U8MXXUAB,HYCHYUBNXEQTCM8G,Care-Free Arp,02-02-2014,1178,1
543,9XT1C3BD0J8SVJ7K,HYCHYUBNXEQTCM8G,Care-Free Arp,29-09-2016,4089,0
544,RXP3QN7J2JCZNA69,HYCHYUBNXEQTCM8G,Care-Free Arp,16-09-2018,7064,0
545,Z12X9LZZ9724ZD7N,HYCHYUBNXEQTCM8G,Care-Free Arp,04-02-2016,3560,0
546,U1INGLXQPPDCZPAV,HYCHYUBNXEQTCM8G,Care-Free Arp,04-08-2015,5951,0
547,HOXKYFL2PZWO4DHA,HYCHYUBNXEQTCM8G,Care-Free Arp,27-05-2017,374,0
548,TIC29COT9YES3PJ0,HYCHYUBNXEQTCM8G,Care-Free Arp,27-04-2016,3904,0
549,EC58P1DOZPPTTSFY,7YHDP4UHI4A3L14F,Imitative Beverage,24-12-2015,4927,0
550,DQRB52BXGTV8ENTW,7YHDP4UHI4A3L14F,Imitative Beverage,28-02-2015,1836,0
551,SATQFFMXUHNZ5U1D,7YHDP4UHI4A3L14F,Imitative Beverage,30-12-2015,2949,0
552,ISMYPLZ08NK06Z4C,7YHDP4UHI4A3L14F,Imitative Beverage,20-05-2014,5448,1
553,VFH8H6CT3H358OW9,7YHDP4UHI4A3L14F,Imitative Beverage,08-08-2016,8282,0
554,725HZT38GBO1WNYC,7YHDP4UHI4A3L14F,Imitative Beverage,18-07-2016,4833,0
555,XAJONOYMGOK65AAP,7YHDP4UHI4A3L14F,Imitative Beverage,01-05-2018,496,0
556,4BT5A90Q681GQ1KY,7YHDP4UHI4A3L14F,Imitative Beverage,18-12-2014,3204,0
557,BUR4GG9IYB2FCBSY,7YHDP4UHI4A3L14F,Imitative Beverage,30-06-2018,7173,0
558,YCY0030X0XGH3MWB,7YHDP4UHI4A3L14F,Imitative Beverage,11-05-2018,8141,0
559,SO2XU1U0I3YBWFDT,7YHDP4UHI4A3L14F,Imitative Beverage,13-02-2017,469,0
560,1PN56DNKRN3WBZPK,7YHDP4UHI4A3L14F,Imitative Beverage,10-12-2016,5838,0
561,ASVJ4XC87AYPFC29,7YHDP4UHI4A3L14F,Imitative Beverage,23-10-2015,324,0
562,ACOM0GZZJCVIGRZG,GMWAVMUM8WGA36EO,Spear-Throwing Futility,27-03-2015,5759,0
563,8C73UYT7EWFE34LQ,GMWAVMUM8WGA36EO,Spear-Throwing Futility,17-07-2014,6093,0
564,06SIM2Y6NWMKV2M0,GMWAVMUM8WGA36EO,Spear-Throwing Futility,06-10-2017,6822,0
565,WZEZ225VIIT8836B,GMWAVMUM8WGA36EO,Spear-Throwing Futility,05-10-2018,4672,0
566,1O0DZYM8QQDQ95CT,GMWAVMUM8WGA36EO,Spear-Throwing Futility,19-01-2017,1769,0
567,2AV9K0RY2VG7SKYS,GMWAVMUM8WGA36EO,Spear-Throwing Futility,11-10-2017,9040,0
568,3L7VG0W5XQLQJ57L,GMWAVMUM8WGA36EO,Spear-Throwing Futility,17-08-2018,4624,0
569,G66CKPCZ7ZPE1XZY,GMWAVMUM8WGA36EO,Spear-Throwing Futility,14-05-2014,7593,1
570,SBRYAZ421NEJPZTI,GMWAVMUM8WGA36EO,Spear-Throwing Futility,09-03-2014,5355,0
571,8RL7A6P17CUNGJGK,GMWAVMUM8WGA36EO,Spear-Throwing Futility,22-05-2014,1815,1
572,9FDYPBPTZ8ZR4D5J,GMWAVMUM8WGA36EO,Spear-Throwing Futility,29-08-2016,2614,0
573,JGIQS7R6U85VJSPE,GMWAVMUM8WGA36EO,Spear-Throwing Futility,14-09-2014,7483,0
574,47AKSCDPQLVLKJHT,GMWAVMUM8WGA36EO,Spear-Throwing Futility,14-11-2018,5468,0
575,D9GZ2KJCRUFRS03A,GMWAVMUM8WGA36EO,Spear-Throwing Futility,18-08-2018,7036,0
576,AM3N9F73WDDXI3HZ,GMWAVMUM8WGA36EO,Spear-Throwing Futility,17-07-2017,7820,0
577,WNDL80GBOEDFPSN6,GMWAVMUM8WGA36EO,Spear-Throwing Futility,16-07-2018,6879,0
578,GKBDA19F3OQJ6PRX,GMWAVMUM8WGA36EO,Spear-Throwing Futility,02-06-2014,8872,1
579,9Y1EJY1HSNLFFIXC,GMWAVMUM8WGA36EO,Spear-Throwing Futility,21-03-2015,4510,0
580,99XQWTLQK4EPJI7Q,GMWAVMUM8WGA36EO,Spear-Throwing Futility,13-08-2018,1349,0
581,DK6AJFXM5KS9O95C,GMWAVMUM8WGA36EO,Spear-Throwing Futility,20-05-2014,7677,0
582,J64VW407EWYZGN94,UZNNIG9MB0RI0Y1N,Garish Bishopsgate,22-07-2014,4449,0
583,K11VK490H7P6YT0X,UZNNIG9MB0RI0Y1N,Garish Bishopsgate,04-11-2015,2170,0
584,GHKZYWQKQ15C7DE8,UZNNIG9MB0RI0Y1N,Garish Bishopsgate,27-08-2017,8262,0
585,H0WRX60EH3NA5UIS,UZNNIG9MB0RI0Y1N,Garish Bishopsgate,20-05-2014,9819,0
586,D2H4LO1VHWPU3P8E,UZNNIG9MB0RI0Y1N,Garish Bishopsgate,09-05-2017,5515,0
587,WDLOLBRIU9JDOPEV,UZNNIG9MB0RI0Y1N,Garish Bishopsgate,07-03-2014,5436,0
588,84KBAJSEAGZ34CRG,UZNNIG9MB0RI0Y1N,Garish Bishopsgate,01-09-2014,6568,1
589,IYQL5JU304NAA7EC,UZNNIG9MB0RI0Y1N,Garish Bishopsgate,13-02-2017,4850,0
590,70LE6MA8M29TBLCR,UZNNIG9MB0RI0Y1N,Garish Bishopsgate,17-02-2014,7506,1
591,3YU1HIGK3QUNLT49,UZNNIG9MB0RI0Y1N,Garish Bishopsgate,21-09-2016,2980,0
592,2NC1QKISXEVDIF9G,UZNNIG9MB0RI0Y1N,Garish Bishopsgate,04-03-2014,2924,0
593,QW9NHXCF9VA0MJM9,UZNNIG9MB0RI0Y1N,Garish Bishopsgate,29-03-2018,4050,1
594,JENTO091I1WN02AN,UZNNIG9MB0RI0Y1N,Garish Bishopsgate,28-08-2014,8377,1
595,Y42JP17JH4GC4ONS,UZNNIG9MB0RI0Y1N,Garish Bishopsgate,26-08-2016,7845,0
596,EH5B48HLN8UCMAC7,UZNNIG9MB0RI0Y1N,Garish Bishopsgate,23-06-2018,2521,0
597,NS3BS7HUYZFZLDEA,UZNNIG9MB0RI0Y1N,Garish Bishopsgate,09-08-2018,2912,0
598,W1DOXIAUEMS9A531,UZNNIG9MB0RI0Y1N,Garish Bishopsgate,18-05-2016,3535,0
599,8NH4IXTHHKG0KWI8,UZNNIG9MB0RI0Y1N,Garish Bishopsgate,16-07-2017,7469,0
600,VPLKFPELDR11LMS7,33KGPMDT6M0YEF01,Twenty-Page Schubert-Beethoven-Mozart,10-11-2016,2136,1
601,6BX6ZWI2PYQJXUMZ,33KGPMDT6M0YEF01,Twenty-Page Schubert-Beethoven-Mozart,26-01-2018,6952,0
602,HWSY4YBRWFUL5P78,33KGPMDT6M0YEF01,Twenty-Page Schubert-Beethoven-Mozart,27-08-2015,8070,0
603,JVW4DZRUEC948IV3,33KGPMDT6M0YEF01,Twenty-Page Schubert-Beethoven-Mozart,15-04-2015,2211,0
604,EH2Q0WPORCCXLVUZ,33KGPMDT6M0YEF01,Twenty-Page Schubert-Beethoven-Mozart,30-07-2014,9236,1
605,AJUPO6EDC7AOSJZ2,33KGPMDT6M0YEF01,Twenty-Page Schubert-Beethoven-Mozart,08-11-2017,1546,1
606,T7HM3OICUYNESIP2,33KGPMDT6M0YEF01,Twenty-Page Schubert-Beethoven-Mozart,03-05-2016,474,1
607,Y6UUWUG57ZPKST34,33KGPMDT6M0YEF01,Twenty-Page Schubert-Beethoven-Mozart,21-06-2017,280,0
608,27UGU91XN7R66VV0,33KGPMDT6M0YEF01,Twenty-Page Schubert-Beethoven-Mozart,13-07-2014,7496,0
609,GANJSJ4H29963NRL,33KGPMDT6M0YEF01,Twenty-Page Schubert-Beethoven-Mozart,06-01-2014,5165,0
610,8SEDZL6FBCGCLLH0,33KGPMDT6M0YEF01,Twenty-Page Schubert-Beethoven-Mozart,17-02-2014,9447,0
611,U48HK05RAO8OAB33,33KGPMDT6M0YEF01,Twenty-Page Schubert-Beethoven-Mozart,24-08-2014,854,0
612,62K6ABS2M7F0XHJS,33KGPMDT6M0YEF01,Twenty-Page Schubert-Beethoven-Mozart,17-03-2016,9700,0
613,8GUCZRO95KWTVEY7,33KGPMDT6M0YEF01,Twenty-Page Schubert-Beethoven-Mozart,14-02-2016,4261,0
614,7J2157CTOZPKNUX9,33KGPMDT6M0YEF01,Twenty-Page Schubert-Beethoven-Mozart,13-10-2014,1015,0
615,U3JA1VY8EHFS0R26,33KGPMDT6M0YEF01,Twenty-Page Schubert-Beethoven-Mozart,16-06-2017,4255,0
616,BPFQWLEL9B8IE1XR,33KGPMDT6M0YEF01,Twenty-Page Schubert-Beethoven-Mozart,08-09-2016,6125,0
617,2IY7ZBFS0XE40A9R,7HGZXS01CG5878MT,37Th Clean,28-05-2014,5381,0
618,XP33X4DGR2G8ZHRE,7HGZXS01CG5878MT,37Th Clean,28-03-2017,3039,0
619,PWFC027EX69OEZ9B,7HGZXS01CG5878MT,37Th Clean,13-09-2016,4709,1
620,Z9HBCO94Z1XPHJBH,7HGZXS01CG5878MT,37Th Clean,07-02-2015,2099,0
621,UMIQY71ZV1WKYLG2,7HGZXS01CG5878MT,37Th Clean,24-11-2017,2647,0
622,H6YWZ61KESISAJK9,7HGZXS01CG5878MT,37Th Clean,01-03-2016,4684,1
623,MU7DOAFGRMO55K9P,7HGZXS01CG5878MT,37Th Clean,18-07-2017,3147,0
624,6DD4OCLLS6NILXQY,7HGZXS01CG5878MT,37Th Clean,23-06-2018,4453,0
625,T2YU11BVJZGC1UY0,7HGZXS01CG5878MT,37Th Clean,08-12-2016,5167,0
626,MIRZKHW2HB8ZVU0O,7HGZXS01CG5878MT,37Th Clean,12-09-2014,3208,0
627,D4RX4WB5P1N2W84V,7HGZXS01CG5878MT,37Th Clean,21-02-2018,3947,0
628,BTNLP3LTZGBZ78TK,7HGZXS01CG5878MT,37Th Clean,27-03-2017,5215,0
629,QEY4MNMOBUX4FHU5,7HGZXS01CG5878MT,37Th Clean,06-09-2018,468,0
630,7808DEJPYFVNN8ZR,7HGZXS01CG5878MT,37Th Clean,16-07-2014,1851,0
631,DJC91C1DFFPREGDA,7HGZXS01CG5878MT,37Th Clean,05-06-2014,7315,0
632,Z0UXQE1FOOFDNX8X,7HGZXS01CG5878MT,37Th Clean,21-09-2014,9510,0
633,2PBWFNHUM1VNQ2IJ,7HGZXS01CG5878MT,37Th Clean,10-02-2016,119,0
634,XDN6JRNAALQP0E6R,7HGZXS01CG5878MT,37Th Clean,07-05-2015,8268,0
635,SQD11SEWSRJLG5C3,7HGZXS01CG5878MT,37Th Clean,03-06-2016,8203,0
636,FF9BRYZ7LDAQTHGI,7HGZXS01CG5878MT,37Th Clean,11-01-2018,791,0
637,4R31V8FF7VW1NFHX,7HGZXS01CG5878MT,37Th Clean,21-04-2015,2616,0
638,HULKDZ4KVNP9VOUX,7HGZXS01CG5878MT,37Th Clean,04-09-2018,5908,0
639,QOYYUBDZH1FMOPQB,7HGZXS01CG5878MT,37Th Clean,21-05-2018,8025,0
640,QH8F7SKE17MOA17W,7HGZXS01CG5878MT,37Th Clean,04-12-2014,8333,1
641,IGGGO709U0Q6GIST,7HGZXS01CG5878MT,37Th Clean,12-04-2016,1378,1
642,TTF4Y9UUT9BQ96DZ,7HGZXS01CG5878MT,37Th Clean,29-05-2017,6626,0
643,6D6GFRZSDPXKQ272,7HGZXS01CG5878MT,37Th Clean,20-12-2014,7048,0
644,LI7KYCJHJP2NPEFJ,GC0K2SWMTL8FLK5V,Overblown Pretext,27-07-2014,3154,0
645,GSGVC73W9PWOKZYD,GC0K2SWMTL8FLK5V,Overblown Pretext,20-03-2014,7240,0
646,7P8YS3ZKJC381AI6,GC0K2SWMTL8FLK5V,Overblown Pretext,14-02-2017,5609,1
647,S80V37Y0DBUF2LW8,GC0K2SWMTL8FLK5V,Overblown Pretext,19-09-2014,280,0
648,BP2WVHYT9DL50COM,GC0K2SWMTL8FLK5V,Overblown Pretext,27-06-2017,6516,0
649,2N4G8HZWLW7KG8E7,GC0K2SWMTL8FLK5V,Overblown Pretext,02-03-2017,6825,1
650,7YEP3OI7YFY2D0C3,GC0K2SWMTL8FLK5V,Overblown Pretext,11-09-2018,2842,0
651,VFVDASCUJUG0BTGP,GC0K2SWMTL8FLK5V,Overblown Pretext,04-10-2017,6372,0
652,MPLVXFOFX5OJ7KKN,GC0K2SWMTL8FLK5V,Overblown Pretext,08-06-2017,724,0
653,QMDDZV6FGIT3LDQ1,GC0K2SWMTL8FLK5V,Overblown Pretext,30-10-2014,3955,0
654,R2FV7KTRSH7IJFI3,GC0K2SWMTL8FLK5V,Overblown Pretext,14-09-2017,7461,0
655,H22PP2UKDRREFXMQ,GC0K2SWMTL8FLK5V,Overblown Pretext,28-03-2017,9552,0
656,1TZYYYA8OO7VZLG6,GC0K2SWMTL8FLK5V,Overblown Pretext,25-06-2018,2461,0
657,KIYBUF8PKDZCGCP8,GC0K2SWMTL8FLK5V,Overblown Pretext,24-07-2015,9759,0
658,0DUYBKMWGADF0NI7,GC0K2SWMTL8FLK5V,Overblown Pretext,27-09-2018,4502,0
659,FMSOINHUQAAPGCBF,GC0K2SWMTL8FLK5V,Overblown Pretext,23-05-2016,4511,0
660,1WM7CJZFZVW4RAOQ,GC0K2SWMTL8FLK5V,Overblown Pretext,06-04-2015,4902,0
661,TVGDY5LJUCKQKBTJ,GC0K2SWMTL8FLK5V,Overblown Pretext,19-02-2017,835,0
662,KIS8NOCM8T1O9ANF,GC0K2SWMTL8FLK5V,Overblown Pretext,23-02-2017,9075,0
663,8WF8YM3KZ8EEWHM7,GC0K2SWMTL8FLK5V,Overblown Pretext,09-05-2016,3025,0
664,UV6U0819LD774KAY,GZXOG3NKG0YH1W0D,Funniest Enfield,12-01-2017,1252,0
665,PCMDHRO2P3T72P4Y,GZXOG3NKG0YH1W0D,Funniest Enfield,17-11-2018,1962,0
666,1B1O63595XR8P74J,GZXOG3NKG0YH1W0D,Funniest Enfield,19-08-2015,1193,0
667,8HIZHN0A3XKFXXJ7,GZXOG3NKG0YH1W0D,Funniest Enfield,05-07-2015,5809,0
668,NC3RO9GFMVGM4ZBU,GZXOG3NKG0YH1W0D,Funniest Enfield,14-05-2017,6731,0
669,0JIXH4K0DXDVWJR6,GZXOG3NKG0YH1W0D,Funniest Enfield,06-05-2015,5554,0
670,3CFBVQ0GI0LI60PA,GZXOG3NKG0YH1W0D,Funniest Enfield,25-10-2015,5927,0
671,YO9MH3UIYGCICSMU,GZXOG3NKG0YH1W0D,Funniest Enfield,19-10-2017,9022,0
672,5ER5M2TV3FE0U8EK,GZXOG3NKG0YH1W0D,Funniest Enfield,31-12-2015,8443,1
673,ZK3012KJE0SW2G5A,GZXOG3NKG0YH1W0D,Funniest Enfield,08-02-2015,9578,0
674,CIJEPEXQTC144RFM,GZXOG3NKG0YH1W0D,Funniest Enfield,02-02-2014,7301,1
675,QN1U6CRC3LM30NJX,GZXOG3NKG0YH1W0D,Funniest Enfield,30-05-2017,7186,0
676,KAN7811V24MLPX44,GZXOG3NKG0YH1W0D,Funniest Enfield,07-08-2017,3272,0
677,A83Y60SM51XJXIGW,GZXOG3NKG0YH1W0D,Funniest Enfield,01-11-2014,7790,0
678,0MF80SV3GHYGGL1S,GZXOG3NKG0YH1W0D,Funniest Enfield,11-09-2018,318,0
679,OLBLAA58O9WRE0C0,GZXOG3NKG0YH1W0D,Funniest Enfield,03-09-2014,7344,1
680,M6U155YQNM6KY3IT,GZXOG3NKG0YH1W0D,Funniest Enfield,05-04-2016,6461,0
681,XTNQIZIERD5CKXXH,GZXOG3NKG0YH1W0D,Funniest Enfield,13-06-2016,7028,0
682,PWCTJJC334HF4ZKU,GZXOG3NKG0YH1W0D,Funniest Enfield,19-07-2015,6321,0
683,YH5L2ZFFARAB4I2M,GZXOG3NKG0YH1W0D,Funniest Enfield,03-03-2014,3932,0
684,BVJR54DQ7AHMRH9Q,GZXOG3NKG0YH1W0D,Funniest Enfield,06-05-2017,261,0
685,R9YPBIPJZOACF417,GZXOG3NKG0YH1W0D,Funniest Enfield,23-12-2015,2036,0
686,CVV1H9KUQB1MEIL0,GZXOG3NKG0YH1W0D,Funniest Enfield,14-02-2014,1236,0
687,OKXBRV7TVLGV8QSK,GZXOG3NKG0YH1W0D,Funniest Enfield,16-05-2017,2579,0
688,7KUQGPTUJIR856CC,GZXOG3NKG0YH1W0D,Funniest Enfield,09-06-2015,1374,0
689,XCQZHDC7TG0MHPQC,GZXOG3NKG0YH1W0D,Funniest Enfield,07-05-2017,4932,0
690,RMXAHGM8T1VUZDM8,GZXOG3NKG0YH1W0D,Funniest Enfield,20-11-2014,7097,0
691,1IIR0E5PTBBTUF8D,GZXOG3NKG0YH1W0D,Funniest Enfield,16-07-2017,5002,0
692,VLIQT79FI2UGLD5Z,GZXOG3NKG0YH1W0D,Funniest Enfield,13-10-2015,5428,0
693,1DV7KJSRI3YUKO9M,GZXOG3NKG0YH1W0D,Funniest Enfield,21-09-2014,151,1
694,3X6V1SRHDYLP858T,GZXOG3NKG0YH1W0D,Funniest Enfield,14-03-2017,8042,0
695,PLGL7X3YLI3FCADX,GZXOG3NKG0YH1W0D,Funniest Enfield,28-05-2015,7922,0
696,0GKP2D5GH177UIW5,GZXOG3NKG0YH1W0D,Funniest Enfield,02-05-2017,5941,0
697,X4YTVJCCNECPMUTZ,RIJQXOEW4QKJ27GL,Ebullient Feasibility,08-03-2018,3388,1
698,Q93D5JLLNX0VKX8V,RIJQXOEW4QKJ27GL,Ebullient Feasibility,12-05-2017,3371,1
699,211E8K6CP3ODIM0F,RIJQXOEW4QKJ27GL,Ebullient Feasibility,15-08-2014,395,0
700,BZIDSRWT4CHWSO00,RIJQXOEW4QKJ27GL,Ebullient Feasibility,12-09-2017,2674,0
701,9XUH70LXO0V3QD2D,RIJQXOEW4QKJ27GL,Ebullient Feasibility,01-07-2018,8838,0
702,23MD3BYG04SDQMZB,RIJQXOEW4QKJ27GL,Ebullient Feasibility,24-06-2014,5767,1
703,5T9EITC6NT34KMV4,RIJQXOEW4QKJ27GL,Ebullient Feasibility,11-11-2018,9193,0
704,ABD6TETH04BE1FI5,RIJQXOEW4QKJ27GL,Ebullient Feasibility,13-10-2015,1870,0
705,3ZM3U4DWZ62PFEJJ,RIJQXOEW4QKJ27GL,Ebullient Feasibility,08-12-2017,977,0
706,NIPIGQGD1GJZZHXR,RIJQXOEW4QKJ27GL,Ebullient Feasibility,10-04-2016,4151,0
707,MKAM5I5QI1EUF1TM,RIJQXOEW4QKJ27GL,Ebullient Feasibility,26-04-2016,3767,0
708,2637SVZF0SJ1362U,RIJQXOEW4QKJ27GL,Ebullient Feasibility,29-09-2016,2571,0
709,AB0YI5911H95NQDD,RIJQXOEW4QKJ27GL,Ebullient Feasibility,22-06-2016,8808,0
710,SUFHI3144864P5FN,XFPT74S3VX6P9266,Scandinavian Ethiopians,05-05-2016,6220,0
711,1JHWTFXVXH99GTDQ,XFPT74S3VX6P9266,Scandinavian Ethiopians,13-02-2018,7302,0
712,LDG68QRWRUDR3PXT,XFPT74S3VX6P9266,Scandinavian Ethiopians,24-08-2014,4794,0
713,NTXUO0ZBKFVPMAXS,XFPT74S3VX6P9266,Scandinavian Ethiopians,11-11-2016,6238,1
714,FGULDHMCO8ODR82C,XFPT74S3VX6P9266,Scandinavian Ethiopians,29-11-2017,4578,1
715,D0TDPGPXZC6F88V4,XFPT74S3VX6P9266,Scandinavian Ethiopians,05-02-2018,4920,1
716,UM5JTZOHAEMW9R7M,XFPT74S3VX6P9266,Scandinavian Ethiopians,22-09-2014,6615,0
717,W3N6CTGXZ1IWC9VK,XFPT74S3VX6P9266,Scandinavian Ethiopians,11-04-2014,4708,1
718,8N6UUSEOYO8VPXTE,XFPT74S3VX6P9266,Scandinavian Ethiopians,17-11-2016,9906,0
719,85UB3LX8PQ1PQLX7,XFPT74S3VX6P9266,Scandinavian Ethiopians,19-06-2016,7989,0
720,IMDZISQ9B91QSZ37,XFPT74S3VX6P9266,Scandinavian Ethiopians,22-02-2015,326,1
721,KOI04OLBQI5C4QZS,XFPT74S3VX6P9266,Scandinavian Ethiopians,19-01-2015,6139,1
722,WO4YC8YIY20G0CBS,XFPT74S3VX6P9266,Scandinavian Ethiopians,24-04-2015,7617,0
723,NBPZ460ZRD8H717U,XFPT74S3VX6P9266,Scandinavian Ethiopians,16-12-2018,4541,0
724,29A6TFTNC2E5CPE6,GMQMPYU5509PPMI3,Gowned Kabalevsky,07-02-2015,1730,1
725,FGNQX00S7ODRWQ45,GMQMPYU5509PPMI3,Gowned Kabalevsky,13-10-2017,1131,1
726,X4IJBD4CXQT92ZFS,GMQMPYU5509PPMI3,Gowned Kabalevsky,23-06-2018,5326,0
727,R9PW4YZMOUIOCNF2,GMQMPYU5509PPMI3,Gowned Kabalevsky,08-05-2014,3067,0
728,633701OVXXZDITBT,GMQMPYU5509PPMI3,Gowned Kabalevsky,01-05-2015,7721,0
729,FZWQ6V5ZTIBN05Z9,GMQMPYU5509PPMI3,Gowned Kabalevsky,29-05-2017,3443,0
730,DEEH1TP8SQL2GFEL,GMQMPYU5509PPMI3,Gowned Kabalevsky,13-03-2016,759,0
731,ZTHDHST5M7E4YGJ7,GMQMPYU5509PPMI3,Gowned Kabalevsky,15-11-2014,508,0
732,XY1YXT6V4F0Q6JPA,GMQMPYU5509PPMI3,Gowned Kabalevsky,23-07-2018,3765,1
733,6UCV6ZED34TJCQR2,GMQMPYU5509PPMI3,Gowned Kabalevsky,14-12-2017,7556,0
734,G8FOHCEHXRJ3YUUL,GMQMPYU5509PPMI3,Gowned Kabalevsky,24-12-2015,900,1
735,IYDG80PFLJECJJX1,GMQMPYU5509PPMI3,Gowned Kabalevsky,17-01-2018,8965,0
736,6Q9IBRB2074GJHD1,GMQMPYU5509PPMI3,Gowned Kabalevsky,15-01-2018,8155,1
737,M68K6RF5Y1N8OYMK,GMQMPYU5509PPMI3,Gowned Kabalevsky,05-09-2015,8423,0
738,CABLKKP8G5OLUPA9,GMQMPYU5509PPMI3,Gowned Kabalevsky,18-10-2018,4382,0
739,JH8XNGZ02O7TVT28,GMQMPYU5509PPMI3,Gowned Kabalevsky,10-01-2017,2460,0
740,0YQ1AMY264U9XXXH,GMQMPYU5509PPMI3,Gowned Kabalevsky,01-04-2015,839,0
741,8XPPLYN7FKRU34Y6,GMQMPYU5509PPMI3,Gowned Kabalevsky,17-08-2018,4393,0
742,HK0Q878G96I47KMR,GMQMPYU5509PPMI3,Gowned Kabalevsky,03-03-2015,874,0
743,LY9MRII6MZ32YBT8,GMQMPYU5509PPMI3,Gowned Kabalevsky,29-01-2017,540,0
744,RUU7WAMX91QJSM32,GMQMPYU5509PPMI3,Gowned Kabalevsky,13-08-2017,2118,0
745,3YGJOQZ8RN24UYQV,9A52T5784G5UY9Q4,Graven Villains,25-06-2014,8417,0
746,F8M67OP98BDBJP14,9A52T5784G5UY9Q4,Graven Villains,13-11-2014,1542,1
747,NPN0IX33G7D3RB7T,9A52T5784G5UY9Q4,Graven Villains,26-01-2015,342,0
748,VH8Z2XCST69QNPI0,9A52T5784G5UY9Q4,Graven Villains,29-09-2014,4210,1
749,EN7MBYGIW9NY0UWV,9A52T5784G5UY9Q4,Graven Villains,30-12-2015,8992,0
750,IU1JTR6TJTHOLDNP,9A52T5784G5UY9Q4,Graven Villains,13-02-2018,5003,0
751,55HOXQAV7YWSCYM0,9A52T5784G5UY9Q4,Graven Villains,23-05-2018,2705,0
752,NAIQV1JYX4O9XI2P,9A52T5784G5UY9Q4,Graven Villains,28-07-2015,5735,0
753,OGQ6APDHW6SVQ4I0,9A52T5784G5UY9Q4,Graven Villains,01-07-2016,3394,0
754,5PXN4WHUX99U9UW6,9A52T5784G5UY9Q4,Graven Villains,26-06-2014,9203,0
755,7GPKKW5TLSCRLV2T,9A52T5784G5UY9Q4,Graven Villains,03-06-2015,2755,0
756,Y9ERHRKODNP7NWOV,9A52T5784G5UY9Q4,Graven Villains,05-02-2016,9987,0
757,F575XEJ7DD05E27U,9A52T5784G5UY9Q4,Graven Villains,30-11-2014,1314,0
758,GENFRZ5IJSMYIN1S,9A52T5784G5UY9Q4,Graven Villains,09-08-2018,6769,0
759,DHAQ9HMLATCOCO30,9A52T5784G5UY9Q4,Graven Villains,05-09-2017,2291,0
760,BI0UJDCA5OFA0GZQ,9A52T5784G5UY9Q4,Graven Villains,03-05-2018,3202,1
761,9XEE4CQL81D66GQP,9A52T5784G5UY9Q4,Graven Villains,06-07-2018,9716,1
762,8VX8RNQRRCD58R2U,9A52T5784G5UY9Q4,Graven Villains,20-08-2015,3389,1
763,DL95D3QKYJ5CK4ZC,9A52T5784G5UY9Q4,Graven Villains,13-10-2014,9825,1
764,BAWHCYXFMCSTBHR7,9A52T5784G5UY9Q4,Graven Villains,08-10-2018,3018,0
765,2W93U6B21SEBZJEO,9A52T5784G5UY9Q4,Graven Villains,25-04-2017,2268,0
766,218YDDJ2SNZ0CKM6,9A52T5784G5UY9Q4,Graven Villains,17-02-2018,3442,1
767,BDK9NIA5HOU8FI1B,9A52T5784G5UY9Q4,Graven Villains,12-02-2014,5752,0
768,HA8XRGTG4KJJ878K,9A52T5784G5UY9Q4,Graven Villains,09-10-2016,748,0
769,68S9WETVFZEDQUHR,477C7WV0041AK635,Handmade Wisman,16-01-2014,3728,0
770,AQL00OZBUMWR5Z4C,477C7WV0041AK635,Handmade Wisman,04-02-2018,6712,0
771,WRH91ENWV9OJ6Q4E,477C7WV0041AK635,Handmade Wisman,06-07-2016,8765,0
772,AZ23VGJXT2JZPE3G,477C7WV0041AK635,Handmade Wisman,28-12-2016,2302,0
773,5QRY6IR1N4NECE7K,477C7WV0041AK635,Handmade Wisman,19-04-2018,2419,0
774,3MJLZBLPH6MNMTBW,477C7WV0041AK635,Handmade Wisman,18-08-2015,2131,0
775,5XB3HPJBQ1NEA4ZE,477C7WV0041AK635,Handmade Wisman,18-06-2016,4783,0
776,3X6V4UTBZYK235QT,477C7WV0041AK635,Handmade Wisman,08-03-2018,8096,0
777,YPE2FREN5O7VURPP,477C7WV0041AK635,Handmade Wisman,24-08-2017,8871,0
778,5A7XK5DXP75E9N72,477C7WV0041AK635,Handmade Wisman,05-10-2018,2508,0
779,NLJ3GO1M307WCTX0,477C7WV0041AK635,Handmade Wisman,06-02-2017,8245,0
780,XTKAGTTHR249RKOO,477C7WV0041AK635,Handmade Wisman,02-11-2014,6098,1
781,PZVPK28L6XQUUTI0,477C7WV0041AK635,Handmade Wisman,27-03-2015,9865,0
782,28V7ECEGCFVNOJOG,477C7WV0041AK635,Handmade Wisman,23-05-2017,9318,1
783,MCIQFBPDHLY9AGI4,477C7WV0041AK635,Handmade Wisman,11-07-2016,8037,1
784,UUPKNESKXVD8WMXR,477C7WV0041AK635,Handmade Wisman,14-10-2014,4969,0
785,74OHG0Q8NFEFKEN4,477C7WV0041AK635,Handmade Wisman,08-04-2016,9785,0
786,127VS8S9I1K4ZCYI,477C7WV0041AK635,Handmade Wisman,10-03-2016,3683,0
787,9S8NLNT6WYMI8IFW,477C7WV0041AK635,Handmade Wisman,08-05-2014,2103,0
788,0RCF1KZ3IUN01QG0,477C7WV0041AK635,Handmade Wisman,11-04-2014,1032,0
789,BQ5D1NHKKVXYWWZK,477C7WV0041AK635,Handmade Wisman,13-06-2016,312,0
790,GWJKB6W3L0GQSCSD,477C7WV0041AK635,Handmade Wisman,19-09-2014,9085,0
791,0Y0J118SPIQZ0FTP,477C7WV0041AK635,Handmade Wisman,01-11-2017,4568,0
792,LVK8ALFVIPPJYI7K,477C7WV0041AK635,Handmade Wisman,17-08-2018,5146,1
793,CFENLZ7UFPCP4X0I,POBNJ0RSNBYHS1QR,Wide Authorization,02-02-2015,4767,0
794,6Z6UQ5X5KVOXVLZO,POBNJ0RSNBYHS1QR,Wide Authorization,22-06-2015,7385,0
795,G3NE6067WLGABZ4F,POBNJ0RSNBYHS1QR,Wide Authorization,30-11-2015,5046,0
796,1PFYFCX15LB3M5RL,POBNJ0RSNBYHS1QR,Wide Authorization,01-05-2018,7223,1
797,MA9HBSPGVMTNJ11N,POBNJ0RSNBYHS1QR,Wide Authorization,21-08-2018,569,0
798,0UYJK1LCXJICRI2S,POBNJ0RSNBYHS1QR,Wide Authorization,27-03-2016,9121,0
799,RJJNCWB0RWTL10OB,POBNJ0RSNBYHS1QR,Wide Authorization,20-07-2014,795,0
800,5MQPGJ7XVI4ZU4MG,POBNJ0RSNBYHS1QR,Wide Authorization,11-05-2015,7794,0
801,RY5DNRM50UZ9KJOC,POBNJ0RSNBYHS1QR,Wide Authorization,30-06-2018,244,1
802,85IDT2EQQOJCTLOJ,POBNJ0RSNBYHS1QR,Wide Authorization,22-04-2016,1460,0
803,1BEKMGF1CGKHQEGN,POBNJ0RSNBYHS1QR,Wide Authorization,10-10-2017,3772,1
804,RUTF5QFLX2SLK2EY,POBNJ0RSNBYHS1QR,Wide Authorization,20-11-2018,6173,0
805,H3DS1L0BZ8V7LCNA,POBNJ0RSNBYHS1QR,Wide Authorization,25-03-2018,3840,0
806,T03Z8PGV0HVS0UAL,POBNJ0RSNBYHS1QR,Wide Authorization,25-03-2015,5655,1
807,NRHBJCDO7X9WMLB2,POBNJ0RSNBYHS1QR,Wide Authorization,07-11-2017,6776,0
808,IXEYXRDDSUUNE3PM,POBNJ0RSNBYHS1QR,Wide Authorization,20-05-2016,8402,0
809,3NX6J5O2RYZ7E52K,POBNJ0RSNBYHS1QR,Wide Authorization,06-02-2016,2434,0
810,SI0M2LBOAY2LPH3S,POBNJ0RSNBYHS1QR,Wide Authorization,06-02-2016,4449,1
811,J8LN1GX9J5ITHV9U,POBNJ0RSNBYHS1QR,Wide Authorization,26-10-2015,8347,0
812,2AQR7RBA7N6ZQVQC,POBNJ0RSNBYHS1QR,Wide Authorization,19-07-2014,2715,0
813,93VHFTD3F3LTHVEC,POBNJ0RSNBYHS1QR,Wide Authorization,25-03-2017,607,0
814,XUJXUAW4D5KYH9KI,POBNJ0RSNBYHS1QR,Wide Authorization,25-04-2017,2297,1
815,PJCASZG36MNVIGIL,POBNJ0RSNBYHS1QR,Wide Authorization,31-10-2015,9716,0
816,40A0JIUPX24WNA9K,POBNJ0RSNBYHS1QR,Wide Authorization,03-02-2014,2465,0
817,9LHPGRX4CX5IZXB2,POBNJ0RSNBYHS1QR,Wide Authorization,29-09-2015,5339,0
818,B2UWD2D2CE6ALK5J,POBNJ0RSNBYHS1QR,Wide Authorization,14-12-2017,8972,0
819,ER94WS48BWXGZPCG,01W2DWJSSYIMC2CP,State-Local Minstrel,29-09-2014,9372,1
820,R92DUU3O3MGDSW0F,01W2DWJSSYIMC2CP,State-Local Minstrel,27-08-2016,7230,0
821,6TNQI3YWLKUEU5WJ,01W2DWJSSYIMC2CP,State-Local Minstrel,01-10-2016,1039,0
822,BM5Q98OPXZO9NLR3,01W2DWJSSYIMC2CP,State-Local Minstrel,23-06-2016,5294,0
823,5ZEYTB8018SJW5SA,01W2DWJSSYIMC2CP,State-Local Minstrel,26-10-2017,3596,0
824,F2AK4GS0E5HYFY2B,01W2DWJSSYIMC2CP,State-Local Minstrel,13-01-2017,1919,0
825,YJ1KI1166TR3HTA8,01W2DWJSSYIMC2CP,State-Local Minstrel,07-12-2016,8401,0
826,C3X1WU2C0RFUF8NH,01W2DWJSSYIMC2CP,State-Local Minstrel,17-03-2018,547,0
827,PZ59491R9NSHDJIJ,01W2DWJSSYIMC2CP,State-Local Minstrel,04-01-2017,6722,0
828,QTU7V6LJYM7ZPL7K,01W2DWJSSYIMC2CP,State-Local Minstrel,15-08-2016,4290,1
829,SZXZYGHG34OXADGG,01W2DWJSSYIMC2CP,State-Local Minstrel,02-06-2018,8126,0
830,KTROET7YDRGOMHRF,01W2DWJSSYIMC2CP,State-Local Minstrel,12-11-2017,7644,0
831,L4GPPLZIBEVVGY1F,01W2DWJSSYIMC2CP,State-Local Minstrel,09-11-2015,8590,0
832,BMHVAQTWN498OGH3,01W2DWJSSYIMC2CP,State-Local Minstrel,15-01-2017,9987,1
833,JGBGBD0ZHSE1OWKO,01W2DWJSSYIMC2CP,State-Local Minstrel,05-02-2015,4038,0
834,CQ9Y5UGNSLNYZKHF,01W2DWJSSYIMC2CP,State-Local Minstrel,01-09-2017,8630,0
835,7VNPJT5WIWMOPH9A,01W2DWJSSYIMC2CP,State-Local Minstrel,15-12-2015,7276,0
836,06QVIBVRZTLS3HS3,01W2DWJSSYIMC2CP,State-Local Minstrel,16-06-2014,1564,0
837,QJSLYJZ54U6937JH,STWJXYYOW4BR5LQ1,Sonic Longhorn,01-02-2015,1786,0
838,5NGOPCJ9UI3023UH,STWJXYYOW4BR5LQ1,Sonic Longhorn,05-06-2018,1533,0
839,WUKTNHRU6DL7NWQB,STWJXYYOW4BR5LQ1,Sonic Longhorn,12-08-2017,4709,0
840,BYTVIK3JDHB2A69E,STWJXYYOW4BR5LQ1,Sonic Longhorn,21-07-2018,9508,0
841,ZGQ9IL1HRT1U952P,STWJXYYOW4BR5LQ1,Sonic Longhorn,07-06-2017,9254,0
842,00FEPOM046WV0C48,STWJXYYOW4BR5LQ1,Sonic Longhorn,21-03-2017,822,0
843,OJGNONX1XGRV3FWL,STWJXYYOW4BR5LQ1,Sonic Longhorn,29-09-2016,1237,1
844,K14VCV6UC7I7F8BC,STWJXYYOW4BR5LQ1,Sonic Longhorn,23-10-2018,6319,0
845,SJ1I7ROD5QHN1OOG,STWJXYYOW4BR5LQ1,Sonic Longhorn,22-07-2017,4831,0
846,JQS80WGSKY9MOTG1,STWJXYYOW4BR5LQ1,Sonic Longhorn,16-05-2014,7882,0
847,C25DO193GQZ8M7YS,STWJXYYOW4BR5LQ1,Sonic Longhorn,04-08-2016,4867,1
848,Y9VHB8RVIC8L82V2,STWJXYYOW4BR5LQ1,Sonic Longhorn,07-02-2017,2516,0
849,A4BV78TTEU6Z9XYF,STWJXYYOW4BR5LQ1,Sonic Longhorn,04-12-2017,2903,0
850,WW5U08OKCJ7UO952,STWJXYYOW4BR5LQ1,Sonic Longhorn,02-02-2015,5718,1
851,8ABDPMQVMA3V3B3R,STWJXYYOW4BR5LQ1,Sonic Longhorn,07-09-2016,7073,1
852,QW34V8JFTVGU3304,STWJXYYOW4BR5LQ1,Sonic Longhorn,09-05-2014,845,0
853,R5M96QNKI9PZ4OTU,STWJXYYOW4BR5LQ1,Sonic Longhorn,29-04-2018,5893,0
854,I0L9QUGGM5VFFTQN,STWJXYYOW4BR5LQ1,Sonic Longhorn,31-08-2016,6778,0
855,UNLICX2YXAS32A69,STWJXYYOW4BR5LQ1,Sonic Longhorn,26-06-2014,6592,0
856,HC2XRFFEFK6CROYB,STWJXYYOW4BR5LQ1,Sonic Longhorn,22-11-2015,3117,0
857,FGSXLSYBDC828JXH,STWJXYYOW4BR5LQ1,Sonic Longhorn,07-11-2017,8411,0
858,CPI3BPWZKY1MHXHN,STWJXYYOW4BR5LQ1,Sonic Longhorn,10-08-2017,864,0
859,VUUNCA0T7NS21I5V,37QY8FVHWF13V25W,Pro-U.N.F.P. Forecast,26-05-2015,1277,0
860,LH291FNAASYNYLFG,37QY8FVHWF13V25W,Pro-U.N.F.P. Forecast,22-10-2016,2928,0
861,GWL0CHMS1YAV8KHO,37QY8FVHWF13V25W,Pro-U.N.F.P. Forecast,29-05-2014,3917,0
862,N552UQUCWSIU7HQ8,37QY8FVHWF13V25W,Pro-U.N.F.P. Forecast,20-05-2014,3722,1
863,1FZTL1Z4RE058RDG,37QY8FVHWF13V25W,Pro-U.N.F.P. Forecast,24-07-2017,831,0
864,0F631KGZ56DVKN8Q,37QY8FVHWF13V25W,Pro-U.N.F.P. Forecast,17-09-2018,6101,0
865,65ENNLHEESAETTWZ,37QY8FVHWF13V25W,Pro-U.N.F.P. Forecast,02-05-2018,9997,0
866,M35OU4P638YUCROQ,37QY8FVHWF13V25W,Pro-U.N.F.P. Forecast,15-12-2014,8391,0
867,WEVXJN7VS269ZKE3,37QY8FVHWF13V25W,Pro-U.N.F.P. Forecast,23-10-2014,6102,1
868,I2YOTQKEO5QEUHDN,37QY8FVHWF13V25W,Pro-U.N.F.P. Forecast,05-09-2017,5359,0
869,N05OH3LIT7VURFH8,37QY8FVHWF13V25W,Pro-U.N.F.P. Forecast,06-03-2016,1137,0
870,Z8SL4QYR77OSQUR0,37QY8FVHWF13V25W,Pro-U.N.F.P. Forecast,15-08-2017,3307,0
871,VUD94YQXHISFZAYV,37QY8FVHWF13V25W,Pro-U.N.F.P. Forecast,28-01-2017,1835,0
872,E0MPTIBDG9WOGJCK,37QY8FVHWF13V25W,Pro-U.N.F.P. Forecast,17-03-2015,6252,0
873,9N0CB6EXCA30FK8P,37QY8FVHWF13V25W,Pro-U.N.F.P. Forecast,20-02-2015,5389,0
874,X8W1G25VMIUHNBAY,37QY8FVHWF13V25W,Pro-U.N.F.P. Forecast,05-08-2015,4257,0
875,W1P4ASKRKNDCX15D,Q6IT3K3LZ8F4224R,Experienced Week-Ends,05-03-2015,3878,0
876,T81IM4XHO9OEFH1V,Q6IT3K3LZ8F4224R,Experienced Week-Ends,19-12-2015,8453,1
877,ZTM07LW9I98A7UCW,Q6IT3K3LZ8F4224R,Experienced Week-Ends,15-05-2016,5758,0
878,NWQ0C7FLAGQ0DUJN,Q6IT3K3LZ8F4224R,Experienced Week-Ends,07-09-2018,3355,0
879,YRZP5TZ1PXZ8BN8Q,Q6IT3K3LZ8F4224R,Experienced Week-Ends,15-12-2015,4593,0
880,LTX0VIOYS977SZH9,Q6IT3K3LZ8F4224R,Experienced Week-Ends,24-10-2016,246,0
881,QNE7WN1TL9WJV9WH,Q6IT3K3LZ8F4224R,Experienced Week-Ends,18-07-2018,3036,0
882,CWZSF8MHG6TP6ZN9,Q6IT3K3LZ8F4224R,Experienced Week-Ends,07-01-2015,831,0
883,1MV9FWYYV6XR3255,Q6IT3K3LZ8F4224R,Experienced Week-Ends,04-05-2015,1263,0
884,ATA2QHFP2OHV1HDG,Q6IT3K3LZ8F4224R,Experienced Week-Ends,20-09-2017,1043,0
885,J4ZJWGGLYD1AGMIG,Q6IT3K3LZ8F4224R,Experienced Week-Ends,25-08-2014,5569,0
886,7W7ADDCPB2HHKEU5,Q6IT3K3LZ8F4224R,Experienced Week-Ends,17-04-2016,9230,0
887,JAC82MJ9L0ZYQA3P,Q6IT3K3LZ8F4224R,Experienced Week-Ends,04-05-2014,1493,0
888,V6CGXHB8OW4EN1RV,Q6IT3K3LZ8F4224R,Experienced Week-Ends,22-04-2018,2690,0
889,YN0IR2J7UK34CWMC,Q6IT3K3LZ8F4224R,Experienced Week-Ends,30-07-2018,2255,0
890,X6EZ9IXV99O4W6W6,Q6IT3K3LZ8F4224R,Experienced Week-Ends,02-03-2015,3428,0
891,WJOY9LH2BOOXYAF6,Q6IT3K3LZ8F4224R,Experienced Week-Ends,10-01-2015,9023,0
892,V2R2SDY0EAYLQL52,Q6IT3K3LZ8F4224R,Experienced Week-Ends,19-03-2015,5750,1
893,M7AO2JZHQRD79CNL,Q6IT3K3LZ8F4224R,Experienced Week-Ends,10-01-2015,8237,0
894,RHC5H1B0HZKAZZC7,Q6IT3K3LZ8F4224R,Experienced Week-Ends,05-11-2017,6553,0
895,I2PFRBYSNDF7P20Y,Q6IT3K3LZ8F4224R,Experienced Week-Ends,23-06-2018,9625,0
896,AQQMCAZIUXTU7MGR,Q6IT3K3LZ8F4224R,Experienced Week-Ends,12-11-2017,9225,0
897,6VBXS2V35HLSGYJJ,69U5HWUSB6F43AS3,Half-Digested Podgers,27-05-2016,370,0
898,HQ247IHHZ7JR12W2,69U5HWUSB6F43AS3,Half-Digested Podgers,31-10-2018,4653,0
899,HAE1582SPK9B2WJ6,69U5HWUSB6F43AS3,Half-Digested Podgers,08-04-2014,3968,0
900,C7LY8L1VM7CT2GGV,69U5HWUSB6F43AS3,Half-Digested Podgers,11-06-2016,9557,0
901,Z9WI18B8KA5MXHD8,69U5HWUSB6F43AS3,Half-Digested Podgers,18-09-2014,4859,0
902,BJ1E1F9S1TTVJW6Y,69U5HWUSB6F43AS3,Half-Digested Podgers,03-04-2014,9603,1
903,NARLO7VU3BPQWRK3,69U5HWUSB6F43AS3,Half-Digested Podgers,30-11-2014,1115,0
904,A2QMJWUZVFNCN4ML,69U5HWUSB6F43AS3,Half-Digested Podgers,25-07-2018,7202,0
905,PPYGJBWZ3IVNPC6P,69U5HWUSB6F43AS3,Half-Digested Podgers,14-07-2016,1501,0
906,4L5DIK6YXX00Q28L,69U5HWUSB6F43AS3,Half-Digested Podgers,29-12-2018,3968,0
907,2AL5RBVO9AJX42LK,69U5HWUSB6F43AS3,Half-Digested Podgers,10-12-2015,1593,0
908,5XHBNX1WDRR19IWI,69U5HWUSB6F43AS3,Half-Digested Podgers,03-10-2018,4216,0
909,G9AHWFOL8TRKRZCH,69U5HWUSB6F43AS3,Half-Digested Podgers,01-07-2017,7264,0
910,LNGGTX2SWRPZWBPY,69U5HWUSB6F43AS3,Half-Digested Podgers,30-01-2016,2168,1
911,45B9H818GQO02XK8,69U5HWUSB6F43AS3,Half-Digested Podgers,02-07-2017,9142,0
912,45PRVNZA8QY6FPHT,69U5HWUSB6F43AS3,Half-Digested Podgers,17-06-2018,1380,0
913,K6XHFLJOZGRBM633,69U5HWUSB6F43AS3,Half-Digested Podgers,07-08-2015,7413,0
914,13V8YON172J9G20E,69U5HWUSB6F43AS3,Half-Digested Podgers,14-01-2017,1642,1
915,VKDCOJ3CQHJ9Y8B2,447Q6WU5EYDNNPLU,Unimportant Mullen,23-03-2016,8296,0
916,3JML2B8EM06N9AZ7,447Q6WU5EYDNNPLU,Unimportant Mullen,21-01-2016,7846,0
917,28YCE64SFY8LU37J,447Q6WU5EYDNNPLU,Unimportant Mullen,12-02-2015,2702,0
918,6MRH8801ZB9MRIIG,447Q6WU5EYDNNPLU,Unimportant Mullen,29-01-2017,3521,0
919,VG9XIM18EXLHAOV0,447Q6WU5EYDNNPLU,Unimportant Mullen,08-03-2018,5438,0
920,DZXZ8JK25GGCK4AH,447Q6WU5EYDNNPLU,Unimportant Mullen,24-08-2016,2795,0
921,BXUJI3KK21SKYHTK,447Q6WU5EYDNNPLU,Unimportant Mullen,03-12-2016,5179,1
922,SO7HZCWZJ4APWR6I,447Q6WU5EYDNNPLU,Unimportant Mullen,11-08-2017,3381,1
923,JK73KBF2RH4IREWJ,447Q6WU5EYDNNPLU,Unimportant Mullen,09-08-2014,678,0
924,BXZR08M4J26M8DAC,447Q6WU5EYDNNPLU,Unimportant Mullen,18-09-2017,3925,0
925,H9VTOUXGJ48U1H47,447Q6WU5EYDNNPLU,Unimportant Mullen,16-03-2018,5290,0
926,43RJ49NASGMWDD4U,447Q6WU5EYDNNPLU,Unimportant Mullen,03-06-2018,9076,0
927,1XJBWPFUMNJ2P1Y6,447Q6WU5EYDNNPLU,Unimportant Mullen,06-03-2018,6741,0
928,LK72635XLR9G76TU,447Q6WU5EYDNNPLU,Unimportant Mullen,06-01-2015,6975,0
929,YUE2WV586VKAO1T3,447Q6WU5EYDNNPLU,Unimportant Mullen,12-08-2016,168,0
930,1NUV035Z7ABYQMK3,447Q6WU5EYDNNPLU,Unimportant Mullen,28-09-2015,3531,1
931,7FGEMJQAQMOS286I,447Q6WU5EYDNNPLU,Unimportant Mullen,09-09-2015,8563,1
932,4HVLMRSYIMIK7SFJ,447Q6WU5EYDNNPLU,Unimportant Mullen,13-06-2015,1871,0
933,BZIQYI53C5YXC4OF,447Q6WU5EYDNNPLU,Unimportant Mullen,07-04-2015,4881,1
934,O849SO0S9UJMWVGY,447Q6WU5EYDNNPLU,Unimportant Mullen,25-06-2014,1008,0
935,5K656UEQ6URVEGYL,447Q6WU5EYDNNPLU,Unimportant Mullen,26-11-2014,7880,0
936,5YKHUY55V3SQ0YA6,447Q6WU5EYDNNPLU,Unimportant Mullen,22-03-2014,8950,1
937,NDXUMSZ2G4438CBV,447Q6WU5EYDNNPLU,Unimportant Mullen,27-12-2015,4053,0
938,ZFXF2NEISO73NEAE,447Q6WU5EYDNNPLU,Unimportant Mullen,10-05-2015,9609,0
939,JXV2XXIVV481IVYV,F9KQLDETDQSC8VFF,Razor-Sharp Aubrey'S,16-03-2014,8929,0
940,V0ZQLI5N6F62WH18,F9KQLDETDQSC8VFF,Razor-Sharp Aubrey'S,31-01-2014,4645,0
941,PSHGBHA2N1BV33QZ,F9KQLDETDQSC8VFF,Razor-Sharp Aubrey'S,20-04-2016,7238,1
942,Q6H1Z7VPSX2JBDDX,F9KQLDETDQSC8VFF,Razor-Sharp Aubrey'S,28-11-2017,1366,0
943,QB5RG30KG08L9K89,F9KQLDETDQSC8VFF,Razor-Sharp Aubrey'S,27-06-2016,9460,0
944,EMJQP9PP8HD7EEUT,F9KQLDETDQSC8VFF,Razor-Sharp Aubrey'S,27-03-2016,4042,0
945,11XU2G4F12298KZQ,F9KQLDETDQSC8VFF,Razor-Sharp Aubrey'S,05-10-2015,9306,0
946,40OJHYTXM4ZL3YOU,F9KQLDETDQSC8VFF,Razor-Sharp Aubrey'S,25-05-2016,2667,0
947,EZIO4FVH27WCXKVE,F9KQLDETDQSC8VFF,Razor-Sharp Aubrey'S,23-06-2015,2785,0
948,99MJ12YU91HHGPXQ,F9KQLDETDQSC8VFF,Razor-Sharp Aubrey'S,14-11-2016,7724,0
949,2MQLUAO07KP5EAHB,F9KQLDETDQSC8VFF,Razor-Sharp Aubrey'S,16-06-2015,8045,0
950,5BMGCLCKDYROLDXM,F9KQLDETDQSC8VFF,Razor-Sharp Aubrey'S,08-01-2014,3478,0
951,74297WW54D0W5W64,F9KQLDETDQSC8VFF,Razor-Sharp Aubrey'S,13-03-2016,7036,0
952,98LUFUCRHRHZ5Q23,F9KQLDETDQSC8VFF,Razor-Sharp Aubrey'S,30-05-2018,4351,0
953,GNE7IF4FSXSFX0KR,F9KQLDETDQSC8VFF,Razor-Sharp Aubrey'S,15-10-2016,923,0
954,H0IVNGGDH9YWOIIQ,F9KQLDETDQSC8VFF,Razor-Sharp Aubrey'S,16-12-2017,3315,0
955,0L10AD6RFSGC8KXB,F9KQLDETDQSC8VFF,Razor-Sharp Aubrey'S,16-01-2017,1439,0
956,5V3R87DAIJRC6HAW,F9KQLDETDQSC8VFF,Razor-Sharp Aubrey'S,08-06-2015,2665,0
957,IX5O8O4WXHJSQIGN,F9KQLDETDQSC8VFF,Razor-Sharp Aubrey'S,31-10-2014,9417,0
958,BH08LV4TBJZL15VK,F9KQLDETDQSC8VFF,Razor-Sharp Aubrey'S,02-09-2014,9140,0
959,NHPZN2ATK4N10BQZ,2JT15V12PUQFHWYW,Acid-Fast Constraint,25-01-2016,4740,0
960,50A5HSSXEBR7VDWR,2JT15V12PUQFHWYW,Acid-Fast Constraint,17-07-2014,9932,0
961,HE3JAIH8KTCHHZ2Q,2JT15V12PUQFHWYW,Acid-Fast Constraint,15-06-2017,8209,0
962,Y1RUBJDF083FLERR,2JT15V12PUQFHWYW,Acid-Fast Constraint,02-07-2018,4805,0
963,RGAPNGB80MZTLUPN,2JT15V12PUQFHWYW,Acid-Fast Constraint,23-03-2014,3378,0
964,P4GLPR4OEBCCEG46,2JT15V12PUQFHWYW,Acid-Fast Constraint,18-04-2014,8876,0
965,SWKMWN3PRJPPZ32U,2JT15V12PUQFHWYW,Acid-Fast Constraint,08-08-2016,732,0
966,NI2JNEN4ZE8OYIZ3,2JT15V12PUQFHWYW,Acid-Fast Constraint,19-07-2018,4937,0
967,G40OYAKEY4BKTH4X,2JT15V12PUQFHWYW,Acid-Fast Constraint,12-11-2018,1800,0
968,U4TYVAWQTYKO2M71,2JT15V12PUQFHWYW,Acid-Fast Constraint,30-07-2017,4746,0
969,ZFQXA918N7MD5E2P,2JT15V12PUQFHWYW,Acid-Fast Constraint,19-11-2014,830,0
970,JO6K03ANXNU0TH0R,2JT15V12PUQFHWYW,Acid-Fast Constraint,17-03-2016,1669,0
971,IU4UG97HOIFYGISR,2JT15V12PUQFHWYW,Acid-Fast Constraint,17-07-2014,9535,0
972,BP247NOMPZ4730PZ,2JT15V12PUQFHWYW,Acid-Fast Constraint,02-02-2018,8919,0
973,R4WXS39M5AES10SS,2JT15V12PUQFHWYW,Acid-Fast Constraint,21-01-2018,7360,0
974,G1391BXVLPN3MB13,2JT15V12PUQFHWYW,Acid-Fast Constraint,18-07-2018,6068,0
975,Y7C1M1IWQM8VNR2X,2JT15V12PUQFHWYW,Acid-Fast Constraint,03-10-2018,1593,0
976,PK31OHJMHLEELFEN,2JT15V12PUQFHWYW,Acid-Fast Constraint,22-06-2018,9950,1
977,SNYILCWOX1NIESLG,2JT15V12PUQFHWYW,Acid-Fast Constraint,17-07-2016,5891,0
978,BZ0LZ99AQNDDS3O0,8RWKZWXG9LJD5P2W,All-Woman Stock,19-02-2015,7302,0
979,EE5Z9UKKR5B7BB1N,8RWKZWXG9LJD5P2W,All-Woman Stock,18-03-2018,8262,0
980,ABFFGIDMRSYQL65Y,8RWKZWXG9LJD5P2W,All-Woman Stock,13-06-2014,7567,0
981,8RNTTS9IXQ07UXQD,8RWKZWXG9LJD5P2W,All-Woman Stock,15-12-2016,7490,1
982,3IRBHW6EINSKBP9U,8RWKZWXG9LJD5P2W,All-Woman Stock,03-07-2016,8012,0
983,IF9EPAQSG2SIU1P8,8RWKZWXG9LJD5P2W,All-Woman Stock,26-02-2015,6787,0
984,Q512NTSWRCCNTS9T,8RWKZWXG9LJD5P2W,All-Woman Stock,03-04-2018,5019,0
985,6RTEPX8VGU7SBVAB,8RWKZWXG9LJD5P2W,All-Woman Stock,29-01-2015,7321,0
986,RNHTQ4AX4SS5CNFR,8RWKZWXG9LJD5P2W,All-Woman Stock,04-07-2016,7251,0
987,PFK0NW7CNLA9W6MR,8RWKZWXG9LJD5P2W,All-Woman Stock,13-03-2015,5893,0
988,IH90TV5GAJZJE2SI,8RWKZWXG9LJD5P2W,All-Woman Stock,06-10-2018,978,1
989,M8WYLF1TZ04ARTMM,8RWKZWXG9LJD5P2W,All-Woman Stock,11-11-2016,9510,0
990,5UYAU4Q3Q48LTMX7,8RWKZWXG9LJD5P2W,All-Woman Stock,27-04-2015,3788,0
991,0AKBCTNKNN0OBNZD,8RWKZWXG9LJD5P2W,All-Woman Stock,11-07-2015,9465,0
992,BR4N5RR9W1GXRIZG,8RWKZWXG9LJD5P2W,All-Woman Stock,06-05-2016,1898,0
993,W4Z3RDBBCLAKA1UO,8RWKZWXG9LJD5P2W,All-Woman Stock,12-12-2014,8374,0
994,42F8HY10L9AQLY89,8RWKZWXG9LJD5P2W,All-Woman Stock,29-06-2017,2769,0
995,0PKBP20L6NO24GNY,8RWKZWXG9LJD5P2W,All-Woman Stock,25-02-2014,7614,0
996,91X13TT9KQIG4XPB,8RWKZWXG9LJD5P2W,All-Woman Stock,26-07-2017,8097,0
997,ABWG1V8B8F88WI4B,8RWKZWXG9LJD5P2W,All-Woman Stock,05-04-2018,504,0
998,NMOB4S3UEB6ZL19L,8RWKZWXG9LJD5P2W,All-Woman Stock,11-05-2015,7901,0
999,XNLDTYZCH0IOREAT,NPRLM2TWQH654UNX,World-Oriented Marcile,02-03-2018,194,1
1000,QTOL94HR4HDNEOQK,NPRLM2TWQH654UNX,World-Oriented Marcile,04-10-2015,9674,0
1001,Y3Z3C5A9VIMPZCJK,NPRLM2TWQH654UNX,World-Oriented Marcile,08-08-2015,3755,0
1002,VE68VKSBUU0WDMBS,NPRLM2TWQH654UNX,World-Oriented Marcile,01-11-2018,9883,0
1003,SLA6F0SGY0B57P24,NPRLM2TWQH654UNX,World-Oriented Marcile,19-01-2018,4110,1
1004,3RZQIY5ORDR4G7SA,NPRLM2TWQH654UNX,World-Oriented Marcile,24-03-2015,8150,0
1005,XW83UAR50LITF5RG,NPRLM2TWQH654UNX,World-Oriented Marcile,16-05-2015,508,0
1006,A30VGSQT28JDOVIM,NPRLM2TWQH654UNX,World-Oriented Marcile,19-07-2017,5156,0
1007,MOI9DBJA7GEVMF8U,NPRLM2TWQH654UNX,World-Oriented Marcile,24-07-2018,7737,0
1008,X6F20LI0ZV9T9LLT,NPRLM2TWQH654UNX,World-Oriented Marcile,08-01-2015,9080,0
1009,IC0OFJERSM3VAA69,NPRLM2TWQH654UNX,World-Oriented Marcile,14-09-2014,3541,0
1010,CX3FC3S6KENQ1YNQ,NPRLM2TWQH654UNX,World-Oriented Marcile,01-03-2015,9723,0
1011,QX7AEZ4CSQMKN1P5,NPRLM2TWQH654UNX,World-Oriented Marcile,03-03-2018,696,0
1012,P8PVUG6WB4M2OS5A,NPRLM2TWQH654UNX,World-Oriented Marcile,12-02-2015,778,1
1013,LFW0L9V2T6MGBGPA,NPRLM2TWQH654UNX,World-Oriented Marcile,17-01-2015,9223,0
1014,7UUV42ZDT9GGTNIB,NPRLM2TWQH654UNX,World-Oriented Marcile,12-08-2018,3315,0
1015,CX1WD88BU9I7AYDR,NPRLM2TWQH654UNX,World-Oriented Marcile,30-08-2014,8608,0
1016,LIWQ6IAO8V8WULEJ,NPRLM2TWQH654UNX,World-Oriented Marcile,18-06-2014,130,0
1017,L5VAPQDN1WQGK46H,NPRLM2TWQH654UNX,World-Oriented Marcile,04-06-2017,4484,0
1018,6T7JN6AX8DM1S639,NPRLM2TWQH654UNX,World-Oriented Marcile,05-03-2014,7312,0
1019,39X3XDS0KUK4I13X,QW468WHW8ZBLK7IO,Isolationistic Pp.,21-04-2016,8871,0
1020,3JKHW4DE3Q4UF4Z1,QW468WHW8ZBLK7IO,Isolationistic Pp.,05-04-2018,7063,0
1021,L8RJVZUB25B5JYRR,QW468WHW8ZBLK7IO,Isolationistic Pp.,21-02-2014,122,0
1022,4UNCVT45K0VZZP7T,QW468WHW8ZBLK7IO,Isolationistic Pp.,16-08-2016,1474,0
1023,NAPSK25ZI0WL419W,QW468WHW8ZBLK7IO,Isolationistic Pp.,06-06-2016,1720,1
1024,AG88HZ033SVZAO9V,QW468WHW8ZBLK7IO,Isolationistic Pp.,17-06-2014,6444,0
1025,CB3SE8PCM3CX2J3N,QW468WHW8ZBLK7IO,Isolationistic Pp.,17-10-2014,1846,0
1026,P41DY2RKEPLSKLHR,QW468WHW8ZBLK7IO,Isolationistic Pp.,17-06-2015,4215,0
1027,YH0JPI6WNBJQR2S8,QW468WHW8ZBLK7IO,Isolationistic Pp.,15-10-2015,8733,1
1028,DD0IM9243Q9LTO6D,QW468WHW8ZBLK7IO,Isolationistic Pp.,31-08-2016,578,1
1029,DDXQBJFXRS296VL9,QW468WHW8ZBLK7IO,Isolationistic Pp.,23-11-2014,4493,0
1030,IPVLBO7NGERJ1EXV,QW468WHW8ZBLK7IO,Isolationistic Pp.,08-06-2018,9347,0
1031,J5TKI0V5C9OYVTA6,QW468WHW8ZBLK7IO,Isolationistic Pp.,25-11-2014,818,0
1032,1CTJU9H2F02P5B4I,QW468WHW8ZBLK7IO,Isolationistic Pp.,14-11-2014,3103,0
1033,7WQ9QJWPAA4MS8KK,QW468WHW8ZBLK7IO,Isolationistic Pp.,25-04-2018,4836,0
1034,HM7EN7HB1O5FI2ZL,QW468WHW8ZBLK7IO,Isolationistic Pp.,04-11-2017,3311,0
1035,WUTFBY0ENSW7I7VU,QW468WHW8ZBLK7IO,Isolationistic Pp.,17-12-2014,2278,0
1036,ILHEPQC04JMVDHQ9,YQYHYH6EXL6KD379,Sweat-Saturated Simplex,31-03-2016,3939,0
1037,ESCFMEXYI15QQI6G,YQYHYH6EXL6KD379,Sweat-Saturated Simplex,21-11-2016,4862,0
1038,8WDU23L866R51AQN,YQYHYH6EXL6KD379,Sweat-Saturated Simplex,22-09-2014,5587,0
1039,6T4ZU0COC2C3IJJW,YQYHYH6EXL6KD379,Sweat-Saturated Simplex,08-05-2014,8051,0
1040,KK8V0WJMT6R3ASRA,YQYHYH6EXL6KD379,Sweat-Saturated Simplex,10-07-2018,7776,0
1041,RMRR0UC4K95IRZ24,YQYHYH6EXL6KD379,Sweat-Saturated Simplex,31-05-2016,5946,0
1042,7RACPH6SIK7VULXU,YQYHYH6EXL6KD379,Sweat-Saturated Simplex,28-02-2014,188,0
1043,2FZN350D01DBYD6T,YQYHYH6EXL6KD379,Sweat-Saturated Simplex,26-03-2015,2622,0
1044,FGHZED2JB70R2WGW,YQYHYH6EXL6KD379,Sweat-Saturated Simplex,26-12-2018,9995,0
1045,AW7KTFMTTWV6BWZK,YQYHYH6EXL6KD379,Sweat-Saturated Simplex,16-02-2018,8188,1
1046,7WNGIPK5IH2PMI5K,YQYHYH6EXL6KD379,Sweat-Saturated Simplex,12-06-2018,5462,0
1047,CUA224YSA79MJZDC,YQYHYH6EXL6KD379,Sweat-Saturated Simplex,15-01-2017,6369,0
1048,8Z0W7QGMRZWCV1DH,YQYHYH6EXL6KD379,Sweat-Saturated Simplex,06-09-2014,8272,0
1049,3XKBTWMB1B4ZF406,YQYHYH6EXL6KD379,Sweat-Saturated Simplex,21-01-2017,4913,0
1050,KG0GNFLENWUZQ3WT,YQYHYH6EXL6KD379,Sweat-Saturated Simplex,13-09-2017,3537,0
1051,LVOEMFV7QG1W71HL,YQYHYH6EXL6KD379,Sweat-Saturated Simplex,08-11-2014,9144,0
1052,NM6CSQ2X70AQ0H4E,YQYHYH6EXL6KD379,Sweat-Saturated Simplex,22-10-2014,7794,0
1053,OSSBPYEPAE54AZOJ,YQYHYH6EXL6KD379,Sweat-Saturated Simplex,04-02-2016,7114,0
1054,6V4J6PWOJHO47TGK,YQYHYH6EXL6KD379,Sweat-Saturated Simplex,21-05-2017,4887,0
1055,WDXXC68VI8BHXQES,YQYHYH6EXL6KD379,Sweat-Saturated Simplex,03-06-2016,3069,0
1056,XP1XG3VL6HW3EIQT,YQYHYH6EXL6KD379,Sweat-Saturated Simplex,04-07-2015,1471,0
1057,LRO4LCLSGKE2YQ7A,U81JHOSTUDI8ZG4Q,Unasterisked Formby'S,27-09-2014,6328,0
1058,W7VG7IGX80HHB0U2,U81JHOSTUDI8ZG4Q,Unasterisked Formby'S,03-05-2018,1412,0
1059,B5ND84V9GPVZ0DED,U81JHOSTUDI8ZG4Q,Unasterisked Formby'S,23-01-2018,1312,0
1060,MQXI24H5DB14QXS2,U81JHOSTUDI8ZG4Q,Unasterisked Formby'S,21-05-2018,2631,0
1061,YF2IA0BFHJUZI5HY,U81JHOSTUDI8ZG4Q,Unasterisked Formby'S,06-08-2017,3659,0
1062,WKG1134WYJ6QR4EX,U81JHOSTUDI8ZG4Q,Unasterisked Formby'S,16-12-2018,7914,1
1063,ZQHWZ7XK648NYJPJ,U81JHOSTUDI8ZG4Q,Unasterisked Formby'S,03-11-2014,3257,0
1064,URJPQAQO0OLL07RP,U81JHOSTUDI8ZG4Q,Unasterisked Formby'S,02-08-2018,8082,0
1065,0JPTEX7KBOMOGY7U,U81JHOSTUDI8ZG4Q,Unasterisked Formby'S,01-08-2014,6042,0
1066,SJM6BJ9IS4P7UU8A,U81JHOSTUDI8ZG4Q,Unasterisked Formby'S,08-05-2018,8257,0
1067,2WJS7UN6HI8D32CE,U81JHOSTUDI8ZG4Q,Unasterisked Formby'S,15-10-2014,7785,1
1068,RT9UXAZB7HFX379Y,U81JHOSTUDI8ZG4Q,Unasterisked Formby'S,24-11-2014,7125,0
1069,B6PZBR9F91BHTFDD,U81JHOSTUDI8ZG4Q,Unasterisked Formby'S,06-03-2017,7486,0
1070,EUNZRPMVQ49BEY8X,U81JHOSTUDI8ZG4Q,Unasterisked Formby'S,26-10-2018,1903,0
1071,WPXSF3Z5LGSJABPY,U81JHOSTUDI8ZG4Q,Unasterisked Formby'S,12-11-2017,2168,0
1072,BH3WHGU20WZJOM6I,U81JHOSTUDI8ZG4Q,Unasterisked Formby'S,10-04-2014,3269,0
1073,OF0HX3DO4SW7FUGG,U81JHOSTUDI8ZG4Q,Unasterisked Formby'S,15-01-2016,5082,0
1074,CQQ7W6IKC3Q7OHRP,U81JHOSTUDI8ZG4Q,Unasterisked Formby'S,17-06-2015,7145,0
1075,0V06GDS25YOPQ5DX,U81JHOSTUDI8ZG4Q,Unasterisked Formby'S,21-01-2014,4262,0
1076,IR17Z97I7NHXTVX4,U81JHOSTUDI8ZG4Q,Unasterisked Formby'S,26-12-2014,4147,0
1077,O89VLS49XRPX6VYP,U81JHOSTUDI8ZG4Q,Unasterisked Formby'S,12-10-2015,8606,0
1078,MYHAC7KBDDOEP6OZ,U81JHOSTUDI8ZG4Q,Unasterisked Formby'S,21-09-2018,5155,0
1079,GXXMBNNZR8Z88C77,U81JHOSTUDI8ZG4Q,Unasterisked Formby'S,11-07-2016,9005,0
1080,AKBEOW3WTEFR0EGB,S9FNAKQWNPA4ATRO,Firmer Abyssinians,03-03-2014,8437,1
1081,MMOL3JPZ1POTGVVZ,S9FNAKQWNPA4ATRO,Firmer Abyssinians,20-03-2018,6876,0
1082,UKZMAVTFF21SPOA8,S9FNAKQWNPA4ATRO,Firmer Abyssinians,11-10-2016,7550,0
1083,1JAR1LG9V059JL16,S9FNAKQWNPA4ATRO,Firmer Abyssinians,15-11-2018,1258,0
1084,164GN2EPEAUM38OW,S9FNAKQWNPA4ATRO,Firmer Abyssinians,29-09-2018,7565,0
1085,Y28G41T8AJH5ZMUU,S9FNAKQWNPA4ATRO,Firmer Abyssinians,12-04-2015,8853,0
1086,TEKIKO17PYX712NT,S9FNAKQWNPA4ATRO,Firmer Abyssinians,18-09-2018,4295,0
1087,89VM9INRTUH2EBR3,S9FNAKQWNPA4ATRO,Firmer Abyssinians,07-02-2017,3585,1
1088,EGHWBE2F1AI0HX0R,S9FNAKQWNPA4ATRO,Firmer Abyssinians,29-10-2018,5985,0
1089,SJ9IJNK46T6ZLLHJ,S9FNAKQWNPA4ATRO,Firmer Abyssinians,24-07-2016,6211,0
1090,S53RC1PKF9TRVBJR,S9FNAKQWNPA4ATRO,Firmer Abyssinians,11-03-2015,286,1
1091,8B1AZWTSQECFBVFP,S9FNAKQWNPA4ATRO,Firmer Abyssinians,23-05-2014,2107,1
1092,SBEXN7WA8U7A46JC,S9FNAKQWNPA4ATRO,Firmer Abyssinians,26-11-2015,4727,0
1093,OEFYUOMC582TUTBY,S9FNAKQWNPA4ATRO,Firmer Abyssinians,11-09-2014,9586,0
1094,GMWZV25K3BSWO72S,S9FNAKQWNPA4ATRO,Firmer Abyssinians,27-05-2014,6643,0
1095,4L2ABYECZIM284LZ,S9FNAKQWNPA4ATRO,Firmer Abyssinians,25-04-2016,3219,1
1096,MDD7CPOR4RW4DC61,S9FNAKQWNPA4ATRO,Firmer Abyssinians,09-11-2017,4178,0
1097,MKBML6C1RJB1K1UZ,S9FNAKQWNPA4ATRO,Firmer Abyssinians,27-12-2016,9061,0
1098,73WN981IUGWZ5AZE,S9FNAKQWNPA4ATRO,Firmer Abyssinians,31-01-2017,7241,0
1099,74N7PY4Y2V5RFYRY,S9FNAKQWNPA4ATRO,Firmer Abyssinians,29-09-2017,2690,0
1100,GUP5C290IWPLI2QA,S9FNAKQWNPA4ATRO,Firmer Abyssinians,04-07-2017,6036,0
1101,PO1HB5TEY05OCD3S,S9FNAKQWNPA4ATRO,Firmer Abyssinians,11-06-2017,1836,0
1102,KID91823LS6H0YJJ,S9FNAKQWNPA4ATRO,Firmer Abyssinians,05-03-2016,8877,1
1103,4VL60T1WYVHE8D19,S9FNAKQWNPA4ATRO,Firmer Abyssinians,09-10-2014,467,1
1104,ILSJWXWEIVLS4ZL5,S9FNAKQWNPA4ATRO,Firmer Abyssinians,23-10-2017,9454,0
1105,7C51T2IVYE8NL4YF,XSXTU40F475GUVA9,Tenth Pandelli'S,25-04-2015,8016,0
1106,DQ8UQRHROWRX2LMK,XSXTU40F475GUVA9,Tenth Pandelli'S,10-01-2015,8255,0
1107,AN9MJNX7Y019X34V,XSXTU40F475GUVA9,Tenth Pandelli'S,04-05-2016,8706,0
1108,R8YZ00GGYWJJP07A,XSXTU40F475GUVA9,Tenth Pandelli'S,18-10-2018,9515,0
1109,WATN6ZVQXBF256RE,XSXTU40F475GUVA9,Tenth Pandelli'S,03-06-2018,9052,0
1110,P9GOTHMRLU6LZ8M7,XSXTU40F475GUVA9,Tenth Pandelli'S,05-07-2014,9137,0
1111,Q6QH9RDX01L65OZF,XSXTU40F475GUVA9,Tenth Pandelli'S,27-01-2015,6932,0
1112,MSD0EE9JTVM8EZAC,XSXTU40F475GUVA9,Tenth Pandelli'S,08-06-2016,6863,0
1113,WH2762NFYSKS07EB,XSXTU40F475GUVA9,Tenth Pandelli'S,04-08-2014,5481,1
1114,BGDN9E857LMEFDTY,XSXTU40F475GUVA9,Tenth Pandelli'S,27-02-2017,5544,0
1115,FV4OZMR1FOM4AV0O,XSXTU40F475GUVA9,Tenth Pandelli'S,09-04-2017,7904,0
1116,EHYXGCNY8HI78XUJ,XSXTU40F475GUVA9,Tenth Pandelli'S,11-07-2015,3592,1
1117,AKMW7HUJT1VPDYXY,XSXTU40F475GUVA9,Tenth Pandelli'S,05-08-2016,1358,0
1118,6Q977UXVXDSRKP7X,XSXTU40F475GUVA9,Tenth Pandelli'S,11-03-2016,4814,1
1119,CHCPHRRIFU357SE5,XSXTU40F475GUVA9,Tenth Pandelli'S,14-12-2017,7852,0
1120,S1WMGA4T896GZMVB,XSXTU40F475GUVA9,Tenth Pandelli'S,11-07-2017,7368,0
1121,6F9ZR8N76J6OK70H,XSXTU40F475GUVA9,Tenth Pandelli'S,09-05-2017,7557,0
1122,TD8L8P1NEDPBY0WZ,XSXTU40F475GUVA9,Tenth Pandelli'S,12-04-2018,2411,0
1123,KTX9JTM73EBS2381,XSXTU40F475GUVA9,Tenth Pandelli'S,08-09-2014,5479,0
1124,VWZT8S6UOAEYSPIV,XSXTU40F475GUVA9,Tenth Pandelli'S,13-10-2014,6614,0
1125,YYSSIHULZMVVAW80,XSXTU40F475GUVA9,Tenth Pandelli'S,12-09-2015,8823,1
1126,V7O6N6TR2P37U91N,XSXTU40F475GUVA9,Tenth Pandelli'S,20-04-2016,1712,0
1127,IOJXL7O92X0O23YW,XSXTU40F475GUVA9,Tenth Pandelli'S,13-01-2018,8625,0
1128,BBKYQL5O3QIKQ1BN,XSXTU40F475GUVA9,Tenth Pandelli'S,13-11-2015,9254,0
1129,663LARQIERVKUHEG,XSXTU40F475GUVA9,Tenth Pandelli'S,25-01-2015,2224,0
1130,5CTRRMQUSDMOX9UA,YA4PBX6EFMRPYXDC,Good-Looking Manny,20-12-2017,4148,0
1131,X9EX1407RFC4UWHA,YA4PBX6EFMRPYXDC,Good-Looking Manny,07-07-2018,3366,0
1132,Q4VEUNBWH25MIKD4,YA4PBX6EFMRPYXDC,Good-Looking Manny,08-07-2017,395,0
1133,HB1XUZ8KYK5HP97W,YA4PBX6EFMRPYXDC,Good-Looking Manny,20-06-2017,1645,0
1134,YS143EA1PXKN1PYB,YA4PBX6EFMRPYXDC,Good-Looking Manny,30-12-2017,3418,0
1135,1R4T0MXKD9YT9QJF,YA4PBX6EFMRPYXDC,Good-Looking Manny,17-10-2018,6013,1
1136,D9FF8X9MCGUKH7Z2,YA4PBX6EFMRPYXDC,Good-Looking Manny,15-03-2016,4683,1
1137,8S8B9QK46KCPEYX1,YA4PBX6EFMRPYXDC,Good-Looking Manny,23-12-2015,8288,0
1138,O7JP93X46P80WX7O,YA4PBX6EFMRPYXDC,Good-Looking Manny,18-11-2016,7461,0
1139,L8SH2A1PXWSUCJ98,YA4PBX6EFMRPYXDC,Good-Looking Manny,26-10-2016,6080,1
1140,CRT0RPD24OBL58S2,YA4PBX6EFMRPYXDC,Good-Looking Manny,16-09-2018,421,0
1141,2FN97GRSIBOUVPSC,YA4PBX6EFMRPYXDC,Good-Looking Manny,17-03-2014,8314,0
1142,KRES4UKXWP50SUZZ,YA4PBX6EFMRPYXDC,Good-Looking Manny,18-04-2014,9764,0
1143,WNCIHCZGD3QB0WVW,YA4PBX6EFMRPYXDC,Good-Looking Manny,13-11-2016,3675,0
1144,XFFN79TBAWILOWIF,YA4PBX6EFMRPYXDC,Good-Looking Manny,21-02-2016,1349,1
1145,06E5K0OIGLQUMF71,YA4PBX6EFMRPYXDC,Good-Looking Manny,31-08-2017,9137,0
1146,QX1RZK0V7I62MWFB,LUXBWJ4DBYQ6N2N4,Indelicate Schoolchildren,22-08-2016,589,0
1147,3UH2KZT7A8X53HXW,LUXBWJ4DBYQ6N2N4,Indelicate Schoolchildren,06-12-2014,7343,0
1148,KVKKW8FKS32ZKFND,LUXBWJ4DBYQ6N2N4,Indelicate Schoolchildren,15-01-2016,2766,1
1149,R7V616VRSV8LL13O,LUXBWJ4DBYQ6N2N4,Indelicate Schoolchildren,01-03-2018,373,0
1150,PN5KPBZRAGRCNHNA,LUXBWJ4DBYQ6N2N4,Indelicate Schoolchildren,07-03-2018,9471,0
1151,F07C07T4XZU8W8LC,LUXBWJ4DBYQ6N2N4,Indelicate Schoolchildren,02-02-2015,5077,0
1152,KC91UYXNWXEEPAO4,LUXBWJ4DBYQ6N2N4,Indelicate Schoolchildren,01-07-2016,8965,0
1153,O6TOB1EGCWFD69LV,LUXBWJ4DBYQ6N2N4,Indelicate Schoolchildren,22-04-2017,577,0
1154,9HF1MULHBRK33ODF,LUXBWJ4DBYQ6N2N4,Indelicate Schoolchildren,15-04-2015,9910,0
1155,4FZLZ6FSK9UE3Y2W,LUXBWJ4DBYQ6N2N4,Indelicate Schoolchildren,26-11-2016,7685,1
1156,3ZMLEEBZSW1RX265,LUXBWJ4DBYQ6N2N4,Indelicate Schoolchildren,23-02-2018,7243,0
1157,B88XMUU2DROYDQIK,HFGMRN0BM0B6HOPL,Free Adventists,28-11-2015,4893,1
1158,6310Q302967NSBR4,HFGMRN0BM0B6HOPL,Free Adventists,06-11-2015,1623,0
1159,16HP5H8WFZJBK4RD,HFGMRN0BM0B6HOPL,Free Adventists,20-08-2018,9835,0
1160,M77XX9Z0VNU2M0PN,HFGMRN0BM0B6HOPL,Free Adventists,15-03-2015,5816,0
1161,AXSYH5KLGHQV8VZX,HFGMRN0BM0B6HOPL,Free Adventists,04-12-2016,3339,1
1162,35EHBIEQ1OEKNL70,HFGMRN0BM0B6HOPL,Free Adventists,25-12-2018,9536,1
1163,U3O7AUYI777J94JK,HFGMRN0BM0B6HOPL,Free Adventists,15-03-2016,4349,0
1164,HG9PW7L8QGEJ7GDG,HFGMRN0BM0B6HOPL,Free Adventists,24-12-2016,5116,0
1165,4UW36QJ9H5HM89R6,HFGMRN0BM0B6HOPL,Free Adventists,12-03-2014,8392,1
1166,P22NO568XG7LA4I6,HFGMRN0BM0B6HOPL,Free Adventists,05-02-2018,5581,1
1167,7GLDI2T63ZXYCJYP,HFGMRN0BM0B6HOPL,Free Adventists,03-02-2014,7671,0
1168,5L5CLYCBYFTSF0T6,HFGMRN0BM0B6HOPL,Free Adventists,22-06-2017,4789,0
1169,9VBPIINYW117RVFM,HFGMRN0BM0B6HOPL,Free Adventists,13-09-2017,9831,0
1170,0URR4XXMYNCVE7LW,HFGMRN0BM0B6HOPL,Free Adventists,11-08-2014,5596,0
1171,MXHNZZGG6OK5O3GF,HFGMRN0BM0B6HOPL,Free Adventists,11-12-2015,9522,0
1172,E1XUAWTKPMNVZP7W,HFGMRN0BM0B6HOPL,Free Adventists,16-06-2016,9623,0
1173,MP19GGKUKDM17E83,HFGMRN0BM0B6HOPL,Free Adventists,21-06-2015,5850,1
1174,QIO9GYZVENMXDXHN,HFGMRN0BM0B6HOPL,Free Adventists,09-02-2018,5918,1
1175,FSUM9T17PNBSMXKK,HFGMRN0BM0B6HOPL,Free Adventists,04-07-2014,5440,0
1176,BZ210ZWWZPUX92K6,HFGMRN0BM0B6HOPL,Free Adventists,04-02-2016,2202,0
1177,3QZLP05MY6472F8H,HFGMRN0BM0B6HOPL,Free Adventists,09-09-2018,6365,0
1178,27RF2POWY7419703,HFGMRN0BM0B6HOPL,Free Adventists,18-02-2015,8393,0
1179,YHZU5AP5I639NMUT,HFGMRN0BM0B6HOPL,Free Adventists,13-10-2017,5688,0
1180,50F1SO739HQYSJL6,HFGMRN0BM0B6HOPL,Free Adventists,20-06-2016,9918,1
1181,63ZHEGCQL59GGA9G,KUNM2HEWXTYDWDQN,Immaculate Omen,16-02-2016,3025,0
1182,2AF0JJBZFJUU0TMK,KUNM2HEWXTYDWDQN,Immaculate Omen,03-01-2016,1514,0
1183,KXSD7IQTPLJLL7MS,KUNM2HEWXTYDWDQN,Immaculate Omen,27-04-2016,321,0
1184,BSZTHQOV6YI9XWGN,KUNM2HEWXTYDWDQN,Immaculate Omen,23-03-2015,5383,0
1185,O29VVNQ23FQ5KXV7,KUNM2HEWXTYDWDQN,Immaculate Omen,01-08-2016,5370,0
1186,G7128R20LFQJE6H2,KUNM2HEWXTYDWDQN,Immaculate Omen,18-09-2016,9130,0
1187,FPLRAZ29AKZYI5XP,KUNM2HEWXTYDWDQN,Immaculate Omen,03-06-2016,5991,1
1188,OUX9R358OSYKZ5U2,KUNM2HEWXTYDWDQN,Immaculate Omen,20-12-2015,7582,1
1189,L18R2LCYNNW410BX,KUNM2HEWXTYDWDQN,Immaculate Omen,21-07-2017,7999,0
1190,SJSRNKVZN49GK1CC,KUNM2HEWXTYDWDQN,Immaculate Omen,15-06-2018,6455,1
1191,WXO06R83U79XKV6G,KUNM2HEWXTYDWDQN,Immaculate Omen,26-09-2014,851,0
1192,MTJXRVT6Y6RX5R3W,KUNM2HEWXTYDWDQN,Immaculate Omen,05-10-2015,2224,0
1193,E2UZJU54BN5YK2OA,KUNM2HEWXTYDWDQN,Immaculate Omen,23-04-2015,866,0
1194,ZYNP99BQPR3L21UJ,KUNM2HEWXTYDWDQN,Immaculate Omen,03-08-2016,2241,0
1195,TDV0C4V1Y11ACN57,KUNM2HEWXTYDWDQN,Immaculate Omen,27-04-2014,3587,0
1196,OFFV4VFWA8M11MOM,KUNM2HEWXTYDWDQN,Immaculate Omen,25-07-2015,3624,0
1197,R7DXSERJJJIK5W8L,KUNM2HEWXTYDWDQN,Immaculate Omen,18-10-2018,4803,0
1198,2E0VDYOK4NT26BGD,KUNM2HEWXTYDWDQN,Immaculate Omen,13-09-2018,7595,0
1199,OB1TOM4P8S6ONE7F,KUNM2HEWXTYDWDQN,Immaculate Omen,27-10-2015,2008,1
1200,NC7Q1E8JFCYWVFVI,KUNM2HEWXTYDWDQN,Immaculate Omen,07-03-2017,3207,1
1201,Q7ILQX3U3HS1EVI3,KUNM2HEWXTYDWDQN,Immaculate Omen,30-09-2016,496,0
1202,IKL5ZD9YJFZWB2XI,KUNM2HEWXTYDWDQN,Immaculate Omen,21-09-2017,5890,0
1203,ZKH69LGAXR2FA209,KUNM2HEWXTYDWDQN,Immaculate Omen,19-04-2015,3768,1
1204,ZBFDC44NRX2PQNMT,KUNM2HEWXTYDWDQN,Immaculate Omen,02-05-2015,6419,0
1205,6DSG9HFNH4J41EYE,KUNM2HEWXTYDWDQN,Immaculate Omen,06-02-2017,2234,0
1206,4DGN8W0FME8K7X0Z,KUNM2HEWXTYDWDQN,Immaculate Omen,16-09-2015,3216,0
1207,VN8FGQ50LHBIE3SH,VF6Y5VXBPPKFFWBT,Painteresque Burial,25-01-2018,3723,1
1208,HFLKWG80KW4HK8BP,VF6Y5VXBPPKFFWBT,Painteresque Burial,26-11-2017,6101,0
1209,Q4TWY3GG7C7EGYNG,VF6Y5VXBPPKFFWBT,Painteresque Burial,21-10-2017,415,0
1210,XYTCDWUFXLO6JNDV,VF6Y5VXBPPKFFWBT,Painteresque Burial,13-08-2015,6232,0
1211,DKDCD7C6B4NRSTRK,VF6Y5VXBPPKFFWBT,Painteresque Burial,06-05-2017,679,0
1212,7Q7FTTOXBCP6TAF2,VF6Y5VXBPPKFFWBT,Painteresque Burial,21-09-2014,8063,0
1213,P4JWNEZN97XKKBHR,VF6Y5VXBPPKFFWBT,Painteresque Burial,27-08-2014,6827,0
1214,HVXPEKRF5C3Y4CDD,VF6Y5VXBPPKFFWBT,Painteresque Burial,06-01-2015,5299,0
1215,YLMWQ191AG26UBJV,VF6Y5VXBPPKFFWBT,Painteresque Burial,22-04-2014,2444,0
1216,2EN7B51MAZBLD39Q,VF6Y5VXBPPKFFWBT,Painteresque Burial,11-02-2016,1828,0
1217,OL36IKPNLE7FM2O4,VF6Y5VXBPPKFFWBT,Painteresque Burial,18-06-2018,1433,0
1218,ADJLZBEY3V9GOAJR,VF6Y5VXBPPKFFWBT,Painteresque Burial,13-03-2017,4060,0
1219,J5HSZEZRRJXKO2NT,VF6Y5VXBPPKFFWBT,Painteresque Burial,24-12-2015,7663,0
1220,28EZSDP6Y1QKNFZJ,VF6Y5VXBPPKFFWBT,Painteresque Burial,07-02-2017,492,0
1221,AGSRPPIJYBIMBPN5,VF6Y5VXBPPKFFWBT,Painteresque Burial,23-01-2016,9990,0
1222,BNT578KO2KQVSIFL,VF6Y5VXBPPKFFWBT,Painteresque Burial,28-05-2014,3959,1
1223,FLE6ZD3PZWDY43TZ,VF6Y5VXBPPKFFWBT,Painteresque Burial,17-03-2015,5669,0
1224,UPB0Z2GSERKJDENK,VF6Y5VXBPPKFFWBT,Painteresque Burial,25-08-2017,8854,0
1225,C2E2ZEVET2CWUDQG,VF6Y5VXBPPKFFWBT,Painteresque Burial,23-02-2017,2918,0
1226,IQWV41OMB08DOKVQ,VF6Y5VXBPPKFFWBT,Painteresque Burial,06-03-2014,7306,0
1227,5WB41F2TNDYYGW7P,DPA7ME9QEK2ZM89H,Feminine Pilgrim,30-08-2017,8017,0
1228,O4QKO5VNWS9MBLSU,DPA7ME9QEK2ZM89H,Feminine Pilgrim,19-02-2015,5462,0
1229,9N5PDRRZG17UJJDI,DPA7ME9QEK2ZM89H,Feminine Pilgrim,24-04-2017,9662,0
1230,3H8DWSDTMHC5I0V4,DPA7ME9QEK2ZM89H,Feminine Pilgrim,03-07-2015,3919,0
1231,QPXL8SMTJB6BIFOG,DPA7ME9QEK2ZM89H,Feminine Pilgrim,15-03-2014,3100,0
1232,5ZCUE4PDQXULVH20,DPA7ME9QEK2ZM89H,Feminine Pilgrim,16-12-2015,5898,0
1233,AGNUFW8XTZT6PIAJ,DPA7ME9QEK2ZM89H,Feminine Pilgrim,23-04-2016,4332,1
1234,7FDCCE4RBRFCQLM6,DPA7ME9QEK2ZM89H,Feminine Pilgrim,14-04-2014,6068,0
1235,PRHN9HR5IDAAJ83I,DPA7ME9QEK2ZM89H,Feminine Pilgrim,07-05-2015,2116,0
1236,UWUUL614QGX6KBP1,DPA7ME9QEK2ZM89H,Feminine Pilgrim,12-04-2014,7906,0
1237,2LU96T0K7OOH3J0L,DPA7ME9QEK2ZM89H,Feminine Pilgrim,09-08-2017,3760,0
1238,UBBBCC7RDRG5LTQZ,DPA7ME9QEK2ZM89H,Feminine Pilgrim,21-10-2018,7585,0
1239,LIHGFKYHEDMHLGDY,DPA7ME9QEK2ZM89H,Feminine Pilgrim,06-07-2016,775,0
1240,VRKZK87JWXEZ43PC,DPA7ME9QEK2ZM89H,Feminine Pilgrim,15-04-2016,6719,0
1241,KLX5XIC03GCJMTXD,DPA7ME9QEK2ZM89H,Feminine Pilgrim,12-07-2016,5825,0
1242,Z2RRI9UWBVB6DI68,DPA7ME9QEK2ZM89H,Feminine Pilgrim,08-11-2016,6080,0
1243,1WWJ4YH8KF0GI1B1,DPA7ME9QEK2ZM89H,Feminine Pilgrim,02-01-2017,3495,0
1244,8M1H8Q16APDWD4IA,DPA7ME9QEK2ZM89H,Feminine Pilgrim,13-02-2017,3550,1
1245,PDHB33GNHQURDLZR,DPA7ME9QEK2ZM89H,Feminine Pilgrim,26-07-2016,3052,0
1246,4Q3715CGAHXII0VJ,DPA7ME9QEK2ZM89H,Feminine Pilgrim,13-09-2017,7304,0
1247,W8MP12KYLB6OTS1V,DPA7ME9QEK2ZM89H,Feminine Pilgrim,23-05-2016,1715,0
1248,RTLO6VNGEBG7EIY3,LUMY1AH4AKCDYRFK,Bluff Formosa,27-05-2017,1749,0
1249,DN1AJ86T2H7AQF0F,LUMY1AH4AKCDYRFK,Bluff Formosa,13-04-2017,648,0
1250,AUC1C4Z3WV1ETEF5,LUMY1AH4AKCDYRFK,Bluff Formosa,24-06-2017,275,0
1251,XQ2DIX5V04PDZLGG,LUMY1AH4AKCDYRFK,Bluff Formosa,10-11-2018,5414,0
1252,NKMWNTJVPA0XVC0M,LUMY1AH4AKCDYRFK,Bluff Formosa,07-02-2016,3589,0
1253,A0ITEJ66BQTABQ0D,LUMY1AH4AKCDYRFK,Bluff Formosa,27-12-2017,6865,0
1254,64A5X6OIPSZZH602,LUMY1AH4AKCDYRFK,Bluff Formosa,17-10-2014,2189,0
1255,FVSH9NPAZDORBJZP,LUMY1AH4AKCDYRFK,Bluff Formosa,23-09-2017,8336,1
1256,12F2J99GIM4XVC3X,LUMY1AH4AKCDYRFK,Bluff Formosa,04-02-2017,5520,0
1257,KIVWW5VOHZG8JFW5,LUMY1AH4AKCDYRFK,Bluff Formosa,01-04-2014,2254,0
1258,613FA32164TVTA9Y,LUMY1AH4AKCDYRFK,Bluff Formosa,01-11-2014,3338,0
1259,BIO3YZ88XHNGXN8Q,LUMY1AH4AKCDYRFK,Bluff Formosa,22-01-2017,1573,0
1260,XQGNRFGXLEH5ASYT,LUMY1AH4AKCDYRFK,Bluff Formosa,21-04-2014,5828,0
1261,Z5CPSZ1HYL4PM7EC,LUMY1AH4AKCDYRFK,Bluff Formosa,18-06-2015,6179,1
1262,RL5MT4QTWE77I7NM,LUMY1AH4AKCDYRFK,Bluff Formosa,21-05-2017,9477,1
1263,PLWRSTBGER3GG2GV,LUMY1AH4AKCDYRFK,Bluff Formosa,16-05-2016,8616,0
1264,61NE4G7CAYWZ481D,LUMY1AH4AKCDYRFK,Bluff Formosa,16-03-2016,9362,0
1265,I3FZ61XY5L0Z6RNK,LUMY1AH4AKCDYRFK,Bluff Formosa,03-12-2014,940,0
1266,QEOCOKK7URWJUWAF,LUMY1AH4AKCDYRFK,Bluff Formosa,06-04-2016,178,1
1267,4OHHV6U244SWJNU5,LUMY1AH4AKCDYRFK,Bluff Formosa,13-01-2015,9845,0
1268,8N59MPNZ44UGL9IS,LUMY1AH4AKCDYRFK,Bluff Formosa,24-06-2016,769,1
1269,19SUBGFP1SMQ4N08,LUMY1AH4AKCDYRFK,Bluff Formosa,11-06-2014,3786,0
1270,QKROXN0TEFN0OSWU,LUMY1AH4AKCDYRFK,Bluff Formosa,07-06-2017,1263,0
1271,DQVBI892JZDVGWAG,LKNFC003XAQ7OOMF,42D Tapdance,07-05-2017,6200,0
1272,73ZXG95Q4W291Y1M,LKNFC003XAQ7OOMF,42D Tapdance,01-03-2018,3594,0
1273,2VCK7789VCODGW7C,LKNFC003XAQ7OOMF,42D Tapdance,09-10-2015,1308,0
1274,ZEQ86T0BPCVWYA7K,LKNFC003XAQ7OOMF,42D Tapdance,05-11-2016,8149,0
1275,PUR5MCEIOTC80ZX6,LKNFC003XAQ7OOMF,42D Tapdance,28-11-2017,2860,0
1276,BC4MRA5FJ3CTS8Z5,LKNFC003XAQ7OOMF,42D Tapdance,26-07-2014,6871,1
1277,33M0IFJR7DE16WE9,LKNFC003XAQ7OOMF,42D Tapdance,15-04-2018,7958,0
1278,636XCHUT1KSPGLK2,LKNFC003XAQ7OOMF,42D Tapdance,01-06-2018,6557,0
1279,MZJS971T00ZVNBR5,LKNFC003XAQ7OOMF,42D Tapdance,06-04-2015,5402,0
1280,ZQ5J2SAO07S4E5VH,LKNFC003XAQ7OOMF,42D Tapdance,20-10-2016,9564,1
1281,W80GI8X8F99LQFHX,LKNFC003XAQ7OOMF,42D Tapdance,23-11-2014,9376,0
1282,CLRYKPFQKIDL800T,LKNFC003XAQ7OOMF,42D Tapdance,26-09-2015,4863,0
1283,NJBDWYY49LLAK1ZO,LKNFC003XAQ7OOMF,42D Tapdance,20-06-2016,9674,0
1284,C5STRKB0NVXKVQN2,LKNFC003XAQ7OOMF,42D Tapdance,13-08-2016,4403,0
1285,UDR027GNKB27ZWP0,LKNFC003XAQ7OOMF,42D Tapdance,20-09-2017,9924,0
1286,DN047VL56NS8OP4S,LKNFC003XAQ7OOMF,42D Tapdance,05-07-2014,5643,0
1287,SHDI13PKMBTPRQ7M,LKNFC003XAQ7OOMF,42D Tapdance,19-09-2014,5381,0
1288,VBJZBLZGZMKNN63V,LKNFC003XAQ7OOMF,42D Tapdance,19-01-2018,2889,0
1289,A23NK6F6VIZDJNX1,LKNFC003XAQ7OOMF,42D Tapdance,17-07-2015,5247,0
1290,2H5MMPUJV8DQETB9,LKNFC003XAQ7OOMF,42D Tapdance,10-05-2017,820,0
1291,3NQMDZ1KYFQHADR1,LKNFC003XAQ7OOMF,42D Tapdance,30-03-2017,5629,1
1292,AHPAJF21Y6V0UZT5,LKNFC003XAQ7OOMF,42D Tapdance,07-08-2018,1984,0
1293,890EDSTWYK9P0DZG,LKNFC003XAQ7OOMF,42D Tapdance,31-01-2016,1968,0
1294,S7CNVOKFC6UF7AIU,GWY2NSN3MOCN1VXZ,Kinetic Qualities,05-06-2015,1338,0
1295,BZZM0E1HNND2KS3R,GWY2NSN3MOCN1VXZ,Kinetic Qualities,06-08-2016,5040,1
1296,SOJWC1XV7UBAL4ZD,GWY2NSN3MOCN1VXZ,Kinetic Qualities,22-02-2015,4809,0
1297,DWHH55T03UE8D591,GWY2NSN3MOCN1VXZ,Kinetic Qualities,13-11-2016,4013,0
1298,5A2Q60KPNCT9DXUK,GWY2NSN3MOCN1VXZ,Kinetic Qualities,06-03-2016,2139,1
1299,L2KG8ZDY7N6N28X1,GWY2NSN3MOCN1VXZ,Kinetic Qualities,16-03-2015,6950,0
1300,NHO5JXS4YKSTG554,GWY2NSN3MOCN1VXZ,Kinetic Qualities,13-11-2017,1957,0
1301,2MD24KFA5V664PYL,GWY2NSN3MOCN1VXZ,Kinetic Qualities,21-06-2017,3936,0
1302,78SWUQ7TWLOIIU4D,GWY2NSN3MOCN1VXZ,Kinetic Qualities,12-01-2017,7099,0
1303,8XYHITJZL1PH038H,GWY2NSN3MOCN1VXZ,Kinetic Qualities,14-03-2015,265,0
1304,QF7D4FI01T4I0LV1,GWY2NSN3MOCN1VXZ,Kinetic Qualities,25-05-2018,1228,0
1305,ZRM1M463J4CNMW9D,GWY2NSN3MOCN1VXZ,Kinetic Qualities,17-08-2017,8108,0
1306,D1PDFZ0BQKD0PH7G,GWY2NSN3MOCN1VXZ,Kinetic Qualities,25-05-2017,7420,0
1307,KJI3PKEKV0J4WL3L,GWY2NSN3MOCN1VXZ,Kinetic Qualities,21-09-2016,1075,1
1308,3GR4EW7QY6YW3M1M,GWY2NSN3MOCN1VXZ,Kinetic Qualities,09-03-2016,6608,0
1309,HIQK58PV5P69BAXX,GWY2NSN3MOCN1VXZ,Kinetic Qualities,28-10-2014,7340,0
1310,GDGBV12K6SZ1JYAZ,GWY2NSN3MOCN1VXZ,Kinetic Qualities,26-08-2014,4394,0
1311,B0ZIT1ND2WNH3H0P,GWY2NSN3MOCN1VXZ,Kinetic Qualities,23-08-2016,8654,0
1312,5J8BBLO9O57UV21J,GWY2NSN3MOCN1VXZ,Kinetic Qualities,31-03-2018,9130,0
1313,1WIF25TG1XQBKHSV,GWY2NSN3MOCN1VXZ,Kinetic Qualities,08-10-2017,7647,0
1314,70731YDO6H5JXV9W,GWY2NSN3MOCN1VXZ,Kinetic Qualities,02-06-2017,1128,0
1315,1A22VVD0Y59GTZ0B,GWY2NSN3MOCN1VXZ,Kinetic Qualities,06-09-2018,8283,0
1316,1OPN2EKJYU0EBCED,GWY2NSN3MOCN1VXZ,Kinetic Qualities,01-11-2016,6304,0
1317,A80AGGQ83EG12LGQ,GWY2NSN3MOCN1VXZ,Kinetic Qualities,08-11-2017,4373,1
1318,KT2PS9WWBPZCZ1X2,GWY2NSN3MOCN1VXZ,Kinetic Qualities,07-03-2014,8737,0
1319,2T8T0N92PHRWIFEF,GWY2NSN3MOCN1VXZ,Kinetic Qualities,18-07-2014,7551,0
1320,JENVAGYDSIHQNUJH,QZ3OO99EM7X5NYVT,Even-Handed Dimensions,18-05-2016,6781,0
1321,3TAZ34YC5G3JE6BQ,QZ3OO99EM7X5NYVT,Even-Handed Dimensions,30-06-2014,9610,0
1322,ZLR7SJ2UN0QEWZ5L,QZ3OO99EM7X5NYVT,Even-Handed Dimensions,09-08-2017,9617,0
1323,JOS822D5YZ2U8L04,QZ3OO99EM7X5NYVT,Even-Handed Dimensions,16-10-2015,2175,0
1324,NM4QWGCSSBANCQYC,QZ3OO99EM7X5NYVT,Even-Handed Dimensions,15-08-2015,884,1
1325,UYGDAK57GTCITZI9,QZ3OO99EM7X5NYVT,Even-Handed Dimensions,29-06-2016,5181,0
1326,Y7C6CBGMYS8PRHXR,QZ3OO99EM7X5NYVT,Even-Handed Dimensions,15-07-2014,3727,0
1327,W5NCCF7RSA5UOMJM,QZ3OO99EM7X5NYVT,Even-Handed Dimensions,17-11-2014,7818,1
1328,KK3PRZBH6UGNN47X,QZ3OO99EM7X5NYVT,Even-Handed Dimensions,17-05-2016,5379,1
1329,XH4LGR2M73HQ8OLJ,QZ3OO99EM7X5NYVT,Even-Handed Dimensions,13-03-2017,9651,0
1330,7CPTJN7BDPRBHRYR,QZ3OO99EM7X5NYVT,Even-Handed Dimensions,27-01-2017,5529,1
1331,AWWH9AL68GGU8DEE,QZ3OO99EM7X5NYVT,Even-Handed Dimensions,26-06-2018,3221,0
1332,56DXXNVFRXNJF2QV,QZ3OO99EM7X5NYVT,Even-Handed Dimensions,08-04-2017,3115,0
1333,8X5HGK8TIT6VGWG7,QZ3OO99EM7X5NYVT,Even-Handed Dimensions,20-02-2017,1219,0
1334,R2JGFVLFPHVCVBHX,QZ3OO99EM7X5NYVT,Even-Handed Dimensions,14-01-2015,4966,0
1335,X3CP4C3WHF1MCERA,QZ3OO99EM7X5NYVT,Even-Handed Dimensions,16-01-2016,1144,1
1336,LVC2SJKLD6VODUN3,QZ3OO99EM7X5NYVT,Even-Handed Dimensions,11-10-2017,6351,0
1337,OTCG65LUAVMAVIFB,QZ3OO99EM7X5NYVT,Even-Handed Dimensions,20-02-2016,9541,0
1338,Z150Z29NYUIAUQVK,QZ3OO99EM7X5NYVT,Even-Handed Dimensions,11-01-2018,6267,0
1339,61ZOF6QU7GXHOHLE,QZ3OO99EM7X5NYVT,Even-Handed Dimensions,08-08-2018,9862,0
1340,GZQD1907H3QJNECE,QZ3OO99EM7X5NYVT,Even-Handed Dimensions,20-02-2017,6176,1
1341,UFEEQL33H5F6JJGK,QZ3OO99EM7X5NYVT,Even-Handed Dimensions,14-06-2016,8536,0
1342,WDYIEXWZJ736G3AN,MRZ24N5NX8FLRMYK,Protoplasmic Docherty,15-04-2014,9794,0
1343,5WAHXJ64ZY914OLL,MRZ24N5NX8FLRMYK,Protoplasmic Docherty,19-08-2018,6509,0
1344,Y53MNRCWKIFTO9AE,MRZ24N5NX8FLRMYK,Protoplasmic Docherty,18-07-2015,4600,0
1345,AL0VYRHO2UI6KZM7,MRZ24N5NX8FLRMYK,Protoplasmic Docherty,26-12-2017,7489,0
1346,ISEXXMD0OMHXJWQL,MRZ24N5NX8FLRMYK,Protoplasmic Docherty,26-06-2016,1267,0
1347,2GWLYEV9HKID479U,MRZ24N5NX8FLRMYK,Protoplasmic Docherty,15-04-2016,2098,0
1348,QQRS05WNXNIZ2YFT,MRZ24N5NX8FLRMYK,Protoplasmic Docherty,07-09-2016,8803,1
1349,9D10E4GZ28ZPW22D,MRZ24N5NX8FLRMYK,Protoplasmic Docherty,11-01-2018,5570,0
1350,WSJNB6W5XPW7Y638,MRZ24N5NX8FLRMYK,Protoplasmic Docherty,24-06-2015,9242,0
1351,FVJCD6XXVMY9CA72,MRZ24N5NX8FLRMYK,Protoplasmic Docherty,20-06-2016,9624,0
1352,UUSASL8HKMTI4UOX,MRZ24N5NX8FLRMYK,Protoplasmic Docherty,06-07-2016,8847,0
1353,SCUFB8QFIDU5P9NV,MRZ24N5NX8FLRMYK,Protoplasmic Docherty,18-09-2015,4455,0
1354,FSU3ZN1OI4KEO0KS,MRZ24N5NX8FLRMYK,Protoplasmic Docherty,27-09-2014,5506,0
1355,B78HXUAY7XXLA76K,MRZ24N5NX8FLRMYK,Protoplasmic Docherty,27-12-2016,4133,0
1356,SG1T2LHBWVNJ14SQ,MRZ24N5NX8FLRMYK,Protoplasmic Docherty,21-06-2017,9518,1
1357,CK5NP8V9DRB2SOZ9,MRZ24N5NX8FLRMYK,Protoplasmic Docherty,04-03-2018,8325,0
1358,EFP5FGGLNOSC3OPI,MRZ24N5NX8FLRMYK,Protoplasmic Docherty,05-11-2016,2469,0
1359,6NQDNU0BJRK8IF7E,MRZ24N5NX8FLRMYK,Protoplasmic Docherty,10-07-2015,9033,0
1360,QWBQHQB01OVGECG6,MRZ24N5NX8FLRMYK,Protoplasmic Docherty,03-01-2016,4793,0
1361,12LW6DF7V5EUO3V7,MRZ24N5NX8FLRMYK,Protoplasmic Docherty,11-07-2016,2904,0
1362,08G2MMI06DDA1UOX,MRZ24N5NX8FLRMYK,Protoplasmic Docherty,26-02-2015,2055,0
1363,T2RYT1QEYJ0G31B0,MRZ24N5NX8FLRMYK,Protoplasmic Docherty,23-03-2017,6184,0
1364,B8DN2POKLJJTL9IL,MRZ24N5NX8FLRMYK,Protoplasmic Docherty,01-03-2018,7051,0
1365,89J7TZD7AQ2VGFY5,MRZ24N5NX8FLRMYK,Protoplasmic Docherty,28-01-2017,962,0
1366,ORAJ78DQGS3TXBRP,MRZ24N5NX8FLRMYK,Protoplasmic Docherty,03-05-2016,1643,0
1367,V98QR9Z6UIPG0PVV,MRZ24N5NX8FLRMYK,Protoplasmic Docherty,12-06-2018,1999,0
1368,UQB6MLTYQF1WS56X,VVCEUJOHQ7AFRY46,Abdominal Nw,06-11-2014,6335,0
1369,UYKFANEHWYGWWDKD,VVCEUJOHQ7AFRY46,Abdominal Nw,11-03-2018,8285,0
1370,ILNC429XREGM8FQI,VVCEUJOHQ7AFRY46,Abdominal Nw,14-08-2014,7296,1
1371,P0VJ44M3RTCQI870,VVCEUJOHQ7AFRY46,Abdominal Nw,30-11-2014,2303,0
1372,KYAKGSMRKIEJPAGV,VVCEUJOHQ7AFRY46,Abdominal Nw,05-04-2016,8905,1
1373,NL88F7ADOKWC6I9E,VVCEUJOHQ7AFRY46,Abdominal Nw,29-01-2018,4914,0
1374,I2NN55DDPFTAD5DS,VVCEUJOHQ7AFRY46,Abdominal Nw,09-06-2018,9384,0
1375,NJEE5CUTWG7PT274,VVCEUJOHQ7AFRY46,Abdominal Nw,03-07-2016,4116,0
1376,CDPQ73E8A8PA7389,VVCEUJOHQ7AFRY46,Abdominal Nw,01-12-2016,1601,0
1377,JPWND7OG5W89IONR,VVCEUJOHQ7AFRY46,Abdominal Nw,12-08-2014,7793,0
1378,7LKNRMEISRV8XUWX,VVCEUJOHQ7AFRY46,Abdominal Nw,26-03-2018,1485,0
1379,VLAEEUC3G4IS17G8,VVCEUJOHQ7AFRY46,Abdominal Nw,25-01-2017,2951,0
1380,1B31JTJQRFP3W7LD,VVCEUJOHQ7AFRY46,Abdominal Nw,22-02-2017,8695,0
1381,FUY0XMTO0IK9KBM3,VVCEUJOHQ7AFRY46,Abdominal Nw,30-04-2017,8333,0
1382,DGY8RPR9LYRA5M98,VVCEUJOHQ7AFRY46,Abdominal Nw,13-07-2018,7603,1
1383,5D8WRLYUXHJZOE3V,VVCEUJOHQ7AFRY46,Abdominal Nw,27-03-2017,3477,0
1384,C0AIB9TWGY1NENJ5,VVCEUJOHQ7AFRY46,Abdominal Nw,13-01-2018,8175,0
1385,K6YBXLF2WNWHV0OY,VVCEUJOHQ7AFRY46,Abdominal Nw,16-09-2018,6887,0
1386,AK6METS7ZLPCMQKM,VVCEUJOHQ7AFRY46,Abdominal Nw,13-04-2017,9114,0
1387,WJEN5UVK71TCF48X,VVCEUJOHQ7AFRY46,Abdominal Nw,27-11-2015,4700,0
1388,63743RIBCO9G600F,VVCEUJOHQ7AFRY46,Abdominal Nw,29-12-2017,548,0
1389,SVEZSU3AMCD2RM3S,VVCEUJOHQ7AFRY46,Abdominal Nw,31-10-2015,4159,1
1390,194GMT8MZYJP53AO,VVCEUJOHQ7AFRY46,Abdominal Nw,19-01-2017,723,0
1391,JLX8VQ0VM0HUQTTF,FQYYZSPD3349795L,Cerebral Doc,26-03-2014,6996,0
1392,534OR7FL787I7J3A,FQYYZSPD3349795L,Cerebral Doc,06-08-2016,9236,0
1393,WULIK9BCK1NDA6YN,FQYYZSPD3349795L,Cerebral Doc,12-11-2014,4234,0
1394,BIKV5AR9ZKBNAOIN,FQYYZSPD3349795L,Cerebral Doc,09-07-2015,4011,0
1395,H7IFV6HDR6MJ3LPS,FQYYZSPD3349795L,Cerebral Doc,05-10-2015,1379,0
1396,VFFJDJHH2RJ3RCB8,FQYYZSPD3349795L,Cerebral Doc,06-03-2015,5902,0
1397,F3O3MHAWV634B1N3,FQYYZSPD3349795L,Cerebral Doc,03-03-2018,6229,0
1398,GHGSFKOAE2X2VNGN,FQYYZSPD3349795L,Cerebral Doc,20-07-2017,6695,0
1399,K9CUASKI0I5DACJS,FQYYZSPD3349795L,Cerebral Doc,03-05-2017,2105,0
1400,TLNN4RGYC2IN4514,FQYYZSPD3349795L,Cerebral Doc,09-07-2018,3731,1
1401,HAU73U3I6O5AUA6U,FQYYZSPD3349795L,Cerebral Doc,07-01-2018,9664,0
1402,XVD3M226BO02H87K,FQYYZSPD3349795L,Cerebral Doc,06-07-2016,1657,0
1403,AXKHGD7VXHB6PQ1V,FQYYZSPD3349795L,Cerebral Doc,31-10-2016,4788,1
1404,6LW1Y9F3RMM49WLQ,FQYYZSPD3349795L,Cerebral Doc,15-06-2017,9701,0
1405,UJIT8EHTS3CRW7SY,FQYYZSPD3349795L,Cerebral Doc,06-02-2015,4322,0
1406,22B3PVNNDAMD246G,FQYYZSPD3349795L,Cerebral Doc,23-08-2015,1717,0
1407,MBPTKH8GQCFLLU2Q,FQYYZSPD3349795L,Cerebral Doc,29-09-2015,6516,0
1408,KUGEQM0NM0W9NG3G,AUTK9BY90ES64K11,High-Powered Decorators,20-12-2015,3228,0
1409,AXQDK0O76NBJTS3G,AUTK9BY90ES64K11,High-Powered Decorators,16-05-2015,9142,1
1410,PUH5ES7CNMN8L9GJ,AUTK9BY90ES64K11,High-Powered Decorators,19-11-2014,8461,0
1411,C93NZLX45CUSXAVL,AUTK9BY90ES64K11,High-Powered Decorators,05-03-2014,2043,0
1412,MY1CTX238C2FT241,AUTK9BY90ES64K11,High-Powered Decorators,06-09-2018,2532,0
1413,IEB6E16DPW352KKC,AUTK9BY90ES64K11,High-Powered Decorators,22-05-2015,9532,0
1414,UH6FX8Q6YZMDZGH8,AUTK9BY90ES64K11,High-Powered Decorators,23-09-2016,170,0
1415,N2Z3CGBBMIXA4XJF,AUTK9BY90ES64K11,High-Powered Decorators,22-02-2016,5077,0
1416,VDSZ2TSHQ29TPPSC,AUTK9BY90ES64K11,High-Powered Decorators,28-11-2015,1768,0
1417,C5QN6N3OEFTXAAK6,AUTK9BY90ES64K11,High-Powered Decorators,23-07-2018,6143,0
1418,7WQ0QBVL5GB44V0X,AUTK9BY90ES64K11,High-Powered Decorators,15-12-2014,6479,0
1419,5Z7IFHPV1PKO1GYS,AUTK9BY90ES64K11,High-Powered Decorators,19-05-2017,1945,0
1420,KIEIT3ZEV1EZUNBZ,AUTK9BY90ES64K11,High-Powered Decorators,21-07-2017,8499,0
1421,VUILKYK5MDPQQ4HJ,AUTK9BY90ES64K11,High-Powered Decorators,24-06-2014,9304,0
1422,2P9V5FQGXC12A5I6,AUTK9BY90ES64K11,High-Powered Decorators,24-02-2018,1676,0
1423,V6XIEPLXEDZWUF0Z,AUTK9BY90ES64K11,High-Powered Decorators,10-04-2017,267,1
1424,BIDRPCJ7VW2763SP,AUTK9BY90ES64K11,High-Powered Decorators,08-09-2015,4806,0
1425,YJXMHFGVCACYB9Z5,AUTK9BY90ES64K11,High-Powered Decorators,02-04-2018,9256,0
1426,OSXM6FHA691F2U8C,AUTK9BY90ES64K11,High-Powered Decorators,28-06-2015,1706,0
1427,DE93DFHRQYIRU1OK,AUTK9BY90ES64K11,High-Powered Decorators,12-06-2016,4198,1
1428,BCUN4EUD2PKSUNKY,AUTK9BY90ES64K11,High-Powered Decorators,26-08-2015,5978,0
1429,EVMRHS8WY1AKHTSW,AUTK9BY90ES64K11,High-Powered Decorators,15-01-2015,5332,0
1430,M6ZNTCVM9MDRG7ZI,795JHN85L38J2FLE,Raspberry Wwrl,17-11-2014,7526,1
1431,EIPQ5VKZQH1PZ5VB,795JHN85L38J2FLE,Raspberry Wwrl,16-02-2015,834,0
1432,PF7N01I4W7P7UTYP,795JHN85L38J2FLE,Raspberry Wwrl,25-04-2016,1961,1
1433,A6V0S2907KPY7J6U,795JHN85L38J2FLE,Raspberry Wwrl,19-03-2018,2326,0
1434,HRVKVWPJR3XZ3DRP,795JHN85L38J2FLE,Raspberry Wwrl,06-05-2015,7220,0
1435,EIMK2KVLZ85WCX7S,795JHN85L38J2FLE,Raspberry Wwrl,29-11-2015,8626,0
1436,4E3X1CI1ZFAP0VEI,795JHN85L38J2FLE,Raspberry Wwrl,07-10-2015,5137,0
1437,BPLMB0V9O4Q4R4FA,795JHN85L38J2FLE,Raspberry Wwrl,01-04-2016,9401,0
1438,TNEE5XCX95WX7V0I,795JHN85L38J2FLE,Raspberry Wwrl,20-05-2015,5429,0
1439,X2SMSK7CQEKY3QCZ,795JHN85L38J2FLE,Raspberry Wwrl,30-09-2018,5012,0
1440,F8K7JTSVLZLDYQ6O,795JHN85L38J2FLE,Raspberry Wwrl,20-04-2018,3236,0
1441,219CGJ9U3BIZ86L3,795JHN85L38J2FLE,Raspberry Wwrl,25-06-2014,7541,0
1442,40ATH3U1K97E2M0Y,795JHN85L38J2FLE,Raspberry Wwrl,18-01-2016,3550,0
1443,YP60YIUDDZ0NLUTN,795JHN85L38J2FLE,Raspberry Wwrl,03-11-2017,4352,0
1444,R8ZQYWS9L6IYQP68,KPWT9Z00K0JDLYHV,Thirsty Idea,04-10-2014,8417,0
1445,DDVP00EOZ0F7VBOL,KPWT9Z00K0JDLYHV,Thirsty Idea,19-07-2014,9441,0
1446,UU405GIAE8V7MB46,KPWT9Z00K0JDLYHV,Thirsty Idea,25-10-2015,5194,0
1447,1S3IUWIFB3W21K6X,KPWT9Z00K0JDLYHV,Thirsty Idea,08-01-2014,324,1
1448,PJXM2CWIRPD0TK28,KPWT9Z00K0JDLYHV,Thirsty Idea,27-02-2014,3600,0
1449,PH62IDSUFD42SAL6,KPWT9Z00K0JDLYHV,Thirsty Idea,09-08-2015,8769,1
1450,95HAG0FCLW9AT304,KPWT9Z00K0JDLYHV,Thirsty Idea,01-06-2014,4340,0
1451,T2A8ZCXGMRIKQGSU,KPWT9Z00K0JDLYHV,Thirsty Idea,30-04-2015,185,0
1452,NRLBT8ALNBAW2CHG,KPWT9Z00K0JDLYHV,Thirsty Idea,20-07-2017,2052,0
1453,D26Z31PLIAUDG13Z,KPWT9Z00K0JDLYHV,Thirsty Idea,16-12-2015,2650,0
1454,QD3NYR7LSBKYJ1E0,KPWT9Z00K0JDLYHV,Thirsty Idea,02-08-2017,7555,0
1455,44Q1985KWFTVX29G,KPWT9Z00K0JDLYHV,Thirsty Idea,13-11-2016,2125,0
1456,NNS7DAEHDPTLUS6E,KPWT9Z00K0JDLYHV,Thirsty Idea,22-02-2015,4768,1
1457,LAHQRUYE8YMIUW86,KPWT9Z00K0JDLYHV,Thirsty Idea,04-08-2018,6591,0
1458,SL6N7Z0ZRZJNS3OY,KPWT9Z00K0JDLYHV,Thirsty Idea,12-08-2015,4445,0
1459,Q85ES5GE9W6WD2ZB,KPWT9Z00K0JDLYHV,Thirsty Idea,21-11-2017,6359,0
1460,XKKRMSTQVSF8C91G,KPWT9Z00K0JDLYHV,Thirsty Idea,04-06-2014,7575,1
1461,0A9F5HADV1MMR73L,KPWT9Z00K0JDLYHV,Thirsty Idea,09-07-2018,6238,1
1462,66L04WP6URNN1UHA,KPWT9Z00K0JDLYHV,Thirsty Idea,17-07-2014,513,0
1463,KDA5LIG05WP6N4PQ,KPWT9Z00K0JDLYHV,Thirsty Idea,07-02-2018,9130,0
1464,Y4NJRW3VQ2KOW09A,T3WUZS4TGXTJS1N0,Painless Endowments,19-09-2017,4931,0
1465,PHGVJHCMYBBPW7HA,T3WUZS4TGXTJS1N0,Painless Endowments,17-03-2017,4723,1
1466,FH4LZYA4CI3OP4PM,T3WUZS4TGXTJS1N0,Painless Endowments,06-02-2014,8118,1
1467,OTZNO6YCL5RT58ZE,T3WUZS4TGXTJS1N0,Painless Endowments,21-09-2015,9348,0
1468,IE9CZWKLXA5ZLKDU,T3WUZS4TGXTJS1N0,Painless Endowments,25-03-2016,7899,1
1469,E6NLMHUEDP17OZZ6,T3WUZS4TGXTJS1N0,Painless Endowments,01-02-2015,4517,0
1470,5PW6HG71XSUMMHEH,T3WUZS4TGXTJS1N0,Painless Endowments,28-08-2017,2449,0
1471,UL2MMYJ08A8URDYV,T3WUZS4TGXTJS1N0,Painless Endowments,07-01-2018,6208,1
1472,6VRT5RGATR4XJG0Q,T3WUZS4TGXTJS1N0,Painless Endowments,19-08-2017,1816,0
1473,RSD0S72HUAZ746AW,T3WUZS4TGXTJS1N0,Painless Endowments,27-01-2017,7261,0
1474,8M6GBP682BSHVPPV,T3WUZS4TGXTJS1N0,Painless Endowments,30-08-2014,1818,0
1475,55QJ7MIVKA762MTL,T3WUZS4TGXTJS1N0,Painless Endowments,14-10-2014,6295,0
1476,D33PGDEZR5MS9OK9,T3WUZS4TGXTJS1N0,Painless Endowments,28-06-2016,3629,1
1477,A19TV5TB5J4IGW5P,T3WUZS4TGXTJS1N0,Painless Endowments,11-09-2018,9703,0
1478,A4XZ04T3RYH3JTSP,T3WUZS4TGXTJS1N0,Painless Endowments,24-08-2014,6364,0
1479,QSXQXT32WWE1GYW4,T3WUZS4TGXTJS1N0,Painless Endowments,13-03-2016,717,0
1480,C0H70SH3Q1QF5XZ1,T3WUZS4TGXTJS1N0,Painless Endowments,12-04-2017,6490,0
1481,JTPDCYJ7N04REPV0,T3WUZS4TGXTJS1N0,Painless Endowments,21-09-2014,6543,0
1482,XAH1DDV4BQVCFM7Q,T3WUZS4TGXTJS1N0,Painless Endowments,03-05-2014,6124,0
1483,HJB64LZIX3O1N0K2,T3WUZS4TGXTJS1N0,Painless Endowments,10-02-2016,1169,0
1484,7KZZMR0OO0QBBYKG,T3WUZS4TGXTJS1N0,Painless Endowments,28-12-2018,766,0
1485,GC969LNSQAQ6A45C,T3WUZS4TGXTJS1N0,Painless Endowments,22-06-2014,6450,0
1486,QDLGDF6H0DF5V6MN,T3WUZS4TGXTJS1N0,Painless Endowments,16-01-2017,5583,1
1487,HF0FUBHGNHK54033,T3WUZS4TGXTJS1N0,Painless Endowments,08-12-2014,4802,0
1488,HBS47FQWFTGWPBWL,4U02X8YRKMWQZWOX,Ergotropic Lucretia,16-12-2014,8723,0
1489,F6ENC3B1T5XICH38,4U02X8YRKMWQZWOX,Ergotropic Lucretia,10-03-2014,3336,0
1490,AXSHFOBIHF0GSWRP,4U02X8YRKMWQZWOX,Ergotropic Lucretia,01-12-2018,3293,0
1491,HO9WSGAB6928IY57,4U02X8YRKMWQZWOX,Ergotropic Lucretia,20-04-2018,5288,0
1492,Z4DOGBH3GYM402VJ,4U02X8YRKMWQZWOX,Ergotropic Lucretia,26-07-2015,9900,0
1493,WB3OZSX5D5KL70YV,4U02X8YRKMWQZWOX,Ergotropic Lucretia,19-02-2018,696,0
1494,WA7TMEFHBDUPSDGK,4U02X8YRKMWQZWOX,Ergotropic Lucretia,23-09-2014,3307,0
1495,F6FJED53RBNMRBJW,4U02X8YRKMWQZWOX,Ergotropic Lucretia,09-08-2014,8531,1
1496,EBKH20P5TNYP1XNR,4U02X8YRKMWQZWOX,Ergotropic Lucretia,26-07-2014,8691,0
1497,8M635CVKH1853H2A,4U02X8YRKMWQZWOX,Ergotropic Lucretia,22-06-2015,6861,1
1498,MXZLU3LLGC9AAW0F,4U02X8YRKMWQZWOX,Ergotropic Lucretia,04-01-2018,8926,0
1499,65V6JP1E9CG0P5TE,4U02X8YRKMWQZWOX,Ergotropic Lucretia,12-10-2014,8426,0
1500,CE4RNJYAQF1AZBLB,4U02X8YRKMWQZWOX,Ergotropic Lucretia,29-04-2017,8219,0
1501,QSNVVJXNJB7Y219T,4U02X8YRKMWQZWOX,Ergotropic Lucretia,09-10-2015,1428,0
1502,JZ3XYW6ON7SYL825,4U02X8YRKMWQZWOX,Ergotropic Lucretia,21-01-2017,4408,0
1503,HV5PKHJ9Z0JFABM8,4U02X8YRKMWQZWOX,Ergotropic Lucretia,27-10-2015,6597,0
1504,YIAOA7TE4PPR17B2,4U02X8YRKMWQZWOX,Ergotropic Lucretia,07-08-2017,806,0
1505,ILRM3N9SY3XZ5YPR,4U02X8YRKMWQZWOX,Ergotropic Lucretia,30-06-2015,7769,0
1506,U0SQ0CNYNOOG1BCS,4U02X8YRKMWQZWOX,Ergotropic Lucretia,28-05-2017,3681,0
1507,E27EJRE804AXFD37,4U02X8YRKMWQZWOX,Ergotropic Lucretia,22-09-2015,3053,0
1508,PEBG1CFPKSW3X6K0,4U02X8YRKMWQZWOX,Ergotropic Lucretia,15-07-2016,6198,0
1509,FK1Q3RV8L4E6D348,4U02X8YRKMWQZWOX,Ergotropic Lucretia,05-10-2018,9075,0
1510,J8JC7ERLFGT1PUVD,4U02X8YRKMWQZWOX,Ergotropic Lucretia,29-07-2015,4476,0
1511,J7IZSXBIU6MM9MKM,4U02X8YRKMWQZWOX,Ergotropic Lucretia,20-08-2016,7635,0
1512,D414OFJI6E20YHPM,P8PM19OV4C8GNPO5,Big-Large X-Rays,28-12-2018,3027,0
1513,U0BM7HWOJZPOP72A,P8PM19OV4C8GNPO5,Big-Large X-Rays,26-02-2018,3827,0
1514,ED8J4Z9P095J1Y9M,P8PM19OV4C8GNPO5,Big-Large X-Rays,27-05-2014,1832,0
1515,FGA3LL5ZV1T34OKJ,P8PM19OV4C8GNPO5,Big-Large X-Rays,15-07-2016,1903,1
1516,F9I0OIOD6Y2CPKSB,P8PM19OV4C8GNPO5,Big-Large X-Rays,08-08-2015,3078,0
1517,FLRKSXKMOZSYTZY1,P8PM19OV4C8GNPO5,Big-Large X-Rays,16-11-2014,4445,0
1518,AI4GNA1QF5XWVHJT,P8PM19OV4C8GNPO5,Big-Large X-Rays,08-10-2017,847,0
1519,C13ZJFD0DLSUXO07,P8PM19OV4C8GNPO5,Big-Large X-Rays,29-01-2014,6725,0
1520,QCNHV97QZ6E4SW42,P8PM19OV4C8GNPO5,Big-Large X-Rays,21-09-2015,6412,0
1521,DNVMVV3QXLS2QKOZ,P8PM19OV4C8GNPO5,Big-Large X-Rays,16-08-2017,2639,0
1522,QOR005ONRGGQJSVC,P8PM19OV4C8GNPO5,Big-Large X-Rays,20-06-2015,4393,0
1523,K3IG4ZCK4FCMXVL5,P8PM19OV4C8GNPO5,Big-Large X-Rays,26-04-2017,232,0
1524,Z1K8GNFSNQ65LQ3H,P8PM19OV4C8GNPO5,Big-Large X-Rays,25-02-2016,8531,1
1525,RM3HHF5LXJCZHFSE,P8PM19OV4C8GNPO5,Big-Large X-Rays,05-06-2016,3437,1
1526,A0MWCN8UJWADA5S8,P8PM19OV4C8GNPO5,Big-Large X-Rays,04-05-2014,8236,1
1527,BUD21EGMQUTLHLUN,P8PM19OV4C8GNPO5,Big-Large X-Rays,22-12-2014,3960,0
1528,6SN5GYZO5TDWQMZ4,P8PM19OV4C8GNPO5,Big-Large X-Rays,16-11-2014,5361,0
1529,LQI3ZSVXTOUPFSQE,P8PM19OV4C8GNPO5,Big-Large X-Rays,08-03-2014,4810,0
1530,S5PG20UVM6BULAKX,21G0LXKZMAVPIKBR,Brown Ambiguities,26-06-2018,4248,0
1531,50ERT0MNOENIB43K,21G0LXKZMAVPIKBR,Brown Ambiguities,16-09-2018,5920,0
1532,CJRQE5M4CE7PPQCY,21G0LXKZMAVPIKBR,Brown Ambiguities,10-06-2015,3952,0
1533,06T07VOHT5TG9ZMU,21G0LXKZMAVPIKBR,Brown Ambiguities,15-05-2018,4078,0
1534,7XX0FN22F4P0EDQ0,21G0LXKZMAVPIKBR,Brown Ambiguities,14-12-2014,839,0
1535,9JRTRN4UUVT6HYBF,21G0LXKZMAVPIKBR,Brown Ambiguities,27-03-2018,1762,0
1536,R44M6LXC6JZX6X7P,21G0LXKZMAVPIKBR,Brown Ambiguities,18-03-2017,4969,0
1537,FYOW99SJ08KUQSTH,21G0LXKZMAVPIKBR,Brown Ambiguities,11-05-2016,2445,0
1538,J4SOYGVA2MVWOVLO,21G0LXKZMAVPIKBR,Brown Ambiguities,14-02-2017,3506,0
1539,4TY7YKI7DLVQF1EU,21G0LXKZMAVPIKBR,Brown Ambiguities,05-09-2018,134,1
1540,VMA1XFWK9HDTTLDJ,21G0LXKZMAVPIKBR,Brown Ambiguities,21-12-2016,3578,0
1541,OZ4DMPVTPVVYCRV3,21G0LXKZMAVPIKBR,Brown Ambiguities,11-02-2016,6941,0
1542,I8MODT6QTGQQ1WSM,21G0LXKZMAVPIKBR,Brown Ambiguities,24-09-2016,629,0
1543,QD04FUW3EB02E6UK,21G0LXKZMAVPIKBR,Brown Ambiguities,06-04-2014,620,0
1544,ZDF5IF0VBRJZNDG6,21G0LXKZMAVPIKBR,Brown Ambiguities,29-07-2016,5013,1
1545,YS6424H946JISZY5,21G0LXKZMAVPIKBR,Brown Ambiguities,05-06-2018,1839,0
1546,7OKZ4LFNU8HHSPRZ,21G0LXKZMAVPIKBR,Brown Ambiguities,10-01-2018,6773,0
1547,4RLKMCEF84092SMY,21G0LXKZMAVPIKBR,Brown Ambiguities,25-02-2015,9523,1
1548,EE5AP0XB10BMXVD1,21G0LXKZMAVPIKBR,Brown Ambiguities,23-01-2018,7894,0
1549,3GR1WCA1QXSHM2N3,21G0LXKZMAVPIKBR,Brown Ambiguities,19-09-2018,4386,0
1550,T5NTUBE0IO4IX09Q,21G0LXKZMAVPIKBR,Brown Ambiguities,21-07-2016,8074,0
1551,K6Z31J8TZRQYFTTJ,21G0LXKZMAVPIKBR,Brown Ambiguities,29-12-2014,4975,1
1552,MZ5RY1J1D9UR5H79,21G0LXKZMAVPIKBR,Brown Ambiguities,09-12-2018,2114,0
1553,D84FRGTM6DC12U7X,21G0LXKZMAVPIKBR,Brown Ambiguities,20-08-2016,3281,0
1554,DXWRX29HU9L38RCM,21G0LXKZMAVPIKBR,Brown Ambiguities,24-08-2014,3596,0
1555,67CSY5KF6EUA4XCP,21G0LXKZMAVPIKBR,Brown Ambiguities,31-07-2015,4044,0
1556,OOLAZPU2C1C4T2XS,21G0LXKZMAVPIKBR,Brown Ambiguities,23-08-2015,3695,0
1557,YTZDHVH0B4ACUQBS,21G0LXKZMAVPIKBR,Brown Ambiguities,02-03-2018,806,0
1558,B2VY8FCVUJKSN74E,VBBRXBP4XNLGM5UG,Shocking Pitfall,24-08-2016,7924,0
1559,6KXU5S7TIB17S5FL,VBBRXBP4XNLGM5UG,Shocking Pitfall,09-04-2018,3213,0
1560,4MKGCPEUARLP7M65,VBBRXBP4XNLGM5UG,Shocking Pitfall,08-06-2018,3782,0
1561,63QRB4T0P5PAUS7C,VBBRXBP4XNLGM5UG,Shocking Pitfall,07-06-2016,3951,0
1562,S7GJGTQS3CEEHUMI,VBBRXBP4XNLGM5UG,Shocking Pitfall,02-05-2015,4360,0
1563,MOV498CYLK2LA4SK,VBBRXBP4XNLGM5UG,Shocking Pitfall,14-02-2018,6189,0
1564,07PKFDPDI48DWDH5,VBBRXBP4XNLGM5UG,Shocking Pitfall,23-06-2017,7447,0
1565,FMOVO197Q9XZ3ZB2,VBBRXBP4XNLGM5UG,Shocking Pitfall,12-07-2016,4470,0
1566,TGLJ25R9IGHKYHEL,VBBRXBP4XNLGM5UG,Shocking Pitfall,04-09-2014,2134,0
1567,250LZIFI477XZBI3,VBBRXBP4XNLGM5UG,Shocking Pitfall,07-12-2015,5480,0
1568,BOUAYZ9Y8DEGKWJI,VBBRXBP4XNLGM5UG,Shocking Pitfall,28-09-2018,4729,0
1569,WJZRZ0QRF8EGFIKZ,VBBRXBP4XNLGM5UG,Shocking Pitfall,21-08-2014,2359,0
1570,PMYZROI02CO5GPRI,VBBRXBP4XNLGM5UG,Shocking Pitfall,02-10-2015,622,1
1571,C1E912QNMKN08VTL,VBBRXBP4XNLGM5UG,Shocking Pitfall,21-04-2018,2704,0
1572,NRR5R8E5HANP4UOQ,VBBRXBP4XNLGM5UG,Shocking Pitfall,13-04-2015,1575,0
1573,4UMM6JY4IRKBK8HF,79MIQUZYK44G8M5B,Elastic Manor,17-08-2014,2413,0
1574,RBF7XGAQAO9UDM21,79MIQUZYK44G8M5B,Elastic Manor,12-12-2015,432,0
1575,HKYSW8GITDFW59NX,79MIQUZYK44G8M5B,Elastic Manor,29-01-2014,8168,0
1576,38E8Y95AVK168EGP,79MIQUZYK44G8M5B,Elastic Manor,14-10-2018,6161,0
1577,IG1YZFVHEECDOAR5,79MIQUZYK44G8M5B,Elastic Manor,29-07-2015,4982,0
1578,8POIFT2W28CDPSKS,79MIQUZYK44G8M5B,Elastic Manor,02-05-2018,9869,0
1579,LV2ZFD94O8OXF3AW,79MIQUZYK44G8M5B,Elastic Manor,23-08-2014,3980,1
1580,VCTB57GFTABDRFXQ,79MIQUZYK44G8M5B,Elastic Manor,17-06-2017,4969,0
1581,EBZ8BN9QVPK5AUTM,79MIQUZYK44G8M5B,Elastic Manor,24-09-2015,9632,0
1582,431IHZ2FJB6ZJB7T,79MIQUZYK44G8M5B,Elastic Manor,26-07-2015,3231,0
1583,ORL06B6WI7KXEQWY,79MIQUZYK44G8M5B,Elastic Manor,24-01-2017,6393,0
1584,AB35ML6G3U9EFI1O,79MIQUZYK44G8M5B,Elastic Manor,20-10-2018,9015,0
1585,1G3JL4HI1QA70SIV,79MIQUZYK44G8M5B,Elastic Manor,05-12-2015,302,1
1586,FMZJG5OI5YQT57R5,79MIQUZYK44G8M5B,Elastic Manor,07-10-2016,4606,0
1587,0JSUNM8QOZXVK7D1,79MIQUZYK44G8M5B,Elastic Manor,11-10-2018,3363,1
1588,TSG834210WVZL5PB,79MIQUZYK44G8M5B,Elastic Manor,16-03-2017,8333,0
1589,YX1RT468F5TDLQK8,79MIQUZYK44G8M5B,Elastic Manor,02-05-2014,5614,1
1590,3E0GV1WF9JD1F9K6,79MIQUZYK44G8M5B,Elastic Manor,17-09-2016,7554,0
1591,7WH5VY5RYEQ6U2EJ,79MIQUZYK44G8M5B,Elastic Manor,02-10-2018,778,0
1592,T1MSTD6BRL76AEV6,22K79ZDHB9P3SFQ3,Fierce One-Fifth,11-05-2014,6063,0
1593,CJH04RGTEIZARQKS,22K79ZDHB9P3SFQ3,Fierce One-Fifth,29-04-2016,3416,0
1594,3DA9XABGH71Y8L95,22K79ZDHB9P3SFQ3,Fierce One-Fifth,05-10-2018,9620,0
1595,137059PY8BAVAQZX,22K79ZDHB9P3SFQ3,Fierce One-Fifth,06-12-2015,7662,0
1596,OR3TWSX8HK098F17,22K79ZDHB9P3SFQ3,Fierce One-Fifth,28-01-2018,3600,0
1597,UMH6BDUZRI2YAVNS,22K79ZDHB9P3SFQ3,Fierce One-Fifth,12-03-2014,485,1
1598,NRHXRPT971MYPSGH,22K79ZDHB9P3SFQ3,Fierce One-Fifth,10-08-2016,9550,0
1599,L08IEG7YYKONQ454,22K79ZDHB9P3SFQ3,Fierce One-Fifth,09-12-2016,3260,0
1600,QRCI37STOJIN5LLG,22K79ZDHB9P3SFQ3,Fierce One-Fifth,05-04-2015,3616,0
1601,KSP147O8D5H10SV7,22K79ZDHB9P3SFQ3,Fierce One-Fifth,25-11-2017,392,1
1602,PSBZHJQHBVCXX7Q2,22K79ZDHB9P3SFQ3,Fierce One-Fifth,28-10-2014,8359,0
1603,OSPUKH7VGMF7MMWI,22K79ZDHB9P3SFQ3,Fierce One-Fifth,29-12-2015,7232,0
1604,D0EIAD9D9QIVPSL6,22K79ZDHB9P3SFQ3,Fierce One-Fifth,06-01-2017,9766,0
1605,USLWP2XY8FBKU1FX,22K79ZDHB9P3SFQ3,Fierce One-Fifth,22-10-2017,1883,0
1606,KAPX375T7FZ7YBS7,22K79ZDHB9P3SFQ3,Fierce One-Fifth,15-03-2014,9212,0
1607,43H6YPMLHOMR5I29,22K79ZDHB9P3SFQ3,Fierce One-Fifth,22-11-2017,5726,0
1608,TT13JBR0YF5GI30V,TNZ0HW7QQ6PJ6NZE,Dependable Berkshires,01-04-2018,4471,0
1609,L3CWRJ0H1FK2DJE2,TNZ0HW7QQ6PJ6NZE,Dependable Berkshires,23-02-2014,5325,0
1610,SK5T4H4AFJZ157K1,TNZ0HW7QQ6PJ6NZE,Dependable Berkshires,29-12-2018,4940,0
1611,MH9VEOXVQV1OGLT4,TNZ0HW7QQ6PJ6NZE,Dependable Berkshires,25-04-2014,9171,1
1612,OENSJLU9B03BVJCU,TNZ0HW7QQ6PJ6NZE,Dependable Berkshires,07-04-2015,3028,1
1613,WPGKGGJZWBZ4GPXG,TNZ0HW7QQ6PJ6NZE,Dependable Berkshires,10-04-2014,7126,0
1614,QMOGEEOOMYYLXNIB,TNZ0HW7QQ6PJ6NZE,Dependable Berkshires,24-09-2017,6475,0
1615,2IC9I2A36QS13TSY,TNZ0HW7QQ6PJ6NZE,Dependable Berkshires,12-05-2014,8497,0
1616,1PD3DPVRJVIZHZ7M,TNZ0HW7QQ6PJ6NZE,Dependable Berkshires,20-12-2016,1524,0
1617,ZKITX4V2UYPHC32N,TNZ0HW7QQ6PJ6NZE,Dependable Berkshires,15-05-2017,5638,0
1618,QYFMBYHHGV8OGOG3,TNZ0HW7QQ6PJ6NZE,Dependable Berkshires,01-07-2014,8876,0
1619,AEWWCOLZZKCM4L3P,TNZ0HW7QQ6PJ6NZE,Dependable Berkshires,30-10-2014,2635,0
1620,2RIYAPTEOXCXK09K,TNZ0HW7QQ6PJ6NZE,Dependable Berkshires,24-02-2017,1583,0
1621,8HBTK6V57B7KIUM4,TNZ0HW7QQ6PJ6NZE,Dependable Berkshires,06-04-2017,2234,1
1622,W6YR3C9Q6P1WDASP,TNZ0HW7QQ6PJ6NZE,Dependable Berkshires,25-04-2014,6604,0
1623,BJ8U4OTJ60EG7C8A,TNZ0HW7QQ6PJ6NZE,Dependable Berkshires,28-11-2015,1428,0
1624,M257YFPZ42BLHURN,TNZ0HW7QQ6PJ6NZE,Dependable Berkshires,04-07-2018,9080,1
1625,3LDQU2YNAQC50ZP7,TNZ0HW7QQ6PJ6NZE,Dependable Berkshires,11-01-2016,9405,0
1626,7OEK2R50MXTEERTZ,TNZ0HW7QQ6PJ6NZE,Dependable Berkshires,28-08-2017,9306,0
1627,Q6PRL3SYTHL921DK,TNZ0HW7QQ6PJ6NZE,Dependable Berkshires,20-10-2017,1350,0
1628,26RKUEXXQO2PIHLQ,TNZ0HW7QQ6PJ6NZE,Dependable Berkshires,29-01-2014,625,0
1629,2Z3DNE21OKHLSEBI,TNZ0HW7QQ6PJ6NZE,Dependable Berkshires,25-06-2014,8053,0
1630,4T2JB2OMZJW4KZS3,C311S8RJ0CVS2UT5,Sweet-Sour Radiopasteurization,22-12-2014,7922,0
1631,7M89QNGHTT3OWAHI,C311S8RJ0CVS2UT5,Sweet-Sour Radiopasteurization,13-08-2014,4136,1
1632,KQAHIL8PXIG96KYF,C311S8RJ0CVS2UT5,Sweet-Sour Radiopasteurization,29-06-2018,6062,0
1633,7UJ2ROHDZHIVNFK1,C311S8RJ0CVS2UT5,Sweet-Sour Radiopasteurization,15-01-2014,6453,0
1634,2N0HPN55PDHDIQ7X,C311S8RJ0CVS2UT5,Sweet-Sour Radiopasteurization,01-04-2014,3345,0
1635,5R14J1LR0C9VUMOB,C311S8RJ0CVS2UT5,Sweet-Sour Radiopasteurization,18-07-2018,9287,0
1636,NUML3SPE3QBI6XK1,C311S8RJ0CVS2UT5,Sweet-Sour Radiopasteurization,06-08-2017,1874,0
1637,KT19OIC6FWLINTIW,C311S8RJ0CVS2UT5,Sweet-Sour Radiopasteurization,21-06-2014,3727,0
1638,FYOXQF5IVT5ZD8BK,C311S8RJ0CVS2UT5,Sweet-Sour Radiopasteurization,09-09-2014,1337,1
1639,S63SU7UB9YGF55QG,C311S8RJ0CVS2UT5,Sweet-Sour Radiopasteurization,12-05-2018,1941,0
1640,NW0ML3047T024XVW,C311S8RJ0CVS2UT5,Sweet-Sour Radiopasteurization,06-08-2017,9238,0
1641,H5941ZNQ9BKYW1QW,C311S8RJ0CVS2UT5,Sweet-Sour Radiopasteurization,21-06-2018,1300,0
1642,QUC0A699DX3BX1OI,C311S8RJ0CVS2UT5,Sweet-Sour Radiopasteurization,12-03-2017,7283,0
1643,YP5KQCNR27X4RE2U,C311S8RJ0CVS2UT5,Sweet-Sour Radiopasteurization,13-11-2014,9595,1
1644,C97B19Y5YM6UMJ5V,C311S8RJ0CVS2UT5,Sweet-Sour Radiopasteurization,15-07-2014,8943,0
1645,C0M36029N2P1A52O,C311S8RJ0CVS2UT5,Sweet-Sour Radiopasteurization,19-07-2014,9120,0
1646,WMJC5MO43JCTC7OP,C311S8RJ0CVS2UT5,Sweet-Sour Radiopasteurization,28-08-2016,3751,0
1647,23YWXTR67JC3GYK6,C311S8RJ0CVS2UT5,Sweet-Sour Radiopasteurization,10-04-2016,7435,0
1648,2O25P7A11NEFAD1X,C311S8RJ0CVS2UT5,Sweet-Sour Radiopasteurization,23-10-2016,8323,0
1649,FFNQY7UC8SJS8C1J,C311S8RJ0CVS2UT5,Sweet-Sour Radiopasteurization,04-12-2016,4524,0
1650,VQ1MWTUDCOFI5ZZV,C311S8RJ0CVS2UT5,Sweet-Sour Radiopasteurization,19-07-2014,4483,0
1651,D1PZ5A2JDI1EU2L2,C311S8RJ0CVS2UT5,Sweet-Sour Radiopasteurization,11-07-2017,6886,0
1652,NGAC2XJ8JXE7EHDF,C311S8RJ0CVS2UT5,Sweet-Sour Radiopasteurization,29-09-2015,3285,0
1653,C9HCP35GX9ENLYY0,C311S8RJ0CVS2UT5,Sweet-Sour Radiopasteurization,15-11-2017,4932,0
1654,UWML6OAW37L5HRTV,0YL0C6NCAS7HUZ4R,Excitatory Affects,16-02-2017,445,0
1655,FF7QW0JG2K937ME4,0YL0C6NCAS7HUZ4R,Excitatory Affects,22-06-2014,7695,0
1656,MU5QVVP3SK0FAWCD,0YL0C6NCAS7HUZ4R,Excitatory Affects,12-04-2016,374,0
1657,O4QJNRA1XYOA2OMW,0YL0C6NCAS7HUZ4R,Excitatory Affects,26-07-2017,2952,0
1658,TEWH6C5DGR0B39YW,0YL0C6NCAS7HUZ4R,Excitatory Affects,18-05-2018,4907,0
1659,9KVKR5Z3RGQ76W5S,0YL0C6NCAS7HUZ4R,Excitatory Affects,04-06-2014,3093,1
1660,M01NHVFSZDMRCLNR,0YL0C6NCAS7HUZ4R,Excitatory Affects,02-07-2015,6155,1
1661,PODMYB34K4ZMDRTD,0YL0C6NCAS7HUZ4R,Excitatory Affects,09-02-2016,3633,0
1662,0JHCZD8Z7YW4J7AW,0YL0C6NCAS7HUZ4R,Excitatory Affects,18-06-2015,5494,1
1663,49FI6C6UXZ3MKDBH,0YL0C6NCAS7HUZ4R,Excitatory Affects,15-07-2017,9905,1
1664,96SIE1NA84LWLR4L,0YL0C6NCAS7HUZ4R,Excitatory Affects,08-09-2015,380,0
1665,80K57BGFIWNP2SKS,0YL0C6NCAS7HUZ4R,Excitatory Affects,11-02-2017,8924,0
1666,NPZYVEZCO1S6QRJP,0YL0C6NCAS7HUZ4R,Excitatory Affects,06-11-2018,9509,0
1667,542KTTELED6VJKKK,0YL0C6NCAS7HUZ4R,Excitatory Affects,25-03-2018,4543,0
1668,UXYDLHW49CE7RARC,0YL0C6NCAS7HUZ4R,Excitatory Affects,13-01-2016,9060,0
1669,U6ARUZTUOH8ITW6C,0YL0C6NCAS7HUZ4R,Excitatory Affects,05-01-2018,8444,1
1670,G9TMLFM4E97BJFPZ,0YL0C6NCAS7HUZ4R,Excitatory Affects,10-06-2014,9918,0
1671,4UCAWU3VM5C9WAGE,0YL0C6NCAS7HUZ4R,Excitatory Affects,19-10-2014,6713,1
1672,5RAFB8LAZQFBAODB,0YL0C6NCAS7HUZ4R,Excitatory Affects,24-09-2018,5755,1
1673,VZAJ3AU72QNOXKBY,0YL0C6NCAS7HUZ4R,Excitatory Affects,13-03-2017,1442,0
1674,U9LZ31EDEFWGDL0Y,0YL0C6NCAS7HUZ4R,Excitatory Affects,29-07-2018,7433,0
1675,5AIZQ4BYSNS5YO3U,CUU0LS1YSVE73SQ9,Three-Dimensional Biscayne,30-07-2017,1110,1
1676,CO7KUBE01UOLPNVT,CUU0LS1YSVE73SQ9,Three-Dimensional Biscayne,07-12-2014,6256,0
1677,KVGCIIHX6RKV278P,CUU0LS1YSVE73SQ9,Three-Dimensional Biscayne,13-11-2016,4172,0
1678,QPA3KMXVX1JWMJ1G,CUU0LS1YSVE73SQ9,Three-Dimensional Biscayne,21-09-2015,3227,0
1679,M7VHWH4IEV6HX5WS,CUU0LS1YSVE73SQ9,Three-Dimensional Biscayne,25-08-2014,2706,1
1680,VQDHJ8P3PB69I62W,CUU0LS1YSVE73SQ9,Three-Dimensional Biscayne,03-11-2014,7981,0
1681,TR8X1VAZ52FNU6QX,CUU0LS1YSVE73SQ9,Three-Dimensional Biscayne,03-10-2015,9357,1
1682,W33HEFGF7Y4X26JQ,CUU0LS1YSVE73SQ9,Three-Dimensional Biscayne,08-01-2016,4822,0
1683,3BWJS2U74IO178RI,CUU0LS1YSVE73SQ9,Three-Dimensional Biscayne,26-05-2014,4385,0
1684,D8FV1DXSQSHZAFON,CUU0LS1YSVE73SQ9,Three-Dimensional Biscayne,26-10-2018,1936,0
1685,ZTFD27VYCI5RY0U6,CUU0LS1YSVE73SQ9,Three-Dimensional Biscayne,25-01-2015,6700,0
1686,31XA7ZDIM1Y6TF35,CUU0LS1YSVE73SQ9,Three-Dimensional Biscayne,23-07-2018,880,0
1687,WWT6K5J5P51LTRIY,CUU0LS1YSVE73SQ9,Three-Dimensional Biscayne,28-02-2017,7607,0
1688,4QPCDRFLLTIHSW36,CUU0LS1YSVE73SQ9,Three-Dimensional Biscayne,27-02-2016,5310,0
1689,LDQPLZNYAFVA6NGJ,CUU0LS1YSVE73SQ9,Three-Dimensional Biscayne,02-08-2014,4966,1
1690,N2J5CJDY2A9C88MX,CUU0LS1YSVE73SQ9,Three-Dimensional Biscayne,12-04-2018,5243,0
1691,5H4OG2QLZTRZ2VXI,CUU0LS1YSVE73SQ9,Three-Dimensional Biscayne,12-11-2014,9246,0
1692,JW5O7I6NSZ3WFL04,CUU0LS1YSVE73SQ9,Three-Dimensional Biscayne,13-02-2014,9258,0
1693,4FUAJKK2GFOE5WYP,CUU0LS1YSVE73SQ9,Three-Dimensional Biscayne,15-06-2018,2262,0
1694,AN3FZLWOJMK4GFMV,CUU0LS1YSVE73SQ9,Three-Dimensional Biscayne,24-11-2014,5126,1
1695,L9V6X77XI1HGDCTR,4BIQ6A59D88VUYUF,Stormbound Lebensraum,01-02-2015,613,0
1696,ENDYQCDQWLP34E1U,4BIQ6A59D88VUYUF,Stormbound Lebensraum,09-10-2017,5031,1
1697,NJ6AE6SMIDDNVFXR,4BIQ6A59D88VUYUF,Stormbound Lebensraum,22-04-2017,8253,0
1698,ZV7ADUQTYAYL62AJ,4BIQ6A59D88VUYUF,Stormbound Lebensraum,12-07-2015,5121,0
1699,8XSEH0V40PCW346I,4BIQ6A59D88VUYUF,Stormbound Lebensraum,31-01-2018,6178,0
1700,T5MZU96AI2NDZL6V,4BIQ6A59D88VUYUF,Stormbound Lebensraum,22-09-2018,1145,0
1701,LRY3QB16EYH1E3MD,4BIQ6A59D88VUYUF,Stormbound Lebensraum,05-06-2018,7192,0
1702,QGGK64XQR207QTL4,4BIQ6A59D88VUYUF,Stormbound Lebensraum,26-03-2016,7116,1
1703,GM3A3VZRFBODF7KR,4BIQ6A59D88VUYUF,Stormbound Lebensraum,16-03-2018,4144,1
1704,CUZ0M49U0CCDK1HD,4BIQ6A59D88VUYUF,Stormbound Lebensraum,24-02-2016,5996,1
1705,IAYN23ZVJKVNKW83,4BIQ6A59D88VUYUF,Stormbound Lebensraum,26-01-2017,3250,0
1706,G01GI22C6UOS9H3L,4BIQ6A59D88VUYUF,Stormbound Lebensraum,14-09-2017,1437,0
1707,POGK9LU1WHSCLX8F,4BIQ6A59D88VUYUF,Stormbound Lebensraum,13-06-2016,3060,0
1708,LZSP06HXOT8GVF2L,4BIQ6A59D88VUYUF,Stormbound Lebensraum,11-01-2014,3040,0
1709,6U64XLL55TKX0R3T,4BIQ6A59D88VUYUF,Stormbound Lebensraum,12-08-2016,9785,1
1710,RWANO5OBPRIVJI23,4BIQ6A59D88VUYUF,Stormbound Lebensraum,31-12-2015,2990,0
1711,CY0M1CUGS3FJ7QGJ,4BIQ6A59D88VUYUF,Stormbound Lebensraum,16-05-2014,9718,0
1712,YGEGTOP0ZYI5OKAU,4BIQ6A59D88VUYUF,Stormbound Lebensraum,27-12-2016,1910,0
1713,M4MLVSJRIOHOCDD1,4V28E6O6Y52PWZ7Y,Regrettable Onslaught,19-12-2014,8033,0
1714,M8MOZTY0AWNFCA2U,4V28E6O6Y52PWZ7Y,Regrettable Onslaught,21-11-2016,8368,0
1715,1RUKP05K9M1P36S4,4V28E6O6Y52PWZ7Y,Regrettable Onslaught,14-05-2016,4380,0
1716,36OUW051AH56O998,4V28E6O6Y52PWZ7Y,Regrettable Onslaught,01-03-2017,7557,0
1717,FS7KFNCBU1IJKGG6,4V28E6O6Y52PWZ7Y,Regrettable Onslaught,11-05-2014,1828,0
1718,P2UNULYOGNZB7DWZ,4V28E6O6Y52PWZ7Y,Regrettable Onslaught,30-05-2016,8755,0
1719,43KV5C66DKXOUDY3,4V28E6O6Y52PWZ7Y,Regrettable Onslaught,16-01-2018,442,0
1720,YJIJ3293KKW1PR3K,4V28E6O6Y52PWZ7Y,Regrettable Onslaught,07-03-2014,9723,1
1721,5Y9ZVILGUKOG48TK,4V28E6O6Y52PWZ7Y,Regrettable Onslaught,01-05-2015,7110,0
1722,X94GQFL4WSHBD45I,4V28E6O6Y52PWZ7Y,Regrettable Onslaught,08-06-2016,7671,0
1723,HB9DMEXFUO9Q5YQG,4V28E6O6Y52PWZ7Y,Regrettable Onslaught,28-09-2017,2306,0
1724,UMAGB6UIFJXITWOR,4V28E6O6Y52PWZ7Y,Regrettable Onslaught,20-10-2016,9508,0
1725,OAEYAXAQAEB9AJ7O,4V28E6O6Y52PWZ7Y,Regrettable Onslaught,27-12-2014,141,0
1726,ZJVOBSNZOFKSVTMV,4V28E6O6Y52PWZ7Y,Regrettable Onslaught,26-07-2015,4814,0
1727,PVSJY79TJP7WAXLD,4V28E6O6Y52PWZ7Y,Regrettable Onslaught,13-09-2016,6501,0
1728,8IUP2BZO95YZMVIF,4V28E6O6Y52PWZ7Y,Regrettable Onslaught,19-05-2016,4157,0
1729,3RLMXQHXFPH0UCT1,4V28E6O6Y52PWZ7Y,Regrettable Onslaught,11-01-2015,8539,0
1730,V8X4QJHDX7ZBOC41,4V28E6O6Y52PWZ7Y,Regrettable Onslaught,03-05-2017,6892,0
1731,S6IZWSP6CLMUUF0L,4V28E6O6Y52PWZ7Y,Regrettable Onslaught,14-02-2016,112,0
1732,0D39OBF53ICBN054,4V28E6O6Y52PWZ7Y,Regrettable Onslaught,01-05-2018,1923,0
1733,GH2HRZIHEZK338U6,4V28E6O6Y52PWZ7Y,Regrettable Onslaught,22-04-2015,8935,0
1734,JAV9F7K3LQD0LCOD,4V28E6O6Y52PWZ7Y,Regrettable Onslaught,03-02-2014,2189,0
1735,1W4OZ6HT3QR6BBGS,4V28E6O6Y52PWZ7Y,Regrettable Onslaught,12-02-2017,6720,0
1736,MU6AKK4MI1XTSBJB,POZ4YPQEAJ1C3JHI,Megakaryocytic Producer,24-07-2018,4468,1
1737,NDNNT436XFQO1SNX,POZ4YPQEAJ1C3JHI,Megakaryocytic Producer,27-10-2016,8098,0
1738,GLM647HO8B30KHY2,POZ4YPQEAJ1C3JHI,Megakaryocytic Producer,06-05-2016,1571,0
1739,NTDRVX54P3DSPMR3,POZ4YPQEAJ1C3JHI,Megakaryocytic Producer,04-05-2017,8725,0
1740,M5CZ1R1RKJFIPYKD,POZ4YPQEAJ1C3JHI,Megakaryocytic Producer,30-07-2018,3918,0
1741,WJ8S0ZSX0SBTILUK,POZ4YPQEAJ1C3JHI,Megakaryocytic Producer,03-06-2018,896,0
1742,2DGLIMZDETKYHU17,POZ4YPQEAJ1C3JHI,Megakaryocytic Producer,19-06-2016,3339,0
1743,DN90D0XXWGZA48JY,POZ4YPQEAJ1C3JHI,Megakaryocytic Producer,27-07-2015,1670,0
1744,PT8YDM9EP60DBA7I,POZ4YPQEAJ1C3JHI,Megakaryocytic Producer,11-06-2016,7556,0
1745,N6H01Y5F45IE63CB,POZ4YPQEAJ1C3JHI,Megakaryocytic Producer,20-03-2018,7405,0
1746,I3EVVWWRSBTNHP55,POZ4YPQEAJ1C3JHI,Megakaryocytic Producer,12-04-2016,6105,0
1747,H7Y3PPRBV5E2WH74,POZ4YPQEAJ1C3JHI,Megakaryocytic Producer,06-04-2016,3189,0
1748,C3ZGNKAU6HFOIWIH,POZ4YPQEAJ1C3JHI,Megakaryocytic Producer,17-02-2018,2398,0
1749,V6NBQ5NUW9P178AW,POZ4YPQEAJ1C3JHI,Megakaryocytic Producer,13-04-2017,9521,0
1750,8FFQ949W2CPO16DM,POZ4YPQEAJ1C3JHI,Megakaryocytic Producer,29-11-2015,973,0
1751,3M3ONL783C4O4JT9,POZ4YPQEAJ1C3JHI,Megakaryocytic Producer,28-06-2015,113,0
1752,O11SZPMR9A3XHYA0,POZ4YPQEAJ1C3JHI,Megakaryocytic Producer,30-03-2016,1883,0
1753,LY4L2SCGHSF7Z3DZ,POZ4YPQEAJ1C3JHI,Megakaryocytic Producer,12-06-2018,1858,0
1754,ZHUIHVTPX0X720X0,POZ4YPQEAJ1C3JHI,Megakaryocytic Producer,26-02-2015,5393,0
1755,OE08LV0IT3W8ONQU,POZ4YPQEAJ1C3JHI,Megakaryocytic Producer,20-04-2016,2416,0
1756,YRXF0EUTJQ7Q5OUG,POZ4YPQEAJ1C3JHI,Megakaryocytic Producer,11-03-2016,9484,0
1757,CJ7331KLDN4Y7S46,POZ4YPQEAJ1C3JHI,Megakaryocytic Producer,10-10-2017,1265,0
1758,SF8S3G904WD7RGI5,POZ4YPQEAJ1C3JHI,Megakaryocytic Producer,05-05-2015,504,0
1759,IP7TI1PY14LM2QVL,AT63LOQT6EGJ0SIF,Scientific Clint,06-02-2017,2582,0
1760,IG44PJX8FJOMUXSH,AT63LOQT6EGJ0SIF,Scientific Clint,07-10-2017,3731,0
1761,GEJZX3GDBIE8F2DE,AT63LOQT6EGJ0SIF,Scientific Clint,05-07-2016,8002,0
1762,MFHJLI08KPI5Z2MS,AT63LOQT6EGJ0SIF,Scientific Clint,31-07-2014,4029,0
1763,GZYY3ZTUBGSNPMTL,AT63LOQT6EGJ0SIF,Scientific Clint,04-11-2018,8386,0
1764,VBNH5FNF6V63CLGE,AT63LOQT6EGJ0SIF,Scientific Clint,15-08-2015,1449,0
1765,POJOQO74ES2MTBVH,AT63LOQT6EGJ0SIF,Scientific Clint,04-01-2017,9939,0
1766,MMRZWAM0TDHJ83OY,AT63LOQT6EGJ0SIF,Scientific Clint,28-10-2014,3333,0
1767,7K2RJVFUVKXMIDQD,AT63LOQT6EGJ0SIF,Scientific Clint,23-10-2016,9434,0
1768,RP5BISH3MEM4SMZP,AT63LOQT6EGJ0SIF,Scientific Clint,23-03-2016,6164,0
1769,AYGUCAYT2OQGQW4Z,AT63LOQT6EGJ0SIF,Scientific Clint,26-05-2017,5891,0
1770,6U66311YKANI6C9G,AT63LOQT6EGJ0SIF,Scientific Clint,22-02-2014,9785,1
1771,4Q2B0OZTMYOXMRGZ,AT63LOQT6EGJ0SIF,Scientific Clint,16-04-2017,7193,0
1772,5948FU6PNXJVUCPH,AT63LOQT6EGJ0SIF,Scientific Clint,04-12-2017,7608,0
1773,CK4ZEB266HM8NVIJ,AT63LOQT6EGJ0SIF,Scientific Clint,17-03-2018,1536,0
1774,UTNK1E71XLZVNRZT,KLEB8Q79LUVIZFEX,Snob-Clannish Lighter,29-11-2018,8611,0
1775,ARE7D1PYX6W1W0IC,KLEB8Q79LUVIZFEX,Snob-Clannish Lighter,29-03-2015,502,0
1776,Q05FMHC45VEH914V,KLEB8Q79LUVIZFEX,Snob-Clannish Lighter,09-03-2014,1950,0
1777,TAH93J3F9ACSYKNE,KLEB8Q79LUVIZFEX,Snob-Clannish Lighter,19-09-2014,4466,0
1778,1RGM8XUCQW7RZ5GA,KLEB8Q79LUVIZFEX,Snob-Clannish Lighter,25-04-2016,4732,1
1779,L0A4IMKEJUO9GSXI,KLEB8Q79LUVIZFEX,Snob-Clannish Lighter,09-09-2016,4546,0
1780,2NRCHQ7QZBCSO48X,KLEB8Q79LUVIZFEX,Snob-Clannish Lighter,16-05-2017,759,1
1781,7XDDSZXF2PAN03CX,KLEB8Q79LUVIZFEX,Snob-Clannish Lighter,23-03-2015,4688,0
1782,3ZPM4R0YM0PZH54X,KLEB8Q79LUVIZFEX,Snob-Clannish Lighter,16-05-2014,9519,0
1783,780UJ2QFR2M5DBM1,KLEB8Q79LUVIZFEX,Snob-Clannish Lighter,31-05-2017,8028,0
1784,XP1CSGA05P07G5AU,KLEB8Q79LUVIZFEX,Snob-Clannish Lighter,29-12-2014,2393,0
1785,UKM785I3K9C3HDAV,KLEB8Q79LUVIZFEX,Snob-Clannish Lighter,26-04-2018,8637,0
1786,Q3BNXYD87JXSKWPZ,KLEB8Q79LUVIZFEX,Snob-Clannish Lighter,16-03-2017,1354,0
1787,X2V9FKJBQH1KV6ZQ,KLEB8Q79LUVIZFEX,Snob-Clannish Lighter,02-12-2014,5214,0
1788,7JWHN2UG45KID2IG,U9VU1V7KV261IYDB,Mono-Unsaturated Dickson,07-07-2015,5227,0
1789,WTTJS3HEGWEI7ZL1,U9VU1V7KV261IYDB,Mono-Unsaturated Dickson,16-10-2017,4540,1
1790,CIAZANH83LB1C35I,U9VU1V7KV261IYDB,Mono-Unsaturated Dickson,28-02-2014,2695,0
1791,4A0SSKDUO27INB3R,U9VU1V7KV261IYDB,Mono-Unsaturated Dickson,06-06-2014,3271,0
1792,OA2SD5UYOSOFIUDV,U9VU1V7KV261IYDB,Mono-Unsaturated Dickson,22-07-2014,4799,0
1793,UOPXMXQ1Y8YJSS7U,U9VU1V7KV261IYDB,Mono-Unsaturated Dickson,29-05-2017,270,0
1794,48BTQXV09XCMROYG,U9VU1V7KV261IYDB,Mono-Unsaturated Dickson,19-06-2014,9807,1
1795,3JNFTVKE49GOZO0V,U9VU1V7KV261IYDB,Mono-Unsaturated Dickson,22-09-2016,3526,0
1796,4KTN4OV2N23OV40T,U9VU1V7KV261IYDB,Mono-Unsaturated Dickson,16-12-2018,8329,0
1797,CV2F26EWEK2OG6C3,U9VU1V7KV261IYDB,Mono-Unsaturated Dickson,18-01-2015,2713,1
1798,AXAL1JAXV3C5KSUI,U9VU1V7KV261IYDB,Mono-Unsaturated Dickson,06-11-2018,2509,0
1799,6OQYSZE1HBA3RR0E,U9VU1V7KV261IYDB,Mono-Unsaturated Dickson,04-07-2016,8272,0
1800,CYQ4HYHC68DJI878,U9VU1V7KV261IYDB,Mono-Unsaturated Dickson,25-08-2014,3892,1
1801,ZVO8FJ7JAR16NB92,U9VU1V7KV261IYDB,Mono-Unsaturated Dickson,19-07-2017,6082,0
1802,4QH3P88DGVUKE8A4,U9VU1V7KV261IYDB,Mono-Unsaturated Dickson,06-09-2017,9321,0
1803,9G34LYYW3177871X,YYQUFMDXMYMRZ6OO,Drugless Hiss,11-05-2016,6922,0
1804,F6ZQRZTPUEVFHZJE,YYQUFMDXMYMRZ6OO,Drugless Hiss,10-01-2018,8766,0
1805,2KR9EPMYN775WO8S,YYQUFMDXMYMRZ6OO,Drugless Hiss,06-07-2017,9019,0
1806,IF2FQ402AEMUXUWF,YYQUFMDXMYMRZ6OO,Drugless Hiss,05-08-2015,6409,0
1807,377YXHK2CZZLJGB8,YYQUFMDXMYMRZ6OO,Drugless Hiss,16-02-2014,5568,0
1808,X7DESOXJFS7WV10Z,YYQUFMDXMYMRZ6OO,Drugless Hiss,06-05-2016,1098,0
1809,TBK1PGC2UY21IUP8,YYQUFMDXMYMRZ6OO,Drugless Hiss,31-01-2018,8952,0
1810,AEBT4VP8D804SOKK,YYQUFMDXMYMRZ6OO,Drugless Hiss,27-06-2015,8835,0
1811,NZV3NVKMPG670I0B,YYQUFMDXMYMRZ6OO,Drugless Hiss,30-03-2015,1163,0
1812,7BCSQWMVX5JOCFCX,YYQUFMDXMYMRZ6OO,Drugless Hiss,24-12-2014,9650,1
1813,GMJM6D1EC0OJU9A0,YYQUFMDXMYMRZ6OO,Drugless Hiss,05-08-2018,1357,1
1814,NZXSFJAQHQXWVM2I,YYQUFMDXMYMRZ6OO,Drugless Hiss,21-08-2014,7140,0
1815,N1QTQZ0D9UEQJ0QZ,YYQUFMDXMYMRZ6OO,Drugless Hiss,30-04-2014,8962,0
1816,GX0QB02RTHQCPTYJ,YYQUFMDXMYMRZ6OO,Drugless Hiss,25-12-2016,6512,1
1817,HSXAAYMH63O3DQX6,YYQUFMDXMYMRZ6OO,Drugless Hiss,23-08-2016,1875,0
1818,Z0CUVNEJVUGNJU2E,YYQUFMDXMYMRZ6OO,Drugless Hiss,19-10-2014,2566,0
1819,1S078OG6KH5A9VRG,YYQUFMDXMYMRZ6OO,Drugless Hiss,28-05-2015,1981,0
1820,7QETMK9T35QZWRK4,YYQUFMDXMYMRZ6OO,Drugless Hiss,28-05-2015,3834,0
1821,Z7D586PUHGLS0LVA,YYQUFMDXMYMRZ6OO,Drugless Hiss,20-09-2018,8925,0
1822,GT8QDZ1G6LCJD9LY,YYQUFMDXMYMRZ6OO,Drugless Hiss,20-09-2016,6229,1
1823,W4NTNDCBWNVS0TF3,YYQUFMDXMYMRZ6OO,Drugless Hiss,14-06-2014,5733,0
1824,PH3UPCEFYSX30G2S,YYQUFMDXMYMRZ6OO,Drugless Hiss,03-02-2016,3902,0
1825,ZA6QI1G5V09GBMVM,YYQUFMDXMYMRZ6OO,Drugless Hiss,16-01-2016,3307,0
1826,D1OKVD1PQ03X9VX7,YYQUFMDXMYMRZ6OO,Drugless Hiss,05-03-2018,2613,0
1827,QHSNMSJODKRKTMV7,YYQUFMDXMYMRZ6OO,Drugless Hiss,25-11-2018,8327,0
1828,2GAZ1O6H0B8KP7T1,YYQUFMDXMYMRZ6OO,Drugless Hiss,21-04-2016,4516,0
1829,MOFO0R7XMDWKJP0Z,ZXS1AR3G66YR07K4,Super Grab,10-01-2018,4749,0
1830,3FOSK52QDVGJ3CDX,ZXS1AR3G66YR07K4,Super Grab,30-12-2015,2116,0
1831,9DLU3QSMOUKMFV56,ZXS1AR3G66YR07K4,Super Grab,06-02-2016,5084,0
1832,B6FSLAD1NLKKTUK6,ZXS1AR3G66YR07K4,Super Grab,16-02-2016,9241,0
1833,A7DJET1PWDRUD2JT,ZXS1AR3G66YR07K4,Super Grab,04-10-2017,9398,0
1834,8ND0FWDVEM5WR2EZ,ZXS1AR3G66YR07K4,Super Grab,03-08-2014,7929,0
1835,YXQ4YMZLARNVOSOD,ZXS1AR3G66YR07K4,Super Grab,15-01-2018,4155,1
1836,ILEEBEVWGQ26UFTT,ZXS1AR3G66YR07K4,Super Grab,19-07-2017,3971,0
1837,BWWRQ2VLPE2CJ3Y3,ZXS1AR3G66YR07K4,Super Grab,23-11-2016,2266,0
1838,UR49Q1AYO5BB4HIC,ZXS1AR3G66YR07K4,Super Grab,04-07-2017,1710,0
1839,7Y6CCF3794CDA1R4,ZXS1AR3G66YR07K4,Super Grab,26-07-2018,2990,0
1840,I1D0P8Y35OZZUIYR,ZXS1AR3G66YR07K4,Super Grab,02-09-2015,4825,0
1841,6ZRJ5N305CD30GHP,ZXS1AR3G66YR07K4,Super Grab,14-09-2014,9821,0
1842,B9PS3OK25KQZDHOI,ZXS1AR3G66YR07K4,Super Grab,23-08-2015,3402,0
1843,CUOS4Y9IRMIOP1AY,ZXS1AR3G66YR07K4,Super Grab,13-08-2018,526,0
1844,IWI90UQLUCFSC36E,ZXS1AR3G66YR07K4,Super Grab,29-11-2017,5614,0
1845,Q4Q2967D36RO7J6O,ZXS1AR3G66YR07K4,Super Grab,08-10-2018,1981,1
1846,E77OMMP22OUSFNFZ,ZXS1AR3G66YR07K4,Super Grab,25-06-2015,1002,0
1847,6RUL6VZ4NRKQK2LR,ZXS1AR3G66YR07K4,Super Grab,08-03-2018,7707,1
1848,NMRYOSAINBRBOK8G,ZXS1AR3G66YR07K4,Super Grab,09-12-2018,6480,0
1849,T9JRAD3XK55NGBHA,RL290ES1O3B0XWTY,Beautifully-Built Over-Achievers,25-08-2015,9068,0
1850,XQG1D5R7C7ZQ4WN8,RL290ES1O3B0XWTY,Beautifully-Built Over-Achievers,02-09-2015,1248,0
1851,M6WZAHQJ2H346FBA,RL290ES1O3B0XWTY,Beautifully-Built Over-Achievers,18-08-2018,4710,0
1852,CCE62YLWEU54RRHU,RL290ES1O3B0XWTY,Beautifully-Built Over-Achievers,07-04-2017,1317,0
1853,3NKBMY9A7SLOSMNW,RL290ES1O3B0XWTY,Beautifully-Built Over-Achievers,30-01-2016,9661,0
1854,8RE9WVMBJCKLMML3,RL290ES1O3B0XWTY,Beautifully-Built Over-Achievers,22-01-2014,9374,0
1855,Z0VIFUIDEDOBNCB6,RL290ES1O3B0XWTY,Beautifully-Built Over-Achievers,12-02-2018,7022,0
1856,F2C7S4PMX4PNO4OP,RL290ES1O3B0XWTY,Beautifully-Built Over-Achievers,04-11-2017,5189,0
1857,G0B40WXESM1LAOTC,RL290ES1O3B0XWTY,Beautifully-Built Over-Achievers,14-06-2015,7202,1
1858,JRVVQI5ZG70MK8QI,RL290ES1O3B0XWTY,Beautifully-Built Over-Achievers,25-02-2014,9356,1
1859,EDNGP7ZXZ5X6I9RN,RL290ES1O3B0XWTY,Beautifully-Built Over-Achievers,15-07-2016,9430,1
1860,VB9UAG14ECZ50ZHS,RL290ES1O3B0XWTY,Beautifully-Built Over-Achievers,31-07-2018,8451,1
1861,8XR6HIDVOY1E600E,RL290ES1O3B0XWTY,Beautifully-Built Over-Achievers,17-02-2015,1363,0
1862,HVU1Y9WF0RUR0FYK,RL290ES1O3B0XWTY,Beautifully-Built Over-Achievers,26-02-2018,2366,0
1863,MEXBM3T3RHX08SGM,RL290ES1O3B0XWTY,Beautifully-Built Over-Achievers,13-09-2018,2478,0
1864,3JWJ9EXMHD1DX432,RL290ES1O3B0XWTY,Beautifully-Built Over-Achievers,01-12-2014,4539,0
1865,BDMKKL3BX1M7SO5G,RL290ES1O3B0XWTY,Beautifully-Built Over-Achievers,15-04-2018,5606,0
1866,E43XGP13EAZQ0ZLO,RL290ES1O3B0XWTY,Beautifully-Built Over-Achievers,19-05-2016,424,0
1867,GNP1L0KWORYBM0SQ,RL290ES1O3B0XWTY,Beautifully-Built Over-Achievers,23-02-2016,4410,1
1868,MW49MHM5840JEVEE,RL290ES1O3B0XWTY,Beautifully-Built Over-Achievers,18-11-2014,7507,0
1869,Y7K2SDEIZJEJI1VK,A5LFM40Z21P7VS3V,Quaint Recollection,19-02-2016,1260,0
1870,1AG7Q6LB8452O7V8,A5LFM40Z21P7VS3V,Quaint Recollection,18-08-2015,6672,0
1871,GNCJUEKTT8IZ2QOP,A5LFM40Z21P7VS3V,Quaint Recollection,21-01-2016,381,0
1872,J71CE58NORQWN4D1,A5LFM40Z21P7VS3V,Quaint Recollection,18-01-2014,2691,1
1873,GUWYM63COZ2SP6LM,A5LFM40Z21P7VS3V,Quaint Recollection,28-08-2017,7193,0
1874,P3VL94VM64AB0M6P,A5LFM40Z21P7VS3V,Quaint Recollection,03-03-2017,5058,0
1875,UV4LXH1FM528NQ33,A5LFM40Z21P7VS3V,Quaint Recollection,07-06-2014,1617,0
1876,U0G2CSCHM810GCVD,A5LFM40Z21P7VS3V,Quaint Recollection,06-04-2015,5641,0
1877,AFWVA7P4QBHDZ9PB,A5LFM40Z21P7VS3V,Quaint Recollection,06-12-2017,9589,0
1878,LJR9EHIPMSO4HI82,A5LFM40Z21P7VS3V,Quaint Recollection,08-11-2015,8157,0
1879,33HHNDD70CLCKN3L,A5LFM40Z21P7VS3V,Quaint Recollection,10-06-2016,1387,0
1880,QPQBLQDKTBIMX6DE,A5LFM40Z21P7VS3V,Quaint Recollection,01-03-2015,2769,0
1881,1A0RFE8MMEYTYYAJ,A5LFM40Z21P7VS3V,Quaint Recollection,19-08-2017,6825,0
1882,AZ6C9RUHXB0KT2DB,A5LFM40Z21P7VS3V,Quaint Recollection,28-06-2018,4627,0
1883,P11ZR5R7IM9CP0QA,A5LFM40Z21P7VS3V,Quaint Recollection,26-12-2017,5480,0
1884,9PT6468FO0U0MRKI,A5LFM40Z21P7VS3V,Quaint Recollection,26-03-2016,1369,0
1885,B3MLU1HV4NBIR770,A5LFM40Z21P7VS3V,Quaint Recollection,27-05-2017,716,0
1886,FT76WS072SA13RX7,A5LFM40Z21P7VS3V,Quaint Recollection,06-11-2016,702,0
1887,FR4PEN7YM2H6OSGK,A5LFM40Z21P7VS3V,Quaint Recollection,06-10-2015,3604,0
1888,3PXS6TAVFF21EQTP,A5LFM40Z21P7VS3V,Quaint Recollection,08-05-2016,8116,0
1889,I77HI09KBPQXSVT1,A5LFM40Z21P7VS3V,Quaint Recollection,16-12-2015,3880,0
1890,E3CS94LDCYKMG8KJ,A5LFM40Z21P7VS3V,Quaint Recollection,02-07-2015,2800,0
1891,IULRIF9L72EHAD3V,A5LFM40Z21P7VS3V,Quaint Recollection,27-01-2015,4672,0
1892,KSA52K4CEJ6X6TMO,A5LFM40Z21P7VS3V,Quaint Recollection,28-04-2014,108,0
1893,JHQFDX6L2D273NFV,A5LFM40Z21P7VS3V,Quaint Recollection,24-01-2014,6886,0
1894,H47F0618N2H0BQIU,A5LFM40Z21P7VS3V,Quaint Recollection,27-05-2018,6320,0
1895,85M903A72UD6JHTW,A5LFM40Z21P7VS3V,Quaint Recollection,01-11-2014,5371,0
1896,P58GKZICCXT8U5O8,A5LFM40Z21P7VS3V,Quaint Recollection,10-02-2018,7415,0
1897,9DLVD5ZIP5EMR0JU,A5LFM40Z21P7VS3V,Quaint Recollection,11-01-2016,5305,0
1898,31NQUYIOJW6DC4DL,A5LFM40Z21P7VS3V,Quaint Recollection,12-10-2018,1137,1
1899,NFOMST8W1WZXYS64,A5LFM40Z21P7VS3V,Quaint Recollection,30-09-2017,8378,0
1900,XI6O6BD4NAB5VBDR,A5LFM40Z21P7VS3V,Quaint Recollection,02-09-2015,4027,0
1901,TS77XK394LPZQKPA,A5LFM40Z21P7VS3V,Quaint Recollection,18-07-2018,9147,0
1902,LLB2VKQGVEZK4WC7,A5LFM40Z21P7VS3V,Quaint Recollection,14-04-2016,4625,0
1903,HUG1GZA29Y0191T3,9HUDWGJ1CU1IKMEJ,Aggressive Richey,31-05-2016,5133,0
1904,F2ILLYS4OO1R5QDL,9HUDWGJ1CU1IKMEJ,Aggressive Richey,07-06-2016,4311,0
1905,D3MKJRLYBSRBVU3E,9HUDWGJ1CU1IKMEJ,Aggressive Richey,20-07-2015,8234,0
1906,GJGLF9UT5RFU4WYO,9HUDWGJ1CU1IKMEJ,Aggressive Richey,28-07-2018,5698,0
1907,MOKKHJP7NGXX1F1L,9HUDWGJ1CU1IKMEJ,Aggressive Richey,13-09-2014,640,0
1908,XPAE9Z1ON3UE26I1,9HUDWGJ1CU1IKMEJ,Aggressive Richey,09-04-2015,4333,1
1909,SRICMG93QIISFIJ4,9HUDWGJ1CU1IKMEJ,Aggressive Richey,10-08-2015,2871,0
1910,JRZGJPRROZ641I8G,9HUDWGJ1CU1IKMEJ,Aggressive Richey,26-05-2018,2825,0
1911,Y8D0AA43DVC3DGBU,9HUDWGJ1CU1IKMEJ,Aggressive Richey,15-03-2014,3709,0
1912,LYSJN5J4NGGCME7D,9HUDWGJ1CU1IKMEJ,Aggressive Richey,18-07-2016,3474,0
1913,2N485I2HB8ZKDFSK,9HUDWGJ1CU1IKMEJ,Aggressive Richey,30-12-2018,3653,1
1914,FTYRYS0C66TJBIGF,9HUDWGJ1CU1IKMEJ,Aggressive Richey,07-02-2014,9666,0
1915,QCUPPROLY589YAL6,9HUDWGJ1CU1IKMEJ,Aggressive Richey,06-09-2018,8844,0
1916,Q4UG8BPQSTSPZUI9,9HUDWGJ1CU1IKMEJ,Aggressive Richey,12-11-2014,306,1
1917,TBCUMLX4RS34X759,9HUDWGJ1CU1IKMEJ,Aggressive Richey,29-10-2017,5216,1
1918,KKAK7JFP4FX0X1H5,9HUDWGJ1CU1IKMEJ,Aggressive Richey,30-01-2015,8690,0
1919,J8A0K92349ELUKWE,9HUDWGJ1CU1IKMEJ,Aggressive Richey,18-05-2016,6662,0
1920,D0395E9EXLRNNC5Q,9HUDWGJ1CU1IKMEJ,Aggressive Richey,30-05-2015,183,0
1921,9EDRUA30XH4SFVWQ,9HUDWGJ1CU1IKMEJ,Aggressive Richey,13-02-2018,4435,0
1922,MPJ3Y9VZXKGJT4A4,A6O0IJF9WXB6IRUN,Non-Dissonant Building,26-04-2016,1401,0
1923,ONP5IAFNIUNCHV6J,A6O0IJF9WXB6IRUN,Non-Dissonant Building,26-02-2018,8552,1
1924,AKK980RTMYK9JQWN,A6O0IJF9WXB6IRUN,Non-Dissonant Building,13-02-2015,812,0
1925,P5IKTPGE09TFDHLG,A6O0IJF9WXB6IRUN,Non-Dissonant Building,17-02-2018,4160,0
1926,F3OKM822PFXXS54R,A6O0IJF9WXB6IRUN,Non-Dissonant Building,14-03-2017,6376,0
1927,S7PR9KQD7YX115L0,A6O0IJF9WXB6IRUN,Non-Dissonant Building,03-09-2015,5579,0
1928,30TUZL9ZY91AZQVI,A6O0IJF9WXB6IRUN,Non-Dissonant Building,07-06-2018,9099,0
1929,HAIULJ5QQ7I8ASV1,A6O0IJF9WXB6IRUN,Non-Dissonant Building,08-04-2015,6057,0
1930,CV89CA36BP6S4TUV,A6O0IJF9WXB6IRUN,Non-Dissonant Building,30-01-2015,5040,0
1931,SOZES353YH5EV21Y,A6O0IJF9WXB6IRUN,Non-Dissonant Building,24-03-2017,5380,0
1932,EYQ5KH4M90J0E4A6,A6O0IJF9WXB6IRUN,Non-Dissonant Building,11-11-2018,7107,0
1933,KFFWNMI1LI7WAB9A,A6O0IJF9WXB6IRUN,Non-Dissonant Building,04-07-2017,3448,0
1934,KZDXOJ56YNVAJHZV,A6O0IJF9WXB6IRUN,Non-Dissonant Building,18-04-2015,9099,0
1935,1EJZTRG928YE3AV1,A6O0IJF9WXB6IRUN,Non-Dissonant Building,24-09-2014,9019,0
1936,I058JA45YB9CN82M,A6O0IJF9WXB6IRUN,Non-Dissonant Building,02-09-2017,9662,1
1937,ZQ7JQ1Y31O5YFF71,A6O0IJF9WXB6IRUN,Non-Dissonant Building,30-10-2017,3186,0
1938,C2M9NYWI6QYHR3DZ,UJ3OM6D60AY8U1OP,Easiest Furnishing,24-09-2016,6987,0
1939,D866SGI8F7E8O8VJ,UJ3OM6D60AY8U1OP,Easiest Furnishing,31-07-2016,3227,0
1940,KOZNNNZK7JI8M6DU,UJ3OM6D60AY8U1OP,Easiest Furnishing,19-02-2014,3163,0
1941,YYL09XFY8BGXH1TO,UJ3OM6D60AY8U1OP,Easiest Furnishing,15-12-2015,4351,0
1942,R001UWVV8RH3KY6F,UJ3OM6D60AY8U1OP,Easiest Furnishing,04-09-2015,987,0
1943,ISBLA0VYH7IFU46O,UJ3OM6D60AY8U1OP,Easiest Furnishing,08-03-2018,8573,1
1944,9CV76LT5MP5KIDDV,UJ3OM6D60AY8U1OP,Easiest Furnishing,15-08-2018,9555,0
1945,G6592GW01BWTCAL5,UJ3OM6D60AY8U1OP,Easiest Furnishing,09-10-2017,2173,0
1946,M4UQFGZPOE0WGP4M,UJ3OM6D60AY8U1OP,Easiest Furnishing,06-01-2014,386,1
1947,PB9O7D7ANDXL2RAX,UJ3OM6D60AY8U1OP,Easiest Furnishing,18-11-2015,3916,0
1948,DE0N2LCF99ISI9ZB,UJ3OM6D60AY8U1OP,Easiest Furnishing,16-05-2014,2802,0
1949,KWJGB65VYWCRT5NO,UJ3OM6D60AY8U1OP,Easiest Furnishing,04-01-2015,2625,0
1950,DOD6AP8OR8BDSBD7,UJ3OM6D60AY8U1OP,Easiest Furnishing,24-09-2017,1045,0
1951,VVA57QCAO81HZGCB,UJ3OM6D60AY8U1OP,Easiest Furnishing,01-05-2017,2072,1
1952,5E3FLUKZNDVG7PA3,UJ3OM6D60AY8U1OP,Easiest Furnishing,21-06-2018,2232,0
1953,ECWBDLUMP8WP3SB9,UJ3OM6D60AY8U1OP,Easiest Furnishing,02-04-2016,2167,1
1954,EWEGXXMM9T5OFMN5,UJ3OM6D60AY8U1OP,Easiest Furnishing,10-05-2017,3861,1
1955,2S0XB2OBU7O218K4,UJ3OM6D60AY8U1OP,Easiest Furnishing,31-07-2017,9682,0
1956,W2FB816ZY53JZ0O5,UJ3OM6D60AY8U1OP,Easiest Furnishing,22-07-2014,6809,1
1957,916DBTJB3DWTWD13,UJ3OM6D60AY8U1OP,Easiest Furnishing,10-06-2017,745,0
1958,9ZQFFD6IRFFECYV7,UJ3OM6D60AY8U1OP,Easiest Furnishing,06-04-2016,4981,0
1959,97PVFEWTCHKRFLYB,UJ3OM6D60AY8U1OP,Easiest Furnishing,28-11-2015,9861,0
1960,4XYMVV9VJP6RB92Q,UJ3OM6D60AY8U1OP,Easiest Furnishing,23-05-2016,1594,0
1961,2Z8OLG3YT58ONT8Z,UJ3OM6D60AY8U1OP,Easiest Furnishing,18-04-2016,5595,0
1962,OINU4FEFGZQF270L,UJ3OM6D60AY8U1OP,Easiest Furnishing,17-04-2018,2097,0
1963,LUKYOYV572RYHM4P,UJ3OM6D60AY8U1OP,Easiest Furnishing,08-07-2016,3786,0
1964,VD239KBLXJ2QUHE7,UJ3OM6D60AY8U1OP,Easiest Furnishing,22-10-2015,3693,0
1965,65IK82DWKGKP9T5F,UJ3OM6D60AY8U1OP,Easiest Furnishing,23-11-2018,5264,1
1966,3N6DUXEPB31YTBRE,RS6NTIF00KZ2IFNH,Castro-Held Butterflies,13-08-2014,3840,0
1967,9BYSQP2FD21RZSR1,RS6NTIF00KZ2IFNH,Castro-Held Butterflies,05-05-2018,8295,0
1968,RK31J7MIVQIMDVW5,RS6NTIF00KZ2IFNH,Castro-Held Butterflies,14-12-2017,7772,0
1969,E29ZM37P610HFZKQ,RS6NTIF00KZ2IFNH,Castro-Held Butterflies,30-04-2016,1231,0
1970,ZPZOUA9NDZSBGLT2,RS6NTIF00KZ2IFNH,Castro-Held Butterflies,12-08-2015,8796,0
1971,QAA3M3EUQU933WTY,RS6NTIF00KZ2IFNH,Castro-Held Butterflies,14-06-2016,8588,1
1972,GZCP4J51DHOOLRA9,RS6NTIF00KZ2IFNH,Castro-Held Butterflies,09-01-2015,7444,1
1973,52L0W0S5DZ1486BH,RS6NTIF00KZ2IFNH,Castro-Held Butterflies,25-04-2016,5005,0
1974,APTW93TIBKPL5RWU,RS6NTIF00KZ2IFNH,Castro-Held Butterflies,20-08-2018,5729,0
1975,JSGA11WWTP1H3WXR,RS6NTIF00KZ2IFNH,Castro-Held Butterflies,21-09-2017,4211,0
1976,QQHWV8NEB9ESV6Y5,ERSHMU9VKMGX5L0Z,Self-Deluded Thuds,18-07-2014,6945,0
1977,O7OZ09UY541SNBWF,ERSHMU9VKMGX5L0Z,Self-Deluded Thuds,20-01-2017,4006,0
1978,D6K6GBTS76VBVCSJ,ERSHMU9VKMGX5L0Z,Self-Deluded Thuds,18-05-2018,6253,0
1979,8AZXF74UZJADOLSO,ERSHMU9VKMGX5L0Z,Self-Deluded Thuds,11-08-2018,9303,0
1980,R4HJ465LCRU6J0NG,ERSHMU9VKMGX5L0Z,Self-Deluded Thuds,27-11-2014,3189,1
1981,ACL8G3I8THU2VA4N,ERSHMU9VKMGX5L0Z,Self-Deluded Thuds,17-02-2015,8830,0
1982,4CORVUQRD1N88OAD,ERSHMU9VKMGX5L0Z,Self-Deluded Thuds,12-10-2017,9683,0
1983,VLB8EPVG76LADGIS,ERSHMU9VKMGX5L0Z,Self-Deluded Thuds,17-07-2018,8077,0
1984,QXV3ZEZHHN0R4DJQ,ERSHMU9VKMGX5L0Z,Self-Deluded Thuds,13-09-2017,1392,0
1985,O1RN926QO9S32ZO8,ERSHMU9VKMGX5L0Z,Self-Deluded Thuds,23-08-2017,2762,1
1986,47060ICXT1SFDZ47,ERSHMU9VKMGX5L0Z,Self-Deluded Thuds,15-09-2017,605,0
1987,6FWX7X8AINI6M8B7,ERSHMU9VKMGX5L0Z,Self-Deluded Thuds,11-03-2018,7792,0
1988,ZO2SOT5KNDAQ5KM7,CADVM8J045NPUSMA,Editorial Dinsmore,16-06-2015,9379,0
1989,E4GPP3FX2MDUKKSM,CADVM8J045NPUSMA,Editorial Dinsmore,16-07-2017,6358,0
1990,XCMWC2J88VC5S5UQ,CADVM8J045NPUSMA,Editorial Dinsmore,07-01-2015,509,0
1991,PB3A464YJTCK0RQV,CADVM8J045NPUSMA,Editorial Dinsmore,12-04-2018,1421,0
1992,OSVRDB987SC9I5FE,CADVM8J045NPUSMA,Editorial Dinsmore,04-01-2016,1562,0
1993,TFHQ3OKE1J2GWGN6,CADVM8J045NPUSMA,Editorial Dinsmore,22-05-2018,7159,0
1994,FW1XKSP8HWCVEQDT,CADVM8J045NPUSMA,Editorial Dinsmore,10-11-2016,4881,0
1995,P53GV5BLMXK7WM1Q,CADVM8J045NPUSMA,Editorial Dinsmore,03-12-2016,9872,0
1996,J826CGOMD8810FFQ,CADVM8J045NPUSMA,Editorial Dinsmore,05-07-2016,4766,0
1997,AUWUZNFWBZXCVVUO,CADVM8J045NPUSMA,Editorial Dinsmore,12-10-2016,9005,0
1998,GGRDYV3SUK80GG2V,CADVM8J045NPUSMA,Editorial Dinsmore,23-03-2018,9173,1
1999,PN79JAVDGEK85TQU,CADVM8J045NPUSMA,Editorial Dinsmore,12-08-2018,9508,0
2000,7SQDNA63EMV0DWO3,CADVM8J045NPUSMA,Editorial Dinsmore,07-09-2018,5163,0
2001,XPDYQ5FO651J7AX6,CADVM8J045NPUSMA,Editorial Dinsmore,14-04-2014,1719,1
2002,OBNAWJHSYFVLPDPZ,CADVM8J045NPUSMA,Editorial Dinsmore,20-08-2018,8402,0
2003,VQOCPE4ATH0RJNO2,CADVM8J045NPUSMA,Editorial Dinsmore,20-06-2017,2097,0
2004,HU20UNRXHY7BDDB3,CADVM8J045NPUSMA,Editorial Dinsmore,16-05-2016,8703,0
2005,QV2ET54O02Y0DDNM,CADVM8J045NPUSMA,Editorial Dinsmore,20-09-2018,5386,0
2006,4020CO9MXVDMWQN7,CADVM8J045NPUSMA,Editorial Dinsmore,21-12-2014,7913,0
2007,NL6BOKNPUCKV748H,CADVM8J045NPUSMA,Editorial Dinsmore,05-07-2018,7108,0
2008,LKQRILKMSSW46DQR,CADVM8J045NPUSMA,Editorial Dinsmore,02-04-2017,9157,0
2009,ZPSEZPIVPOB6WG1Q,1E8UMY3GLYW9NX51,Grandiloquent Flock'S,06-09-2014,8116,0
2010,F0V2MJRPKZ7BWHWT,1E8UMY3GLYW9NX51,Grandiloquent Flock'S,09-09-2014,100,1
2011,W678AQVGV0O1BINB,1E8UMY3GLYW9NX51,Grandiloquent Flock'S,22-07-2015,7955,0
2012,YNDXSQO5B9AHMUQ8,1E8UMY3GLYW9NX51,Grandiloquent Flock'S,30-04-2018,9374,0
2013,KUDP8HSFGR9YNPGA,1E8UMY3GLYW9NX51,Grandiloquent Flock'S,07-03-2015,2351,0
2014,HORABRZA3RP4NT5M,1E8UMY3GLYW9NX51,Grandiloquent Flock'S,11-11-2015,5604,1
2015,B5QO2A9XDVNNRE2C,1E8UMY3GLYW9NX51,Grandiloquent Flock'S,11-04-2016,8670,0
2016,808B98VGP4OSNRKY,1E8UMY3GLYW9NX51,Grandiloquent Flock'S,15-08-2016,4105,0
2017,OT2YFVCI788GYWJV,1E8UMY3GLYW9NX51,Grandiloquent Flock'S,29-10-2017,8212,0
2018,V7A6GESUC9FJJ4IM,1E8UMY3GLYW9NX51,Grandiloquent Flock'S,01-04-2016,1644,0
2019,G1B7EOO7IUUYON9E,1E8UMY3GLYW9NX51,Grandiloquent Flock'S,22-09-2015,1230,0
2020,7Q2XHLA36P5JHVIH,1E8UMY3GLYW9NX51,Grandiloquent Flock'S,11-02-2018,1713,0
2021,F2KT15J9EX4GDF69,1E8UMY3GLYW9NX51,Grandiloquent Flock'S,09-06-2016,1074,0
2022,RH5NWN0J61CT0FQQ,1E8UMY3GLYW9NX51,Grandiloquent Flock'S,20-07-2016,8451,0
2023,QGER1SC2CRQRRZQ3,1E8UMY3GLYW9NX51,Grandiloquent Flock'S,30-05-2018,6061,0
2024,09KQLNMETOY8KM6J,1E8UMY3GLYW9NX51,Grandiloquent Flock'S,11-10-2015,3088,0
2025,ZEPA4SXQVK6F0N3C,1E8UMY3GLYW9NX51,Grandiloquent Flock'S,28-04-2015,6994,1
2026,RRHTHUEUVSMMWOSO,1E8UMY3GLYW9NX51,Grandiloquent Flock'S,17-06-2016,2720,1
2027,5KTRIVEEGZRFJVMI,1E8UMY3GLYW9NX51,Grandiloquent Flock'S,17-07-2018,4859,1
2028,MML31RYMQU3Z6B9Z,1E8UMY3GLYW9NX51,Grandiloquent Flock'S,02-11-2018,9439,0
2029,6EPPC50IOJ27SGCK,1E8UMY3GLYW9NX51,Grandiloquent Flock'S,29-11-2015,941,0
2030,ALA910CC0FR4OIDJ,1E8UMY3GLYW9NX51,Grandiloquent Flock'S,26-08-2016,5502,0
2031,CW1WN1DZDYH2FJ7Y,1E8UMY3GLYW9NX51,Grandiloquent Flock'S,21-12-2018,6791,0
2032,2PK4V7QF12KQVZ6U,1E8UMY3GLYW9NX51,Grandiloquent Flock'S,20-05-2014,4873,0
2033,IN0EDYR4O61TO5MN,1E8UMY3GLYW9NX51,Grandiloquent Flock'S,01-12-2017,8782,0
2034,RHT9LCNZK4HXTAXI,LCF7SVAXAK9RNSX4,Many-Faced Aliah,17-03-2018,1087,0
2035,JY99EYY0Y6UPIS8L,LCF7SVAXAK9RNSX4,Many-Faced Aliah,21-06-2015,9542,0
2036,XXIZ5CUV63PLBOEB,LCF7SVAXAK9RNSX4,Many-Faced Aliah,29-09-2018,4596,0
2037,X7ULOROLTBUTK4R8,LCF7SVAXAK9RNSX4,Many-Faced Aliah,12-09-2018,4201,0
2038,27YL2C6XPYBFSYPU,LCF7SVAXAK9RNSX4,Many-Faced Aliah,09-04-2014,5274,0
2039,5CQ6W04Y2R5CXZZX,LCF7SVAXAK9RNSX4,Many-Faced Aliah,02-02-2016,5714,1
2040,4PJIEDQKYCH929ZY,LCF7SVAXAK9RNSX4,Many-Faced Aliah,22-05-2014,6641,0
2041,KGKWYYOS1KSL9LPO,LCF7SVAXAK9RNSX4,Many-Faced Aliah,18-03-2014,3848,0
2042,698YLFS1YY9T0PYY,LCF7SVAXAK9RNSX4,Many-Faced Aliah,09-02-2014,853,0
2043,MAL5MYI2SM3SUNMI,LCF7SVAXAK9RNSX4,Many-Faced Aliah,16-08-2015,2821,0
2044,RQWIYGKV7Y99LZPF,LCF7SVAXAK9RNSX4,Many-Faced Aliah,08-04-2017,5166,0
2045,PTGBNVZLAUX6WUWS,LCF7SVAXAK9RNSX4,Many-Faced Aliah,08-04-2018,2507,0
2046,746NCN362DAKCFS9,LCF7SVAXAK9RNSX4,Many-Faced Aliah,30-09-2015,8151,0
2047,Z1CZ764P0YIX9YRU,886F77BR8QLCBQZV,Attractive Fritzie'S,11-09-2014,2708,1
2048,K0TY31RACOARF1DL,886F77BR8QLCBQZV,Attractive Fritzie'S,03-02-2018,5266,0
2049,AOEYR6R1SZ54GJG6,886F77BR8QLCBQZV,Attractive Fritzie'S,01-08-2015,2702,0
2050,50V4KJXYCSGKWTRI,886F77BR8QLCBQZV,Attractive Fritzie'S,11-10-2016,1267,0
2051,NKJ6DQGX2ATDGVRR,886F77BR8QLCBQZV,Attractive Fritzie'S,27-09-2017,3353,0
2052,E32BTS6FMNPB5GI3,886F77BR8QLCBQZV,Attractive Fritzie'S,25-12-2015,3091,0
2053,WLFR6EZH4T64B3JB,886F77BR8QLCBQZV,Attractive Fritzie'S,30-07-2014,3510,0
2054,QZHIDWT79ZW891AF,886F77BR8QLCBQZV,Attractive Fritzie'S,15-06-2018,6555,0
2055,4H6MQN59PRC5QIXQ,886F77BR8QLCBQZV,Attractive Fritzie'S,12-06-2015,3591,1
2056,EMGGZZD6LFXUIOIF,886F77BR8QLCBQZV,Attractive Fritzie'S,08-06-2014,5516,1
2057,9V1UNULI02BVQS1Z,886F77BR8QLCBQZV,Attractive Fritzie'S,15-10-2016,9305,1
2058,6OLRPOVS45D88F4E,886F77BR8QLCBQZV,Attractive Fritzie'S,26-08-2017,7612,0
2059,LPXR5UG88OP66Z97,886F77BR8QLCBQZV,Attractive Fritzie'S,02-10-2017,3151,0
2060,QT9GJLV2JWWER8WV,886F77BR8QLCBQZV,Attractive Fritzie'S,14-12-2014,3077,0
2061,RFDWW07GCV5NHPVR,886F77BR8QLCBQZV,Attractive Fritzie'S,16-02-2016,5706,1
2062,P6ZQCVHVZAZ283FX,886F77BR8QLCBQZV,Attractive Fritzie'S,03-01-2018,6380,0
2063,QNBPZIR2SSKIZZ7S,886F77BR8QLCBQZV,Attractive Fritzie'S,29-11-2018,241,0
2064,C9V51VJC0BYU3Y8Q,886F77BR8QLCBQZV,Attractive Fritzie'S,23-03-2014,5336,1
2065,0FE4QPSE0PXZNWGL,886F77BR8QLCBQZV,Attractive Fritzie'S,03-04-2017,2413,0
2066,DVYVM3UDP724MVS0,886F77BR8QLCBQZV,Attractive Fritzie'S,25-07-2018,1404,0
2067,69JL62YZSU1ZDXTR,886F77BR8QLCBQZV,Attractive Fritzie'S,01-09-2017,6610,0
2068,A72HYA84OLZ0VHLX,886F77BR8QLCBQZV,Attractive Fritzie'S,06-08-2014,6897,0
2069,UYJXUX6X48W0F8GR,886F77BR8QLCBQZV,Attractive Fritzie'S,30-06-2015,5094,1
2070,1JFYAUBUZT7W0SJL,886F77BR8QLCBQZV,Attractive Fritzie'S,22-09-2015,3908,0
2071,BKFLT4C8L9DM9BU1,886F77BR8QLCBQZV,Attractive Fritzie'S,19-06-2018,7383,1
2072,I27H7A07X9N2K7PD,886F77BR8QLCBQZV,Attractive Fritzie'S,01-04-2015,9569,0
2073,YPROU2ZCBG00W27J,886F77BR8QLCBQZV,Attractive Fritzie'S,24-03-2014,6269,0
2074,6JN6Y8V1O7Q7348H,ZLKMONIFMJ5HZRH6,Flimsy Rush,30-03-2016,9766,1
2075,EXIDD55BZUBPO43I,ZLKMONIFMJ5HZRH6,Flimsy Rush,13-03-2018,9026,0
2076,SBMGUR8U1SYPIU45,ZLKMONIFMJ5HZRH6,Flimsy Rush,22-10-2016,4830,0
2077,RC4FTQCQDSCO1KJ1,ZLKMONIFMJ5HZRH6,Flimsy Rush,12-12-2014,8174,0
2078,R5917DV716KHDAND,ZLKMONIFMJ5HZRH6,Flimsy Rush,04-07-2015,458,0
2079,2U467BETD9KDWGYG,ZLKMONIFMJ5HZRH6,Flimsy Rush,01-07-2016,6034,0
2080,S1U5KEYQEHNF4O45,ZLKMONIFMJ5HZRH6,Flimsy Rush,06-06-2015,8240,1
2081,5N22LB44XIYO4CB7,ZLKMONIFMJ5HZRH6,Flimsy Rush,29-12-2017,3819,0
2082,XO9ZE1KC5NIY0JSP,ZLKMONIFMJ5HZRH6,Flimsy Rush,25-09-2018,9312,0
2083,HUWZYVH53UA4UWCM,ZLKMONIFMJ5HZRH6,Flimsy Rush,08-10-2014,4356,0
2084,MPWZVBXCM48RTX64,ZLKMONIFMJ5HZRH6,Flimsy Rush,03-06-2015,9896,1
2085,PH2ND2L751OUK66E,ZLKMONIFMJ5HZRH6,Flimsy Rush,12-04-2015,1036,0
2086,DCW632BUVZ5R5UGH,ZLKMONIFMJ5HZRH6,Flimsy Rush,09-09-2015,464,0
2087,EIUEPADZCAGPVRIU,ZLKMONIFMJ5HZRH6,Flimsy Rush,15-12-2015,478,0
2088,PQNWZR9NKFVTHNX5,ZLKMONIFMJ5HZRH6,Flimsy Rush,12-01-2017,7333,0
2089,KREQ68F8XE673CZR,ZLKMONIFMJ5HZRH6,Flimsy Rush,20-01-2016,6608,1
2090,YUNOBK0OA5KKK91P,ZLKMONIFMJ5HZRH6,Flimsy Rush,16-01-2014,4496,0
2091,Q12G4RUXEOSYEQHD,ZLKMONIFMJ5HZRH6,Flimsy Rush,28-06-2016,8354,0
2092,93QR5SVSCOKQIAH0,ZLKMONIFMJ5HZRH6,Flimsy Rush,24-07-2014,9872,0
2093,XYJFYUM6WZZEHS1W,ZLKMONIFMJ5HZRH6,Flimsy Rush,07-08-2017,7575,0
2094,BQCN4Z1NVVNS6AXV,ZLKMONIFMJ5HZRH6,Flimsy Rush,13-02-2018,1382,0
2095,LOSR5RUICNRFUA17,ZLKMONIFMJ5HZRH6,Flimsy Rush,10-05-2015,1929,0
2096,Q3W4CRQE1F0XATY9,ZLKMONIFMJ5HZRH6,Flimsy Rush,24-01-2018,7108,1
2097,3074L4JRQZGJV3H9,ZLKMONIFMJ5HZRH6,Flimsy Rush,02-04-2018,9694,0
2098,DXAYI8F9TX9W6OZ4,ZLKMONIFMJ5HZRH6,Flimsy Rush,29-07-2015,3897,1
2099,WH754PHG5PC8O639,GV9BSYMH61Z4Y9X2,Stumpy Opening-Day,26-05-2016,2313,0
2100,NW32P1JVXWVWHA8P,GV9BSYMH61Z4Y9X2,Stumpy Opening-Day,11-11-2015,367,1
2101,L70ZETGEGYY83QQG,GV9BSYMH61Z4Y9X2,Stumpy Opening-Day,11-02-2015,4358,1
2102,6GHMHYPDU91L3JCC,GV9BSYMH61Z4Y9X2,Stumpy Opening-Day,04-08-2017,4267,0
2103,7NGJH68DNXPD9D6U,GV9BSYMH61Z4Y9X2,Stumpy Opening-Day,21-12-2018,6324,0
2104,0JOE59FGCUBR22LO,GV9BSYMH61Z4Y9X2,Stumpy Opening-Day,13-01-2018,2706,0
2105,R5ZJB8YZOOGZKKDK,GV9BSYMH61Z4Y9X2,Stumpy Opening-Day,19-09-2016,9832,0
2106,29K36T1J1Y5C5LFA,GV9BSYMH61Z4Y9X2,Stumpy Opening-Day,15-08-2017,1572,0
2107,OUJ6MA2O9L1RHLYS,GV9BSYMH61Z4Y9X2,Stumpy Opening-Day,17-09-2017,7330,0
2108,JDLWDFJYXBBVR1MY,GV9BSYMH61Z4Y9X2,Stumpy Opening-Day,11-02-2017,879,0
2109,8QOAWJOPZUGPTJ2U,GV9BSYMH61Z4Y9X2,Stumpy Opening-Day,28-10-2014,8207,1
2110,M48CNPC3YJ5JCKBV,GV9BSYMH61Z4Y9X2,Stumpy Opening-Day,14-05-2016,4620,0
2111,VP4QZIHB835N4ZRY,GV9BSYMH61Z4Y9X2,Stumpy Opening-Day,24-07-2014,3728,0
2112,ATQQR2C032NMBSTD,GV9BSYMH61Z4Y9X2,Stumpy Opening-Day,23-03-2018,1674,0
2113,1TYF88JVCXE8433K,GV9BSYMH61Z4Y9X2,Stumpy Opening-Day,22-08-2016,6325,0
2114,PY4R6E9JPI1LW0HS,GV9BSYMH61Z4Y9X2,Stumpy Opening-Day,01-05-2018,5815,0
2115,XSCYR5GHR5BM6FKC,GV9BSYMH61Z4Y9X2,Stumpy Opening-Day,28-05-2017,2679,0
2116,10C98VN8O3WK3NPC,GV9BSYMH61Z4Y9X2,Stumpy Opening-Day,16-07-2018,3133,0
2117,GHN0TF8AHYUL071P,GV9BSYMH61Z4Y9X2,Stumpy Opening-Day,31-10-2017,4054,0
2118,FO7S8BUJGXDHXKV0,GV9BSYMH61Z4Y9X2,Stumpy Opening-Day,02-02-2015,6274,0
2119,G5O44XRQNG89URGZ,GV9BSYMH61Z4Y9X2,Stumpy Opening-Day,25-07-2017,8889,1
2120,HTT0NLYI94OR097Z,PP12CZ5B07PVNWZ9,Constant Commonwealth,14-10-2016,8142,1
2121,DBJKP7HOOS0MT3TL,PP12CZ5B07PVNWZ9,Constant Commonwealth,08-07-2017,5690,0
2122,8X28ZXS7N4T3AY6N,PP12CZ5B07PVNWZ9,Constant Commonwealth,16-11-2017,2825,0
2123,YW5U63VEDQIXF9AE,PP12CZ5B07PVNWZ9,Constant Commonwealth,14-12-2018,3099,0
2124,72274TAD8II7VSQO,PP12CZ5B07PVNWZ9,Constant Commonwealth,16-07-2017,2753,0
2125,6C3JJZAZI9WNQNK6,PP12CZ5B07PVNWZ9,Constant Commonwealth,27-07-2016,7322,0
2126,AYYGI3S6E6HY0XYL,PP12CZ5B07PVNWZ9,Constant Commonwealth,19-02-2016,9825,0
2127,I96CQ1AKKQPRI4M8,PP12CZ5B07PVNWZ9,Constant Commonwealth,18-09-2014,8371,0
2128,H9SWFMPGVSSBGOSZ,PP12CZ5B07PVNWZ9,Constant Commonwealth,21-09-2018,8867,0
2129,MUR5H8HONZJ555CA,PP12CZ5B07PVNWZ9,Constant Commonwealth,27-07-2017,5327,0
2130,4IS825EX07QZTU7B,PP12CZ5B07PVNWZ9,Constant Commonwealth,16-08-2017,9114,0
2131,XVRXZON41DSU158E,PP12CZ5B07PVNWZ9,Constant Commonwealth,13-11-2015,1324,1
2132,43RM603OFP3C2NHB,PP12CZ5B07PVNWZ9,Constant Commonwealth,09-11-2015,7432,0
2133,666BMTTLOC2ZS701,PP12CZ5B07PVNWZ9,Constant Commonwealth,28-01-2014,9212,0
2134,WS8Q2FRYFKCNOR47,PP12CZ5B07PVNWZ9,Constant Commonwealth,10-02-2016,4840,0
2135,VSQG55D31LSGSQNS,PP12CZ5B07PVNWZ9,Constant Commonwealth,24-06-2017,6130,0
2136,KIAMQ4ENIOU9AUZA,PP12CZ5B07PVNWZ9,Constant Commonwealth,31-01-2017,7416,0
2137,GGQ95Z947OJL0IXA,PP12CZ5B07PVNWZ9,Constant Commonwealth,01-09-2017,6728,0
2138,ID8G4Z5PMSISSOWD,PP12CZ5B07PVNWZ9,Constant Commonwealth,15-11-2015,8282,0
2139,3VYYK7Z9GF2K633Q,PP12CZ5B07PVNWZ9,Constant Commonwealth,24-06-2016,6467,0
2140,MVOT0J51NZLWFWQH,PP12CZ5B07PVNWZ9,Constant Commonwealth,17-08-2018,4166,0
2141,CU671HO4U8ICCDU9,PP12CZ5B07PVNWZ9,Constant Commonwealth,21-02-2018,7979,0
2142,FVHGJ2Y8WXH5QQJA,GL7WAAR2PLZOIA9J,Vulpine Wilcke,10-08-2015,3274,0
2143,NQWQ450RDR0R26YQ,GL7WAAR2PLZOIA9J,Vulpine Wilcke,29-01-2014,669,0
2144,DTZ6PX1GW9BB9RBP,GL7WAAR2PLZOIA9J,Vulpine Wilcke,15-12-2017,8345,0
2145,XZFH3BQT1HHHR873,GL7WAAR2PLZOIA9J,Vulpine Wilcke,19-01-2017,3857,0
2146,1HT9DYJ010QWBH81,GL7WAAR2PLZOIA9J,Vulpine Wilcke,24-11-2017,6824,0
2147,ILZ887I791B615PH,GL7WAAR2PLZOIA9J,Vulpine Wilcke,09-11-2014,6007,1
2148,CGP8MWDDM36F7UZR,GL7WAAR2PLZOIA9J,Vulpine Wilcke,20-07-2017,8640,0
2149,U94XIJ87YHKKCI5Q,GL7WAAR2PLZOIA9J,Vulpine Wilcke,08-10-2015,4280,0
2150,I18VWIOLBA12UC2E,GL7WAAR2PLZOIA9J,Vulpine Wilcke,28-03-2016,3850,1
2151,DIDDS76XHGD10OD9,GL7WAAR2PLZOIA9J,Vulpine Wilcke,13-10-2018,4422,0
2152,JRF1UJUP9FIRSI5U,GL7WAAR2PLZOIA9J,Vulpine Wilcke,03-02-2017,8701,0
2153,FJTZO8CWW4XXV61P,GL7WAAR2PLZOIA9J,Vulpine Wilcke,21-10-2015,8096,0
2154,QFCE715OABLZ6F8B,GL7WAAR2PLZOIA9J,Vulpine Wilcke,06-08-2016,6337,0
2155,XA1Z9FMPU72Z47TS,GL7WAAR2PLZOIA9J,Vulpine Wilcke,20-07-2014,1191,0
2156,S0PDH54E3XPPZK07,GL7WAAR2PLZOIA9J,Vulpine Wilcke,17-01-2016,5089,0
2157,DHPO8I8E6TMAQZ4K,GL7WAAR2PLZOIA9J,Vulpine Wilcke,03-05-2014,2095,0
2158,4KE398FU2SK3ES7Z,GL7WAAR2PLZOIA9J,Vulpine Wilcke,17-05-2016,1025,1
2159,DS8YV88REXVKZXA6,GL7WAAR2PLZOIA9J,Vulpine Wilcke,03-03-2016,9003,0
2160,4O7LB0O25ZM0LREO,GL7WAAR2PLZOIA9J,Vulpine Wilcke,12-12-2014,9722,0
2161,WFK36JR6C5KSCN2R,NRM75VF7GENJJ3HC,Octagonal Station'S,01-06-2016,7731,0
2162,3JQ82WAPJX0910AN,NRM75VF7GENJJ3HC,Octagonal Station'S,19-05-2018,4696,0
2163,Z103VMOCHVNF9WVW,NRM75VF7GENJJ3HC,Octagonal Station'S,04-01-2016,3291,0
2164,4OY2EG33617V0M7G,NRM75VF7GENJJ3HC,Octagonal Station'S,07-03-2015,509,0
2165,L1FZLJSDME8XNJHC,NRM75VF7GENJJ3HC,Octagonal Station'S,23-07-2016,2478,0
2166,6HRYFIO0JTPLFIC9,NRM75VF7GENJJ3HC,Octagonal Station'S,24-09-2016,1872,0
2167,476Y188R1LN5AT13,NRM75VF7GENJJ3HC,Octagonal Station'S,09-07-2016,2191,0
2168,3KXTO4BXVXGIXIWT,NRM75VF7GENJJ3HC,Octagonal Station'S,13-02-2015,6196,1
2169,ELYXSZFWJLU61GWG,NRM75VF7GENJJ3HC,Octagonal Station'S,21-07-2017,6714,0
2170,YGJRRIXMKYHQP0QB,NRM75VF7GENJJ3HC,Octagonal Station'S,07-02-2016,8692,0
2171,7173UNL6UVKAESYC,NRM75VF7GENJJ3HC,Octagonal Station'S,30-10-2016,2131,1
2172,J0AIIHE8JUF4DZ26,NRM75VF7GENJJ3HC,Octagonal Station'S,21-06-2014,2960,0
2173,DBINRFMZ16KWH0G3,NRM75VF7GENJJ3HC,Octagonal Station'S,13-10-2018,1691,0
2174,T2DQ5KN1C160VO7C,NRM75VF7GENJJ3HC,Octagonal Station'S,15-01-2015,8224,0
2175,S938OW05JB5WFGRP,NRM75VF7GENJJ3HC,Octagonal Station'S,12-10-2018,3022,0
2176,9LVX12DY9PWLRSQW,I7AWOJEL8XF2I3CO,Fatherly Meq,29-11-2017,509,0
2177,0U6BVCPCHFSQHM5X,I7AWOJEL8XF2I3CO,Fatherly Meq,14-02-2018,964,0
2178,SVKO4MFVVCJ2IO7R,I7AWOJEL8XF2I3CO,Fatherly Meq,29-12-2018,2102,0
2179,V3RW1W8YTXJCYJG7,I7AWOJEL8XF2I3CO,Fatherly Meq,28-03-2014,8676,0
2180,4NE1U0RB27JSWPHV,I7AWOJEL8XF2I3CO,Fatherly Meq,02-09-2016,5946,0
2181,BXS12MJLVW4NF3RL,I7AWOJEL8XF2I3CO,Fatherly Meq,09-04-2017,2300,1
2182,QTW76XBVPDNOIKAK,I7AWOJEL8XF2I3CO,Fatherly Meq,17-03-2015,779,0
2183,QS9PRW24PHLOK64E,I7AWOJEL8XF2I3CO,Fatherly Meq,08-10-2018,7276,0
2184,KKCEDIJUXMUSSMMN,I7AWOJEL8XF2I3CO,Fatherly Meq,14-11-2018,6454,0
2185,X8DQB8QH24ERLCSJ,I7AWOJEL8XF2I3CO,Fatherly Meq,17-10-2016,1073,1
2186,JVMQ9WKFWXR4WIDA,I7AWOJEL8XF2I3CO,Fatherly Meq,23-02-2014,5447,0
2187,LGP50TSMD6TCI99Q,I7AWOJEL8XF2I3CO,Fatherly Meq,28-02-2018,4669,0
2188,3YEEQ4194LV1U8GC,I7AWOJEL8XF2I3CO,Fatherly Meq,31-08-2014,1197,0
2189,SREO7DRTOM0MLSKW,I7AWOJEL8XF2I3CO,Fatherly Meq,16-03-2017,7644,0
2190,M58S39GB5ZKFMYQP,I7AWOJEL8XF2I3CO,Fatherly Meq,22-05-2016,4481,0
2191,FT7CGCSBIO8KQ8D4,I7AWOJEL8XF2I3CO,Fatherly Meq,18-03-2017,218,0
2192,C8X55UNLM0NWIT41,I7AWOJEL8XF2I3CO,Fatherly Meq,31-01-2017,4559,0
2193,7XQNA8QAYDI2MSER,I7AWOJEL8XF2I3CO,Fatherly Meq,31-03-2015,1520,0
2194,Q5MIZX7PTY4WUXAJ,J9M80SR7MVQEAM5R,Over-Arranged Aggressions,27-05-2016,6508,1
2195,NW5XAY0EJ1ICCX68,J9M80SR7MVQEAM5R,Over-Arranged Aggressions,12-07-2015,5384,1
2196,WFYGK03YHX64IVHP,J9M80SR7MVQEAM5R,Over-Arranged Aggressions,25-06-2017,5316,0
2197,14PC5JVV1K2QI302,J9M80SR7MVQEAM5R,Over-Arranged Aggressions,30-08-2016,6376,1
2198,56GN9IKVNZPQP8LH,J9M80SR7MVQEAM5R,Over-Arranged Aggressions,14-02-2016,6133,0
2199,Z9IZDXA692R61JTA,J9M80SR7MVQEAM5R,Over-Arranged Aggressions,14-02-2015,5676,0
2200,CGI6I0SD0F6MJCG9,J9M80SR7MVQEAM5R,Over-Arranged Aggressions,26-04-2015,1970,0
2201,3JS48GR3F3KFTB75,J9M80SR7MVQEAM5R,Over-Arranged Aggressions,02-01-2015,797,0
2202,RWAA0GXQQ276WDTA,J9M80SR7MVQEAM5R,Over-Arranged Aggressions,16-05-2014,3271,0
2203,H3IHQBRP040D2QK1,J9M80SR7MVQEAM5R,Over-Arranged Aggressions,26-12-2017,7691,0
2204,2QJ6TOKRQ8956DU3,J9M80SR7MVQEAM5R,Over-Arranged Aggressions,23-12-2017,111,0
2205,YVJEUMM5EJ70719Y,J9M80SR7MVQEAM5R,Over-Arranged Aggressions,25-07-2014,8243,0
2206,8C35S5JWY6EHAVMA,J9M80SR7MVQEAM5R,Over-Arranged Aggressions,05-06-2016,3037,0
2207,E7623LA9ZN84UVJX,J9M80SR7MVQEAM5R,Over-Arranged Aggressions,03-04-2015,9773,0
2208,OK0W6XWVXLA960XB,735G1K4YI5SJ10TZ,Thick-Walled Trimmings,02-09-2014,5844,1
2209,61CZKB8C39D74GRT,735G1K4YI5SJ10TZ,Thick-Walled Trimmings,04-10-2017,6319,0
2210,QP3CIKS6AP0S3WVX,735G1K4YI5SJ10TZ,Thick-Walled Trimmings,27-01-2014,5760,1
2211,IN4T4YRSQ5GB4R40,735G1K4YI5SJ10TZ,Thick-Walled Trimmings,28-04-2018,3956,0
2212,4ZLAPUKTXCSC88D8,735G1K4YI5SJ10TZ,Thick-Walled Trimmings,05-08-2016,179,0
2213,48ZZ2VT85V3T6KZI,735G1K4YI5SJ10TZ,Thick-Walled Trimmings,17-12-2015,2308,0
2214,W73F2Q1UM6TTZ44J,735G1K4YI5SJ10TZ,Thick-Walled Trimmings,27-03-2018,7328,0
2215,UIW5SDEKAMAUQEUH,735G1K4YI5SJ10TZ,Thick-Walled Trimmings,28-02-2018,3293,0
2216,N8Z05P8SMYSJ9D86,735G1K4YI5SJ10TZ,Thick-Walled Trimmings,24-12-2015,2611,0
2217,QPHPHRDC99G44O90,735G1K4YI5SJ10TZ,Thick-Walled Trimmings,06-03-2014,8107,0
2218,0VLLEAMBBZ1IZHUU,735G1K4YI5SJ10TZ,Thick-Walled Trimmings,19-02-2018,2228,0
2219,EBL0QB2OPU78GE12,735G1K4YI5SJ10TZ,Thick-Walled Trimmings,12-08-2014,7995,0
2220,XGDZDLZHRFET5H8P,O13FTWQMY3GSOCT0,Surreptitious Puppy,19-09-2016,2073,0
2221,5DINVQMRYO73UUCH,O13FTWQMY3GSOCT0,Surreptitious Puppy,15-02-2015,5265,1
2222,Q0FWXBDREH79QTWL,O13FTWQMY3GSOCT0,Surreptitious Puppy,03-01-2015,4359,1
2223,M4SVH5MVQSORB6EX,O13FTWQMY3GSOCT0,Surreptitious Puppy,25-01-2014,1634,0
2224,M4F8ERYH5KZMZDCD,O13FTWQMY3GSOCT0,Surreptitious Puppy,26-08-2014,5438,0
2225,5JI3IGD3VLNQOYBG,O13FTWQMY3GSOCT0,Surreptitious Puppy,24-06-2014,9209,0
2226,EPILK8ESCADIZSTO,O13FTWQMY3GSOCT0,Surreptitious Puppy,20-05-2018,4898,0
2227,WUUBNMO1HV0ZIII3,O13FTWQMY3GSOCT0,Surreptitious Puppy,16-11-2014,3549,0
2228,EVY01K2ERISN6LSU,O13FTWQMY3GSOCT0,Surreptitious Puppy,17-04-2014,8650,1
2229,T25WHWV8V2W1E6CM,O13FTWQMY3GSOCT0,Surreptitious Puppy,12-02-2016,8871,0
2230,07I9LJ53LOPU9RXV,O13FTWQMY3GSOCT0,Surreptitious Puppy,22-04-2017,6788,0
2231,DGKMN0K7ZJXFR1H9,O13FTWQMY3GSOCT0,Surreptitious Puppy,30-07-2014,1507,0
2232,CW931YZO6A9IA2AA,O13FTWQMY3GSOCT0,Surreptitious Puppy,24-08-2014,4467,0
2233,Z4SVSPSVRHKP0W3S,O13FTWQMY3GSOCT0,Surreptitious Puppy,14-01-2015,2725,1
2234,C1GMXMWQT4AP71O5,O13FTWQMY3GSOCT0,Surreptitious Puppy,12-06-2014,4889,0
2235,ZQBLURMO2PCGIEPR,O13FTWQMY3GSOCT0,Surreptitious Puppy,01-09-2015,9154,0
2236,793QMABB1X8SKGCP,O13FTWQMY3GSOCT0,Surreptitious Puppy,09-08-2016,8128,0
2237,209F6LEEHRHQULLV,7ZYTU1A49UHD61D0,Fibrous Aids,19-10-2018,7052,1
2238,9SG6DRE88XN9HI8I,7ZYTU1A49UHD61D0,Fibrous Aids,01-03-2017,1790,0
2239,WQATN3DFO9G83936,7ZYTU1A49UHD61D0,Fibrous Aids,15-06-2016,1008,0
2240,9YMONJDAAB0H7RT8,7ZYTU1A49UHD61D0,Fibrous Aids,20-09-2017,4069,0
2241,O4076Q6G6RJJKJF0,7ZYTU1A49UHD61D0,Fibrous Aids,06-07-2014,5741,0
2242,FHHU4PLMQ0K3HCVX,7ZYTU1A49UHD61D0,Fibrous Aids,01-11-2018,2245,0
2243,G2RUG9SBVQIYVZK5,7ZYTU1A49UHD61D0,Fibrous Aids,14-06-2014,2668,0
2244,4G0FLD1JSP5PAGHU,7ZYTU1A49UHD61D0,Fibrous Aids,09-03-2018,9197,0
2245,8OBDLDAAOQL3E5FA,7ZYTU1A49UHD61D0,Fibrous Aids,12-01-2015,9191,0
2246,ML335YAJDFGMBLCH,7ZYTU1A49UHD61D0,Fibrous Aids,16-06-2016,9535,0
2247,Y1MF76KLMWQ667R4,7ZYTU1A49UHD61D0,Fibrous Aids,26-05-2015,9115,0
2248,HWK4D441VHZW1FPI,7ZYTU1A49UHD61D0,Fibrous Aids,31-12-2017,3473,0
2249,3SC654IVGTV39KH6,7ZYTU1A49UHD61D0,Fibrous Aids,08-08-2018,9566,0
2250,2R1A1C0NEVKB698C,7ZYTU1A49UHD61D0,Fibrous Aids,11-12-2014,8971,0
2251,SVFXJ6QMATBERKJA,7ZYTU1A49UHD61D0,Fibrous Aids,22-08-2016,6232,0
2252,14N8VLS6693ATYQZ,7ZYTU1A49UHD61D0,Fibrous Aids,15-08-2017,6461,0
2253,06AFBNIA0LUCQ4B0,7ZYTU1A49UHD61D0,Fibrous Aids,10-02-2015,4725,0
2254,I3C2F4VAPMPC9A8V,7ZYTU1A49UHD61D0,Fibrous Aids,25-12-2018,9710,0
2255,W0TNF7P51SL8J2N1,7ZYTU1A49UHD61D0,Fibrous Aids,15-06-2016,6786,0
2256,WAZA701NLORBQQVN,7ZYTU1A49UHD61D0,Fibrous Aids,01-10-2017,705,0
2257,P4BPU6ZRRFS6WFR1,7ZYTU1A49UHD61D0,Fibrous Aids,14-07-2018,7558,0
2258,XT7RHO7QBIW2PM30,7ZYTU1A49UHD61D0,Fibrous Aids,26-04-2015,1883,0
2259,I3XE6CG8ZZVSX6HM,7ZYTU1A49UHD61D0,Fibrous Aids,05-11-2014,6463,0
2260,BEITODAP31F5CJDZ,7ZYTU1A49UHD61D0,Fibrous Aids,25-12-2017,7973,0
2261,MY0VQZKXYSGDS3PW,7ZYTU1A49UHD61D0,Fibrous Aids,19-05-2018,7142,0
2262,7KWF85JYF1WNTMSF,K35BKY5JJ829AD1F,Wild Arts,06-07-2014,4802,0
2263,GQHHJT7L9KON15Q5,K35BKY5JJ829AD1F,Wild Arts,09-02-2015,4810,1
2264,FZZP44BGWA24XH42,K35BKY5JJ829AD1F,Wild Arts,25-02-2016,3406,0
2265,1JVQDTWYQGJ4LSEJ,K35BKY5JJ829AD1F,Wild Arts,03-07-2014,4878,0
2266,VYKEXXUILJYL0X8U,K35BKY5JJ829AD1F,Wild Arts,12-07-2015,9051,1
2267,CZW3TU4JHMOCBVU2,K35BKY5JJ829AD1F,Wild Arts,12-04-2014,6960,0
2268,U4F3D7OYWLWJ7TUB,K35BKY5JJ829AD1F,Wild Arts,16-11-2015,5394,0
2269,HKPN6TR1KYY7SZZ5,K35BKY5JJ829AD1F,Wild Arts,29-01-2018,8080,0
2270,THRDQ2J5YGIHVWRF,K35BKY5JJ829AD1F,Wild Arts,24-09-2016,7455,0
2271,ANW4PYW23D664QVV,K35BKY5JJ829AD1F,Wild Arts,23-08-2014,6773,0
2272,13RIOOC74YDPDSXM,K35BKY5JJ829AD1F,Wild Arts,03-10-2017,8152,0
2273,YPFDPCD2JB2S6XDG,K35BKY5JJ829AD1F,Wild Arts,24-03-2014,2436,0
2274,CY5L33RD95ZL93HS,K35BKY5JJ829AD1F,Wild Arts,23-07-2015,2234,0
2275,I58DPPQ57O6BDX6Y,K35BKY5JJ829AD1F,Wild Arts,27-09-2018,9135,1
2276,78OWLGSGKFBTX2R0,K35BKY5JJ829AD1F,Wild Arts,24-04-2017,8374,0
2277,JIA459JHK2LAJG19,K35BKY5JJ829AD1F,Wild Arts,21-04-2017,1585,0
2278,W6OBG46Y6MBQIX57,K35BKY5JJ829AD1F,Wild Arts,14-01-2015,8505,0
2279,R4G8JWPDBDKD5HRZ,K35BKY5JJ829AD1F,Wild Arts,15-06-2015,7225,1
2280,XVAJBSW6GT78RYUZ,2QV1OJV3QKOAOVLM,Run-Of-The-Mine Bich,21-08-2017,2435,0
2281,RL2CESB8S2ABDYG6,2QV1OJV3QKOAOVLM,Run-Of-The-Mine Bich,14-01-2016,7346,0
2282,3R6JA9ND439YPO6Y,2QV1OJV3QKOAOVLM,Run-Of-The-Mine Bich,09-04-2017,816,0
2283,A4X4V91C2NZX9QTK,2QV1OJV3QKOAOVLM,Run-Of-The-Mine Bich,08-10-2018,8004,0
2284,9RN5E2MPJ0MZIJYA,2QV1OJV3QKOAOVLM,Run-Of-The-Mine Bich,21-11-2018,1764,0
2285,05AGGAT9IN7I7MJ1,2QV1OJV3QKOAOVLM,Run-Of-The-Mine Bich,11-10-2015,1333,0
2286,VZELFUBOAVR8541N,2QV1OJV3QKOAOVLM,Run-Of-The-Mine Bich,02-01-2018,7151,0
2287,X097SHI95ZVWH6HH,2QV1OJV3QKOAOVLM,Run-Of-The-Mine Bich,14-09-2016,9410,0
2288,VXGLHKSI64KDP8NO,2QV1OJV3QKOAOVLM,Run-Of-The-Mine Bich,06-09-2014,221,1
2289,VKU966JC6OEUK3LP,2QV1OJV3QKOAOVLM,Run-Of-The-Mine Bich,18-06-2017,1004,0
2290,VTGTDE0CLJNI4AKM,2QV1OJV3QKOAOVLM,Run-Of-The-Mine Bich,28-09-2018,809,0
2291,7UCIM2B6VFGAAEBX,2QV1OJV3QKOAOVLM,Run-Of-The-Mine Bich,18-09-2018,685,0
2292,29T4HLAJ49BXTUH4,2QV1OJV3QKOAOVLM,Run-Of-The-Mine Bich,21-11-2016,9590,0
2293,94VBFKTYJKAOE6XT,2QV1OJV3QKOAOVLM,Run-Of-The-Mine Bich,07-02-2018,3690,0
2294,0X21SBV240I2B2W1,2QV1OJV3QKOAOVLM,Run-Of-The-Mine Bich,06-04-2018,3478,0
2295,VVXOD4TAK49H1PWK,2QV1OJV3QKOAOVLM,Run-Of-The-Mine Bich,21-04-2015,3971,1
2296,0GSI14CIPXMSY88S,2QV1OJV3QKOAOVLM,Run-Of-The-Mine Bich,19-10-2018,4636,1
2297,PFW487VXR82NFO1B,2QV1OJV3QKOAOVLM,Run-Of-The-Mine Bich,05-05-2018,2406,0
2298,S63N51PGK2XDAC16,2QV1OJV3QKOAOVLM,Run-Of-The-Mine Bich,28-11-2018,1076,0
2299,EJWY2PV6SEA2NDTH,2QV1OJV3QKOAOVLM,Run-Of-The-Mine Bich,16-02-2015,8980,0
2300,LCS08ELSCPDHQW92,2QV1OJV3QKOAOVLM,Run-Of-The-Mine Bich,16-06-2016,1865,0
2301,8NQA1WNVA32B3W8V,2QV1OJV3QKOAOVLM,Run-Of-The-Mine Bich,22-01-2015,3342,0
2302,6PSIJV7PFNYMN6Z5,2QV1OJV3QKOAOVLM,Run-Of-The-Mine Bich,29-08-2015,9542,0
2303,Z4OOLQDHW2PEC3TD,2QV1OJV3QKOAOVLM,Run-Of-The-Mine Bich,11-02-2018,1243,0
2304,UMVF3USGC73PNAQN,2QV1OJV3QKOAOVLM,Run-Of-The-Mine Bich,08-11-2018,8868,0
2305,DS17MQN9FPXVZPI9,2QV1OJV3QKOAOVLM,Run-Of-The-Mine Bich,13-02-2017,8570,0
2306,X4N4CPFKYZEN2RJD,3H2TO3TALMKN4S34,Classic Remedies,14-02-2017,8306,0
2307,RP0QKE0PSXCL5AIP,3H2TO3TALMKN4S34,Classic Remedies,23-01-2017,5425,0
2308,NR6SO822QD5CA9OI,3H2TO3TALMKN4S34,Classic Remedies,23-08-2014,3984,1
2309,ZPKLH9H8I6FBG8SY,3H2TO3TALMKN4S34,Classic Remedies,15-08-2016,4708,0
2310,D7PHMZ5N8SX9MAVK,3H2TO3TALMKN4S34,Classic Remedies,17-10-2015,6881,0
2311,ZJC26XLZAP0DEB4W,3H2TO3TALMKN4S34,Classic Remedies,06-06-2017,5748,0
2312,FJ60HLT3WQSXK39P,3H2TO3TALMKN4S34,Classic Remedies,08-08-2015,580,0
2313,PS5PL0MQ004ANAI1,3H2TO3TALMKN4S34,Classic Remedies,03-04-2016,2191,0
2314,LYXVVGVGTG4YPVYF,3H2TO3TALMKN4S34,Classic Remedies,06-04-2016,4673,0
2315,XQ5LA16YH34BVU75,3H2TO3TALMKN4S34,Classic Remedies,05-02-2014,1042,0
2316,XNMF0PMHB8FXKSRC,3H2TO3TALMKN4S34,Classic Remedies,21-01-2017,256,0
2317,J4EO5FFAN376P1KF,3H2TO3TALMKN4S34,Classic Remedies,25-02-2015,3186,1
2318,DRWGLEX5IF0T8P4G,3H2TO3TALMKN4S34,Classic Remedies,23-11-2016,9182,0
2319,MVM2BCE82YOTIJP9,3H2TO3TALMKN4S34,Classic Remedies,27-09-2017,8295,1
2320,4BFM5EX16UN0JIS9,3H2TO3TALMKN4S34,Classic Remedies,18-11-2014,411,0
2321,CEQR6WL8PZHT41IJ,3H2TO3TALMKN4S34,Classic Remedies,29-08-2017,598,0
2322,9IOYUYF9OQY7GEGC,3H2TO3TALMKN4S34,Classic Remedies,18-12-2017,3648,0
2323,IYME8AREE1MJQ4PU,3H2TO3TALMKN4S34,Classic Remedies,05-01-2016,5014,1
2324,40SEH48Q4W0RJ22H,3H2TO3TALMKN4S34,Classic Remedies,14-02-2014,5720,0
2325,KVHVQDACSN6M2AY9,3H2TO3TALMKN4S34,Classic Remedies,13-04-2016,7356,0
2326,CQK9XPY3GXA8JWZI,3H2TO3TALMKN4S34,Classic Remedies,31-05-2016,2025,0
2327,BROVQULV6V6FRYSY,3H2TO3TALMKN4S34,Classic Remedies,27-05-2017,3571,0
2328,SW13D2SLVXGWWGSN,3H2TO3TALMKN4S34,Classic Remedies,19-03-2018,797,0
2329,Z3DPE8R73RVK2OPG,3H2TO3TALMKN4S34,Classic Remedies,12-12-2016,7022,0
2330,W36KDIG88UF3XIRR,3H2TO3TALMKN4S34,Classic Remedies,26-06-2015,9641,0
2331,WLVXI0PHIMEHMPD0,3H2TO3TALMKN4S34,Classic Remedies,10-02-2014,1332,0
2332,6SHR8HLNWCWAH92L,3H2TO3TALMKN4S34,Classic Remedies,29-04-2016,2879,0
2333,LM8QNZM26YZN9EV5,3H2TO3TALMKN4S34,Classic Remedies,30-07-2016,4945,0
2334,TEWW2X8HDJVNZYA8,3H2TO3TALMKN4S34,Classic Remedies,13-12-2018,8791,0
2335,YMM01I0ESWFFAOUY,3H2TO3TALMKN4S34,Classic Remedies,26-12-2015,1553,0
2336,SCNH1NT965ERIIZU,KG1YS9XKYFTAO4CW,Unhurt Fellow,30-11-2015,4588,0
2337,UFXMFPEX655FV5WP,KG1YS9XKYFTAO4CW,Unhurt Fellow,09-09-2015,2408,0
2338,TAKOX2UQ3CTTQCF3,KG1YS9XKYFTAO4CW,Unhurt Fellow,09-12-2015,4065,0
2339,NTSHT37XMVDYITTA,KG1YS9XKYFTAO4CW,Unhurt Fellow,28-05-2015,1864,0
2340,SR2KTK87D6QAUKEV,KG1YS9XKYFTAO4CW,Unhurt Fellow,05-11-2017,5277,0
2341,7F77QOEW2Y4RZDEG,KG1YS9XKYFTAO4CW,Unhurt Fellow,09-12-2018,6411,0
2342,PDKME5Q56IPG1AKA,KG1YS9XKYFTAO4CW,Unhurt Fellow,29-11-2018,5593,0
2343,5MXDT9HNSBL4LAXH,KG1YS9XKYFTAO4CW,Unhurt Fellow,19-02-2016,7159,0
2344,O07KKMSNO6HAXXUH,KG1YS9XKYFTAO4CW,Unhurt Fellow,09-08-2014,5263,1
2345,G21NV77XH1PUQWLX,KG1YS9XKYFTAO4CW,Unhurt Fellow,27-11-2015,5273,0
2346,MTWJ43650WYJJPX3,KG1YS9XKYFTAO4CW,Unhurt Fellow,20-03-2015,2303,1
2347,29EZKIFIVPEFJW4K,KG1YS9XKYFTAO4CW,Unhurt Fellow,20-03-2018,1412,0
2348,CTG9LS7M5WFWP9I8,KG1YS9XKYFTAO4CW,Unhurt Fellow,27-05-2015,9414,1
2349,0KREK5RJWM9WC1TQ,KG1YS9XKYFTAO4CW,Unhurt Fellow,17-12-2015,6337,0
2350,UPQXIZ18VJGJ9MQJ,KG1YS9XKYFTAO4CW,Unhurt Fellow,20-02-2017,9290,0
2351,EVFDP99FBACHVS59,KG1YS9XKYFTAO4CW,Unhurt Fellow,16-07-2018,6191,0
2352,F2YJF1U8RPDHH1OZ,KG1YS9XKYFTAO4CW,Unhurt Fellow,04-07-2018,7356,0
2353,V73FCAJGGYMIBK9T,KG1YS9XKYFTAO4CW,Unhurt Fellow,27-02-2016,9735,0
2354,3MDDQ6PBT5Z8LJFV,KG1YS9XKYFTAO4CW,Unhurt Fellow,10-05-2016,9480,0
2355,3FXVNXZTH9F3R28L,KG1YS9XKYFTAO4CW,Unhurt Fellow,29-08-2018,2695,0
2356,5F2JA3GTQD1ZOI6C,KG1YS9XKYFTAO4CW,Unhurt Fellow,01-05-2017,4059,0
2357,20KP8J5SOBU0XUCE,KG1YS9XKYFTAO4CW,Unhurt Fellow,20-06-2018,5752,0
2358,ISJS0RLY90DXCFLM,FSHKEGFZ2OQ2L2I7,Godless Soybean,07-06-2014,3760,0
2359,5ZMOFCQEGY2AYYCH,FSHKEGFZ2OQ2L2I7,Godless Soybean,20-06-2014,2165,0
2360,Z0UIZ4OJDPBDMUFR,FSHKEGFZ2OQ2L2I7,Godless Soybean,19-04-2014,7059,0
2361,EC5ZCD2BBN6223R9,FSHKEGFZ2OQ2L2I7,Godless Soybean,14-03-2017,5046,0
2362,52QXV66F3DIK7I7Q,FSHKEGFZ2OQ2L2I7,Godless Soybean,16-07-2015,2149,0
2363,X628BREJQ1R9CGQQ,FSHKEGFZ2OQ2L2I7,Godless Soybean,11-05-2018,2450,0
2364,IBEEAF4SQ6U0IJCF,FSHKEGFZ2OQ2L2I7,Godless Soybean,04-03-2018,392,0
2365,XPYDG1WBBV4MN2TH,FSHKEGFZ2OQ2L2I7,Godless Soybean,31-03-2016,9586,1
2366,YRY7AQTMELGULILS,FSHKEGFZ2OQ2L2I7,Godless Soybean,29-01-2015,6335,0
2367,0ZL2LRV07N24ATGA,FSHKEGFZ2OQ2L2I7,Godless Soybean,07-04-2017,5153,1
2368,ZO4XNLAMFLPN6LDJ,FSHKEGFZ2OQ2L2I7,Godless Soybean,27-04-2015,3059,0
2369,JXC253Z793AK4E7H,FSHKEGFZ2OQ2L2I7,Godless Soybean,29-08-2018,5556,1
2370,WXU6XWAKD94PS1O3,FSHKEGFZ2OQ2L2I7,Godless Soybean,11-08-2016,991,0
2371,M4P5GY0JXSXPN3T2,FSHKEGFZ2OQ2L2I7,Godless Soybean,18-11-2017,9689,0
2372,PAIH4DYHXDATJ6XQ,FSHKEGFZ2OQ2L2I7,Godless Soybean,11-07-2015,272,0
2373,FWHT4YX1BZ6AQN2H,FSHKEGFZ2OQ2L2I7,Godless Soybean,13-06-2016,7972,1
2374,34Q7QLPK3HYVFYOM,FSHKEGFZ2OQ2L2I7,Godless Soybean,24-01-2015,5316,0
2375,V6P4DKARIPIU6LPR,FSHKEGFZ2OQ2L2I7,Godless Soybean,25-10-2016,3075,1
2376,GTLBYVNUV4WF63XW,FSHKEGFZ2OQ2L2I7,Godless Soybean,17-01-2018,946,1
2377,KOR2PSYH8DVQ04UM,WYDFDFXPO5NLUMCN,Long-Established Push-Ups,23-08-2015,3562,0
2378,68Q2XNZI3XQDMS2O,WYDFDFXPO5NLUMCN,Long-Established Push-Ups,07-05-2017,477,1
2379,VX1OYQ335NVRCLSH,WYDFDFXPO5NLUMCN,Long-Established Push-Ups,06-02-2016,8656,0
2380,6BK8D8MJKTR1UPAH,WYDFDFXPO5NLUMCN,Long-Established Push-Ups,16-08-2016,920,0
2381,IKSLQNED2M73ZP7G,WYDFDFXPO5NLUMCN,Long-Established Push-Ups,07-02-2017,4118,1
2382,9ALF2BNX2AXIXG0W,WYDFDFXPO5NLUMCN,Long-Established Push-Ups,23-09-2016,4834,0
2383,9APIUWZEI8WDDCFE,WYDFDFXPO5NLUMCN,Long-Established Push-Ups,21-10-2018,7874,1
2384,1XQVB4AKYWLWA4XS,WYDFDFXPO5NLUMCN,Long-Established Push-Ups,02-12-2014,9488,0
2385,CVB6RKBUB3YY4NGV,WYDFDFXPO5NLUMCN,Long-Established Push-Ups,12-12-2018,6163,0
2386,A193IW76ZS1F48VI,WYDFDFXPO5NLUMCN,Long-Established Push-Ups,03-05-2017,7190,0
2387,YMVZNWRERU4X1Q2X,WYDFDFXPO5NLUMCN,Long-Established Push-Ups,28-08-2018,303,0
2388,LG9YYXL07LJHFJRE,WYDFDFXPO5NLUMCN,Long-Established Push-Ups,13-12-2014,8567,1
2389,PGF1UAZAFTT54K1I,WYDFDFXPO5NLUMCN,Long-Established Push-Ups,25-06-2014,3340,0
2390,JPXUQAKKE7ODLU3W,WYDFDFXPO5NLUMCN,Long-Established Push-Ups,29-09-2018,5372,1
2391,JOCRDUTM2R7SYWEC,WYDFDFXPO5NLUMCN,Long-Established Push-Ups,30-01-2018,8837,0
2392,POQK0IDBYH8IJA5I,WYDFDFXPO5NLUMCN,Long-Established Push-Ups,29-01-2017,4553,0
2393,K56JEQ99IDMMPB3D,WYDFDFXPO5NLUMCN,Long-Established Push-Ups,18-02-2018,6415,1
2394,P7AZXRYUSXYT8Q2M,WYDFDFXPO5NLUMCN,Long-Established Push-Ups,06-02-2014,3748,0
2395,YLJVRBUVBS92TBZC,7QIDTMN83BDTITO5,Transluscent Switchgear,17-09-2016,7880,0
2396,9MS991FOKHW7CXH8,7QIDTMN83BDTITO5,Transluscent Switchgear,16-12-2016,2384,0
2397,UA9BJB4F1T9XEU8C,7QIDTMN83BDTITO5,Transluscent Switchgear,18-10-2015,2104,0
2398,C7MRS3QT8EJWC504,7QIDTMN83BDTITO5,Transluscent Switchgear,21-03-2017,2894,0
2399,CJGQC01K84NMP8FD,7QIDTMN83BDTITO5,Transluscent Switchgear,19-10-2018,4340,0
2400,HMG7B4XOPU56EWVV,7QIDTMN83BDTITO5,Transluscent Switchgear,21-08-2018,6846,0
2401,L2IV8DT05S8MCQRQ,7QIDTMN83BDTITO5,Transluscent Switchgear,13-06-2015,1776,0
2402,LUQVJPPQBNWEOKKH,7QIDTMN83BDTITO5,Transluscent Switchgear,03-06-2018,2460,0
2403,3OA3TBH9Q2F9RBRU,7QIDTMN83BDTITO5,Transluscent Switchgear,02-12-2015,9195,0
2404,H2MF1DT1EPYSNNK0,7QIDTMN83BDTITO5,Transluscent Switchgear,10-07-2016,8867,0
2405,6GR7MT0DX69WDFF6,7QIDTMN83BDTITO5,Transluscent Switchgear,23-06-2014,7047,0
2406,6HXQ40FNXLDYM0ON,7QIDTMN83BDTITO5,Transluscent Switchgear,21-01-2017,3696,0
2407,N0YB8FYX3999NM28,7QIDTMN83BDTITO5,Transluscent Switchgear,01-07-2016,4569,0
2408,2K1XJ6ZV823X42G8,7QIDTMN83BDTITO5,Transluscent Switchgear,05-09-2016,5817,0
2409,UF516L25A34HOUGL,7QIDTMN83BDTITO5,Transluscent Switchgear,27-01-2017,9611,1
2410,8IB0D5Y3B4YG9D7G,7QIDTMN83BDTITO5,Transluscent Switchgear,19-02-2018,2444,1
2411,L9CYCWO2CTTG5UT1,7QIDTMN83BDTITO5,Transluscent Switchgear,05-04-2018,4382,0
2412,R18LC6AF6UIFLAAE,L0D1J5J3X9Q6GLYA,Approximate Cough,08-01-2016,3724,1
2413,DKK52IMWBBMR8CVR,L0D1J5J3X9Q6GLYA,Approximate Cough,22-05-2015,842,0
2414,TE7MDT8I2O5GY2WD,L0D1J5J3X9Q6GLYA,Approximate Cough,29-03-2018,4869,1
2415,90IZY0NQBT5C0BL8,L0D1J5J3X9Q6GLYA,Approximate Cough,23-01-2015,7507,0
2416,UOZP51374UYW7PKE,L0D1J5J3X9Q6GLYA,Approximate Cough,19-05-2014,6443,0
2417,TLGZAN5N3OYBBRKW,L0D1J5J3X9Q6GLYA,Approximate Cough,15-07-2015,6757,1
2418,XGDYML6IQWA2VQDX,L0D1J5J3X9Q6GLYA,Approximate Cough,22-01-2016,2181,0
2419,3YEA0VM2TLWANY40,L0D1J5J3X9Q6GLYA,Approximate Cough,10-12-2015,826,0
2420,EHNU0A6O23GOVDJ4,L0D1J5J3X9Q6GLYA,Approximate Cough,27-03-2016,4294,0
2421,FANRYGKN5MM2IYKP,L0D1J5J3X9Q6GLYA,Approximate Cough,06-09-2014,3725,0
2422,X12VWXDZ343VAI00,L0D1J5J3X9Q6GLYA,Approximate Cough,22-12-2015,455,0
2423,FHV8O8X5PHZK0OJJ,L0D1J5J3X9Q6GLYA,Approximate Cough,22-03-2014,7191,1
2424,9IC6O4W67PKJ69B2,L0D1J5J3X9Q6GLYA,Approximate Cough,29-01-2015,2847,0
2425,U0EG7W56ECWW9Z0M,L0D1J5J3X9Q6GLYA,Approximate Cough,17-01-2015,889,0
2426,7GA9PLWHR3S76YS2,L0D1J5J3X9Q6GLYA,Approximate Cough,28-05-2014,6703,0
2427,4ER055OBXJ6OWM5X,L0D1J5J3X9Q6GLYA,Approximate Cough,25-10-2015,8207,1
2428,3XJ4OG3OTPNI0X8A,L0D1J5J3X9Q6GLYA,Approximate Cough,16-02-2017,8322,0
2429,DMQ9FH8AEPUHGIFS,L0D1J5J3X9Q6GLYA,Approximate Cough,16-12-2017,4932,0
2430,D4WCRLKIMQ23HH1D,L0D1J5J3X9Q6GLYA,Approximate Cough,04-04-2016,5073,0
2431,EILSNQV292HTLHAI,L0D1J5J3X9Q6GLYA,Approximate Cough,12-10-2015,5619,0
2432,K7XJAA7KDS1KI0JX,L0D1J5J3X9Q6GLYA,Approximate Cough,03-06-2017,3140,0
2433,GMWMYX2SV5E2TMML,L0D1J5J3X9Q6GLYA,Approximate Cough,10-01-2018,2855,0
2434,CNQ3GTVHUG01AV23,CH65E4PR7U9VK291,Unstuck Lindbergh'S,14-01-2017,7600,0
2435,HK4A7FM1G40SZJTC,CH65E4PR7U9VK291,Unstuck Lindbergh'S,22-03-2017,2305,0
2436,93V77WM5CGL8OD3G,CH65E4PR7U9VK291,Unstuck Lindbergh'S,14-06-2018,1149,1
2437,3CVO31VHDXXW1P4P,CH65E4PR7U9VK291,Unstuck Lindbergh'S,16-06-2018,9823,0
2438,QJ3CJNYHQSWGZ7M7,CH65E4PR7U9VK291,Unstuck Lindbergh'S,08-03-2016,4396,0
2439,YSEZ2WNH3TTUMNGD,CH65E4PR7U9VK291,Unstuck Lindbergh'S,12-04-2016,2632,0
2440,XY2838OVYCYL57F6,CH65E4PR7U9VK291,Unstuck Lindbergh'S,16-12-2015,6377,0
2441,PO45LXHG6QTAIWX8,CH65E4PR7U9VK291,Unstuck Lindbergh'S,17-01-2014,3605,0
2442,OM5OG3WR194AFJFE,CH65E4PR7U9VK291,Unstuck Lindbergh'S,20-05-2016,3971,0
2443,LYSN25793CY9UTNN,CH65E4PR7U9VK291,Unstuck Lindbergh'S,13-02-2017,9033,0
2444,NVKT63FIR82MAZSK,CH65E4PR7U9VK291,Unstuck Lindbergh'S,07-08-2016,6702,1
2445,53VK7XEVBHIDUKDJ,CH65E4PR7U9VK291,Unstuck Lindbergh'S,17-08-2015,186,0
2446,7UC7HE9FH45O2D66,CH65E4PR7U9VK291,Unstuck Lindbergh'S,10-12-2017,8524,0
2447,F46C4WMDQ2XOULME,CH65E4PR7U9VK291,Unstuck Lindbergh'S,31-07-2016,7716,0
2448,Z2CRNK7Q01L5DAVM,CH65E4PR7U9VK291,Unstuck Lindbergh'S,14-03-2018,5022,0
2449,10C58OSFHJIXNBG8,CH65E4PR7U9VK291,Unstuck Lindbergh'S,19-02-2018,3094,0
2450,G7LCYDP16PSSF38I,CH65E4PR7U9VK291,Unstuck Lindbergh'S,03-05-2017,3914,0
2451,3IKWMDMCUNS00BNJ,CH65E4PR7U9VK291,Unstuck Lindbergh'S,09-10-2016,4738,0
2452,95CEXFGQXHS0906U,CH65E4PR7U9VK291,Unstuck Lindbergh'S,07-04-2016,5637,0
2453,CI8WMUKW0VC5EXC0,CH65E4PR7U9VK291,Unstuck Lindbergh'S,02-03-2015,6108,0
2454,9DZULNJD8MGR6P38,CH65E4PR7U9VK291,Unstuck Lindbergh'S,04-06-2018,7472,1
2455,3LNZ05IM0ISY33SS,CH65E4PR7U9VK291,Unstuck Lindbergh'S,20-02-2017,2662,0
2456,DOPQWRDT12CFC4EJ,CH65E4PR7U9VK291,Unstuck Lindbergh'S,07-09-2014,9381,0
2457,AZZ0SJBN28YFDW8S,65AEYR2MXZC6NSGB,Thirty-Year Wrinkles,19-08-2017,2378,0
2458,FHHASZ61QEGJP04Z,65AEYR2MXZC6NSGB,Thirty-Year Wrinkles,17-04-2018,6590,1
2459,SXONBB3DBXOOHVMT,65AEYR2MXZC6NSGB,Thirty-Year Wrinkles,23-05-2018,6783,0
2460,Y2GOPFGX27OKTCM8,65AEYR2MXZC6NSGB,Thirty-Year Wrinkles,10-07-2015,4267,0
2461,V511USE4GFAKWOVS,65AEYR2MXZC6NSGB,Thirty-Year Wrinkles,23-08-2016,185,1
2462,B78IPNCYXNBNEXXR,65AEYR2MXZC6NSGB,Thirty-Year Wrinkles,21-05-2015,9905,0
2463,Z4DTCPXX6XINZN98,65AEYR2MXZC6NSGB,Thirty-Year Wrinkles,16-03-2014,9111,0
2464,3XLYBNRQ762W95I4,65AEYR2MXZC6NSGB,Thirty-Year Wrinkles,25-12-2015,3005,0
2465,DQ0YY3XTFL69IM0R,65AEYR2MXZC6NSGB,Thirty-Year Wrinkles,28-04-2016,8000,1
2466,UNQPYHUDZ6CM3DC1,65AEYR2MXZC6NSGB,Thirty-Year Wrinkles,07-08-2014,2220,1
2467,LJ564RAPT2W455GK,65AEYR2MXZC6NSGB,Thirty-Year Wrinkles,26-11-2017,957,0
2468,C004YD1581OU4IFC,65AEYR2MXZC6NSGB,Thirty-Year Wrinkles,14-05-2018,7721,0
2469,RYCR6S99CN6WPN1D,65AEYR2MXZC6NSGB,Thirty-Year Wrinkles,20-09-2016,9457,1
2470,HT753DPGN7BY56BF,0Y59LKNX2PJ25DPQ,Unseen Whip,19-05-2015,1442,0
2471,76P6BODLCUBVD0AM,0Y59LKNX2PJ25DPQ,Unseen Whip,01-04-2014,3215,0
2472,4NK9GE0YEFNAWPY2,0Y59LKNX2PJ25DPQ,Unseen Whip,12-10-2018,4746,1
2473,P7EST03553UXNQZN,0Y59LKNX2PJ25DPQ,Unseen Whip,06-11-2018,918,0
2474,NRHROYEL8LEYEY90,0Y59LKNX2PJ25DPQ,Unseen Whip,12-07-2018,5646,0
2475,RA7JD7J5HOXRPDZG,0Y59LKNX2PJ25DPQ,Unseen Whip,06-10-2015,1909,1
2476,VC9Q5YF373G8M1X6,0Y59LKNX2PJ25DPQ,Unseen Whip,26-05-2014,5257,0
2477,T2VSR6FM65MX4NZ8,0Y59LKNX2PJ25DPQ,Unseen Whip,06-11-2018,6882,0
2478,NU4347TXMZG5YEWK,0Y59LKNX2PJ25DPQ,Unseen Whip,09-06-2018,5277,0
2479,YLO9UBXXNL8P7XLV,0Y59LKNX2PJ25DPQ,Unseen Whip,11-12-2018,7076,0
2480,ONS7HA3Z024TVKID,0Y59LKNX2PJ25DPQ,Unseen Whip,15-04-2017,6055,0
2481,Y6G8RTEI45YIYNH0,0Y59LKNX2PJ25DPQ,Unseen Whip,20-07-2016,2064,0
2482,QKYSR3WM1TGD7F4W,0Y59LKNX2PJ25DPQ,Unseen Whip,21-04-2017,4045,0
2483,G51SPEKHGCB140K5,0Y59LKNX2PJ25DPQ,Unseen Whip,19-04-2018,7713,0
2484,ST0B8DF8D5Y4DSI4,0Y59LKNX2PJ25DPQ,Unseen Whip,14-12-2015,1456,0
2485,0E5ELESA61ZTCJ3H,0Y59LKNX2PJ25DPQ,Unseen Whip,04-06-2018,2477,0
2486,OEP99WZFMBHA3ZMJ,0Y59LKNX2PJ25DPQ,Unseen Whip,27-07-2015,4358,1
2487,ITCAPHVJCG9W0R6Q,0Y59LKNX2PJ25DPQ,Unseen Whip,09-07-2017,8737,0
2488,OYKIH3JDITLCGX4F,0Y59LKNX2PJ25DPQ,Unseen Whip,11-06-2015,312,0
2489,O3VJ9T0QADA0LVA7,0Y59LKNX2PJ25DPQ,Unseen Whip,04-11-2017,2628,0
2490,JY43QNY3O8GTWD8N,0Y59LKNX2PJ25DPQ,Unseen Whip,23-07-2014,5280,0
2491,4B66B5HQ1W43TZ1J,Z1N0AJIP6NJQMI3W,Passionate Brink,22-12-2015,8095,1
2492,IQR1RUY2WNJ2TFLA,Z1N0AJIP6NJQMI3W,Passionate Brink,25-08-2018,4796,0
2493,TZZR6GAOL3RIOYBU,Z1N0AJIP6NJQMI3W,Passionate Brink,16-10-2016,6971,0
2494,OATCR2UMVL0OS8VP,Z1N0AJIP6NJQMI3W,Passionate Brink,13-12-2017,7232,1
2495,9EZDPBKIPKX4PMEO,Z1N0AJIP6NJQMI3W,Passionate Brink,30-09-2016,340,0
2496,F628PJ5OW5O5NB8E,Z1N0AJIP6NJQMI3W,Passionate Brink,15-10-2018,8938,0
2497,Q7O2AFCFAGGP7NV1,Z1N0AJIP6NJQMI3W,Passionate Brink,02-01-2018,561,0
2498,8DTM8UUUQ0GVJ1F3,Z1N0AJIP6NJQMI3W,Passionate Brink,27-05-2018,7958,0
2499,EFIS7834A766I8OG,Z1N0AJIP6NJQMI3W,Passionate Brink,01-08-2014,1413,0
2500,564JM5T3H5VTKEMF,Z1N0AJIP6NJQMI3W,Passionate Brink,29-06-2015,8022,0
2501,10OSQJG438DWHBKC,Z1N0AJIP6NJQMI3W,Passionate Brink,11-02-2015,6041,0
2502,HZWVDTODCZAABSCB,Z1N0AJIP6NJQMI3W,Passionate Brink,10-10-2014,5575,1
2503,O55MM3YCLLVRKNH6,Z1N0AJIP6NJQMI3W,Passionate Brink,24-07-2017,7406,0
2504,YPVWX6FAEYZN8J07,Z1N0AJIP6NJQMI3W,Passionate Brink,03-01-2015,1667,0
2505,ARUK3OIIK9X9VJI5,Z1N0AJIP6NJQMI3W,Passionate Brink,12-10-2015,4139,1
2506,THS6SCICW7AB89T7,Z1N0AJIP6NJQMI3W,Passionate Brink,16-04-2015,3500,0
2507,VQYFJS15IE0T2SK3,Z1N0AJIP6NJQMI3W,Passionate Brink,04-08-2017,3241,0
2508,EPWGTGKD5XOY8V9M,Z1N0AJIP6NJQMI3W,Passionate Brink,09-11-2016,5302,0
2509,QHFAS76P7PEXZ24Z,Z1N0AJIP6NJQMI3W,Passionate Brink,05-08-2014,7999,0
2510,UNS6KZHAS48R0H3Y,Z1N0AJIP6NJQMI3W,Passionate Brink,30-08-2017,1824,0
2511,8RQF5XCBWRWLLM3L,Z1N0AJIP6NJQMI3W,Passionate Brink,20-08-2015,480,0
2512,QLX1DJW2TAIFEB7N,Z1N0AJIP6NJQMI3W,Passionate Brink,28-12-2014,2702,0
2513,9FIM3YQ9BR77F03M,Z1N0AJIP6NJQMI3W,Passionate Brink,05-01-2015,8085,0
2514,6VN6STHWH7QFSURL,Z1N0AJIP6NJQMI3W,Passionate Brink,17-03-2015,4082,0
2515,MTGJF5JOO6YAYHYQ,VADPLYYLM4WCGT10,Nilpotent Overflow,12-07-2017,6538,0
2516,91I8GEGUIS36TTI5,VADPLYYLM4WCGT10,Nilpotent Overflow,16-07-2016,1901,0
2517,ZN3CIKWVJGOV164B,VADPLYYLM4WCGT10,Nilpotent Overflow,19-09-2017,2031,0
2518,3MTWODQ3ASE5RIJF,VADPLYYLM4WCGT10,Nilpotent Overflow,22-08-2015,7335,0
2519,8X5H0ZMPPVR0JV0X,VADPLYYLM4WCGT10,Nilpotent Overflow,02-03-2018,3903,0
2520,S3V4PDG82KXFYTGJ,VADPLYYLM4WCGT10,Nilpotent Overflow,09-08-2015,9463,0
2521,9W1VTLSYE1G71TEZ,VADPLYYLM4WCGT10,Nilpotent Overflow,22-03-2015,7874,0
2522,VWOAAOIZCUO9J6YC,VADPLYYLM4WCGT10,Nilpotent Overflow,23-04-2016,7773,1
2523,DIA6OS8BKKKSDAI6,VADPLYYLM4WCGT10,Nilpotent Overflow,03-11-2018,5882,0
2524,XKD34X8FK2K4W12H,VADPLYYLM4WCGT10,Nilpotent Overflow,12-10-2016,7997,1
2525,Q2PQ2WAXI9NJBAOG,VADPLYYLM4WCGT10,Nilpotent Overflow,01-09-2015,3533,0
2526,SETYHCNUI88HK4U8,VADPLYYLM4WCGT10,Nilpotent Overflow,27-12-2015,2371,0
2527,M04VVOJ0ZY0OHPF1,VADPLYYLM4WCGT10,Nilpotent Overflow,05-09-2015,943,0
2528,211UVC4JPVNJVUD6,VADPLYYLM4WCGT10,Nilpotent Overflow,21-10-2017,6872,1
2529,S2YY2YVMNFRF1LVO,VADPLYYLM4WCGT10,Nilpotent Overflow,25-08-2018,9480,1
2530,FT9XA0Q24MYTX2S8,VADPLYYLM4WCGT10,Nilpotent Overflow,11-03-2014,372,0
2531,LGC024H7X2KFTN2Y,VADPLYYLM4WCGT10,Nilpotent Overflow,25-01-2015,5258,0
2532,FIGSY2Z33L5Q6AY7,VADPLYYLM4WCGT10,Nilpotent Overflow,07-08-2015,8802,0
2533,M0VMX197WUFL39P0,HDJ17XQ4H0GCPT1D,Anti-Newtonian Lower-Status,24-01-2018,8522,1
2534,9FM9DXF0XGL36S9R,HDJ17XQ4H0GCPT1D,Anti-Newtonian Lower-Status,20-11-2014,8024,0
2535,1CK44ZGTKLIXOOBR,HDJ17XQ4H0GCPT1D,Anti-Newtonian Lower-Status,06-08-2014,4413,0
2536,7MS75J3CC37MWT5T,HDJ17XQ4H0GCPT1D,Anti-Newtonian Lower-Status,14-08-2015,5550,0
2537,IZF01KAP54YDE13Q,HDJ17XQ4H0GCPT1D,Anti-Newtonian Lower-Status,29-03-2018,1258,0
2538,RCE94XQUAHMI7MAA,HDJ17XQ4H0GCPT1D,Anti-Newtonian Lower-Status,08-09-2017,2230,0
2539,QB2YCLJLS14U7R9S,HDJ17XQ4H0GCPT1D,Anti-Newtonian Lower-Status,25-11-2014,3342,1
2540,AW29Q5JWZN6SIKTO,HDJ17XQ4H0GCPT1D,Anti-Newtonian Lower-Status,20-08-2016,5663,1
2541,K0KHYDRAYMOQWL17,HDJ17XQ4H0GCPT1D,Anti-Newtonian Lower-Status,17-01-2014,4897,0
2542,ZJGPRXYCGK231D80,HDJ17XQ4H0GCPT1D,Anti-Newtonian Lower-Status,24-06-2014,6529,1
2543,COQK2J7SBVVEAC4F,HDJ17XQ4H0GCPT1D,Anti-Newtonian Lower-Status,04-05-2018,5446,1
2544,9RD3G3B8S60C8TVE,HDJ17XQ4H0GCPT1D,Anti-Newtonian Lower-Status,01-02-2016,9807,1
2545,2141MD1CWR4SXTX9,HDJ17XQ4H0GCPT1D,Anti-Newtonian Lower-Status,08-09-2017,1744,0
2546,KP0Q2UV2D7IZ4R2L,HDJ17XQ4H0GCPT1D,Anti-Newtonian Lower-Status,23-02-2018,713,0
2547,UD448AYDBO2FVN1O,HDJ17XQ4H0GCPT1D,Anti-Newtonian Lower-Status,31-07-2016,9261,0
2548,U26HT498H648UMZ9,CRN5SONHZB5ED24D,Fat-Soluble Symphony,07-06-2018,9751,0
2549,VIBVGAQ4V05LVB2G,CRN5SONHZB5ED24D,Fat-Soluble Symphony,18-09-2016,6019,0
2550,63UXXR85DZCDFXXQ,CRN5SONHZB5ED24D,Fat-Soluble Symphony,06-02-2018,8109,1
2551,3OVUIRX7NVGZIJT7,CRN5SONHZB5ED24D,Fat-Soluble Symphony,22-09-2016,2114,0
2552,9EC8572IIJ8LAUBU,CRN5SONHZB5ED24D,Fat-Soluble Symphony,17-03-2016,1753,0
2553,AAFEJGPIJZW22RGJ,CRN5SONHZB5ED24D,Fat-Soluble Symphony,14-10-2017,7920,0
2554,GCL81YKXU9GTOYRV,CRN5SONHZB5ED24D,Fat-Soluble Symphony,12-02-2015,8663,0
2555,JUCS7C6WE0RTPYSM,CRN5SONHZB5ED24D,Fat-Soluble Symphony,29-10-2018,4174,0
2556,G46UYWXQMVXHCOSC,CRN5SONHZB5ED24D,Fat-Soluble Symphony,15-08-2018,3379,0
2557,632DAFEGBCNYACJ4,CRN5SONHZB5ED24D,Fat-Soluble Symphony,05-02-2018,8140,0
2558,MDLYBOPGPPO2DCL8,CRN5SONHZB5ED24D,Fat-Soluble Symphony,06-05-2018,8551,0
2559,1I80XVYGWJD600JN,CRN5SONHZB5ED24D,Fat-Soluble Symphony,14-06-2017,6093,0
2560,XZ2BF2B43Q3D5936,CRN5SONHZB5ED24D,Fat-Soluble Symphony,23-02-2017,2339,0
2561,OYSYVGCKUAA9E35W,CRN5SONHZB5ED24D,Fat-Soluble Symphony,13-04-2016,8802,1
2562,82N6839M0VEHQ3A7,CRN5SONHZB5ED24D,Fat-Soluble Symphony,02-12-2016,3937,0
2563,3GYPNITQ3WQ85MMB,CRN5SONHZB5ED24D,Fat-Soluble Symphony,01-01-2017,177,0
2564,D30XKUE88G3KHKTH,CRN5SONHZB5ED24D,Fat-Soluble Symphony,12-02-2016,879,0
2565,G0JSWRPH317TLLRD,CRN5SONHZB5ED24D,Fat-Soluble Symphony,16-10-2015,5315,1
2566,DT6MT0CDF24HL8ZR,CRN5SONHZB5ED24D,Fat-Soluble Symphony,04-02-2018,5103,0
2567,PPJVC0B73OXYY0IB,CRN5SONHZB5ED24D,Fat-Soluble Symphony,08-08-2016,9462,0
2568,15FR9ORLH98H0OZZ,CRN5SONHZB5ED24D,Fat-Soluble Symphony,10-09-2015,2550,0
2569,J04LPWHG3MQILB13,CRN5SONHZB5ED24D,Fat-Soluble Symphony,31-03-2014,282,0
2570,V2C8NYIG4WPK6Q6Q,NGHYX62M2WHBMSKX,Calm Rabble,16-09-2017,277,0
2571,CVEJ2J6Y5U7P00XR,NGHYX62M2WHBMSKX,Calm Rabble,15-04-2015,9823,0
2572,7YI8E4WFVQN9DOBS,NGHYX62M2WHBMSKX,Calm Rabble,23-09-2018,7153,1
2573,3QQ4EZIRB7AM6IU9,NGHYX62M2WHBMSKX,Calm Rabble,09-10-2017,3188,0
2574,5RKXSRHNL3A2L6QD,NGHYX62M2WHBMSKX,Calm Rabble,18-11-2017,7869,0
2575,UER5POWMJE2MXWQA,NGHYX62M2WHBMSKX,Calm Rabble,27-01-2016,5799,0
2576,74PRC3JDHXALG6RR,NGHYX62M2WHBMSKX,Calm Rabble,19-06-2018,8716,1
2577,Y4Z28KCE1TPXNGQ9,NGHYX62M2WHBMSKX,Calm Rabble,11-06-2015,6699,1
2578,3APCXZES2ZTG1XP1,NGHYX62M2WHBMSKX,Calm Rabble,09-03-2017,9655,0
2579,IP1WRVY4ON1T56OK,NGHYX62M2WHBMSKX,Calm Rabble,09-07-2015,1536,0
2580,FRL6UYIQ5W8FZLTN,NGHYX62M2WHBMSKX,Calm Rabble,22-09-2015,6443,1
2581,5JMJ6ASDKRHMGONG,EQH4U7NQ6IZM00FQ,Two-Mile Coffin,23-03-2016,9545,0
2582,GF643V5NAVM272HR,EQH4U7NQ6IZM00FQ,Two-Mile Coffin,12-06-2017,8998,0
2583,GGUQ72QC4WCKI6GH,EQH4U7NQ6IZM00FQ,Two-Mile Coffin,25-03-2016,6406,0
2584,QI9VWO8UVAFVB9FV,EQH4U7NQ6IZM00FQ,Two-Mile Coffin,17-03-2015,2042,0
2585,IVOW9RB0VQM75FXZ,EQH4U7NQ6IZM00FQ,Two-Mile Coffin,08-07-2016,5114,0
2586,WMAXHMKCDLYAZ5C3,EQH4U7NQ6IZM00FQ,Two-Mile Coffin,21-07-2018,6098,1
2587,I61SYYFW0HY7BTJ4,EQH4U7NQ6IZM00FQ,Two-Mile Coffin,03-10-2018,5966,0
2588,PK5I4IRTB7HXH093,EQH4U7NQ6IZM00FQ,Two-Mile Coffin,07-01-2018,7957,1
2589,FFQNFRH0H7L66YOU,EQH4U7NQ6IZM00FQ,Two-Mile Coffin,18-02-2018,8070,0
2590,HLCQSTJK0XWS7QFV,EQH4U7NQ6IZM00FQ,Two-Mile Coffin,07-07-2014,8243,0
2591,YK7REVU3N1JOUYNT,EQH4U7NQ6IZM00FQ,Two-Mile Coffin,12-05-2016,4068,1
2592,D77QZPMCG7RTUIPG,EQH4U7NQ6IZM00FQ,Two-Mile Coffin,30-08-2016,724,0
2593,Y1D2OKR8TLEW3AVY,EQH4U7NQ6IZM00FQ,Two-Mile Coffin,01-08-2018,1956,1
2594,4C1L0D3NTWPCN3JF,EQH4U7NQ6IZM00FQ,Two-Mile Coffin,01-06-2018,1769,0
2595,48K11V4BU8FJY1WJ,EQH4U7NQ6IZM00FQ,Two-Mile Coffin,17-10-2018,5452,0
2596,2TGSU03R92QHTGS4,EQH4U7NQ6IZM00FQ,Two-Mile Coffin,25-10-2017,188,1
2597,Q8JGEETGURACQZH6,EQH4U7NQ6IZM00FQ,Two-Mile Coffin,07-12-2015,1587,0
2598,ZNCCYS2BVFCTRDGX,EQH4U7NQ6IZM00FQ,Two-Mile Coffin,26-04-2015,1295,0
2599,ZMQSF59J39D7WCRJ,EQH4U7NQ6IZM00FQ,Two-Mile Coffin,31-12-2014,1259,0
2600,0BKG0JSSR1QOSTL4,EQH4U7NQ6IZM00FQ,Two-Mile Coffin,18-05-2018,5853,0
2601,3MT1DF098WFR8LUO,EQH4U7NQ6IZM00FQ,Two-Mile Coffin,10-03-2017,8048,0
2602,VDWBYF8DCK8U6X3M,EQH4U7NQ6IZM00FQ,Two-Mile Coffin,10-03-2017,1467,0
2603,US6M52WN71YSRWCA,AUJACHQVQ9DIH1HB,Atlantic Dining,10-06-2016,375,0
2604,CGOQ7HS5Z5Y9SMEF,AUJACHQVQ9DIH1HB,Atlantic Dining,10-11-2018,6168,0
2605,PDNUD4FKJ4LBY0OM,AUJACHQVQ9DIH1HB,Atlantic Dining,25-11-2017,3733,1
2606,HOBCHW9AO16PI50Q,AUJACHQVQ9DIH1HB,Atlantic Dining,18-06-2018,2929,1
2607,C148U81G6OMPINS7,AUJACHQVQ9DIH1HB,Atlantic Dining,20-08-2016,866,0
2608,WD2IIMX15FOMHCU9,AUJACHQVQ9DIH1HB,Atlantic Dining,08-12-2018,7346,0
2609,4HRC2NI6HUPD9BDM,AUJACHQVQ9DIH1HB,Atlantic Dining,16-12-2016,6080,0
2610,IVVK23OWYU19LYQ5,AUJACHQVQ9DIH1HB,Atlantic Dining,06-09-2016,701,0
2611,S758TGWDOMV3V8KO,AUJACHQVQ9DIH1HB,Atlantic Dining,24-08-2016,9206,0
2612,L2L6TQXRBYQ3QDJ7,AUJACHQVQ9DIH1HB,Atlantic Dining,30-11-2015,9179,1
2613,H3LCIQPVUXBGDKY1,AUJACHQVQ9DIH1HB,Atlantic Dining,30-06-2014,3688,0
2614,UU5XQGS7KQ4QHE9P,AUJACHQVQ9DIH1HB,Atlantic Dining,31-08-2016,9696,1
2615,1AQTBPK9AOFJR55B,AUJACHQVQ9DIH1HB,Atlantic Dining,30-07-2015,6905,1
2616,F1T1IA1GFDRH34CA,AUJACHQVQ9DIH1HB,Atlantic Dining,12-08-2017,6148,0
2617,38MQ8CLTZRAJPJR5,AUJACHQVQ9DIH1HB,Atlantic Dining,26-12-2014,1261,0
2618,T0IAWT74P27SGVO6,AUJACHQVQ9DIH1HB,Atlantic Dining,19-04-2018,3766,0
2619,V10VUPMKAZ1K6MFL,AUJACHQVQ9DIH1HB,Atlantic Dining,14-02-2015,8116,0
2620,H0JWIIAWNUL5N3D8,A56J9C1ZOTWXHBNT,Unconcerned Waite,18-08-2016,6623,0
2621,MARTM0WPZAHODUZP,A56J9C1ZOTWXHBNT,Unconcerned Waite,06-09-2015,2592,0
2622,Y4V900U67MLHCCNI,A56J9C1ZOTWXHBNT,Unconcerned Waite,11-06-2014,4465,0
2623,7QJCJ6YFK2QML3KW,A56J9C1ZOTWXHBNT,Unconcerned Waite,18-05-2015,6703,0
2624,N5HLGA76M3FCLOLO,A56J9C1ZOTWXHBNT,Unconcerned Waite,28-06-2018,7507,1
2625,WXRIUG75UMG9N1WI,A56J9C1ZOTWXHBNT,Unconcerned Waite,29-11-2014,3651,0
2626,FNKX98D59K5T30QH,A56J9C1ZOTWXHBNT,Unconcerned Waite,08-05-2014,2587,0
2627,JSA76QGU833H08A6,A56J9C1ZOTWXHBNT,Unconcerned Waite,16-08-2015,2652,0
2628,VSG0L4N385ET6N3W,A56J9C1ZOTWXHBNT,Unconcerned Waite,21-07-2018,1953,0
2629,LEZZO156ISR48BCT,A56J9C1ZOTWXHBNT,Unconcerned Waite,03-02-2016,4196,1
2630,Q49W73DEGWLTB79Y,A56J9C1ZOTWXHBNT,Unconcerned Waite,10-03-2017,4387,0
2631,TA84WHSBIT5PIRTQ,A56J9C1ZOTWXHBNT,Unconcerned Waite,06-03-2017,2457,0
2632,TNFUTLF5LD4DY5O7,A56J9C1ZOTWXHBNT,Unconcerned Waite,10-04-2016,6482,0
2633,T93GIHIW7AOWXGH6,A56J9C1ZOTWXHBNT,Unconcerned Waite,03-09-2016,1828,1
2634,PQYRDDW5BVY3HLIL,A56J9C1ZOTWXHBNT,Unconcerned Waite,09-11-2014,7030,1
2635,8KO07MJ4CZY2002N,A56J9C1ZOTWXHBNT,Unconcerned Waite,22-03-2016,6737,0
2636,Z8NTNLUA0TCD1QLF,A56J9C1ZOTWXHBNT,Unconcerned Waite,25-06-2018,7451,0
2637,ZUN2VTVVIU7850YN,A56J9C1ZOTWXHBNT,Unconcerned Waite,21-06-2017,6875,1
2638,Y0KZHEFXET1OPBL1,A56J9C1ZOTWXHBNT,Unconcerned Waite,26-10-2016,4125,0
2639,G3GM7BHEVHS0FHCU,A56J9C1ZOTWXHBNT,Unconcerned Waite,21-06-2015,9958,0
2640,ZP7TSS03EXCEWX71,A56J9C1ZOTWXHBNT,Unconcerned Waite,13-12-2015,7426,0
2641,1KI4OOXME3G48FX5,A56J9C1ZOTWXHBNT,Unconcerned Waite,17-01-2016,4735,0
2642,YS6SDLKXTTZHZ7BU,A56J9C1ZOTWXHBNT,Unconcerned Waite,25-01-2017,4722,0
2643,VFWP8TCY6L2NB3IM,H6B7Y8OOKFSKA4CK,Archeological Purists,06-06-2014,8244,1
2644,VP8N8NO5NZ1096VC,H6B7Y8OOKFSKA4CK,Archeological Purists,15-01-2018,1485,0
2645,R8F60CUA9JJ6XTN6,H6B7Y8OOKFSKA4CK,Archeological Purists,15-07-2017,7514,0
2646,L3ZN19PJJD96DA4A,H6B7Y8OOKFSKA4CK,Archeological Purists,09-09-2017,8066,0
2647,FH1RHTFKO6BS1DFB,H6B7Y8OOKFSKA4CK,Archeological Purists,25-12-2017,3589,0
2648,66CLKGYM0YXTFXVS,H6B7Y8OOKFSKA4CK,Archeological Purists,31-10-2018,716,0
2649,YPNWTYMD77ZBE86H,H6B7Y8OOKFSKA4CK,Archeological Purists,15-02-2015,2530,0
2650,LYKV3OQO1PEY4850,H6B7Y8OOKFSKA4CK,Archeological Purists,14-01-2016,9431,0
2651,ZYZ6CK5TDGU98O94,H6B7Y8OOKFSKA4CK,Archeological Purists,17-04-2014,242,0
2652,QXMLOQIPMMVY5K8Z,H6B7Y8OOKFSKA4CK,Archeological Purists,28-03-2017,5376,0
2653,NEUI5LVCVC7HZ6K4,H6B7Y8OOKFSKA4CK,Archeological Purists,10-09-2016,4364,1
2654,SUB3LHLZLYZ2N9ZX,H6B7Y8OOKFSKA4CK,Archeological Purists,24-04-2014,6228,0
2655,RW21PH148TX701BO,H6B7Y8OOKFSKA4CK,Archeological Purists,19-03-2018,3435,0
2656,WH5IM2VHSEFRK2F5,H6B7Y8OOKFSKA4CK,Archeological Purists,24-04-2017,1424,0
2657,EA6FTDML7EGR0FXW,H6B7Y8OOKFSKA4CK,Archeological Purists,10-11-2016,6920,0
2658,E3C7GU3L5ZG5NCJC,H6B7Y8OOKFSKA4CK,Archeological Purists,18-01-2014,8983,0
2659,DM106J48VRS0FSNT,H6B7Y8OOKFSKA4CK,Archeological Purists,28-09-2018,2839,0
2660,IXBDPYV1JF646QM6,CY34WWCBYF6PBWHU,Snazzy Amendment,06-12-2014,3515,0
2661,0CB375WEYGUG51TA,CY34WWCBYF6PBWHU,Snazzy Amendment,29-07-2015,1999,0
2662,9YW714897FZC0RNK,CY34WWCBYF6PBWHU,Snazzy Amendment,29-04-2015,9374,0
2663,DSNB5B696XUB7E6B,CY34WWCBYF6PBWHU,Snazzy Amendment,02-06-2015,670,0
2664,VTWO0TWW0292ZOBH,CY34WWCBYF6PBWHU,Snazzy Amendment,15-03-2018,8876,0
2665,YPHHYTYELBPLTZB9,CY34WWCBYF6PBWHU,Snazzy Amendment,04-02-2017,322,0
2666,SNDEGBGFUZNE7PS4,CY34WWCBYF6PBWHU,Snazzy Amendment,18-10-2017,4078,0
2667,G7AN37IXYIJRV4SA,CY34WWCBYF6PBWHU,Snazzy Amendment,12-04-2018,6044,0
2668,FRB3FAB4ECNUIRDT,CY34WWCBYF6PBWHU,Snazzy Amendment,14-05-2014,5560,0
2669,GEM78Y6I79MV6C9I,CY34WWCBYF6PBWHU,Snazzy Amendment,22-02-2014,3781,0
2670,CHF913ZBLNIAEWRN,CY34WWCBYF6PBWHU,Snazzy Amendment,04-11-2017,5482,0
2671,CJRXE12KN7TWUXW6,CY34WWCBYF6PBWHU,Snazzy Amendment,04-11-2018,9462,0
2672,UTJ650YBB3F2S9LZ,CY34WWCBYF6PBWHU,Snazzy Amendment,29-07-2015,7358,1
2673,JGQHSO9Y24RRN324,CY34WWCBYF6PBWHU,Snazzy Amendment,01-05-2016,6475,0
2674,HRMAO67HALOJJ26R,CY34WWCBYF6PBWHU,Snazzy Amendment,25-02-2016,3984,0
2675,4ADY5NJR79Y2BMH4,CY34WWCBYF6PBWHU,Snazzy Amendment,19-09-2018,2505,0
2676,W54SPB6D2C2GWVRZ,CY34WWCBYF6PBWHU,Snazzy Amendment,23-09-2014,5664,0
2677,PQFUEUVJDDOEC1NG,CY34WWCBYF6PBWHU,Snazzy Amendment,15-08-2014,4515,0
2678,ECOVO4AMXRPWBZZ0,CY34WWCBYF6PBWHU,Snazzy Amendment,12-11-2016,7047,0
2679,Y2X679XZRKIENLVV,CY34WWCBYF6PBWHU,Snazzy Amendment,05-11-2014,8071,0
2680,ESBAZ65ERZUHQ8B7,CY34WWCBYF6PBWHU,Snazzy Amendment,16-09-2018,1924,1
2681,Y748V2ORUBXUL1WV,CY34WWCBYF6PBWHU,Snazzy Amendment,30-07-2017,5397,0
2682,VC9QUGWCOT6Y42KJ,CY34WWCBYF6PBWHU,Snazzy Amendment,12-07-2015,7408,0
2683,983UVGT87JOX0LKQ,GVWXMK2NOGXXDT67,Nonfunctional Gauze,25-06-2014,1802,0
2684,32B5JPBMXJMFJFYQ,GVWXMK2NOGXXDT67,Nonfunctional Gauze,10-12-2016,3276,0
2685,134XD5NMP9540RNE,GVWXMK2NOGXXDT67,Nonfunctional Gauze,31-03-2016,9954,0
2686,0KYQTUZ7V7Q7Q2OM,GVWXMK2NOGXXDT67,Nonfunctional Gauze,20-05-2018,576,0
2687,VKTN7IUH3AZMIY3S,GVWXMK2NOGXXDT67,Nonfunctional Gauze,07-03-2015,3312,0
2688,BIPRUB419V9RLC9D,GVWXMK2NOGXXDT67,Nonfunctional Gauze,18-04-2014,918,0
2689,ALO70RB41W8NZ2FS,GVWXMK2NOGXXDT67,Nonfunctional Gauze,17-07-2017,6681,0
2690,L0BVPKKE13WJYB70,GVWXMK2NOGXXDT67,Nonfunctional Gauze,19-08-2017,1411,0
2691,GV47ISL50QK3V1QJ,GVWXMK2NOGXXDT67,Nonfunctional Gauze,22-11-2014,260,0
2692,3S7HLN5R3W2T5T3V,GVWXMK2NOGXXDT67,Nonfunctional Gauze,01-11-2014,3249,0
2693,SQWVWIZAYOP9BK27,GVWXMK2NOGXXDT67,Nonfunctional Gauze,19-11-2015,3575,1
2694,JSC6VGKS8IDLWEQE,GVWXMK2NOGXXDT67,Nonfunctional Gauze,02-06-2017,7826,0
2695,F4G14FW5LT76Q075,GVWXMK2NOGXXDT67,Nonfunctional Gauze,17-01-2018,4153,0
2696,HL88UT9PT17LG3K9,GVWXMK2NOGXXDT67,Nonfunctional Gauze,04-11-2018,1695,1
2697,PG0QZ13DMVA3HZ4I,GVWXMK2NOGXXDT67,Nonfunctional Gauze,12-06-2018,7980,0
2698,4497SNI4ABYPJBAA,GVWXMK2NOGXXDT67,Nonfunctional Gauze,06-08-2015,8063,1
2699,YYFSDXZK0TWZU1JM,GVWXMK2NOGXXDT67,Nonfunctional Gauze,16-08-2017,8958,0
2700,9C8AQUQSTI1G65E6,RNPYAWLCAIBSWM8J,"Glutinous $30,000",24-09-2018,8156,0
2701,E7DQS07OW5J4NHUZ,RNPYAWLCAIBSWM8J,"Glutinous $30,000",23-06-2016,150,0
2702,FYYIQ1WSCIOL5AMB,RNPYAWLCAIBSWM8J,"Glutinous $30,000",15-06-2014,585,1
2703,E2K6P6F3FPINUIXR,RNPYAWLCAIBSWM8J,"Glutinous $30,000",01-09-2014,2503,1
2704,96FCNOBPSZ1C09BO,RNPYAWLCAIBSWM8J,"Glutinous $30,000",01-03-2018,6809,1
2705,YE4RJMQSW666JV11,RNPYAWLCAIBSWM8J,"Glutinous $30,000",11-07-2014,1967,0
2706,0RW81L9I3PYUNOD4,RNPYAWLCAIBSWM8J,"Glutinous $30,000",08-02-2014,5472,0
2707,BJ52Y7VXOTJ4C7ME,RNPYAWLCAIBSWM8J,"Glutinous $30,000",25-12-2015,5868,0
2708,3GVSWDABNDTI7WOA,RNPYAWLCAIBSWM8J,"Glutinous $30,000",30-12-2014,622,0
2709,81NAQWN4M864IIBI,RNPYAWLCAIBSWM8J,"Glutinous $30,000",23-04-2016,4114,0
2710,FNN8GZZ122B6F1HW,RNPYAWLCAIBSWM8J,"Glutinous $30,000",27-05-2018,3137,0
2711,Q9ZS5FFPCG2R7S7Z,RNPYAWLCAIBSWM8J,"Glutinous $30,000",21-12-2016,6340,0
2712,DI84CW3UHMONI3D0,RNPYAWLCAIBSWM8J,"Glutinous $30,000",13-07-2015,7778,0
2713,V7ABK6SBQJ16NPA0,RNPYAWLCAIBSWM8J,"Glutinous $30,000",06-09-2017,6462,0
2714,AYULC9J6YT3MNMYP,RNPYAWLCAIBSWM8J,"Glutinous $30,000",19-12-2016,6109,0
2715,HIANU5VSQOKYYRPR,RNPYAWLCAIBSWM8J,"Glutinous $30,000",01-08-2015,7354,0
2716,I5VYNF4S8WFQDLB4,RNPYAWLCAIBSWM8J,"Glutinous $30,000",09-12-2016,9976,0
2717,5IJP2UU16KSYEY89,RNPYAWLCAIBSWM8J,"Glutinous $30,000",23-04-2017,2738,0
2718,EPCAZAURIRVD1PCS,RNPYAWLCAIBSWM8J,"Glutinous $30,000",22-06-2014,8297,0
2719,QT2VON8IAH0R09QH,RNPYAWLCAIBSWM8J,"Glutinous $30,000",18-04-2018,5202,0
2720,P1FQAEIAL3K8M5OT,RNPYAWLCAIBSWM8J,"Glutinous $30,000",08-02-2017,9489,1
2721,BYQRDDKR28U2E7KW,RNPYAWLCAIBSWM8J,"Glutinous $30,000",19-07-2018,1956,0
2722,WHHMO4L48LQXKIL8,OUF85R4P95S9YV41,Unshielded Offender,09-06-2014,9174,1
2723,HT4ILYVRVM1DOQZH,OUF85R4P95S9YV41,Unshielded Offender,30-01-2016,3522,0
2724,JAZSNWN39V0S35X2,OUF85R4P95S9YV41,Unshielded Offender,16-05-2016,4095,1
2725,KDOAMTO3PNVAWWCX,OUF85R4P95S9YV41,Unshielded Offender,30-04-2018,4189,0
2726,4DP95BDL8GBJ82P7,OUF85R4P95S9YV41,Unshielded Offender,21-08-2016,8793,0
2727,9PPLZRHJPWGFL5MY,OUF85R4P95S9YV41,Unshielded Offender,03-08-2015,2047,0
2728,A51FDFAUFZDA1AZG,OUF85R4P95S9YV41,Unshielded Offender,31-08-2014,3235,0
2729,FZZDBUG1AU0A9MR8,OUF85R4P95S9YV41,Unshielded Offender,15-12-2017,3022,0
2730,3S6LIUHKRY2AJA9D,OUF85R4P95S9YV41,Unshielded Offender,30-12-2015,8568,1
2731,AO0TBVYM2MAUCW6R,OUF85R4P95S9YV41,Unshielded Offender,31-05-2015,5885,0
2732,6WL0EF6YW61NIR0B,OUF85R4P95S9YV41,Unshielded Offender,22-09-2018,4906,0
2733,EYNCT4EBMMRINZXU,OUF85R4P95S9YV41,Unshielded Offender,04-01-2017,6510,0
2734,76GZM06NKZE3H548,OUF85R4P95S9YV41,Unshielded Offender,10-07-2015,4468,0
2735,6SC6U9572V5FE9UD,OUF85R4P95S9YV41,Unshielded Offender,07-03-2016,5319,0
2736,LBLA6DJPNZEYL9EL,OUF85R4P95S9YV41,Unshielded Offender,24-08-2018,1152,0
2737,VJM4YYK4EJSIJ7AN,OUF85R4P95S9YV41,Unshielded Offender,06-03-2015,3191,0
2738,1IK0NJSFF5PBXSWM,OUF85R4P95S9YV41,Unshielded Offender,06-06-2015,4572,0
2739,0V1ROCJXPCYCY2QW,OUF85R4P95S9YV41,Unshielded Offender,07-01-2015,6158,0
2740,NN9H764P8QUKJNNF,OUF85R4P95S9YV41,Unshielded Offender,29-09-2016,7896,0
2741,I7RC6VMEVZC2GD9X,UVP07PCB2RGI9QN1,Nameless Demonstrators,18-07-2014,4242,1
2742,CPGE8MM8CLLWUX1U,UVP07PCB2RGI9QN1,Nameless Demonstrators,18-12-2016,4074,0
2743,PYEMK533K39CQ6FQ,UVP07PCB2RGI9QN1,Nameless Demonstrators,05-04-2015,1965,0
2744,PGV7BEL4HMJZ0962,UVP07PCB2RGI9QN1,Nameless Demonstrators,14-05-2016,562,0
2745,EGZYEJ2WIB7HFFAK,UVP07PCB2RGI9QN1,Nameless Demonstrators,01-11-2014,1275,0
2746,V8VFFXV273ORZYQP,UVP07PCB2RGI9QN1,Nameless Demonstrators,02-12-2018,4944,0
2747,NL1TQ68DN5RDMZ6F,UVP07PCB2RGI9QN1,Nameless Demonstrators,14-09-2016,7622,1
2748,JFBFYFT2XG4JO3WZ,UVP07PCB2RGI9QN1,Nameless Demonstrators,29-05-2014,1454,0
2749,2X77CTDXPPSTC76Y,UVP07PCB2RGI9QN1,Nameless Demonstrators,11-09-2015,3549,0
2750,PJ61MRJAOUEZUB64,UVP07PCB2RGI9QN1,Nameless Demonstrators,08-09-2016,146,0
2751,PK6N2VGH23WUXIGC,UVP07PCB2RGI9QN1,Nameless Demonstrators,12-03-2018,5455,0
2752,BPCD16O0LT4K5ZEQ,UVP07PCB2RGI9QN1,Nameless Demonstrators,30-03-2015,2211,1
2753,H23SIV0BWDW4J2PK,UVP07PCB2RGI9QN1,Nameless Demonstrators,11-04-2018,710,0
2754,FHG90NZ1ZSNM5WKD,UVP07PCB2RGI9QN1,Nameless Demonstrators,17-12-2018,6155,0
2755,EZKID1BFMRHNSSIT,UVP07PCB2RGI9QN1,Nameless Demonstrators,09-01-2016,6189,0
2756,KLL90AQJ7YQ0FTMD,UVP07PCB2RGI9QN1,Nameless Demonstrators,28-06-2018,9570,0
2757,95LNIM7JY4QX9214,KWFRH7LODTCQPREM,Athletic Paper,28-10-2016,2390,0
2758,X0L4GRYSEP06PM0N,KWFRH7LODTCQPREM,Athletic Paper,07-03-2016,2149,0
2759,EAPWJOR4Y3MG84AY,KWFRH7LODTCQPREM,Athletic Paper,30-04-2017,9897,0
2760,NHQGZ4YJW0QLDDY1,KWFRH7LODTCQPREM,Athletic Paper,07-11-2018,1696,0
2761,D6V9L54LCR3TFSH3,KWFRH7LODTCQPREM,Athletic Paper,10-02-2017,1112,0
2762,4Q1EXVF5BI4UBX4X,KWFRH7LODTCQPREM,Athletic Paper,24-02-2018,7755,0
2763,V58DFSU95QZR8EY3,KWFRH7LODTCQPREM,Athletic Paper,25-04-2015,1768,0
2764,C7CIC627VFE73YLN,KWFRH7LODTCQPREM,Athletic Paper,29-10-2015,276,0
2765,N83LA0SR2KJSFMVP,KWFRH7LODTCQPREM,Athletic Paper,26-07-2016,9887,0
2766,ZEXKRG9L98PKCKHF,KWFRH7LODTCQPREM,Athletic Paper,21-07-2017,3107,0
2767,FV6MUDG3DFH6JDQ1,KWFRH7LODTCQPREM,Athletic Paper,23-08-2015,6855,0
2768,A8Y9682HK78C66U9,KWFRH7LODTCQPREM,Athletic Paper,27-07-2014,7845,0
2769,8C404Y7WQ1Z20PG7,KWFRH7LODTCQPREM,Athletic Paper,07-12-2015,5475,0
2770,4FLKF7B9TJIFMF73,KWFRH7LODTCQPREM,Athletic Paper,02-10-2018,7284,0
2771,8LXO47W8YCNRX8LH,KWFRH7LODTCQPREM,Athletic Paper,14-03-2015,5189,0
2772,20CD0GIUTCPM2THB,KWFRH7LODTCQPREM,Athletic Paper,28-12-2017,9975,0
2773,JAFA3T04ABNPOWS5,KWFRH7LODTCQPREM,Athletic Paper,21-10-2017,6589,0
2774,BFC4YM94GNHBKDEG,KWFRH7LODTCQPREM,Athletic Paper,24-09-2016,6687,0
2775,BJR1K2TS0JX70GLT,KWFRH7LODTCQPREM,Athletic Paper,14-11-2016,2008,0
2776,N0KXQRJBP33HIZJU,KWFRH7LODTCQPREM,Athletic Paper,19-08-2017,1252,0
2777,065W5XHHN03D2VY6,KWFRH7LODTCQPREM,Athletic Paper,09-05-2016,8527,1
2778,204JM32QRO5DY3R5,KWFRH7LODTCQPREM,Athletic Paper,07-07-2016,3713,0
2779,SVOB0XI3PZ80M39E,KWFRH7LODTCQPREM,Athletic Paper,15-05-2014,7326,0
2780,JI3LKBFUDWM6MBEM,KWFRH7LODTCQPREM,Athletic Paper,25-12-2015,9633,0
2781,42E80R1OZR2ULNF1,KWFRH7LODTCQPREM,Athletic Paper,23-07-2016,1004,0
2782,0P029NVJY8WHUKQ0,KWFRH7LODTCQPREM,Athletic Paper,14-07-2014,9437,0
2783,GSFMMNVH4RGBN52G,KWFRH7LODTCQPREM,Athletic Paper,29-10-2015,9447,1
2784,LVSYM8QEUN77QJ2W,SE41OINT8QI9GZHJ,Hundredth Sabella,30-12-2015,9643,0
2785,6WZHOFP225R0E62O,SE41OINT8QI9GZHJ,Hundredth Sabella,17-08-2015,1275,1
2786,IORLB5NMU609QC23,SE41OINT8QI9GZHJ,Hundredth Sabella,12-09-2014,965,0
2787,JAIJUJM2WUUE5LJ3,SE41OINT8QI9GZHJ,Hundredth Sabella,05-07-2015,1585,1
2788,0454HKSAGW4DG4GB,SE41OINT8QI9GZHJ,Hundredth Sabella,29-12-2016,7478,0
2789,XFSXB0EEM2JFT804,SE41OINT8QI9GZHJ,Hundredth Sabella,21-02-2017,8066,0
2790,LATALCBJ37QGA6LR,SE41OINT8QI9GZHJ,Hundredth Sabella,08-01-2015,2813,0
2791,3KS0MT77ROHYX1SA,SE41OINT8QI9GZHJ,Hundredth Sabella,28-06-2014,4747,0
2792,95YZ14KDWAXWDEVK,SE41OINT8QI9GZHJ,Hundredth Sabella,20-07-2015,4481,0
2793,DJ8Y6NH41CGXXYOJ,SE41OINT8QI9GZHJ,Hundredth Sabella,09-01-2014,6605,1
2794,J1ZI61SKZOFR1HIU,SE41OINT8QI9GZHJ,Hundredth Sabella,12-01-2015,3549,0
2795,R2T2SVXNB54AZA1L,SE41OINT8QI9GZHJ,Hundredth Sabella,22-05-2014,5059,0
2796,CBSOODOJH92JSZQ2,SE41OINT8QI9GZHJ,Hundredth Sabella,09-02-2018,5286,0
2797,EFJVBJL7K06JVGJE,SE41OINT8QI9GZHJ,Hundredth Sabella,21-07-2018,7496,0
2798,BDILRCKGJVZWM7HD,SE41OINT8QI9GZHJ,Hundredth Sabella,08-07-2018,943,1
2799,TO84M66VY2Y4AGYL,SE41OINT8QI9GZHJ,Hundredth Sabella,03-07-2018,4963,0
2800,3A89HDDY0K977901,SE41OINT8QI9GZHJ,Hundredth Sabella,21-09-2018,7033,0
2801,ZT3F4QSN9AE8W5Z5,SE41OINT8QI9GZHJ,Hundredth Sabella,06-03-2018,3266,0
2802,H0HFO0HWQSSR8E84,SE41OINT8QI9GZHJ,Hundredth Sabella,17-08-2018,8857,0
2803,T4A3ZVO0DDVGLQXF,SE41OINT8QI9GZHJ,Hundredth Sabella,26-09-2014,1106,0
2804,E2VT8V25GPHXZQC0,TGFXS6NVGJNA648G,Transatlantic Raft,24-08-2017,5470,0
2805,S3WNVIWLQ7DYSDUP,TGFXS6NVGJNA648G,Transatlantic Raft,23-05-2015,9334,0
2806,Q63BQPRCLGB84BPX,TGFXS6NVGJNA648G,Transatlantic Raft,12-03-2015,2014,0
2807,06K2VJVNANPHYGTH,TGFXS6NVGJNA648G,Transatlantic Raft,27-10-2017,3325,0
2808,R4MA6JE03MZCSVSU,TGFXS6NVGJNA648G,Transatlantic Raft,25-06-2016,4966,0
2809,OSNZC0L6KCPL7JBM,TGFXS6NVGJNA648G,Transatlantic Raft,08-09-2016,7077,0
2810,CFTYSE2760V3W764,TGFXS6NVGJNA648G,Transatlantic Raft,09-02-2015,7233,1
2811,K7W57847IIEJZJO7,TGFXS6NVGJNA648G,Transatlantic Raft,28-01-2014,3086,0
2812,3VJ0JJATUF14398T,TGFXS6NVGJNA648G,Transatlantic Raft,12-12-2014,7280,0
2813,5C4B774VK82745S3,TGFXS6NVGJNA648G,Transatlantic Raft,22-07-2014,8949,0
2814,UNRMWON6DUXY6YG8,TGFXS6NVGJNA648G,Transatlantic Raft,08-11-2015,6534,0
2815,H8GL0WPAQHOI8OYP,TGFXS6NVGJNA648G,Transatlantic Raft,17-09-2016,7174,0
2816,X0B7ZFPOWJETZE9I,TGFXS6NVGJNA648G,Transatlantic Raft,04-02-2015,6092,0
2817,HBVKTVKWR32IRVZB,TGFXS6NVGJNA648G,Transatlantic Raft,17-01-2018,4339,0
2818,1GRNJ3IJNHTUOUXF,TGFXS6NVGJNA648G,Transatlantic Raft,23-08-2017,4354,0
2819,D8510FA4QMPVD6GC,TGFXS6NVGJNA648G,Transatlantic Raft,24-08-2017,9532,0
2820,K28K0CJVDAPY4XW2,TGFXS6NVGJNA648G,Transatlantic Raft,20-03-2015,9657,0
2821,X6BMDKRTHOFN9TFN,TGFXS6NVGJNA648G,Transatlantic Raft,19-02-2016,1048,0
2822,7L41TREQG1CRQYNC,TGFXS6NVGJNA648G,Transatlantic Raft,29-05-2016,7297,0
2823,WBTR2JG95A8FWX0D,TGFXS6NVGJNA648G,Transatlantic Raft,08-01-2016,3910,0
2824,I86TOG3XG7AL76G5,TGFXS6NVGJNA648G,Transatlantic Raft,13-07-2014,2462,0
2825,7RISYP7WWWYGB65U,TGFXS6NVGJNA648G,Transatlantic Raft,09-01-2014,2928,0
2826,DFQC7K3GEBTFIWRR,N4BN0GG5XKZV113C,Asian Alternative,06-03-2014,8016,0
2827,9GI6IP3PXRV0DS8G,N4BN0GG5XKZV113C,Asian Alternative,16-08-2015,6347,1
2828,W6RM54AONT2W7R4V,N4BN0GG5XKZV113C,Asian Alternative,25-08-2017,7541,0
2829,PYHL43AMCPU910A1,N4BN0GG5XKZV113C,Asian Alternative,18-02-2014,6461,0
2830,B7KN9F6B769CG5AF,N4BN0GG5XKZV113C,Asian Alternative,06-07-2016,4317,1
2831,59XQG5ZBLEVNYY85,N4BN0GG5XKZV113C,Asian Alternative,09-02-2015,5271,1
2832,XEYYVB40VXWPGC2I,N4BN0GG5XKZV113C,Asian Alternative,18-02-2014,3927,0
2833,XB3M26U8BO57009D,N4BN0GG5XKZV113C,Asian Alternative,20-10-2015,4045,1
2834,VOF9LJFMGNFOXR2N,N4BN0GG5XKZV113C,Asian Alternative,02-10-2018,4113,0
2835,N76F3RB1EMWRS3VH,N4BN0GG5XKZV113C,Asian Alternative,14-09-2018,7457,0
2836,5QNZTX8140E5QN55,N4BN0GG5XKZV113C,Asian Alternative,24-12-2015,9878,0
2837,O4VVC84YALTEVT67,N4BN0GG5XKZV113C,Asian Alternative,03-11-2018,9613,1
2838,8OMWP7N5FHZ4S4Y1,N4BN0GG5XKZV113C,Asian Alternative,12-10-2014,9879,0
2839,HH1CUKNKIIK87D4L,N4BN0GG5XKZV113C,Asian Alternative,03-01-2014,5805,0
2840,FBVJQX8VXYHWL42D,N4BN0GG5XKZV113C,Asian Alternative,26-05-2015,3716,0
2841,DHBD8V154R4LTITF,N4BN0GG5XKZV113C,Asian Alternative,12-05-2016,1779,0
2842,S40G8TEVWB3I72C5,6XTBR7MH7KTD7O1K,Close-In Beardslee,03-12-2014,9418,0
2843,7T2YNZ61DV7J5YPC,6XTBR7MH7KTD7O1K,Close-In Beardslee,18-10-2018,4691,0
2844,T6DKLPW8GGAGSTUW,6XTBR7MH7KTD7O1K,Close-In Beardslee,04-02-2018,4507,0
2845,JQAX9UCV6OVR2U74,6XTBR7MH7KTD7O1K,Close-In Beardslee,27-03-2014,2403,0
2846,05LAN30PAPXGDC4D,6XTBR7MH7KTD7O1K,Close-In Beardslee,25-02-2017,3866,0
2847,D8NZ4DLK5M7MGZ7B,6XTBR7MH7KTD7O1K,Close-In Beardslee,22-12-2017,5972,0
2848,W6OYULUNZLELCOW9,6XTBR7MH7KTD7O1K,Close-In Beardslee,02-12-2014,9167,0
2849,EJZMYVZ606XR68QZ,6XTBR7MH7KTD7O1K,Close-In Beardslee,09-03-2014,5016,1
2850,HFS0KKJHAGX9ND2T,6XTBR7MH7KTD7O1K,Close-In Beardslee,01-11-2016,6548,0
2851,2AQT7KQUVS8ZLRVU,6XTBR7MH7KTD7O1K,Close-In Beardslee,09-04-2018,8690,0
2852,RUQ2W6SG7U48GEAB,6XTBR7MH7KTD7O1K,Close-In Beardslee,10-11-2014,9900,0
2853,YXCD1KL5RBC95YO1,6XTBR7MH7KTD7O1K,Close-In Beardslee,14-08-2016,9063,0
2854,G2J6O1VY3BPLLTBG,6XTBR7MH7KTD7O1K,Close-In Beardslee,22-07-2015,5995,0
2855,BS0ZWVSTBX9C4DV2,6XTBR7MH7KTD7O1K,Close-In Beardslee,23-02-2016,4852,0
2856,5NQX8904APZEQ83H,3ETEZ8WWO8NDYARJ,Hindmost Pretender,24-04-2017,7494,0
2857,DHYCDU6EAX8ASPT8,3ETEZ8WWO8NDYARJ,Hindmost Pretender,21-10-2015,1797,0
2858,FCNQT0FF2NIKHG86,3ETEZ8WWO8NDYARJ,Hindmost Pretender,06-12-2016,4931,0
2859,H7IO1J4PG8WFXTPU,3ETEZ8WWO8NDYARJ,Hindmost Pretender,31-03-2018,2336,0
2860,V6YJIN7AADZBO92K,3ETEZ8WWO8NDYARJ,Hindmost Pretender,02-03-2018,8540,0
2861,91FAL8AJN5NIWLAC,3ETEZ8WWO8NDYARJ,Hindmost Pretender,05-07-2014,2232,0
2862,IZHGZW7BP8EBWRZN,3ETEZ8WWO8NDYARJ,Hindmost Pretender,31-08-2018,6998,0
2863,ZV4I9Q92P9R3YREQ,3ETEZ8WWO8NDYARJ,Hindmost Pretender,02-03-2016,7957,1
2864,SM907IPXPLDA9LIE,3ETEZ8WWO8NDYARJ,Hindmost Pretender,04-12-2017,1857,0
2865,RR1APPRJYKARJ2HP,3ETEZ8WWO8NDYARJ,Hindmost Pretender,15-05-2016,3070,0
2866,1KGRS2THVHFC03MQ,3ETEZ8WWO8NDYARJ,Hindmost Pretender,21-05-2016,714,0
2867,FKZL0NB3E9JIN4HT,3ETEZ8WWO8NDYARJ,Hindmost Pretender,07-01-2018,3060,0
2868,C7CC81NXCZODIV10,3ETEZ8WWO8NDYARJ,Hindmost Pretender,30-10-2018,630,1
2869,LAE6WLQ9GIGJN50I,3ETEZ8WWO8NDYARJ,Hindmost Pretender,28-02-2018,3257,0
2870,AR7JYBUQFOS3VTRQ,3ETEZ8WWO8NDYARJ,Hindmost Pretender,01-02-2016,7669,0
2871,Z48AOEAVJLZWEDVB,3ETEZ8WWO8NDYARJ,Hindmost Pretender,08-03-2017,7115,0
2872,IT3W12YZ6UER7ZBS,3ETEZ8WWO8NDYARJ,Hindmost Pretender,02-04-2015,7850,0
2873,60EFU8VQ0KSNC52D,3ETEZ8WWO8NDYARJ,Hindmost Pretender,13-06-2016,331,0
2874,Z2MCJT1BSXUIR5H1,3ETEZ8WWO8NDYARJ,Hindmost Pretender,23-06-2016,3932,1
2875,YH5A0AEWLAN3YUJU,3ETEZ8WWO8NDYARJ,Hindmost Pretender,26-08-2017,8824,0
2876,7V5N7W6QBQLOOGMY,3ETEZ8WWO8NDYARJ,Hindmost Pretender,13-01-2014,4476,0
2877,NCRET1TD2OGY81LI,3ETEZ8WWO8NDYARJ,Hindmost Pretender,30-11-2018,2742,0
2878,U2KBAU8BSTJTQTSY,3ETEZ8WWO8NDYARJ,Hindmost Pretender,12-05-2017,5194,0
2879,XN38DQ1AA6U1C0YN,3ETEZ8WWO8NDYARJ,Hindmost Pretender,02-04-2018,3590,0
2880,GYUTWEBJCFCZ4YMU,3ETEZ8WWO8NDYARJ,Hindmost Pretender,26-01-2016,1076,0
2881,WJ6TMEDIBBZ2XLCG,3ETEZ8WWO8NDYARJ,Hindmost Pretender,08-09-2016,6874,0
2882,JOO36J4RN6LTM0MB,F4HHP1H9XALXFUJJ,Bio-Dynamic Rozella,21-02-2017,8751,0
2883,50H2XN203JG848ZL,F4HHP1H9XALXFUJJ,Bio-Dynamic Rozella,09-04-2018,6797,0
2884,2JMF98N4XES3JNTF,F4HHP1H9XALXFUJJ,Bio-Dynamic Rozella,31-05-2018,580,0
2885,R0JZK45F0D5T2EQW,F4HHP1H9XALXFUJJ,Bio-Dynamic Rozella,18-07-2017,9324,0
2886,A1KQBYRKHWMV5J4Y,F4HHP1H9XALXFUJJ,Bio-Dynamic Rozella,27-08-2016,7894,0
2887,BSD1H4TFXQCVFM1I,F4HHP1H9XALXFUJJ,Bio-Dynamic Rozella,18-01-2015,9484,0
2888,VV6PN06SX23FN96D,F4HHP1H9XALXFUJJ,Bio-Dynamic Rozella,28-10-2015,4535,0
2889,WIF6WNU5CRB3SHXN,F4HHP1H9XALXFUJJ,Bio-Dynamic Rozella,10-09-2018,8490,0
2890,7ALZHF1D8SQJ5IHN,F4HHP1H9XALXFUJJ,Bio-Dynamic Rozella,18-02-2017,3142,0
2891,K8O00174BMAADBKY,F4HHP1H9XALXFUJJ,Bio-Dynamic Rozella,18-06-2018,6778,0
2892,AGRP6KYCJHTGL56V,F4HHP1H9XALXFUJJ,Bio-Dynamic Rozella,17-08-2016,2358,1
2893,M1QB65XA661V2D1Q,F4HHP1H9XALXFUJJ,Bio-Dynamic Rozella,03-08-2017,2312,1
2894,55LHA1VYJZU5MF10,F4HHP1H9XALXFUJJ,Bio-Dynamic Rozella,04-01-2018,652,0
2895,34XXR06V4TNLS958,F4HHP1H9XALXFUJJ,Bio-Dynamic Rozella,26-11-2016,5419,0
2896,9YVHMUVM90PFAEU3,F4HHP1H9XALXFUJJ,Bio-Dynamic Rozella,19-11-2016,9636,0
2897,OY62XS3TKSQAP5IS,F4HHP1H9XALXFUJJ,Bio-Dynamic Rozella,12-07-2016,2660,0
2898,IZVAYAR4IDKVILA5,F4HHP1H9XALXFUJJ,Bio-Dynamic Rozella,23-09-2016,4976,0
2899,JO2EI8H060404NIW,F4HHP1H9XALXFUJJ,Bio-Dynamic Rozella,10-02-2017,8343,0
2900,J2H5ZPX8YFRKDKA0,F4HHP1H9XALXFUJJ,Bio-Dynamic Rozella,29-07-2016,4759,0
2901,AAD9B8FJLZL58496,F4HHP1H9XALXFUJJ,Bio-Dynamic Rozella,23-05-2017,3668,0
2902,7XW7PLE6627B470C,U4F1EPF05HE91437,Most Clam,11-04-2015,3839,1
2903,TAST4A2FBA0KO6E4,U4F1EPF05HE91437,Most Clam,15-12-2016,8541,0
2904,BUO4W2AISYIWGEM4,U4F1EPF05HE91437,Most Clam,11-04-2017,2210,0
2905,73SQWNTC5XHBQ42S,U4F1EPF05HE91437,Most Clam,21-09-2014,9851,0
2906,HQLIJXMMOSN4U4U9,U4F1EPF05HE91437,Most Clam,01-02-2017,2515,1
2907,WZL4JLNB4OIV8J91,U4F1EPF05HE91437,Most Clam,10-09-2016,4594,0
2908,GYR7YHOT9P8UYC2J,RSDI28PN9EYYBZZ0,Squat-Style Creston'S,20-08-2014,1912,1
2909,OIEHK712CQWAFYPE,RSDI28PN9EYYBZZ0,Squat-Style Creston'S,12-10-2015,7233,1
2910,Y2FRJUA0WD2I1MGX,RSDI28PN9EYYBZZ0,Squat-Style Creston'S,04-04-2017,7818,0
2911,81LXKDTBT6SSD5EP,RSDI28PN9EYYBZZ0,Squat-Style Creston'S,28-04-2015,2250,0
2912,IQDUK57P5FTSELAO,RSDI28PN9EYYBZZ0,Squat-Style Creston'S,23-09-2014,8679,0
2913,A3ZCML6LGA3NYQ5V,RSDI28PN9EYYBZZ0,Squat-Style Creston'S,20-04-2015,6220,1
2914,9EOP7NS76VI5VM31,RSDI28PN9EYYBZZ0,Squat-Style Creston'S,16-12-2014,2475,0
2915,JX1GCW4GNVUGFNH3,RSDI28PN9EYYBZZ0,Squat-Style Creston'S,16-09-2015,1721,0
2916,F2MC4U2BRGNVTRH9,RSDI28PN9EYYBZZ0,Squat-Style Creston'S,22-12-2017,5667,0
2917,LQ3PZK66L4EGHZCJ,RSDI28PN9EYYBZZ0,Squat-Style Creston'S,09-01-2016,2409,0
2918,SC1TS1E8UMXEDP0G,RSDI28PN9EYYBZZ0,Squat-Style Creston'S,21-01-2015,9055,0
2919,QZ8RTEOF24LANFJM,RSDI28PN9EYYBZZ0,Squat-Style Creston'S,15-01-2016,1074,0
2920,D8E7SX4HJ4CCYB7M,RSDI28PN9EYYBZZ0,Squat-Style Creston'S,31-01-2016,5808,0
2921,4HRLA1UVKRQ5BKVJ,RSDI28PN9EYYBZZ0,Squat-Style Creston'S,16-05-2014,7332,0
2922,YZA00X6W6JIZQRTH,RSDI28PN9EYYBZZ0,Squat-Style Creston'S,20-01-2015,6009,0
2923,NTU554AZ7PA7LPPC,RSDI28PN9EYYBZZ0,Squat-Style Creston'S,02-12-2015,6451,0
2924,SMTZMI71WT8BSM2P,RSDI28PN9EYYBZZ0,Squat-Style Creston'S,14-06-2015,5625,0
2925,WVKJ03RN267G6PRN,RSDI28PN9EYYBZZ0,Squat-Style Creston'S,17-03-2017,5219,0
2926,PL4KZJH3XBNXJBI8,RSDI28PN9EYYBZZ0,Squat-Style Creston'S,03-03-2017,8718,0
2927,3Q7B7FRLX5VLPR1C,RSDI28PN9EYYBZZ0,Squat-Style Creston'S,25-01-2016,4692,0
2928,GANOT6BQ75ZKP3F3,RSDI28PN9EYYBZZ0,Squat-Style Creston'S,07-10-2018,3758,0
2929,VA33SBHZ4HHJ9Z6Q,DBXJCHMO04UV04WQ,Varian Ointment,04-08-2017,5470,0
2930,Z3PKE3KUC3Z7WXXI,DBXJCHMO04UV04WQ,Varian Ointment,03-01-2014,9331,0
2931,THG1FEKX44G617SM,DBXJCHMO04UV04WQ,Varian Ointment,02-08-2017,5644,0
2932,TJLQXVYA9CDYI1MG,DBXJCHMO04UV04WQ,Varian Ointment,04-12-2018,8826,0
2933,6DLQACGG2SQ06Y1F,DBXJCHMO04UV04WQ,Varian Ointment,02-11-2015,8179,0
2934,86351EG3RJ6WFD8V,DBXJCHMO04UV04WQ,Varian Ointment,01-08-2018,4701,0
2935,79US7C1FRPJAM1S2,DBXJCHMO04UV04WQ,Varian Ointment,13-10-2015,8709,0
2936,BIDPOVH2779EC05H,DBXJCHMO04UV04WQ,Varian Ointment,03-05-2015,723,0
2937,PP5Y2LKEVD25XE91,DBXJCHMO04UV04WQ,Varian Ointment,28-12-2016,828,0
2938,2MSKX09WD2RJGRHL,DBXJCHMO04UV04WQ,Varian Ointment,18-03-2015,7161,0
2939,IDB7HSQIM78TVBDG,DBXJCHMO04UV04WQ,Varian Ointment,28-02-2014,3251,1
2940,AR37QRH6UVS98KB5,DBXJCHMO04UV04WQ,Varian Ointment,25-02-2016,6160,0
2941,RNSM7T1LYTIF7SYZ,DBXJCHMO04UV04WQ,Varian Ointment,20-04-2015,4829,0
2942,CDY4S9YTR6DUNUZ8,DBXJCHMO04UV04WQ,Varian Ointment,21-10-2016,1635,0
2943,HGMV7V35VCUDMTK7,DBXJCHMO04UV04WQ,Varian Ointment,21-03-2014,8645,1
2944,ZNOPH9J3L6GT8EME,DBXJCHMO04UV04WQ,Varian Ointment,31-03-2014,4778,1
2945,52NFUUKSIL4DRTPA,DBXJCHMO04UV04WQ,Varian Ointment,27-01-2016,5447,1
2946,NVQF23WCUOJ4BN3V,DBXJCHMO04UV04WQ,Varian Ointment,11-01-2017,4663,1
2947,QI7KTJ8MVPY7WFM7,DBXJCHMO04UV04WQ,Varian Ointment,20-11-2016,6190,1
2948,8NAFN15XI3UGNAPR,DBXJCHMO04UV04WQ,Varian Ointment,14-11-2014,6183,0
2949,ONUIY2DV941DMUV5,DBXJCHMO04UV04WQ,Varian Ointment,18-05-2014,8771,0
2950,Z75IKLDVQ8KMW5AO,Q5JVDLFOJLP107BC,Dire Chamber,01-07-2017,2341,0
2951,N2IVLW2SADU9MZLO,Q5JVDLFOJLP107BC,Dire Chamber,01-02-2014,4317,0
2952,MU9X3ZX0QFAJGU6C,Q5JVDLFOJLP107BC,Dire Chamber,26-11-2018,3568,0
2953,ZKNH6OPNH39P87EF,Q5JVDLFOJLP107BC,Dire Chamber,20-05-2016,4763,0
2954,MLRDSF8JHN03IUPI,Q5JVDLFOJLP107BC,Dire Chamber,18-10-2016,7641,1
2955,D2K5FS127NN6I2WF,Q5JVDLFOJLP107BC,Dire Chamber,19-06-2017,6569,0
2956,82NKYZA9HZJJZ7Z9,Q5JVDLFOJLP107BC,Dire Chamber,27-07-2018,2037,0
2957,5EQQR6LN2DZYEX7T,Q5JVDLFOJLP107BC,Dire Chamber,11-06-2015,4654,0
2958,TP74Z0CEMP64XTXS,Q5JVDLFOJLP107BC,Dire Chamber,30-09-2017,4641,0
2959,XP6SUYIHCA3MDQNP,Q5JVDLFOJLP107BC,Dire Chamber,28-08-2016,7418,1
2960,5LZ3WCC2QOOH1W0E,Q5JVDLFOJLP107BC,Dire Chamber,18-12-2015,1925,1
2961,T25GPSCRJ4XBHJMK,Q5JVDLFOJLP107BC,Dire Chamber,10-06-2015,4009,0
2962,HMRKO9SIGC33BY6D,Q5JVDLFOJLP107BC,Dire Chamber,19-09-2016,780,1
2963,SFGYM671LSJYEVQC,2NE3XF2X7NXOMWEH,Dystopian G-P,01-08-2014,1858,0
2964,QHVO2F5S3FNJOF32,2NE3XF2X7NXOMWEH,Dystopian G-P,11-11-2015,926,0
2965,U5JANCOPBDH1IZAF,2NE3XF2X7NXOMWEH,Dystopian G-P,04-08-2018,4621,0
2966,7D5EA4ELCWWQLVRY,2NE3XF2X7NXOMWEH,Dystopian G-P,06-09-2014,7716,0
2967,BHQZFKX6FY5VNRE4,2NE3XF2X7NXOMWEH,Dystopian G-P,29-05-2015,318,0
2968,WS7O87RX6C2R0A0O,2NE3XF2X7NXOMWEH,Dystopian G-P,04-12-2014,6998,0
2969,DSKGADIM7ZOIO2WZ,2NE3XF2X7NXOMWEH,Dystopian G-P,24-09-2015,7304,0
2970,4H8WD3I6TVVV8S3W,2NE3XF2X7NXOMWEH,Dystopian G-P,23-05-2017,4375,0
2971,KZN8DB6AWCH1RPUG,2NE3XF2X7NXOMWEH,Dystopian G-P,20-08-2014,8797,0
2972,1NS6D1LJMJO5MS1H,2NE3XF2X7NXOMWEH,Dystopian G-P,06-07-2016,4389,1
2973,TOFP3AZ5R87V4X27,2NE3XF2X7NXOMWEH,Dystopian G-P,13-10-2014,1945,0
2974,EDZ2UQHYFQCHB980,2NE3XF2X7NXOMWEH,Dystopian G-P,04-03-2017,9216,0
2975,ZQ2QLQI13J3NBJJ1,2NE3XF2X7NXOMWEH,Dystopian G-P,30-07-2015,1491,0
2976,QRYDNC3ALVPNTLI0,2NE3XF2X7NXOMWEH,Dystopian G-P,06-03-2017,1890,0
2977,C5M63T066D238OXJ,2NE3XF2X7NXOMWEH,Dystopian G-P,21-05-2015,7017,0
2978,57JEJV68BKTH7VPI,2NE3XF2X7NXOMWEH,Dystopian G-P,26-08-2018,7841,0
2979,B78QG6XVF9V0ZVL4,2NE3XF2X7NXOMWEH,Dystopian G-P,07-03-2014,408,0
2980,6MLYXE8Z2WOKAYRH,2NE3XF2X7NXOMWEH,Dystopian G-P,30-05-2015,816,0
2981,FBKHUFPUTQTV73TH,2NE3XF2X7NXOMWEH,Dystopian G-P,22-08-2017,146,1
2982,NNMEMS3M385AD1G7,2NE3XF2X7NXOMWEH,Dystopian G-P,28-04-2018,2294,0
2983,DPPCXUM0NNT2AAQM,2NE3XF2X7NXOMWEH,Dystopian G-P,18-10-2016,209,0
2984,HNKLSWAXXAUBX85U,2NE3XF2X7NXOMWEH,Dystopian G-P,13-07-2017,5787,0
2985,7TNOY2OP6YU4OFKW,2NE3XF2X7NXOMWEH,Dystopian G-P,01-11-2016,8141,1
2986,P6YITIWPR0YIJW9P,2NE3XF2X7NXOMWEH,Dystopian G-P,03-02-2015,1916,1
2987,BF72VQ354HQNK222,2NE3XF2X7NXOMWEH,Dystopian G-P,01-09-2014,7150,0
2988,U66LO66V7IJX28KM,MQ5MD0MPELZ7E5M5,Edgy Pitchers,11-03-2015,1074,0
2989,RSZVGHR3O2FH2JTZ,MQ5MD0MPELZ7E5M5,Edgy Pitchers,24-05-2016,6045,1
2990,E20FPY7HEVPT90P7,MQ5MD0MPELZ7E5M5,Edgy Pitchers,16-07-2018,100,1
2991,4DT7AZB30YGY1V35,MQ5MD0MPELZ7E5M5,Edgy Pitchers,30-11-2018,4351,0
2992,9B1DJFHUUX4OULKO,MQ5MD0MPELZ7E5M5,Edgy Pitchers,12-04-2018,3090,0
2993,ENURSEFY25OW7UXX,MQ5MD0MPELZ7E5M5,Edgy Pitchers,04-04-2015,1105,0
2994,X77ZNUTYSV03MKAN,MQ5MD0MPELZ7E5M5,Edgy Pitchers,01-02-2018,4968,0
2995,QGX1POCF734NYIGI,MQ5MD0MPELZ7E5M5,Edgy Pitchers,23-04-2018,7149,0
2996,31XSY7BIINSFLQEK,MQ5MD0MPELZ7E5M5,Edgy Pitchers,24-07-2014,8797,0
2997,YOGGMBHTCQP5O997,MQ5MD0MPELZ7E5M5,Edgy Pitchers,24-12-2015,1475,0
2998,LNF52GDF4TZ2GAAT,MQ5MD0MPELZ7E5M5,Edgy Pitchers,01-12-2016,9645,0
2999,2MPVPZHT5P7E57I0,MQ5MD0MPELZ7E5M5,Edgy Pitchers,08-11-2016,9009,0
3000,NCUK3ZBV0PTCA4BS,MQ5MD0MPELZ7E5M5,Edgy Pitchers,11-01-2017,142,1
3001,V6TQ7NDJ7LIU0X85,MQ5MD0MPELZ7E5M5,Edgy Pitchers,18-05-2018,8583,0
3002,7PJC20YZUNJ4V9KH,MQ5MD0MPELZ7E5M5,Edgy Pitchers,25-02-2014,425,0
3003,L1CJU0D65WL20HBB,MQ5MD0MPELZ7E5M5,Edgy Pitchers,28-04-2014,186,0
3004,4S034R7WR3AZQORB,MQ5MD0MPELZ7E5M5,Edgy Pitchers,08-11-2017,5366,0
3005,TIXS6V4KLVKL9OTR,MQ5MD0MPELZ7E5M5,Edgy Pitchers,26-10-2017,9986,0
3006,P8405T9PB6GUG521,MQ5MD0MPELZ7E5M5,Edgy Pitchers,14-01-2014,5853,0
3007,A11JZYMFZWDPSFKU,MQ5MD0MPELZ7E5M5,Edgy Pitchers,15-04-2015,9171,1
3008,F5W4A4G50M4GD056,MQ5MD0MPELZ7E5M5,Edgy Pitchers,09-05-2018,802,0
3009,JNCHNQBFWISPGUTG,MQ5MD0MPELZ7E5M5,Edgy Pitchers,21-06-2015,2448,0
3010,R1IWMB2A7LEN472G,MQ5MD0MPELZ7E5M5,Edgy Pitchers,01-11-2014,8928,0
3011,5ITDAEFO04A1V1WH,MQ5MD0MPELZ7E5M5,Edgy Pitchers,07-10-2016,5881,0
3012,8Y7T9IPE8AGVCJOF,MQ5MD0MPELZ7E5M5,Edgy Pitchers,17-03-2017,3124,0
3013,TV1JHT6VPYLJGGFQ,NH0E2IUYXZ1AN093,Injunctive Hookworm,06-02-2018,8036,0
3014,V9F26WB4ED2KQ0BF,NH0E2IUYXZ1AN093,Injunctive Hookworm,24-11-2014,5718,0
3015,ROBTQZXAR1BNQHMA,NH0E2IUYXZ1AN093,Injunctive Hookworm,07-02-2018,8342,0
3016,746RABXMXOGQW7YV,NH0E2IUYXZ1AN093,Injunctive Hookworm,20-11-2015,3946,0
3017,8W1SX2MUELVS7XHG,NH0E2IUYXZ1AN093,Injunctive Hookworm,08-08-2015,1400,0
3018,LQS7A7POG57ZT4NY,NH0E2IUYXZ1AN093,Injunctive Hookworm,10-12-2014,1901,0
3019,BPDJCXUCWH0MIY2P,NH0E2IUYXZ1AN093,Injunctive Hookworm,31-12-2017,5186,0
3020,03ZYZ9MU9US0NZ30,NH0E2IUYXZ1AN093,Injunctive Hookworm,24-05-2014,5094,0
3021,WWH9XX86GFAXQLPO,NH0E2IUYXZ1AN093,Injunctive Hookworm,14-01-2015,8458,0
3022,JWO3UCNY932RIP86,NH0E2IUYXZ1AN093,Injunctive Hookworm,02-04-2016,8033,0
3023,U2T4DDJ2IHQZA8A0,NH0E2IUYXZ1AN093,Injunctive Hookworm,04-06-2015,6608,0
3024,DZECF7DUDXGT2I5G,NH0E2IUYXZ1AN093,Injunctive Hookworm,29-07-2018,1785,1
3025,XRTUU00WF8CAFSDI,NH0E2IUYXZ1AN093,Injunctive Hookworm,18-06-2014,1262,0
3026,SL2W1AJ29L86WYJF,NH0E2IUYXZ1AN093,Injunctive Hookworm,13-02-2017,2908,0
3027,OAL5LI20P9JMC2HL,NH0E2IUYXZ1AN093,Injunctive Hookworm,22-12-2017,2315,0
3028,KFBJ7RDFK1G36EFA,NH0E2IUYXZ1AN093,Injunctive Hookworm,13-04-2017,6629,0
3029,A863QA67PZV6HHX3,NH0E2IUYXZ1AN093,Injunctive Hookworm,08-11-2017,7284,0
3030,H6C6NE3FTR5R2SZD,NH0E2IUYXZ1AN093,Injunctive Hookworm,08-01-2015,5487,0
3031,XLX3KC8V2UG7MQC5,9A9TTOY8M0EN5HQN,Communist Turrets,10-07-2014,4162,0
3032,BPC8WDNSRGHQ37SS,9A9TTOY8M0EN5HQN,Communist Turrets,22-08-2016,2926,0
3033,K82LF2RBUMBYHSQI,9A9TTOY8M0EN5HQN,Communist Turrets,14-08-2017,1465,0
3034,8DIAJ5G3RR34VBDB,9A9TTOY8M0EN5HQN,Communist Turrets,16-04-2014,9020,0
3035,Q18W6MD34HGOFRGX,9A9TTOY8M0EN5HQN,Communist Turrets,27-01-2017,442,1
3036,XZEHSOAT8YG5ED7T,9A9TTOY8M0EN5HQN,Communist Turrets,23-11-2014,1052,1
3037,UBWDFDQYVJLHFO07,9A9TTOY8M0EN5HQN,Communist Turrets,16-06-2014,9578,0
3038,J29QAHPB4H3D92F7,9A9TTOY8M0EN5HQN,Communist Turrets,14-08-2016,4691,0
3039,8A515LYAIE3M7SXT,9A9TTOY8M0EN5HQN,Communist Turrets,04-08-2018,9298,0
3040,AFEGT7A9FGYJB946,9A9TTOY8M0EN5HQN,Communist Turrets,11-01-2016,2573,1
3041,AM4PRSPU8Y49YR54,9A9TTOY8M0EN5HQN,Communist Turrets,20-04-2015,8709,0
3042,58MD1WRGBCUDR6IV,9A9TTOY8M0EN5HQN,Communist Turrets,26-12-2016,1321,0
3043,ODKDL7FTMLXUMZIH,9A9TTOY8M0EN5HQN,Communist Turrets,05-12-2015,2006,0
3044,LKT1JK1432D0LCO7,9A9TTOY8M0EN5HQN,Communist Turrets,18-06-2018,6230,0
3045,Q8L4G40PYLU67D57,9A9TTOY8M0EN5HQN,Communist Turrets,14-08-2014,5527,1
3046,K8LZW1TB3Q6YWO5A,9A9TTOY8M0EN5HQN,Communist Turrets,13-05-2014,7490,0
3047,ROCVJE9HDR5QTZ11,9A9TTOY8M0EN5HQN,Communist Turrets,12-07-2018,3228,1
3048,YO4WTM8FPWRQ272A,N20CN96M6RFYI8XN,Unconcerned Colchicum,31-05-2016,9565,0
3049,QBI38FK153IFMRKW,N20CN96M6RFYI8XN,Unconcerned Colchicum,16-12-2015,6249,0
3050,UTJ75UPUD2SGIT8U,N20CN96M6RFYI8XN,Unconcerned Colchicum,28-04-2015,6075,1
3051,AY6KN6PQHUUSHSXA,N20CN96M6RFYI8XN,Unconcerned Colchicum,13-07-2016,3292,0
3052,01XVLV2WHVNC1YVR,N20CN96M6RFYI8XN,Unconcerned Colchicum,23-06-2017,2120,1
3053,4FOSQG9H8826I2FR,N20CN96M6RFYI8XN,Unconcerned Colchicum,15-12-2015,5560,0
3054,4WWYKLJD83M1DTGO,N20CN96M6RFYI8XN,Unconcerned Colchicum,23-04-2016,948,0
3055,YJPE0CAD27Q3MOAM,N20CN96M6RFYI8XN,Unconcerned Colchicum,03-07-2016,890,0
3056,0WJZ8P17I7JW86U6,N20CN96M6RFYI8XN,Unconcerned Colchicum,11-09-2017,9786,0
3057,0U78NGSFL8GTD4MB,N20CN96M6RFYI8XN,Unconcerned Colchicum,24-10-2015,6799,0
3058,OZLU4MHB0SYWPNDJ,N20CN96M6RFYI8XN,Unconcerned Colchicum,13-06-2014,7834,1
3059,UFQ4D5DYBQW70I83,N20CN96M6RFYI8XN,Unconcerned Colchicum,31-08-2015,8866,0
3060,VGJZ53T995GOWTWP,N20CN96M6RFYI8XN,Unconcerned Colchicum,30-01-2014,665,0
3061,2CS2XIFSWTMEWCIP,N20CN96M6RFYI8XN,Unconcerned Colchicum,26-07-2016,6183,0
3062,ITMX1R6UEEY47W4V,N20CN96M6RFYI8XN,Unconcerned Colchicum,31-05-2018,9740,1
3063,7Z9IE75L0P533TU7,N20CN96M6RFYI8XN,Unconcerned Colchicum,17-03-2016,988,0
3064,HSABOFWB5V5993U1,N20CN96M6RFYI8XN,Unconcerned Colchicum,09-03-2017,9860,0
3065,2PFGCFOV6ECJBRN7,N20CN96M6RFYI8XN,Unconcerned Colchicum,13-09-2018,8931,0
3066,RJWZEABKVSWY5LBG,N20CN96M6RFYI8XN,Unconcerned Colchicum,13-07-2016,5578,0
3067,4EAN23DE2V86TG4K,N20CN96M6RFYI8XN,Unconcerned Colchicum,01-10-2015,7847,0
3068,IT89P7ISBS0P64WH,N20CN96M6RFYI8XN,Unconcerned Colchicum,25-10-2018,397,0
3069,1QJ99CEFM02BP0F5,N20CN96M6RFYI8XN,Unconcerned Colchicum,23-01-2017,8114,0
3070,X426SDH2R98XT8JS,N20CN96M6RFYI8XN,Unconcerned Colchicum,08-12-2016,7011,1
3071,J8W0Z4205WIZO9TX,N20CN96M6RFYI8XN,Unconcerned Colchicum,24-12-2018,5337,0
3072,8RM9GC5AAEOUP6HV,TD500AEQLS3NWNLF,Drier Cicognani,26-05-2014,473,1
3073,8XYG522FLFW65BWI,TD500AEQLS3NWNLF,Drier Cicognani,27-02-2016,7257,0
3074,GDCZCTG69RSDV7S2,TD500AEQLS3NWNLF,Drier Cicognani,24-05-2017,8696,0
3075,LQPWTAGDQUEUQWVW,TD500AEQLS3NWNLF,Drier Cicognani,09-08-2017,2196,0
3076,3W0NDLWVAX1DSTLL,TD500AEQLS3NWNLF,Drier Cicognani,14-09-2017,5717,0
3077,7KP0HHRQYX2PJQX2,TD500AEQLS3NWNLF,Drier Cicognani,14-07-2015,8364,1
3078,25E3ACF7C8IQ1XPH,TD500AEQLS3NWNLF,Drier Cicognani,22-03-2014,9212,0
3079,BQ4DXV5PVM7MTBWV,TD500AEQLS3NWNLF,Drier Cicognani,21-03-2015,169,0
3080,HE22LBPB3NHE5SXJ,TD500AEQLS3NWNLF,Drier Cicognani,08-02-2018,5878,0
3081,IZ5PPC5JPRM6NB45,TD500AEQLS3NWNLF,Drier Cicognani,05-01-2016,4928,0
3082,JAFW2U5F4R4AL14B,TD500AEQLS3NWNLF,Drier Cicognani,30-12-2017,8763,0
3083,PYRX370LIB6NGU12,TD500AEQLS3NWNLF,Drier Cicognani,03-10-2018,4500,0
3084,S46NGLQD9HBZ5772,TD500AEQLS3NWNLF,Drier Cicognani,19-04-2018,7607,0
3085,CF9CL2A3V61MGJEA,TD500AEQLS3NWNLF,Drier Cicognani,07-07-2015,9660,1
3086,R870YTE4THPPDRVZ,TD500AEQLS3NWNLF,Drier Cicognani,11-10-2018,6006,0
3087,DO1PID1T69U13D5O,TD500AEQLS3NWNLF,Drier Cicognani,19-02-2015,9199,0
3088,ZLG4BPG2U971M3HK,TD500AEQLS3NWNLF,Drier Cicognani,15-08-2016,575,0
3089,KEW8MNOAPEJGSTS0,TD500AEQLS3NWNLF,Drier Cicognani,03-11-2017,1674,0
3090,INKT0AWT0PPHUG72,TD500AEQLS3NWNLF,Drier Cicognani,15-09-2015,6728,0
3091,KP8ULDWXQHC0SM3A,VBQHLOGSU67CHF00,Unconditional Bestes,18-02-2016,4963,1
3092,EBO5ROBRVR4B7ZMP,VBQHLOGSU67CHF00,Unconditional Bestes,07-07-2015,4716,0
3093,GNCJTBCKLC0Q7BN6,VBQHLOGSU67CHF00,Unconditional Bestes,02-01-2018,5683,0
3094,M6HL83O4UJUZ2CIZ,VBQHLOGSU67CHF00,Unconditional Bestes,09-01-2017,6438,0
3095,AWEM1MPSOKZ00MDO,VBQHLOGSU67CHF00,Unconditional Bestes,03-04-2018,6134,0
3096,JFGRFNKEAZAIVVER,VBQHLOGSU67CHF00,Unconditional Bestes,18-06-2017,1555,0
3097,CSEQETYJEY9QUSGG,VBQHLOGSU67CHF00,Unconditional Bestes,20-01-2017,4236,0
3098,CN5K13IE7M7AIP8W,VBQHLOGSU67CHF00,Unconditional Bestes,15-04-2014,444,0
3099,ZNBT697Z6N4IFZKH,VBQHLOGSU67CHF00,Unconditional Bestes,01-03-2017,3079,0
3100,ARXFSMQN0CYTDCH3,VBQHLOGSU67CHF00,Unconditional Bestes,01-05-2016,9621,1
3101,ZA8J0TKTWZ190Y7S,VBQHLOGSU67CHF00,Unconditional Bestes,11-02-2015,1305,0
3102,36FHU7UMHX9K96X1,VBQHLOGSU67CHF00,Unconditional Bestes,22-03-2017,3688,1
3103,WYYN3FWGXE6G6CCX,VBQHLOGSU67CHF00,Unconditional Bestes,08-09-2015,7017,0
3104,WVXD50L6MZU46KTQ,VBQHLOGSU67CHF00,Unconditional Bestes,26-04-2017,7115,0
3105,I4GJBCLIXMRN31V6,VBQHLOGSU67CHF00,Unconditional Bestes,27-08-2014,2889,1
3106,9T00Z3E4E57VXOMB,VBQHLOGSU67CHF00,Unconditional Bestes,18-06-2018,3839,0
3107,IMD3XU3PV7BNXZHY,VBQHLOGSU67CHF00,Unconditional Bestes,15-09-2017,9689,0
3108,USJDVQZZWO9MW58N,VBQHLOGSU67CHF00,Unconditional Bestes,13-04-2015,8367,0
3109,GD3FHCNJL9ZJ5OU8,VBQHLOGSU67CHF00,Unconditional Bestes,19-10-2017,417,1
3110,C9YNHB04G2DLZ3QM,VYPG1DFQONT0UOSW,Far-Out Homes,28-11-2015,6050,0
3111,YYVHL1C05N8VCS42,VYPG1DFQONT0UOSW,Far-Out Homes,21-05-2016,1364,0
3112,T9C3G6TSX3KSFNLA,VYPG1DFQONT0UOSW,Far-Out Homes,19-03-2017,397,0
3113,46KQTN8BMSVSAOJX,VYPG1DFQONT0UOSW,Far-Out Homes,25-10-2014,174,0
3114,UBINZCZ2VL7EJHU4,VYPG1DFQONT0UOSW,Far-Out Homes,23-01-2016,6502,0
3115,JTV6DEH535SY1HTZ,VYPG1DFQONT0UOSW,Far-Out Homes,15-07-2015,1855,0
3116,K1UIHLXEFQYFG14I,VYPG1DFQONT0UOSW,Far-Out Homes,08-06-2016,8035,0
3117,CT2GMIJAA0YXVYT9,VYPG1DFQONT0UOSW,Far-Out Homes,01-04-2018,3657,0
3118,K95CR2UMYVJMVFPH,VYPG1DFQONT0UOSW,Far-Out Homes,18-08-2015,6099,0
3119,3KD5YA4X71Q323PU,VYPG1DFQONT0UOSW,Far-Out Homes,28-04-2015,6752,1
3120,XK3783CNP6COINVK,VYPG1DFQONT0UOSW,Far-Out Homes,22-06-2017,7128,0
3121,YWT22A0ALM3QJYXL,VYPG1DFQONT0UOSW,Far-Out Homes,23-03-2017,8126,0
3122,ENLPDZGMK4FP2YZU,VYPG1DFQONT0UOSW,Far-Out Homes,04-03-2014,3078,0
3123,ADRNBT9YY9W7VH71,VYPG1DFQONT0UOSW,Far-Out Homes,08-12-2017,9840,0
3124,FXMQHOJFL0ZQQDU1,VYPG1DFQONT0UOSW,Far-Out Homes,29-07-2015,9273,1
3125,R4DY3ITF74LBZ1D7,VYPG1DFQONT0UOSW,Far-Out Homes,07-07-2017,2995,0
3126,HWM8L5221C6DV1KB,N40JGGXVYSWDNIJ9,Neurotic Pavilions,31-05-2018,716,0
3127,XJTG85FP8QYLBFGT,N40JGGXVYSWDNIJ9,Neurotic Pavilions,10-12-2018,9534,1
3128,F420KSXN3FO0PVBV,N40JGGXVYSWDNIJ9,Neurotic Pavilions,01-03-2016,1147,0
3129,9H78U9KB7ITRFE28,N40JGGXVYSWDNIJ9,Neurotic Pavilions,05-06-2014,4789,0
3130,USNTC6Z98JSESI57,N40JGGXVYSWDNIJ9,Neurotic Pavilions,27-12-2016,8549,0
3131,TQD90WXX7ZSVXC4C,N40JGGXVYSWDNIJ9,Neurotic Pavilions,14-04-2015,9196,0
3132,JFUPZRWAYA0FJ273,N40JGGXVYSWDNIJ9,Neurotic Pavilions,04-05-2016,355,0
3133,JMK5N3Y7VD04C7CA,N40JGGXVYSWDNIJ9,Neurotic Pavilions,05-12-2015,3795,0
3134,VQU3A5EUW55U7ZRJ,N40JGGXVYSWDNIJ9,Neurotic Pavilions,05-08-2015,9482,0
3135,950U3OC6I56C3B85,N40JGGXVYSWDNIJ9,Neurotic Pavilions,05-06-2015,3303,1
3136,Y38GOQXPVMAONXIX,N40JGGXVYSWDNIJ9,Neurotic Pavilions,18-12-2018,4512,0
3137,4WZJGDX85MLSM6JK,N40JGGXVYSWDNIJ9,Neurotic Pavilions,07-12-2017,6315,0
3138,ENVDAOA5L7YKEB7V,N40JGGXVYSWDNIJ9,Neurotic Pavilions,31-07-2017,6420,0
3139,I6OGM1MRQJW62ZPZ,N40JGGXVYSWDNIJ9,Neurotic Pavilions,21-12-2018,323,0
3140,R8S286DAV8KGNCHI,N40JGGXVYSWDNIJ9,Neurotic Pavilions,23-11-2014,1740,0
3141,R38UVB8BZIU82P2R,N40JGGXVYSWDNIJ9,Neurotic Pavilions,02-02-2017,1626,0
3142,DXJ5YY1T7IYPINQK,N40JGGXVYSWDNIJ9,Neurotic Pavilions,05-05-2017,4175,1
3143,EY4648SOBLHF0HYV,N40JGGXVYSWDNIJ9,Neurotic Pavilions,14-10-2016,3438,1
3144,V2WJQQJJWAHEVY7H,N40JGGXVYSWDNIJ9,Neurotic Pavilions,21-04-2018,3193,0
3145,LHUYLZD4DQ0B4KJ6,N40JGGXVYSWDNIJ9,Neurotic Pavilions,08-12-2015,8400,0
3146,FHZHOUZ2GSJIN6TE,N40JGGXVYSWDNIJ9,Neurotic Pavilions,24-09-2017,2204,0
3147,OXVCNZ9TIE3FZMWZ,6XAP5RT4IE1ZEVP3,Highest Byword,05-02-2016,2921,0
3148,9ZHESG38AODSTUKV,6XAP5RT4IE1ZEVP3,Highest Byword,30-01-2016,4546,1
3149,BUT0QQXDP2IS257W,6XAP5RT4IE1ZEVP3,Highest Byword,25-10-2017,6095,0
3150,JOD0OZJDOPLBXWW2,6XAP5RT4IE1ZEVP3,Highest Byword,18-05-2014,1072,0
3151,NGVBYJTGDS7Z8NM3,6XAP5RT4IE1ZEVP3,Highest Byword,13-10-2014,8612,0
3152,EKHG1QGHYBRHPXWI,6XAP5RT4IE1ZEVP3,Highest Byword,25-09-2017,3131,1
3153,2EAGPNCSAQYZXTUN,6XAP5RT4IE1ZEVP3,Highest Byword,30-08-2015,5895,0
3154,BJF2K42LD2XXJUHW,6XAP5RT4IE1ZEVP3,Highest Byword,02-08-2015,8244,0
3155,AKGER037O4VKZP0D,6XAP5RT4IE1ZEVP3,Highest Byword,04-05-2016,8161,0
3156,NYPFBI3SA2VLOURD,6XAP5RT4IE1ZEVP3,Highest Byword,21-06-2014,4644,1
3157,RKEES21NAKI8WLJD,6XAP5RT4IE1ZEVP3,Highest Byword,17-02-2018,8179,0
3158,ZLZ6RFX9C46LT6SO,6XAP5RT4IE1ZEVP3,Highest Byword,01-11-2018,4252,0
3159,RET9OQHL982FA9ZK,6XAP5RT4IE1ZEVP3,Highest Byword,27-03-2016,1691,0
3160,SAYX2KTA4F9MGHGS,6XAP5RT4IE1ZEVP3,Highest Byword,20-05-2017,3231,0
3161,MWM5JBQL3ZRX4UHK,6XAP5RT4IE1ZEVP3,Highest Byword,21-02-2018,1541,0
3162,P9CVOUV61B223SA7,6XAP5RT4IE1ZEVP3,Highest Byword,28-08-2014,4750,0
3163,3I2VPKQJ2ETR18UY,JXVR1UDS6JBOM6JQ,Wide-Open Bo'Sun'S,15-08-2015,1628,0
3164,D0M5BAN1T2T5OWJQ,JXVR1UDS6JBOM6JQ,Wide-Open Bo'Sun'S,14-06-2015,3671,0
3165,SAE3JRXWK1QAYIV2,JXVR1UDS6JBOM6JQ,Wide-Open Bo'Sun'S,03-02-2014,5021,1
3166,5Q8I38NHQ45O0GOQ,JXVR1UDS6JBOM6JQ,Wide-Open Bo'Sun'S,10-08-2016,8148,0
3167,C7M16GLJZ1IVNEX8,JXVR1UDS6JBOM6JQ,Wide-Open Bo'Sun'S,19-01-2015,1918,0
3168,GRGHDFM2SRIENP8W,JXVR1UDS6JBOM6JQ,Wide-Open Bo'Sun'S,13-12-2015,3170,0
3169,F5ZHRON3ATLJ81KB,JXVR1UDS6JBOM6JQ,Wide-Open Bo'Sun'S,06-12-2015,6022,0
3170,W9X94XV0XAX4ZC3G,JXVR1UDS6JBOM6JQ,Wide-Open Bo'Sun'S,06-06-2014,8969,0
3171,622X8JCZ3KEXEBC7,JXVR1UDS6JBOM6JQ,Wide-Open Bo'Sun'S,04-12-2015,3850,0
3172,40KLG7K126A7J7XC,JXVR1UDS6JBOM6JQ,Wide-Open Bo'Sun'S,08-07-2015,6385,0
3173,CYV039UP9B3PYRQX,JXVR1UDS6JBOM6JQ,Wide-Open Bo'Sun'S,13-02-2016,2294,0
3174,V45EG5QLHVZKPPJU,JXVR1UDS6JBOM6JQ,Wide-Open Bo'Sun'S,19-11-2015,8939,0
3175,I3CMB35WEUMQBMBC,JXVR1UDS6JBOM6JQ,Wide-Open Bo'Sun'S,02-04-2015,7939,0
3176,0E3B2UNCIPLKBY8H,JXVR1UDS6JBOM6JQ,Wide-Open Bo'Sun'S,26-02-2016,9317,1
3177,AMU4015UIN3T1293,JXVR1UDS6JBOM6JQ,Wide-Open Bo'Sun'S,25-06-2015,828,0
3178,3WVUVY9XSI8UBPEL,JXVR1UDS6JBOM6JQ,Wide-Open Bo'Sun'S,23-08-2017,9053,0
3179,XRDF4QU9SA99H15Z,JXVR1UDS6JBOM6JQ,Wide-Open Bo'Sun'S,14-04-2015,3888,0
3180,1VLI30ODQR5LJ1YA,JXVR1UDS6JBOM6JQ,Wide-Open Bo'Sun'S,05-06-2017,6616,0
3181,IGPTKLDKNDXKIMDO,JXVR1UDS6JBOM6JQ,Wide-Open Bo'Sun'S,21-10-2014,4387,0
3182,TIAPT8619SFYCJCH,JXVR1UDS6JBOM6JQ,Wide-Open Bo'Sun'S,21-07-2015,415,0
3183,FT3NNUKC3U629L55,JXVR1UDS6JBOM6JQ,Wide-Open Bo'Sun'S,09-05-2018,9331,0
3184,SBEJQEOZYYBGDBQP,JXVR1UDS6JBOM6JQ,Wide-Open Bo'Sun'S,03-05-2015,3333,0
3185,45H1ZJHS95B94AQY,JXVR1UDS6JBOM6JQ,Wide-Open Bo'Sun'S,02-06-2014,3252,1
3186,PP4GSXCJ6RRRAXTH,K4D6BBZJLW8A2LMB,Mammalian Pigeons,23-02-2014,3225,1
3187,22WXF4KTEHNQGFCI,K4D6BBZJLW8A2LMB,Mammalian Pigeons,22-11-2017,9891,0
3188,3AP42TC9GXTRQKSY,K4D6BBZJLW8A2LMB,Mammalian Pigeons,19-08-2017,6916,0
3189,ZE5W8OW9YW4R9POG,K4D6BBZJLW8A2LMB,Mammalian Pigeons,07-07-2015,9159,0
3190,DOFKOGOTHZX8O5XU,K4D6BBZJLW8A2LMB,Mammalian Pigeons,18-05-2016,6656,0
3191,0AMKNJZD5EEX81CR,K4D6BBZJLW8A2LMB,Mammalian Pigeons,01-06-2015,3993,0
3192,TDYM9DTLSFMFW797,K4D6BBZJLW8A2LMB,Mammalian Pigeons,15-01-2014,4332,0
3193,516N0H5H779OGFXO,K4D6BBZJLW8A2LMB,Mammalian Pigeons,21-05-2017,4374,1
3194,9O9NYCXZYVL0K496,K4D6BBZJLW8A2LMB,Mammalian Pigeons,30-05-2018,5852,1
3195,7S1Z50VSRMVGLGIL,K4D6BBZJLW8A2LMB,Mammalian Pigeons,05-10-2015,1534,1
3196,5IMPOK8ZYETD3I91,K4D6BBZJLW8A2LMB,Mammalian Pigeons,20-05-2015,444,1
3197,55XRGMU0DFF6UX0C,K4D6BBZJLW8A2LMB,Mammalian Pigeons,05-07-2018,7033,0
3198,O6Z05CARQGU842ZC,K4D6BBZJLW8A2LMB,Mammalian Pigeons,11-01-2017,2557,1
3199,0U3CHJPFL0MJBJLP,K4D6BBZJLW8A2LMB,Mammalian Pigeons,06-06-2016,7198,1
3200,HRKC9PMURWMI6S2F,K4D6BBZJLW8A2LMB,Mammalian Pigeons,03-02-2018,3963,0
3201,M7892NGRSFK0477H,KKB676BCM81YO8HX,Blown-Up Remphan,17-04-2014,2561,1
3202,6U8ZNQTMC4GCS3N8,KKB676BCM81YO8HX,Blown-Up Remphan,26-07-2015,3499,0
3203,VMXAOV7BT7RK72E6,KKB676BCM81YO8HX,Blown-Up Remphan,07-12-2017,6732,1
3204,2HQP9BF5EXZHQPF9,KKB676BCM81YO8HX,Blown-Up Remphan,25-04-2018,3310,0
3205,S7EF384BAR52AXLE,KKB676BCM81YO8HX,Blown-Up Remphan,09-09-2017,9000,0
3206,AGFD3ZLFZEBCLCCW,KKB676BCM81YO8HX,Blown-Up Remphan,29-01-2018,6366,0
3207,6T9VES0N0FKN4HFA,KKB676BCM81YO8HX,Blown-Up Remphan,08-07-2015,6026,1
3208,W9OUD5SCRXP40HFX,KKB676BCM81YO8HX,Blown-Up Remphan,08-11-2014,9085,0
3209,0V9GDAP1DZE71XN5,KKB676BCM81YO8HX,Blown-Up Remphan,10-08-2018,7896,0
3210,HD6G6YTK9CR0UPGT,KKB676BCM81YO8HX,Blown-Up Remphan,08-05-2014,7844,1
3211,V4O4Y7JT5UOCZFDR,X8E0M4L8RGW1NKW2,Spotless Stardom,24-07-2017,4311,1
3212,XCGLC9S413UR5DV5,X8E0M4L8RGW1NKW2,Spotless Stardom,22-03-2016,8654,0
3213,SIBPIMEJY2RW57P8,X8E0M4L8RGW1NKW2,Spotless Stardom,27-09-2015,6085,1
3214,0IAQTM0S8BGHYLTB,X8E0M4L8RGW1NKW2,Spotless Stardom,27-02-2018,9330,0
3215,1HUEMYUEQ32EX3M2,X8E0M4L8RGW1NKW2,Spotless Stardom,19-04-2014,4634,0
3216,FG3GXG45N4RB6IKS,X8E0M4L8RGW1NKW2,Spotless Stardom,21-09-2016,3320,0
3217,T2RQ9CLMY8VA1EE1,X8E0M4L8RGW1NKW2,Spotless Stardom,26-02-2017,9231,1
3218,NE0EGM3GSMBN7R5J,X8E0M4L8RGW1NKW2,Spotless Stardom,18-11-2018,7574,0
3219,6U2YRGE8S8EMDGRB,X8E0M4L8RGW1NKW2,Spotless Stardom,06-01-2015,7377,0
3220,0K9T7CUAXEOVYL6U,X8E0M4L8RGW1NKW2,Spotless Stardom,01-05-2014,9040,0
3221,DG9198LCT5QC8BSX,X8E0M4L8RGW1NKW2,Spotless Stardom,08-08-2014,1330,0
3222,C74MNMS487HC51HV,X8E0M4L8RGW1NKW2,Spotless Stardom,28-06-2015,4979,1
3223,I62AU3BSOI2VZ0BG,X8E0M4L8RGW1NKW2,Spotless Stardom,18-01-2014,4276,0
3224,MWBD0S9HXDZZJZKB,X8E0M4L8RGW1NKW2,Spotless Stardom,05-02-2015,6847,1
3225,0XJLQTYWN4BL7AOW,X8E0M4L8RGW1NKW2,Spotless Stardom,19-03-2015,2454,0
3226,LTTI7ZUPTVHWM6HO,X8E0M4L8RGW1NKW2,Spotless Stardom,15-01-2016,8489,0
3227,MKMRRYCZA8NDN51V,X8E0M4L8RGW1NKW2,Spotless Stardom,23-02-2017,9294,0
3228,4PM41JTWNF7LIV0B,X8E0M4L8RGW1NKW2,Spotless Stardom,31-05-2018,8391,1
3229,D6CNQFARCSW4XQAE,X8E0M4L8RGW1NKW2,Spotless Stardom,30-11-2015,1358,0
3230,Z6Y5QFH2KA92W0OE,X8E0M4L8RGW1NKW2,Spotless Stardom,26-09-2014,3282,0
3231,91E95XKOIAYT0KCM,X8E0M4L8RGW1NKW2,Spotless Stardom,06-01-2017,9945,0
3232,NOBW7OVSEBFV2PWU,0QD5FQD27VILMEGW,Composite Broadcasting,12-06-2015,704,0
3233,UL6E8UUM4G8ZPOOT,0QD5FQD27VILMEGW,Composite Broadcasting,28-08-2018,2657,0
3234,ZTJZV2VJYV5MS3H3,0QD5FQD27VILMEGW,Composite Broadcasting,02-05-2016,2781,0
3235,0S1DOW3HMJNVYLGF,0QD5FQD27VILMEGW,Composite Broadcasting,04-07-2018,8242,0
3236,2G06W5YIXGSDC2VA,0QD5FQD27VILMEGW,Composite Broadcasting,14-02-2014,1932,1
3237,WFTP1RVVUEBPVYY2,0QD5FQD27VILMEGW,Composite Broadcasting,28-04-2015,3980,0
3238,8U2H2Q24VHPDZYFH,0QD5FQD27VILMEGW,Composite Broadcasting,31-08-2014,1375,0
3239,4XFGAJWB4MLFOMJR,0QD5FQD27VILMEGW,Composite Broadcasting,16-01-2014,5977,0
3240,H3F051XRIG0AO7Q2,0QD5FQD27VILMEGW,Composite Broadcasting,06-09-2016,4764,0
3241,4ZKY6WHSVNG7TTUD,0QD5FQD27VILMEGW,Composite Broadcasting,09-09-2018,357,0
3242,QY9RG7EUU3F4VHW5,0QD5FQD27VILMEGW,Composite Broadcasting,20-09-2014,8811,0
3243,TWL7XF5EV6LJ0V1M,0QD5FQD27VILMEGW,Composite Broadcasting,18-08-2016,2880,1
3244,3UXILVC927QJQYKR,0QD5FQD27VILMEGW,Composite Broadcasting,26-01-2017,9062,0
3245,8XU09HBLN2XOMSES,0QD5FQD27VILMEGW,Composite Broadcasting,18-11-2014,8355,1
3246,9VR4XU267I0V75BU,0QD5FQD27VILMEGW,Composite Broadcasting,11-09-2016,1084,0
3247,6TVTTEOODH52TMSK,0QD5FQD27VILMEGW,Composite Broadcasting,29-02-2016,7358,0
3248,1RRAAT8TCR8FNQA0,0QD5FQD27VILMEGW,Composite Broadcasting,10-10-2015,2469,0
3249,EYK77A4O6LK1UZY1,0QD5FQD27VILMEGW,Composite Broadcasting,03-06-2017,708,0
3250,9FLUN25BYX2X3ZHH,0QD5FQD27VILMEGW,Composite Broadcasting,28-11-2016,8857,0
3251,LZ7KWYYDM3I4DGCJ,0QD5FQD27VILMEGW,Composite Broadcasting,18-10-2018,6324,0
3252,GZTW45NRAJXR32PV,0QD5FQD27VILMEGW,Composite Broadcasting,03-02-2016,3789,0
3253,JK5XWZWR7JP29Z7G,0QD5FQD27VILMEGW,Composite Broadcasting,26-12-2017,4133,0
3254,X5D143597KI2EM5T,0QD5FQD27VILMEGW,Composite Broadcasting,06-02-2015,5048,0
3255,1NBRX849LMK7J9MX,0QD5FQD27VILMEGW,Composite Broadcasting,01-01-2018,3224,0
3256,5SB48S61MQ8DS01P,0QD5FQD27VILMEGW,Composite Broadcasting,20-10-2017,3118,1
3257,49NOBZCP6FM2TJTZ,0QD5FQD27VILMEGW,Composite Broadcasting,11-02-2018,8577,0
3258,3JSXF8MFSIFGE98H,0QD5FQD27VILMEGW,Composite Broadcasting,18-12-2018,9907,1
3259,OQ4N63XEKCS1FO7B,0QD5FQD27VILMEGW,Composite Broadcasting,23-01-2015,2873,0
3260,LHPNIHFUXLOI4DJ0,2SF6MPE254YM7HK7,Pornographic Snips,30-04-2017,2711,1
3261,ZRSQR7DQUJYV5QAZ,2SF6MPE254YM7HK7,Pornographic Snips,01-07-2014,1830,1
3262,INUJLKP7IUGC6R78,2SF6MPE254YM7HK7,Pornographic Snips,16-03-2017,4012,0
3263,21X2CRC3R9VJDQV5,2SF6MPE254YM7HK7,Pornographic Snips,26-02-2014,9658,0
3264,D8D9KL3NZN8TGOKD,2SF6MPE254YM7HK7,Pornographic Snips,22-07-2017,4908,0
3265,H11TLKQWU9OA56AK,2SF6MPE254YM7HK7,Pornographic Snips,05-02-2014,6214,0
3266,J2DTGTJUAVY7OEHT,2SF6MPE254YM7HK7,Pornographic Snips,03-12-2018,9706,0
3267,YVXJMZRMI5TW7ZOF,2SF6MPE254YM7HK7,Pornographic Snips,05-04-2015,1091,0
3268,71JZ3FCHMGNKLMOJ,2SF6MPE254YM7HK7,Pornographic Snips,11-12-2017,3259,1
3269,QFS2IIUD8A3SNODI,2SF6MPE254YM7HK7,Pornographic Snips,06-04-2014,3158,0
3270,3VOG1TZJ34JZBGH2,2SF6MPE254YM7HK7,Pornographic Snips,07-08-2018,4375,0
3271,2Y6SCQWEOVMQW54O,2SF6MPE254YM7HK7,Pornographic Snips,24-12-2015,7897,1
3272,7RMH297Q2KOCM0HR,2SF6MPE254YM7HK7,Pornographic Snips,12-06-2014,9104,0
3273,VOT3YPVNHXF6874J,2SF6MPE254YM7HK7,Pornographic Snips,11-12-2017,5319,0
3274,U1517SS0RTKY190N,2SF6MPE254YM7HK7,Pornographic Snips,21-01-2014,5745,0
3275,5VO7Q4CW16E73WSE,2SF6MPE254YM7HK7,Pornographic Snips,20-03-2015,4840,0
3276,56CH7Y22ZQLNEGRA,2SF6MPE254YM7HK7,Pornographic Snips,27-12-2018,9859,0
3277,AL42L5WNWAA5IQPN,2SF6MPE254YM7HK7,Pornographic Snips,01-09-2016,7691,0
3278,MRC04V7ETQC7WHOU,2SF6MPE254YM7HK7,Pornographic Snips,26-03-2015,8957,0
3279,1JNA8MZIWTXLQU0H,2SF6MPE254YM7HK7,Pornographic Snips,25-01-2014,2211,0
3280,KCPA317F2QLJKB1S,2SF6MPE254YM7HK7,Pornographic Snips,13-08-2014,4201,0
3281,7SKRZQ46C5RNRL6G,2SF6MPE254YM7HK7,Pornographic Snips,23-12-2014,6936,1
3282,EH88JXVBE7L2V0IT,2SF6MPE254YM7HK7,Pornographic Snips,31-10-2014,4388,0
3283,5822RYWD0RJH9GYS,TUN1EO75AZ17DBDQ,Alike Odors,07-02-2018,9863,1
3284,S80RML4UW6X04LX4,TUN1EO75AZ17DBDQ,Alike Odors,10-06-2014,4665,0
3285,AZRO7J7NPBEOF6QJ,TUN1EO75AZ17DBDQ,Alike Odors,17-08-2017,4613,1
3286,KPFR8J5H2AFOIT8D,TUN1EO75AZ17DBDQ,Alike Odors,26-01-2017,5591,0
3287,9XM03C99H57OYMHO,TUN1EO75AZ17DBDQ,Alike Odors,21-10-2017,3515,0
3288,LD0ETPCG8HO0KAXM,TUN1EO75AZ17DBDQ,Alike Odors,11-01-2018,2316,0
3289,GN5LLPIBQR9RD3P9,TUN1EO75AZ17DBDQ,Alike Odors,11-11-2016,1211,0
3290,ASE518Y9JGU7ZFCZ,TUN1EO75AZ17DBDQ,Alike Odors,10-11-2018,5349,0
3291,HRCGHZN674067X8E,TUN1EO75AZ17DBDQ,Alike Odors,09-09-2015,9038,0
3292,KO0K5G204GL1H5KC,TUN1EO75AZ17DBDQ,Alike Odors,30-03-2018,4368,0
3293,THLBZNE32VRISHID,TUN1EO75AZ17DBDQ,Alike Odors,15-11-2018,6014,0
3294,J9NI1JGQOIAX364K,TUN1EO75AZ17DBDQ,Alike Odors,08-04-2016,7727,0
3295,GPMW2GMAIZWJVTKJ,TUN1EO75AZ17DBDQ,Alike Odors,07-07-2014,7512,0
3296,6R1EE2ZANT96ZN5K,TUN1EO75AZ17DBDQ,Alike Odors,04-12-2016,5634,1
3297,YW7S8WF2N8C9UTCI,TUN1EO75AZ17DBDQ,Alike Odors,05-04-2015,7725,1
3298,HWW49NV2AG0P8YFT,TUN1EO75AZ17DBDQ,Alike Odors,30-12-2015,377,0
3299,TKGXG5X1KLJWCJDR,21VG8ZTJM8QPFY5Z,Distal Noses,15-10-2014,8250,0
3300,W4HZFBN0LP4SSKOV,21VG8ZTJM8QPFY5Z,Distal Noses,29-03-2015,8895,0
3301,IR3L79RD4DAYTFO3,21VG8ZTJM8QPFY5Z,Distal Noses,19-03-2017,5597,1
3302,9CHNEW3O37WN2OT2,21VG8ZTJM8QPFY5Z,Distal Noses,09-02-2018,6110,0
3303,X6NHCV23GAXZCELQ,21VG8ZTJM8QPFY5Z,Distal Noses,15-08-2015,1450,0
3304,24ADBU3GZWL7GSYD,21VG8ZTJM8QPFY5Z,Distal Noses,19-09-2016,8316,0
3305,QVFLTHV35QMCDP3Q,21VG8ZTJM8QPFY5Z,Distal Noses,04-12-2017,9784,1
3306,SSE4IL8ILHUN7P9H,21VG8ZTJM8QPFY5Z,Distal Noses,25-11-2017,6269,0
3307,X72DMR8Z6ZB9XEXS,21VG8ZTJM8QPFY5Z,Distal Noses,08-10-2016,6382,0
3308,WDPV1D9DXMYA6HXN,21VG8ZTJM8QPFY5Z,Distal Noses,10-05-2016,3440,0
3309,8BQ2D2RUGEB4452Z,21VG8ZTJM8QPFY5Z,Distal Noses,01-06-2014,6259,0
3310,GOFRRM7IJGQQOPPG,21VG8ZTJM8QPFY5Z,Distal Noses,09-07-2014,930,1
3311,FF725YRLHUM6D2FV,21VG8ZTJM8QPFY5Z,Distal Noses,19-10-2015,7386,0
3312,WGY3SGLBKIC5FJD6,21VG8ZTJM8QPFY5Z,Distal Noses,20-05-2015,2193,0
3313,MZA691HZ4VZUSYT5,21VG8ZTJM8QPFY5Z,Distal Noses,08-05-2015,2472,0
3314,BT5UYKT479FH1TLL,21VG8ZTJM8QPFY5Z,Distal Noses,01-03-2018,7021,0
3315,0O96PPH0QX3RFCOJ,21VG8ZTJM8QPFY5Z,Distal Noses,14-07-2018,298,0
3316,WIL58UZ9HWJ6CNJ3,21VG8ZTJM8QPFY5Z,Distal Noses,08-10-2017,3381,0
3317,8AJ78NVLGEMEVZF8,21VG8ZTJM8QPFY5Z,Distal Noses,15-07-2015,8935,0
3318,05RR6VWNAWWQ9U7G,21VG8ZTJM8QPFY5Z,Distal Noses,26-10-2016,632,0
3319,O0428OIFRVR485ID,21VG8ZTJM8QPFY5Z,Distal Noses,13-02-2015,791,0
3320,4MQGJWZJ3PWP179Z,9VDL4O8JVNKRCVJB,Parametric Berra,05-08-2017,7158,0
3321,P2GE5YXCW4OHIPYC,9VDL4O8JVNKRCVJB,Parametric Berra,31-07-2014,2756,1
3322,Y5G30SFEE39QSDQB,9VDL4O8JVNKRCVJB,Parametric Berra,26-01-2014,5420,0
3323,DQ68PXXKKFHPZHGM,9VDL4O8JVNKRCVJB,Parametric Berra,07-07-2018,5690,0
3324,46O48QA1HSXDWCKY,9VDL4O8JVNKRCVJB,Parametric Berra,09-06-2017,8868,0
3325,OQWW5XLR9DDBTQLB,9VDL4O8JVNKRCVJB,Parametric Berra,05-12-2017,8474,1
3326,42JJFPRCFXQXJGTL,9VDL4O8JVNKRCVJB,Parametric Berra,20-12-2018,7894,0
3327,ZMCFYK7WRWK3GIIR,9VDL4O8JVNKRCVJB,Parametric Berra,30-06-2017,1138,0
3328,C5EVVU2RDR50C3A1,9VDL4O8JVNKRCVJB,Parametric Berra,11-11-2018,9438,0
3329,M6AJS2E9BU69EIEK,9VDL4O8JVNKRCVJB,Parametric Berra,01-05-2015,2499,0
3330,O5YJN3S13DFDAUAI,9VDL4O8JVNKRCVJB,Parametric Berra,08-05-2017,9150,0
3331,WOQZKZ0LEC5LC9ZR,9VDL4O8JVNKRCVJB,Parametric Berra,14-12-2014,6867,0
3332,I4A8CSFSMAV5MG5X,9VDL4O8JVNKRCVJB,Parametric Berra,06-04-2018,2264,0
3333,3BZIRL8G85Z35YNG,9VDL4O8JVNKRCVJB,Parametric Berra,02-06-2015,7090,1
3334,SSG5DFGBFSLU4J1Z,9VDL4O8JVNKRCVJB,Parametric Berra,27-01-2018,7643,0
3335,DNR3RWXUIQZUZEZ2,9VDL4O8JVNKRCVJB,Parametric Berra,08-05-2018,3721,0
3336,RZWJM075VCXDNFC5,9VDL4O8JVNKRCVJB,Parametric Berra,18-05-2018,9291,0
3337,ETB135Y34RDDP1S8,9VDL4O8JVNKRCVJB,Parametric Berra,04-08-2017,9174,0
3338,DH3HXY35V97O70IM,9VDL4O8JVNKRCVJB,Parametric Berra,05-09-2014,7693,0
3339,K5WYYD8HB76LAA94,9VDL4O8JVNKRCVJB,Parametric Berra,22-02-2014,7883,0
3340,D6UCMB4GU3IL3SVL,9VDL4O8JVNKRCVJB,Parametric Berra,31-05-2017,444,0
3341,JVKTAEF4DXPS6N71,LVXWX6MGDBDP9NIO,Aristocratic Stranger,13-03-2018,4804,0
3342,ZE5K5FNRNO2XFOER,LVXWX6MGDBDP9NIO,Aristocratic Stranger,12-06-2017,2388,0
3343,K68PIYM1QHRUC90Q,LVXWX6MGDBDP9NIO,Aristocratic Stranger,21-06-2015,3697,0
3344,THSNU7IHDV8ROLJL,LVXWX6MGDBDP9NIO,Aristocratic Stranger,27-07-2014,207,1
3345,J3WECJ2SEVW0B6WE,LVXWX6MGDBDP9NIO,Aristocratic Stranger,27-05-2018,8476,0
3346,21BD6JXPOJ3QBOSF,LVXWX6MGDBDP9NIO,Aristocratic Stranger,19-05-2017,271,0
3347,9EXEFLTL2D8HW841,LVXWX6MGDBDP9NIO,Aristocratic Stranger,19-06-2016,8743,0
3348,2TFYXL5APR4R2TYO,LVXWX6MGDBDP9NIO,Aristocratic Stranger,12-08-2017,831,0
3349,UMQUVCBJQ6Q6PTWA,LVXWX6MGDBDP9NIO,Aristocratic Stranger,27-06-2017,5121,0
3350,I286MINZ0DSOA6O8,LVXWX6MGDBDP9NIO,Aristocratic Stranger,16-11-2015,9485,0
3351,PODUGVS5OG5RLAMJ,LVXWX6MGDBDP9NIO,Aristocratic Stranger,03-05-2016,8353,0
3352,AC0HS723XA9XBHRF,LVXWX6MGDBDP9NIO,Aristocratic Stranger,01-09-2015,6730,0
3353,2LXOMOAYKTZD9Q7U,LVXWX6MGDBDP9NIO,Aristocratic Stranger,19-08-2016,1832,0
3354,QDAAH4PVLNA3NKQ5,LVXWX6MGDBDP9NIO,Aristocratic Stranger,08-11-2015,4991,0
3355,3S0RS838DNA3Z8G5,LVXWX6MGDBDP9NIO,Aristocratic Stranger,23-02-2018,9087,0
3356,NGLDOUCWE5PT4MUE,LVXWX6MGDBDP9NIO,Aristocratic Stranger,14-09-2017,521,1
3357,4U68Y6447M68AWPZ,LVXWX6MGDBDP9NIO,Aristocratic Stranger,19-11-2016,1921,1
3358,KUY71G38BCZNFWS7,LVXWX6MGDBDP9NIO,Aristocratic Stranger,05-09-2017,1490,0
3359,ZU7N7YYNVZKIT3ZT,LVXWX6MGDBDP9NIO,Aristocratic Stranger,20-10-2018,2159,0
3360,SH0N7X22M8DGA7FZ,LVXWX6MGDBDP9NIO,Aristocratic Stranger,25-12-2014,8375,1
3361,BQHIK2E63HM6L9R4,LVXWX6MGDBDP9NIO,Aristocratic Stranger,05-02-2017,8520,0
3362,8QN64FJ82HUJKXHT,LVXWX6MGDBDP9NIO,Aristocratic Stranger,19-06-2016,5176,0
3363,FPLXC475C61QLUGI,LVXWX6MGDBDP9NIO,Aristocratic Stranger,11-04-2018,9424,0
3364,RSA7TIQDMU27C15G,LVXWX6MGDBDP9NIO,Aristocratic Stranger,29-05-2016,3400,0
3365,D4JDVS1FDKFTI3SR,LVXWX6MGDBDP9NIO,Aristocratic Stranger,19-04-2017,9686,1
3366,BVEH4E5RCKLFR24N,LVXWX6MGDBDP9NIO,Aristocratic Stranger,26-09-2014,5505,0
3367,HQ5LR0W9QS3BGTLJ,LVXWX6MGDBDP9NIO,Aristocratic Stranger,31-12-2017,3195,0
3368,ECPW5RT3Q1YM09M8,LVXWX6MGDBDP9NIO,Aristocratic Stranger,08-06-2015,5673,0
3369,3TNQBMPOT0P2OF1X,LVXWX6MGDBDP9NIO,Aristocratic Stranger,23-02-2016,3361,1
3370,CAR33RJDHIXPA4U5,7S8JO6G27G7KEJI2,Testicular Preconditions,02-02-2018,2223,1
3371,2YU2GR3YK3BKH8HQ,7S8JO6G27G7KEJI2,Testicular Preconditions,01-06-2017,6577,0
3372,S7XUTQ3FO7GF0VKH,7S8JO6G27G7KEJI2,Testicular Preconditions,17-05-2018,8576,1
3373,IF68O4WFNHZ5Q65K,7S8JO6G27G7KEJI2,Testicular Preconditions,24-03-2014,6917,0
3374,QZYMGPZUOJ87O8T7,7S8JO6G27G7KEJI2,Testicular Preconditions,08-06-2018,5723,0
3375,WF5B7GQIMJPONY0D,7S8JO6G27G7KEJI2,Testicular Preconditions,06-05-2017,6269,0
3376,VFEI6U8FVR4H9LTG,7S8JO6G27G7KEJI2,Testicular Preconditions,03-03-2014,4778,0
3377,P4BE5YM6KL2UR81K,7S8JO6G27G7KEJI2,Testicular Preconditions,27-01-2018,4566,0
3378,02FJL6AZASGH4KGM,7S8JO6G27G7KEJI2,Testicular Preconditions,10-02-2018,301,0
3379,9O56GJOM7366W4DH,7S8JO6G27G7KEJI2,Testicular Preconditions,11-01-2016,4728,0
3380,J2SCWEJ6HUIQ5J6D,7S8JO6G27G7KEJI2,Testicular Preconditions,12-03-2018,5340,0
3381,5QVX59NSE4AZBCP3,7S8JO6G27G7KEJI2,Testicular Preconditions,26-08-2018,2894,1
3382,RZZWH0ZSLKQUKJVR,7S8JO6G27G7KEJI2,Testicular Preconditions,08-12-2018,2979,0
3383,JQDNR2J8T9VWYFED,7S8JO6G27G7KEJI2,Testicular Preconditions,30-04-2017,2219,1
3384,TCZAVPGUW3N8JG26,7S8JO6G27G7KEJI2,Testicular Preconditions,20-04-2017,2979,0
3385,3UC7WY9OLSOTABIH,7S8JO6G27G7KEJI2,Testicular Preconditions,08-09-2017,8532,0
3386,HLEBBBGK5H5GD6FS,7S8JO6G27G7KEJI2,Testicular Preconditions,01-07-2016,9101,0
3387,BGT12ETZTOM3PEQB,7S8JO6G27G7KEJI2,Testicular Preconditions,13-10-2018,7553,1
3388,XG7W64K8L5S71RNQ,7S8JO6G27G7KEJI2,Testicular Preconditions,09-06-2015,7815,0
3389,BDQVM15PLR15BVL1,7S8JO6G27G7KEJI2,Testicular Preconditions,14-11-2018,5778,0
3390,TFCL9PWSYJOGSJBK,2G66XKDVNC0LFB81,Sharp-Limbed Stuttgart,05-07-2014,6424,0
3391,EL89MCEB2F5KRBIO,2G66XKDVNC0LFB81,Sharp-Limbed Stuttgart,08-09-2016,3548,1
3392,9CPH4LHU4MRQVGQY,2G66XKDVNC0LFB81,Sharp-Limbed Stuttgart,01-05-2016,7877,1
3393,EHP67FU97MORJ5DK,2G66XKDVNC0LFB81,Sharp-Limbed Stuttgart,19-12-2015,5933,0
3394,GL6QCIKM7KMW9O74,2G66XKDVNC0LFB81,Sharp-Limbed Stuttgart,08-07-2018,7038,0
3395,I86CXQW3SOUY13FM,2G66XKDVNC0LFB81,Sharp-Limbed Stuttgart,07-08-2018,6406,0
3396,E64TXX5TITYB9DAY,2G66XKDVNC0LFB81,Sharp-Limbed Stuttgart,05-01-2016,5492,0
3397,Z4HD6BNHRGESU2S2,2G66XKDVNC0LFB81,Sharp-Limbed Stuttgart,29-10-2018,8370,0
3398,U3FLSZ0E8IOVHXJV,2G66XKDVNC0LFB81,Sharp-Limbed Stuttgart,26-02-2018,8710,0
3399,WGESWUDAY4YEVVOF,2G66XKDVNC0LFB81,Sharp-Limbed Stuttgart,02-09-2017,6246,0
3400,RWLTPNAJZEQQDRGC,2G66XKDVNC0LFB81,Sharp-Limbed Stuttgart,26-10-2014,6243,1
3401,WIAJD8PWBQUXOW7C,2G66XKDVNC0LFB81,Sharp-Limbed Stuttgart,02-07-2017,4968,0
3402,4XQ6I68SIY3FV82O,2G66XKDVNC0LFB81,Sharp-Limbed Stuttgart,28-07-2017,9765,0
3403,NY09KMEDB9ERT3Z4,2G66XKDVNC0LFB81,Sharp-Limbed Stuttgart,19-07-2018,2562,0
3404,Q55R2BWZJOCNVJ3J,2G66XKDVNC0LFB81,Sharp-Limbed Stuttgart,26-10-2018,4808,0
3405,3RWNDF53A1C668V8,2G66XKDVNC0LFB81,Sharp-Limbed Stuttgart,02-08-2018,1180,0
3406,ERWSOQZPI36NR0LS,2G66XKDVNC0LFB81,Sharp-Limbed Stuttgart,20-03-2017,3015,0
3407,81AZXFMFQRTWXWT8,2G66XKDVNC0LFB81,Sharp-Limbed Stuttgart,01-04-2017,1425,0
3408,CRAVWJJPNLRCQFXF,2G66XKDVNC0LFB81,Sharp-Limbed Stuttgart,19-03-2015,7162,0
3409,YFGS2WRGOMRPPNLC,2G66XKDVNC0LFB81,Sharp-Limbed Stuttgart,09-03-2016,5609,0
3410,O4SZBZSI5LQVXH4D,2G66XKDVNC0LFB81,Sharp-Limbed Stuttgart,23-05-2014,7201,0
3411,XPLK3AGC8TM82740,2G66XKDVNC0LFB81,Sharp-Limbed Stuttgart,15-06-2018,8635,0
3412,Y1MWKOVPQFTEZ7AK,2G66XKDVNC0LFB81,Sharp-Limbed Stuttgart,05-02-2014,4850,0
3413,RKUQYXZ3G1P09D2V,2G66XKDVNC0LFB81,Sharp-Limbed Stuttgart,06-03-2015,4910,0
3414,T5WAQA8NC9XK3LI6,2G66XKDVNC0LFB81,Sharp-Limbed Stuttgart,29-09-2018,3630,0
3415,LKE42ACVJX982FOY,2G66XKDVNC0LFB81,Sharp-Limbed Stuttgart,15-11-2016,7467,0
3416,IRH586JBBHHJT0ZL,2G66XKDVNC0LFB81,Sharp-Limbed Stuttgart,15-03-2014,2420,1
3417,YRESA8ZAERR2VSEN,H2FWEQDVMVYZFGZJ,One-Time Iocsixg,12-11-2016,3622,0
3418,F08HZE7YZ03ERBW4,H2FWEQDVMVYZFGZJ,One-Time Iocsixg,21-11-2017,6021,0
3419,27FN4984TH3QML24,H2FWEQDVMVYZFGZJ,One-Time Iocsixg,06-08-2016,4926,1
3420,6AQ029RXCBCGBPIJ,H2FWEQDVMVYZFGZJ,One-Time Iocsixg,27-12-2015,3418,0
3421,H7UZ9964HX28UNTO,H2FWEQDVMVYZFGZJ,One-Time Iocsixg,31-12-2014,6129,1
3422,BCLGI9BN1QZ916R0,H2FWEQDVMVYZFGZJ,One-Time Iocsixg,07-01-2015,7994,0
3423,OQJI6XWOO23S2KQM,H2FWEQDVMVYZFGZJ,One-Time Iocsixg,28-07-2017,6010,0
3424,7Y4BG2RLIWMH6H2E,H2FWEQDVMVYZFGZJ,One-Time Iocsixg,23-08-2014,8482,0
3425,PA9PPL8PMTONZFYA,H2FWEQDVMVYZFGZJ,One-Time Iocsixg,03-08-2017,9554,0
3426,XPDKFU3VM77F9GPS,H2FWEQDVMVYZFGZJ,One-Time Iocsixg,30-11-2014,2407,1
3427,CKGY2XWL53NR0W9R,H2FWEQDVMVYZFGZJ,One-Time Iocsixg,09-07-2014,4526,0
3428,KOO15XEL1RRGQ5AL,H2FWEQDVMVYZFGZJ,One-Time Iocsixg,17-09-2015,2479,0
3429,78PA9JU4NDUWWHV3,H2FWEQDVMVYZFGZJ,One-Time Iocsixg,30-09-2015,6011,0
3430,8A6KHIKSMXIN85PG,H2FWEQDVMVYZFGZJ,One-Time Iocsixg,27-11-2016,6730,0
3431,E445LL037SUKB4IX,H2FWEQDVMVYZFGZJ,One-Time Iocsixg,02-04-2017,3615,0
3432,W0SSZ67MJ3ISP9B7,H2FWEQDVMVYZFGZJ,One-Time Iocsixg,22-09-2015,7727,0
3433,ND4NGDBJYAVWGH8P,H2FWEQDVMVYZFGZJ,One-Time Iocsixg,27-04-2017,1069,0
3434,KINOBRBQM48WCR6O,H2FWEQDVMVYZFGZJ,One-Time Iocsixg,24-09-2018,9901,0
3435,L8Q4U2K4OR0Z4ZYE,H2FWEQDVMVYZFGZJ,One-Time Iocsixg,02-11-2018,7110,0
3436,OFSZ4TNTDHWPLMS4,H2FWEQDVMVYZFGZJ,One-Time Iocsixg,24-06-2015,8462,0
3437,KACPN66UFZ7RULKZ,H2FWEQDVMVYZFGZJ,One-Time Iocsixg,15-05-2018,3157,0
3438,TPW1RON6E5YTOK6W,H2FWEQDVMVYZFGZJ,One-Time Iocsixg,29-11-2014,3895,0
3439,WPA0KEPLFX69LI2Q,H2FWEQDVMVYZFGZJ,One-Time Iocsixg,04-06-2015,6466,0
3440,JR4JJXX3XXIMT638,H2FWEQDVMVYZFGZJ,One-Time Iocsixg,16-02-2014,9202,0
3441,9G91FW8ZPZWTISAV,H2FWEQDVMVYZFGZJ,One-Time Iocsixg,02-06-2015,3750,0
3442,IJ8JH7OWXOUZRIW9,H2FWEQDVMVYZFGZJ,One-Time Iocsixg,29-03-2015,5896,0
3443,FO3DKXKN747EDHE8,H2FWEQDVMVYZFGZJ,One-Time Iocsixg,13-10-2015,6225,0
3444,HCMWLNBNXS8LBVUJ,H2FWEQDVMVYZFGZJ,One-Time Iocsixg,29-10-2017,1556,0
3445,N3Q9U4DT1H34QGMX,GGWJ1883T1AF4BNW,Big-Shouldered Allstates',28-11-2014,2080,0
3446,PHB1DHFBXLEKQY7T,GGWJ1883T1AF4BNW,Big-Shouldered Allstates',17-06-2014,1464,0
3447,FCMDHMGFTVHALOUV,GGWJ1883T1AF4BNW,Big-Shouldered Allstates',06-09-2014,9488,0
3448,PXAOTHQ2QXM3RF4K,GGWJ1883T1AF4BNW,Big-Shouldered Allstates',25-02-2016,8946,1
3449,QNNOYYWWWH0I2SC1,GGWJ1883T1AF4BNW,Big-Shouldered Allstates',16-03-2016,3566,0
3450,Y2BG9S7U5DB3ZEW5,GGWJ1883T1AF4BNW,Big-Shouldered Allstates',15-02-2015,3179,0
3451,1NPD3BK35NRVL8IO,GGWJ1883T1AF4BNW,Big-Shouldered Allstates',31-03-2018,9281,0
3452,IRETDULALMBET9NS,GGWJ1883T1AF4BNW,Big-Shouldered Allstates',26-04-2018,7737,0
3453,OSTPEM15ZJ87XXB3,GGWJ1883T1AF4BNW,Big-Shouldered Allstates',30-07-2018,6222,0
3454,IG0P0EO5AO0N1VLY,GGWJ1883T1AF4BNW,Big-Shouldered Allstates',12-01-2015,8130,0
3455,2GSZ87NP1GMQ8B65,GGWJ1883T1AF4BNW,Big-Shouldered Allstates',18-09-2018,6586,0
3456,LKUKRCVVV680YOXO,GGWJ1883T1AF4BNW,Big-Shouldered Allstates',23-10-2018,6775,0
3457,CHS57VT2UHSJQX7P,GGWJ1883T1AF4BNW,Big-Shouldered Allstates',07-11-2016,7972,0
3458,C52VHRB7V7REJXA9,GGWJ1883T1AF4BNW,Big-Shouldered Allstates',15-06-2018,9543,0
3459,79EWAI3IQIYRPHM3,QYT0P1ZNM7IDWQV1,Wry Varlaam,10-06-2017,5952,0
3460,NIOZD1P3GVNY61ZP,QYT0P1ZNM7IDWQV1,Wry Varlaam,01-07-2017,8114,0
3461,7JIPUQESBNMSEMUT,QYT0P1ZNM7IDWQV1,Wry Varlaam,21-11-2018,3209,0
3462,I9H8F724E4FG3PIH,QYT0P1ZNM7IDWQV1,Wry Varlaam,09-01-2017,1884,0
3463,5OFBQD365PQGVXM0,QYT0P1ZNM7IDWQV1,Wry Varlaam,01-12-2014,3305,1
3464,WPXUVBMX0TEHN0FA,QYT0P1ZNM7IDWQV1,Wry Varlaam,07-05-2015,2487,0
3465,EHLTFBXYW8MOCUFH,QYT0P1ZNM7IDWQV1,Wry Varlaam,02-10-2015,2076,0
3466,1DWBNW2GMSVVSPOH,QYT0P1ZNM7IDWQV1,Wry Varlaam,08-11-2018,1383,1
3467,Q8VJE8LBP756G59N,QYT0P1ZNM7IDWQV1,Wry Varlaam,08-02-2014,9754,0
3468,WP28H3H1T67RO69W,QYT0P1ZNM7IDWQV1,Wry Varlaam,04-10-2016,4575,0
3469,2G9H16MVDPFOLSSH,QYT0P1ZNM7IDWQV1,Wry Varlaam,11-03-2016,3276,1
3470,YYELTCJCLYORF05U,QYT0P1ZNM7IDWQV1,Wry Varlaam,11-02-2017,9628,0
3471,M1I5V21R6S4154L8,QYT0P1ZNM7IDWQV1,Wry Varlaam,02-04-2018,7093,0
3472,NMIJPAXW2PEYMYOM,QYT0P1ZNM7IDWQV1,Wry Varlaam,01-03-2014,4271,0
3473,8QZ16WKC8UNUPIDP,QYT0P1ZNM7IDWQV1,Wry Varlaam,20-04-2016,6671,0
3474,KKYAYJGZWZXYCCUN,QYT0P1ZNM7IDWQV1,Wry Varlaam,29-07-2017,1733,0
3475,1HBPTVG99MOK51Q4,QYT0P1ZNM7IDWQV1,Wry Varlaam,18-10-2017,1905,0
3476,80QFBETIZ1CCJGNJ,QYT0P1ZNM7IDWQV1,Wry Varlaam,12-12-2015,4408,1
3477,UKMG9OG1ZK6TMG9X,QYT0P1ZNM7IDWQV1,Wry Varlaam,18-05-2018,9206,0
3478,FXJFXTR9HZDH540G,QYT0P1ZNM7IDWQV1,Wry Varlaam,26-02-2014,7730,1
3479,V1O6L29S5ZC8AYZI,QYT0P1ZNM7IDWQV1,Wry Varlaam,26-09-2017,6039,0
3480,GXYS3YFV4GC9QXRR,QYT0P1ZNM7IDWQV1,Wry Varlaam,28-07-2015,9634,0
3481,IAGQ76764HY0O2U7,QYT0P1ZNM7IDWQV1,Wry Varlaam,29-03-2015,5870,1
3482,21JSZE36JJR2WG1M,QYT0P1ZNM7IDWQV1,Wry Varlaam,10-08-2017,2772,0
3483,8QOT38MDPNL27WMS,QYT0P1ZNM7IDWQV1,Wry Varlaam,20-05-2014,483,1
3484,H1QC12CWN23GLKAG,QYT0P1ZNM7IDWQV1,Wry Varlaam,21-11-2018,8424,0
3485,WFZMH7ALIZ0I28S0,Q3XC2W4EVYRZWOT6,Bestial Involutions,23-08-2014,5105,1
3486,0A7CBZYTR0JWG3JJ,Q3XC2W4EVYRZWOT6,Bestial Involutions,20-03-2015,7621,1
3487,PX7TN435D83KFKB5,Q3XC2W4EVYRZWOT6,Bestial Involutions,17-05-2017,1212,0
3488,T2DAQXM7ATI700G1,Q3XC2W4EVYRZWOT6,Bestial Involutions,28-12-2015,6562,0
3489,1VMHO5W9LJSTSDL1,Q3XC2W4EVYRZWOT6,Bestial Involutions,08-09-2018,7026,0
3490,OTK79BU7GKEFKZHE,Q3XC2W4EVYRZWOT6,Bestial Involutions,18-10-2014,9829,0
3491,BW9ACVGZARS3EFHX,Q3XC2W4EVYRZWOT6,Bestial Involutions,20-03-2018,3825,0
3492,OO1WRNE5LHX9PYBE,Q3XC2W4EVYRZWOT6,Bestial Involutions,19-03-2017,4610,0
3493,5P8Z65CU04L67ZLU,Q3XC2W4EVYRZWOT6,Bestial Involutions,06-09-2018,2852,0
3494,JT6TRUXPSHDM6FJ4,Q3XC2W4EVYRZWOT6,Bestial Involutions,09-04-2018,715,0
3495,CUJGNH6GK939HWU3,Q3XC2W4EVYRZWOT6,Bestial Involutions,12-01-2015,9623,0
3496,10IVZOHZL57MS8LO,Q3XC2W4EVYRZWOT6,Bestial Involutions,22-01-2015,9181,1
3497,UWZMGVZ43SMGSXNM,Q3XC2W4EVYRZWOT6,Bestial Involutions,31-07-2014,1979,0
3498,J970VRF2GHD5JDK7,Q3XC2W4EVYRZWOT6,Bestial Involutions,06-07-2014,7545,1
3499,PT6D2W6K7YV2ZSPO,Q3XC2W4EVYRZWOT6,Bestial Involutions,02-05-2015,5618,1
3500,JOKT7H2GQLB9OCSH,Q3XC2W4EVYRZWOT6,Bestial Involutions,24-06-2017,5852,1
3501,BKZMA15GF0B03SK0,Q3XC2W4EVYRZWOT6,Bestial Involutions,05-03-2016,2633,0
3502,DRU08NGKGLKV4YU0,Q3XC2W4EVYRZWOT6,Bestial Involutions,25-01-2016,8408,0
3503,P0F0ZYW81FDLCDNS,Q3XC2W4EVYRZWOT6,Bestial Involutions,10-11-2016,4755,0
3504,YFNETUT70OAHW2XN,Q3XC2W4EVYRZWOT6,Bestial Involutions,22-02-2016,8618,0
3505,9H9S3CGJA05LO58E,Q3XC2W4EVYRZWOT6,Bestial Involutions,02-04-2015,6390,0
3506,BP1KUZQ1XIW6XT76,Q3XC2W4EVYRZWOT6,Bestial Involutions,18-01-2016,1335,0
3507,D5I1EAF5B45A0AM5,G2SD1RQMD08TPIGZ,See-Lective Vessel,31-10-2018,9842,0
3508,OGZKL4VZ03HVPC8G,G2SD1RQMD08TPIGZ,See-Lective Vessel,06-01-2016,4515,0
3509,V5SVV6H77AHQBOW4,G2SD1RQMD08TPIGZ,See-Lective Vessel,06-09-2015,233,0
3510,UCP01E44SM6YBS10,G2SD1RQMD08TPIGZ,See-Lective Vessel,01-04-2018,6063,0
3511,SC6CP70HRK06ZSLP,G2SD1RQMD08TPIGZ,See-Lective Vessel,15-04-2018,3296,1
3512,QISRPUVNDUXIBZYN,G2SD1RQMD08TPIGZ,See-Lective Vessel,18-04-2015,1016,1
3513,WZXGR90BX9IUZ6ZV,G2SD1RQMD08TPIGZ,See-Lective Vessel,10-08-2016,2117,0
3514,UZ0C2KJB98XN5THM,G2SD1RQMD08TPIGZ,See-Lective Vessel,17-12-2018,2951,1
3515,FTMB5ONNE02BHBJI,G2SD1RQMD08TPIGZ,See-Lective Vessel,16-08-2018,4507,0
3516,GD5U9E6U798XD57M,G2SD1RQMD08TPIGZ,See-Lective Vessel,27-02-2017,6432,0
3517,VCW1AYNF0CGW0A45,G2SD1RQMD08TPIGZ,See-Lective Vessel,16-07-2018,9012,0
3518,DJHF2K71LIGVK2A6,G2SD1RQMD08TPIGZ,See-Lective Vessel,05-07-2016,8996,0
3519,MYZ3A0CGM3P31ZLS,G2SD1RQMD08TPIGZ,See-Lective Vessel,11-04-2016,907,1
3520,T5269I03J0YOU0XM,G2SD1RQMD08TPIGZ,See-Lective Vessel,03-08-2014,9481,0
3521,W8D12BZ9Q105FE9C,G2SD1RQMD08TPIGZ,See-Lective Vessel,15-02-2017,4510,0
3522,W6MX8YZH0BJCREFR,G2SD1RQMD08TPIGZ,See-Lective Vessel,23-03-2014,7622,0
3523,7VUJ971YPUXA82ML,G2SD1RQMD08TPIGZ,See-Lective Vessel,07-08-2014,5046,0
3524,0VVEHVUA6T7VWVLQ,G2SD1RQMD08TPIGZ,See-Lective Vessel,02-04-2016,1568,0
3525,JD1RKCRHZBBDCSO5,G2SD1RQMD08TPIGZ,See-Lective Vessel,28-06-2015,3958,0
3526,8LSM32Z7Z1AXIS99,JMRT5KZ12JYMP9CX,Faster Length,10-10-2017,4187,0
3527,EWYONMZ0X3R6418C,JMRT5KZ12JYMP9CX,Faster Length,20-06-2016,2424,1
3528,E7MYHM66MASF0RPT,JMRT5KZ12JYMP9CX,Faster Length,20-10-2017,2426,0
3529,IYHDF2C8ZG2WJIVD,JMRT5KZ12JYMP9CX,Faster Length,24-02-2017,5048,1
3530,ZFC5BV70U1S80Y1Q,JMRT5KZ12JYMP9CX,Faster Length,16-01-2017,1473,0
3531,DFMQDDCMRGMJD3ZZ,JMRT5KZ12JYMP9CX,Faster Length,28-12-2015,2412,0
3532,TXGTQIPVOHCQTM38,JMRT5KZ12JYMP9CX,Faster Length,23-07-2015,7031,1
3533,8Y6VQEJO5PU4S36T,JMRT5KZ12JYMP9CX,Faster Length,26-04-2015,2724,0
3534,NJNIZG9LJT5IBPRB,JMRT5KZ12JYMP9CX,Faster Length,18-09-2015,4041,0
3535,BZJSQLTFDSJSV9EU,JMRT5KZ12JYMP9CX,Faster Length,26-05-2014,6830,1
3536,RX2E99QWCED9N6LL,JMRT5KZ12JYMP9CX,Faster Length,31-10-2017,5403,0
3537,FRV5NTVY7JYBFBCG,JMRT5KZ12JYMP9CX,Faster Length,10-04-2014,3971,1
3538,5NN3KNKWNXT20Y0O,JMRT5KZ12JYMP9CX,Faster Length,01-05-2017,8293,1
3539,4CDWJHAAAMH7FQSI,JMRT5KZ12JYMP9CX,Faster Length,28-03-2014,7160,1
3540,1UQH4FTZ1P9S62J1,JMRT5KZ12JYMP9CX,Faster Length,19-02-2014,173,0
3541,2B755RLS5HXPMBY0,JMRT5KZ12JYMP9CX,Faster Length,19-02-2017,7006,0
3542,PTAO389ZPSQ8BACX,JMRT5KZ12JYMP9CX,Faster Length,03-08-2015,8433,0
3543,R2BTKSW2T2MVTP69,JMRT5KZ12JYMP9CX,Faster Length,09-06-2015,7199,0
3544,W6VPC4MBMRZ881QJ,WIZO5FOTSZMH4DWH,Gret Dave,23-08-2018,9176,0
3545,UIFRK75G6PQ83YY0,WIZO5FOTSZMH4DWH,Gret Dave,05-08-2018,1688,1
3546,KMGX8OA1YWZG7AVE,WIZO5FOTSZMH4DWH,Gret Dave,11-05-2014,2141,0
3547,AKTJ5OIBIWVGJUTO,WIZO5FOTSZMH4DWH,Gret Dave,01-06-2016,3183,0
3548,QUYRM7YHSEE5YOUA,WIZO5FOTSZMH4DWH,Gret Dave,16-05-2014,8677,0
3549,JRAFG998M5PB47J8,WIZO5FOTSZMH4DWH,Gret Dave,19-04-2014,5104,0
3550,7W2IMFVSZTGRVKCZ,WIZO5FOTSZMH4DWH,Gret Dave,11-06-2014,5395,0
3551,O31PR674P7YI36G8,WIZO5FOTSZMH4DWH,Gret Dave,23-12-2018,1633,1
3552,COWSONDGQ62ORUBM,WIZO5FOTSZMH4DWH,Gret Dave,10-12-2017,8274,0
3553,LOYHYKN8CJ2YV4MW,WIZO5FOTSZMH4DWH,Gret Dave,12-06-2018,2179,0
3554,HR2LZ2TRS0T46J4E,WIZO5FOTSZMH4DWH,Gret Dave,25-09-2015,5854,0
3555,JNZ3SXZ796DPTNTO,WIZO5FOTSZMH4DWH,Gret Dave,19-01-2015,8095,0
3556,DVK0MMZ8L19L9FO1,WIZO5FOTSZMH4DWH,Gret Dave,19-08-2014,4792,1
3557,ZKAVPAG92EXMS1CI,WIZO5FOTSZMH4DWH,Gret Dave,21-09-2016,5700,0
3558,XNRFTNYPOFAY2V9R,WIZO5FOTSZMH4DWH,Gret Dave,07-10-2015,3573,0
3559,V3SR8NWZ4Z3RV8XI,WIZO5FOTSZMH4DWH,Gret Dave,24-08-2016,5824,0
3560,73G5MPTQBTKUZLGN,WIZO5FOTSZMH4DWH,Gret Dave,07-10-2017,9525,0
3561,XMF6YD82I7GY7LEN,SXSHVHNJHFRM803X,Sor'L Planet'S,10-11-2016,1213,0
3562,5Q0AJZSFB2123QYZ,SXSHVHNJHFRM803X,Sor'L Planet'S,10-09-2014,4168,0
3563,WY1JRH4XV51D6O9Q,SXSHVHNJHFRM803X,Sor'L Planet'S,27-04-2014,2076,0
3564,T51ZAX07A695PPQH,SXSHVHNJHFRM803X,Sor'L Planet'S,04-12-2015,9606,1
3565,1BUW7L7B4PD4Y7KX,SXSHVHNJHFRM803X,Sor'L Planet'S,05-08-2016,9002,0
3566,X1JRLCTNGFETCO23,SXSHVHNJHFRM803X,Sor'L Planet'S,10-05-2018,5757,0
3567,3769GUK9PUK4TGS6,SXSHVHNJHFRM803X,Sor'L Planet'S,31-07-2014,8512,0
3568,FCCM7I3279Z0XUQV,SXSHVHNJHFRM803X,Sor'L Planet'S,25-03-2017,8776,0
3569,56VYFEZ0MD04ZFX3,SXSHVHNJHFRM803X,Sor'L Planet'S,20-11-2017,4292,0
3570,F86CZCFAC89TQSHN,SXSHVHNJHFRM803X,Sor'L Planet'S,11-03-2017,8820,0
3571,E1W7UHBUJ5VV4M0Q,SXSHVHNJHFRM803X,Sor'L Planet'S,12-08-2018,1394,0
3572,RJOCJGXJPDMTGVMW,SXSHVHNJHFRM803X,Sor'L Planet'S,20-02-2015,5850,0
3573,O7GVFCTHOJM4UE8J,SXSHVHNJHFRM803X,Sor'L Planet'S,16-06-2014,8816,0
3574,CRJIKO6C06QPJZWT,SXSHVHNJHFRM803X,Sor'L Planet'S,07-12-2017,5732,0
3575,HTPEG6VZQV30HBPE,SXSHVHNJHFRM803X,Sor'L Planet'S,18-07-2014,1847,0
3576,67CODRPJJLCIE916,XS9W5VA7RJD3RPHS,Self-Seeking Miscreant,23-01-2015,5338,0
3577,UG1U0E2QA59N2201,XS9W5VA7RJD3RPHS,Self-Seeking Miscreant,10-09-2015,1364,0
3578,SSWI4WNUWT8JRM6U,XS9W5VA7RJD3RPHS,Self-Seeking Miscreant,10-06-2016,507,1
3579,M7RDV84YCZY7PVBC,XS9W5VA7RJD3RPHS,Self-Seeking Miscreant,10-05-2015,2878,0
3580,76U8EJLNF27DKXJD,XS9W5VA7RJD3RPHS,Self-Seeking Miscreant,14-08-2018,6948,1
3581,VPTN8PD9RDPPJUYF,XS9W5VA7RJD3RPHS,Self-Seeking Miscreant,06-11-2016,8050,1
3582,3NOO6RCT2P6LE0D3,XS9W5VA7RJD3RPHS,Self-Seeking Miscreant,28-12-2014,3905,0
3583,JNYHSY2EI8I3UJVS,XS9W5VA7RJD3RPHS,Self-Seeking Miscreant,16-11-2016,7892,1
3584,PDCJCB45F8RCFI8N,XS9W5VA7RJD3RPHS,Self-Seeking Miscreant,19-01-2015,8239,0
3585,FA3G5Y74MNWYSQ3H,XS9W5VA7RJD3RPHS,Self-Seeking Miscreant,17-12-2017,8297,0
3586,S1VHU9RQ4JMW21D8,XS9W5VA7RJD3RPHS,Self-Seeking Miscreant,07-09-2014,100,0
3587,146EIUNFLXWOT3JI,XS9W5VA7RJD3RPHS,Self-Seeking Miscreant,24-03-2015,6809,0
3588,K2PJ4PLM0IZ5B8TS,XS9W5VA7RJD3RPHS,Self-Seeking Miscreant,09-10-2017,2194,0
3589,EJ9Y1L8H98DR2RF2,XS9W5VA7RJD3RPHS,Self-Seeking Miscreant,07-06-2018,5891,0
3590,ZDIX9H1QH79MAXET,XS9W5VA7RJD3RPHS,Self-Seeking Miscreant,28-09-2015,6224,0
3591,V237BITYE69M9WAP,XS9W5VA7RJD3RPHS,Self-Seeking Miscreant,12-12-2015,6749,0
3592,RFRONXOXK3X1A7FM,XS9W5VA7RJD3RPHS,Self-Seeking Miscreant,04-04-2015,320,0
3593,HF4HU2JC1KYIVPCM,XS9W5VA7RJD3RPHS,Self-Seeking Miscreant,01-01-2016,7723,0
3594,ERSCC5J54WEKUN14,XS9W5VA7RJD3RPHS,Self-Seeking Miscreant,09-08-2015,1013,0
3595,TE27EBF0ZQNKZZCD,XS9W5VA7RJD3RPHS,Self-Seeking Miscreant,07-09-2015,8061,0
3596,HWNWZ6ITD0MNVFOL,XS9W5VA7RJD3RPHS,Self-Seeking Miscreant,17-02-2018,6963,0
3597,YM4GA9NVVCKYLZEX,XS9W5VA7RJD3RPHS,Self-Seeking Miscreant,12-01-2014,7308,1
3598,WDXJZPPS7W4YBLTC,1WH3ZQNZJ84UWASA,God-Like Banker,11-10-2014,8348,1
3599,83X0ZFJ51KGBTZS8,1WH3ZQNZJ84UWASA,God-Like Banker,13-11-2016,3619,0
3600,NO54WLWJIX4OYM8Z,1WH3ZQNZJ84UWASA,God-Like Banker,05-08-2014,9519,1
3601,Y7UVJZRDLS6HNH14,1WH3ZQNZJ84UWASA,God-Like Banker,04-07-2015,584,0
3602,SI9U6BN5MHRPRR1K,1WH3ZQNZJ84UWASA,God-Like Banker,09-12-2017,7280,0
3603,6NWIRLEVZMGAL6SI,1WH3ZQNZJ84UWASA,God-Like Banker,23-04-2018,4963,0
3604,PXP7PN5TQKVLV3AJ,1WH3ZQNZJ84UWASA,God-Like Banker,20-02-2016,2026,1
3605,23K1R6BOO3VW5JOX,1WH3ZQNZJ84UWASA,God-Like Banker,02-09-2016,754,0
3606,6GTLFNJZDHWRIW0C,1WH3ZQNZJ84UWASA,God-Like Banker,26-10-2018,7041,1
3607,VO9T8V5EE9T037R5,1WH3ZQNZJ84UWASA,God-Like Banker,02-08-2017,8252,1
3608,05AMLC3J0047981H,1WH3ZQNZJ84UWASA,God-Like Banker,29-03-2018,8929,1
3609,4Y8ZSE18XFCW5HIL,1WH3ZQNZJ84UWASA,God-Like Banker,10-06-2017,995,0
3610,454G2AXA21VN87I8,1WH3ZQNZJ84UWASA,God-Like Banker,02-02-2015,5508,0
3611,3MLZ2WLJQJPI5EO1,1WH3ZQNZJ84UWASA,God-Like Banker,15-08-2014,6407,1
3612,65WOBS2O2AIFFF0T,1WH3ZQNZJ84UWASA,God-Like Banker,25-04-2015,2312,1
3613,D8D3XF12YN8DQ2KR,1WH3ZQNZJ84UWASA,God-Like Banker,27-11-2015,1462,0
3614,WJZ86BMHDROTPZOE,1WH3ZQNZJ84UWASA,God-Like Banker,30-11-2017,2305,0
3615,L83UYMOSSVC0R1X5,1WH3ZQNZJ84UWASA,God-Like Banker,11-04-2017,6434,0
3616,T36Z0T753BO6HV77,1WH3ZQNZJ84UWASA,God-Like Banker,05-05-2014,9584,1
3617,8519UOXRM2DMROVD,0FF3BUPEU06UNYJO,Stateless Gasoline,24-08-2016,9163,0
3618,3N9UVS63IIHTKPA1,0FF3BUPEU06UNYJO,Stateless Gasoline,27-01-2014,3683,0
3619,XS32KN7DWAEV5TUS,0FF3BUPEU06UNYJO,Stateless Gasoline,20-04-2016,4637,1
3620,UB0FGOCV9RX5Z10N,0FF3BUPEU06UNYJO,Stateless Gasoline,24-03-2016,7253,0
3621,C18T93AOB6V6NAPT,0FF3BUPEU06UNYJO,Stateless Gasoline,29-09-2014,5618,0
3622,V2B2JY1OV2DSJESI,0FF3BUPEU06UNYJO,Stateless Gasoline,15-09-2014,8571,0
3623,VY38H001LDAUXBEA,0FF3BUPEU06UNYJO,Stateless Gasoline,24-02-2017,9033,0
3624,L7BXCHPC7NI7MPF0,0FF3BUPEU06UNYJO,Stateless Gasoline,01-03-2018,6797,0
3625,TJ6YF2ER784S6ZEW,0FF3BUPEU06UNYJO,Stateless Gasoline,07-09-2018,5387,1
3626,QIREWX37PWPGFF71,0FF3BUPEU06UNYJO,Stateless Gasoline,22-03-2017,8563,0
3627,OYOQTOBZEM8EX4Z0,0FF3BUPEU06UNYJO,Stateless Gasoline,10-01-2016,6528,0
3628,0P4ZW0KYYUMQJO2S,0FF3BUPEU06UNYJO,Stateless Gasoline,03-12-2017,4028,0
3629,8R4AWZ2YBU4IEDUZ,0FF3BUPEU06UNYJO,Stateless Gasoline,08-11-2014,7433,1
3630,SPC04BNUQRTV3TGG,0FF3BUPEU06UNYJO,Stateless Gasoline,21-07-2016,3436,0
3631,4XEH0RA17WVE6L7E,0FF3BUPEU06UNYJO,Stateless Gasoline,16-12-2018,6223,0
3632,IFAC5NHHC3U53CGV,0FF3BUPEU06UNYJO,Stateless Gasoline,21-12-2014,2963,0
3633,DFY22QKDGYEKL3IP,0FF3BUPEU06UNYJO,Stateless Gasoline,26-03-2015,6101,0
3634,8FAJNIHDQBQLKZ7J,0FF3BUPEU06UNYJO,Stateless Gasoline,21-09-2015,7491,0
3635,H2VAK9YNJXLJN56P,0FF3BUPEU06UNYJO,Stateless Gasoline,22-06-2014,4305,1
3636,9186VLUAS7UNJHWU,0FF3BUPEU06UNYJO,Stateless Gasoline,02-12-2018,9744,0
3637,8MF9276O2BCPR9UK,0FF3BUPEU06UNYJO,Stateless Gasoline,14-07-2017,202,0
3638,ZDDH8R8SLVOJE7E1,0FF3BUPEU06UNYJO,Stateless Gasoline,02-10-2017,665,0
3639,FDV97WWHJHNRED8K,0FF3BUPEU06UNYJO,Stateless Gasoline,08-12-2017,8502,1
3640,LH4LAT3BHA04JNXD,0FF3BUPEU06UNYJO,Stateless Gasoline,10-11-2017,4118,0
3641,CEJVI8KDZYJL6VRL,0FF3BUPEU06UNYJO,Stateless Gasoline,28-05-2015,9752,0
3642,I6ROT9WWUHYCM3RZ,VPAG39RX321ODDEN,Octagonal Swearing,14-07-2014,7065,0
3643,IV7UF9P5ZPE3EO2J,VPAG39RX321ODDEN,Octagonal Swearing,21-04-2017,6524,0
3644,BE2WSXOVM5XNKX5G,VPAG39RX321ODDEN,Octagonal Swearing,30-07-2014,9513,0
3645,HZNAP55Q93MLHQSC,VPAG39RX321ODDEN,Octagonal Swearing,08-07-2017,4173,0
3646,7KL5XMIOX05FB1LZ,VPAG39RX321ODDEN,Octagonal Swearing,22-01-2016,7404,0
3647,2WMWJ7ZX14Q706KU,VPAG39RX321ODDEN,Octagonal Swearing,10-08-2014,9839,1
3648,LKK4QHMUD1ND9IC9,VPAG39RX321ODDEN,Octagonal Swearing,24-11-2016,6252,0
3649,GX37VUQU9OJT1MWX,VPAG39RX321ODDEN,Octagonal Swearing,01-04-2016,7824,0
3650,81IQRDINP3345LID,VPAG39RX321ODDEN,Octagonal Swearing,07-09-2016,7209,0
3651,YM5LTABXXF29EK3X,VPAG39RX321ODDEN,Octagonal Swearing,02-08-2018,1571,0
3652,5VMXC0CWLKV2UJIW,VPAG39RX321ODDEN,Octagonal Swearing,03-11-2016,4729,0
3653,GOG8WAAW6OW997VX,VPAG39RX321ODDEN,Octagonal Swearing,29-05-2016,1400,1
3654,T4PN0GIRVIAPYD55,VPAG39RX321ODDEN,Octagonal Swearing,31-03-2015,7836,0
3655,ZMO092CRJ2HK0JSU,VPAG39RX321ODDEN,Octagonal Swearing,05-12-2018,1040,0
3656,HCKN4MZB1VYCKUHN,VPAG39RX321ODDEN,Octagonal Swearing,07-05-2015,7056,1
3657,JUMAYW54060BCB2B,VPAG39RX321ODDEN,Octagonal Swearing,12-04-2014,6308,1
3658,JZOWDLNZI7DP88SY,VPAG39RX321ODDEN,Octagonal Swearing,20-09-2018,7046,1
3659,1KCYZJSXQAAAHDJY,VPAG39RX321ODDEN,Octagonal Swearing,15-04-2016,6135,1
3660,4R6DIKQIM29HDT19,VPAG39RX321ODDEN,Octagonal Swearing,30-08-2016,6987,1
3661,O8NMBONE2ENZ9PL2,VPAG39RX321ODDEN,Octagonal Swearing,25-12-2017,4206,0
3662,D472LZ4VEHHWRZT7,VPAG39RX321ODDEN,Octagonal Swearing,14-03-2014,1235,1
3663,BY84Y4VXM782RQ20,VPAG39RX321ODDEN,Octagonal Swearing,06-08-2015,4456,0
3664,Y1VXSNYWU62BDFD1,VPAG39RX321ODDEN,Octagonal Swearing,14-02-2018,3289,0
3665,PZXBRKT08IY33Y0R,VPAG39RX321ODDEN,Octagonal Swearing,10-02-2018,1913,0
3666,P11DT5FLLYCH6H80,VPAG39RX321ODDEN,Octagonal Swearing,01-04-2018,5094,0
3667,JNWP4DPZ4UP9S9L2,VPAG39RX321ODDEN,Octagonal Swearing,26-01-2015,6110,0
3668,0OO83F2A17B1I1YK,VPAG39RX321ODDEN,Octagonal Swearing,17-09-2015,4979,0
3669,OZF9YPFSSM4LJTK8,A1XU6C9N1R1YJU0O,Unexplained Berries,24-06-2016,4757,1
3670,4M4ZM2Q1OCG6G20Q,A1XU6C9N1R1YJU0O,Unexplained Berries,26-09-2016,6511,0
3671,DPMRBSM0VHZIESON,A1XU6C9N1R1YJU0O,Unexplained Berries,31-01-2015,9637,0
3672,9K26HLSWPEVBFCKI,A1XU6C9N1R1YJU0O,Unexplained Berries,30-04-2016,8264,1
3673,1ZBI7B4X2EST0TWX,A1XU6C9N1R1YJU0O,Unexplained Berries,20-01-2014,6797,0
3674,YP0DH92E4G3V6L4A,A1XU6C9N1R1YJU0O,Unexplained Berries,07-04-2017,6473,0
3675,TYWNX5RPJDNKEVPI,A1XU6C9N1R1YJU0O,Unexplained Berries,18-09-2014,9107,0
3676,XN6QJFLPGSF82NJY,A1XU6C9N1R1YJU0O,Unexplained Berries,05-04-2014,8136,0
3677,J7HX67S6HU04N9YP,A1XU6C9N1R1YJU0O,Unexplained Berries,17-02-2016,8340,0
3678,ZVFD57FL90J3O4TV,A1XU6C9N1R1YJU0O,Unexplained Berries,15-05-2016,5347,1
3679,8B6T1X32KH8ZFNTP,A1XU6C9N1R1YJU0O,Unexplained Berries,25-03-2018,2554,0
3680,QFDTYBV0D1ADPAXX,A1XU6C9N1R1YJU0O,Unexplained Berries,25-02-2018,1807,0
3681,G1LPRVUDXBPE11EP,A1XU6C9N1R1YJU0O,Unexplained Berries,11-04-2016,9001,0
3682,522V1PYX054NJMQV,A1XU6C9N1R1YJU0O,Unexplained Berries,16-12-2015,5088,0
3683,UIM4I71NUVAXGI9C,ZH7KUZ8RA17XHUG4,2Nd Oil-Field,29-10-2015,8187,0
3684,6XXDS1JX7T21EEKI,ZH7KUZ8RA17XHUG4,2Nd Oil-Field,28-10-2016,2747,0
3685,VB079CHIWJKRF47B,ZH7KUZ8RA17XHUG4,2Nd Oil-Field,24-01-2016,8255,1
3686,II1P3B4GMV1EITZ5,ZH7KUZ8RA17XHUG4,2Nd Oil-Field,08-11-2016,7194,1
3687,9TFZMYBMOEUVMJ57,ZH7KUZ8RA17XHUG4,2Nd Oil-Field,28-03-2014,2937,0
3688,1ZTB518K9FTOH293,ZH7KUZ8RA17XHUG4,2Nd Oil-Field,14-01-2016,6682,0
3689,4WSHOS6WZVPXMWQ2,ZH7KUZ8RA17XHUG4,2Nd Oil-Field,21-01-2016,2159,1
3690,VFHINE0NTWLVP1EJ,ZH7KUZ8RA17XHUG4,2Nd Oil-Field,21-12-2015,3426,0
3691,M0PLJDXR8AWVLH7K,ZH7KUZ8RA17XHUG4,2Nd Oil-Field,12-10-2016,8060,0
3692,3KBLYOFWOEZ17LWW,ZH7KUZ8RA17XHUG4,2Nd Oil-Field,09-10-2015,4864,1
3693,ZSSE1TXI5OOPMC32,ZH7KUZ8RA17XHUG4,2Nd Oil-Field,24-09-2015,2837,0
3694,8ZML9J45UZU2X0WF,ZH7KUZ8RA17XHUG4,2Nd Oil-Field,24-08-2014,1280,1
3695,00CDZFKL7Q938NKH,ZH7KUZ8RA17XHUG4,2Nd Oil-Field,16-02-2014,3568,0
3696,FZ4AOFKWYSC9TWLG,ZH7KUZ8RA17XHUG4,2Nd Oil-Field,01-02-2018,5686,0
3697,YYCV7IU6TQI7ZAE3,ZH7KUZ8RA17XHUG4,2Nd Oil-Field,16-06-2017,8438,0
3698,6BL84TYNACYAT4PW,ZH7KUZ8RA17XHUG4,2Nd Oil-Field,05-09-2016,7292,0
3699,F9QEIPTIEN2TE4HI,ZH7KUZ8RA17XHUG4,2Nd Oil-Field,07-10-2017,3723,0
3700,B2ID31JHUUAMNEKD,ZH7KUZ8RA17XHUG4,2Nd Oil-Field,06-07-2016,3187,0
3701,OTF2IN33PF5WG60Q,ZH7KUZ8RA17XHUG4,2Nd Oil-Field,25-05-2016,5870,0
3702,MPND9P1YDFUEC4AE,ZH7KUZ8RA17XHUG4,2Nd Oil-Field,19-01-2015,8373,0
3703,ACRH1O0L2OL4V6KE,ZH7KUZ8RA17XHUG4,2Nd Oil-Field,11-12-2018,4922,1
3704,8VXI8D3LCQRVI2KW,ZH7KUZ8RA17XHUG4,2Nd Oil-Field,11-05-2017,4700,0
3705,KGOF27226MAO3201,ZH7KUZ8RA17XHUG4,2Nd Oil-Field,19-04-2014,3132,0
3706,S9RCX4J0M0HC5JP9,ZH7KUZ8RA17XHUG4,2Nd Oil-Field,22-08-2015,7706,0
3707,UQ2APQHWFV4EBR7S,ZH7KUZ8RA17XHUG4,2Nd Oil-Field,12-02-2017,4064,0
3708,HMIJ2RQ9VDE0N3HT,ZH7KUZ8RA17XHUG4,2Nd Oil-Field,08-12-2018,3851,1
3709,Z55JAAH4L9QBV6E7,Z2MBOBMBQWLBNGZ2,Insolent Co,12-05-2017,8897,0
3710,SVP2DZCX4D0GZTH0,Z2MBOBMBQWLBNGZ2,Insolent Co,06-08-2016,6241,0
3711,OHFHFMPZB7D90DJM,Z2MBOBMBQWLBNGZ2,Insolent Co,09-04-2015,7103,0
3712,NDO5N6MXC2JOJCDL,Z2MBOBMBQWLBNGZ2,Insolent Co,08-10-2015,1955,1
3713,LNXJF3XK8QXVV1MW,Z2MBOBMBQWLBNGZ2,Insolent Co,31-08-2018,3495,1
3714,4VCUTVYC1OFX584C,Z2MBOBMBQWLBNGZ2,Insolent Co,10-02-2016,2065,1
3715,RAVN8BSNGPP2DO8Z,Z2MBOBMBQWLBNGZ2,Insolent Co,21-08-2018,7632,0
3716,VHWCKBVLSAEO5BFG,Z2MBOBMBQWLBNGZ2,Insolent Co,27-03-2018,7792,0
3717,RX1EF01BXO540P4T,Z2MBOBMBQWLBNGZ2,Insolent Co,07-03-2016,9560,0
3718,OF47WGZO63UVTK30,Z2MBOBMBQWLBNGZ2,Insolent Co,15-12-2014,4045,0
3719,LS8QDZHQ6864YU34,Z2MBOBMBQWLBNGZ2,Insolent Co,17-01-2016,1473,0
3720,U4MGRK9I1NRL3F21,Z2MBOBMBQWLBNGZ2,Insolent Co,14-04-2018,9736,1
3721,YMNB8EST6EGGNWUI,Z2MBOBMBQWLBNGZ2,Insolent Co,22-05-2014,212,1
3722,KZU0UJE0VFB6COFP,Z2MBOBMBQWLBNGZ2,Insolent Co,19-03-2016,1733,0
3723,RGSGRDWP1OPAYAMG,Z2MBOBMBQWLBNGZ2,Insolent Co,27-07-2018,6179,0
3724,4ZMPHYWDO19QUPE2,Z2MBOBMBQWLBNGZ2,Insolent Co,27-04-2015,6247,0
3725,ACLXW4RYR54B1UQK,Z2MBOBMBQWLBNGZ2,Insolent Co,15-11-2016,8830,0
3726,PR7MTMSIDNXSJ80L,Z2MBOBMBQWLBNGZ2,Insolent Co,09-05-2017,128,0
3727,Q4AA2TFRM9VAVY5B,Z2MBOBMBQWLBNGZ2,Insolent Co,18-07-2015,7467,0
3728,2RAZVYFZUSBJF2LZ,Z2MBOBMBQWLBNGZ2,Insolent Co,20-08-2014,2433,0
3729,64SFKA88EPWLSSO1,Z2MBOBMBQWLBNGZ2,Insolent Co,09-02-2015,1748,0
3730,NSGHAERKYZBJS6Y3,AV4BOL3IN092E35K,Nineteenth Ledge,22-07-2015,7355,0
3731,LMWNW7CICWECULMO,AV4BOL3IN092E35K,Nineteenth Ledge,11-07-2017,6443,0
3732,6YM85QBREI46JKUX,AV4BOL3IN092E35K,Nineteenth Ledge,20-08-2016,6462,0
3733,RQU0TMTNGLQKO7YA,AV4BOL3IN092E35K,Nineteenth Ledge,09-01-2017,265,0
3734,0LXYGG43CAVALBGL,AV4BOL3IN092E35K,Nineteenth Ledge,31-03-2016,1131,0
3735,B1GMOM060LDYN1KI,AV4BOL3IN092E35K,Nineteenth Ledge,15-04-2016,2835,0
3736,53KX5OWFJFZSQMUW,AV4BOL3IN092E35K,Nineteenth Ledge,14-06-2018,4343,0
3737,T2YY1TIN5XMZUU9W,AV4BOL3IN092E35K,Nineteenth Ledge,22-03-2015,5281,0
3738,RPQURXY3LGDRIPM3,AV4BOL3IN092E35K,Nineteenth Ledge,30-06-2017,1937,0
3739,L1JA9QTN70TR3S3U,AV4BOL3IN092E35K,Nineteenth Ledge,22-05-2018,4725,0
3740,7ZWM070PV4VJ2XYN,AV4BOL3IN092E35K,Nineteenth Ledge,03-09-2015,8545,0
3741,O5TG86MD3DILSS7C,AV4BOL3IN092E35K,Nineteenth Ledge,16-05-2017,9549,0
3742,UT36REP91Q9OETJI,AV4BOL3IN092E35K,Nineteenth Ledge,22-06-2014,1577,0
3743,5ZKKNWW4EGWZB2IH,AV4BOL3IN092E35K,Nineteenth Ledge,11-09-2016,6100,1
3744,697IO85FLU19AC95,AV4BOL3IN092E35K,Nineteenth Ledge,27-03-2015,1477,0
3745,928TGYBJJ3EY2VYI,AV4BOL3IN092E35K,Nineteenth Ledge,03-11-2014,6112,1
3746,XSYMYPD5JUEKWUBF,AV4BOL3IN092E35K,Nineteenth Ledge,05-11-2017,4591,0
3747,5WSD45GL6WDCOVNA,AV4BOL3IN092E35K,Nineteenth Ledge,02-04-2015,3937,0
3748,O3R99IK2KIVIVG4M,AV4BOL3IN092E35K,Nineteenth Ledge,23-06-2014,6110,0
3749,6IG1A1O0V38L2VD4,AV4BOL3IN092E35K,Nineteenth Ledge,14-02-2015,2960,0
3750,AP7US2D3279P0AHX,AV4BOL3IN092E35K,Nineteenth Ledge,12-06-2014,7719,0
3751,7EO57D96K9BXSCCP,AV4BOL3IN092E35K,Nineteenth Ledge,29-10-2015,2680,0
3752,NG544MX2PAUB9TTP,AV4BOL3IN092E35K,Nineteenth Ledge,02-02-2018,9939,0
3753,ZTI8VA1BVMELHGXD,AV4BOL3IN092E35K,Nineteenth Ledge,26-04-2014,8109,0
3754,HAGCEQDJP2GD7AOT,AV4BOL3IN092E35K,Nineteenth Ledge,23-04-2017,7532,0
3755,K4RA3YTF5HELN6J4,AV4BOL3IN092E35K,Nineteenth Ledge,07-03-2014,3413,0
3756,RPX6HLUQWRY22NJ3,ZZY3WSHGJWPKJBCV,Excellent Lamps,08-12-2014,9524,0
3757,VC78MCMUDZWNGBZT,ZZY3WSHGJWPKJBCV,Excellent Lamps,04-06-2017,3684,1
3758,MJS4OMGMLF1JEFMV,ZZY3WSHGJWPKJBCV,Excellent Lamps,26-06-2015,4570,0
3759,K7C2EJWZKDS3Y818,ZZY3WSHGJWPKJBCV,Excellent Lamps,18-03-2016,5366,0
3760,GJAD970BV0TJS1SI,ZZY3WSHGJWPKJBCV,Excellent Lamps,25-09-2014,7240,0
3761,L6JRAG8Q4T27SMNH,ZZY3WSHGJWPKJBCV,Excellent Lamps,22-10-2016,397,0
3762,G68OAJ1HW84R5N3K,ZZY3WSHGJWPKJBCV,Excellent Lamps,18-05-2016,6104,1
3763,GDT0AQHI5H4P09RI,ZZY3WSHGJWPKJBCV,Excellent Lamps,10-10-2016,6966,0
3764,9ZYXE74B4IPA3SGG,ZZY3WSHGJWPKJBCV,Excellent Lamps,02-10-2017,1107,0
3765,7J9OMXP8JIDDLBUJ,ZZY3WSHGJWPKJBCV,Excellent Lamps,11-09-2016,8161,0
3766,BCGTI3UV6V2DSUGC,ZZY3WSHGJWPKJBCV,Excellent Lamps,03-01-2014,9204,0
3767,3SGAD7D1QLGLX1MZ,ZZY3WSHGJWPKJBCV,Excellent Lamps,16-10-2017,4696,1
3768,HNAOG7CO6Y2W82MU,ZZY3WSHGJWPKJBCV,Excellent Lamps,01-12-2014,2659,0
3769,S5BK5UB8SGZ9QWQ3,ZZY3WSHGJWPKJBCV,Excellent Lamps,31-01-2014,5709,0
3770,BJWYMOEKB2GSWTG8,ZZY3WSHGJWPKJBCV,Excellent Lamps,14-09-2015,4882,0
3771,CX426W0E194LJ740,ZZY3WSHGJWPKJBCV,Excellent Lamps,13-12-2014,2010,0
3772,VS9R6MYNT4Q6WQM5,ZZY3WSHGJWPKJBCV,Excellent Lamps,26-01-2015,1107,0
3773,OHT0IV503MNN0KI6,ZZY3WSHGJWPKJBCV,Excellent Lamps,23-05-2018,8786,0
3774,7KY9X9UZE6KGR973,ZZY3WSHGJWPKJBCV,Excellent Lamps,20-10-2015,5261,0
3775,2HIYL1SYD2B5EOTJ,ZZY3WSHGJWPKJBCV,Excellent Lamps,16-04-2017,2195,0
3776,TS3OXKBKNDAE6QPX,ZZY3WSHGJWPKJBCV,Excellent Lamps,29-05-2016,8032,0
3777,IY79IQUM7RF2DG9S,ZZY3WSHGJWPKJBCV,Excellent Lamps,18-12-2016,8509,0
3778,OBLDX1R6U7EHITQS,ZZY3WSHGJWPKJBCV,Excellent Lamps,04-12-2014,1510,0
3779,1CYNEXCA9ZLQVS38,ZZY3WSHGJWPKJBCV,Excellent Lamps,20-04-2015,2625,0
3780,HQHC0LVQGKSHCT06,ZZY3WSHGJWPKJBCV,Excellent Lamps,21-03-2015,1999,0
3781,0FFPPDGVP79MBV6D,YEAWAZ79NJGZQP9M,Leaky Impresario,22-05-2018,5124,0
3782,X1R0W6131O7BGF3M,YEAWAZ79NJGZQP9M,Leaky Impresario,01-04-2015,8553,1
3783,L7BXE8PS30BRF6ZS,YEAWAZ79NJGZQP9M,Leaky Impresario,05-02-2017,3523,0
3784,H2LRLTEO8WV692VR,YEAWAZ79NJGZQP9M,Leaky Impresario,03-08-2017,6549,0
3785,PO5OMF2BIAYXA6KQ,YEAWAZ79NJGZQP9M,Leaky Impresario,06-08-2017,269,0
3786,YLUMPP8U2UTR2768,YEAWAZ79NJGZQP9M,Leaky Impresario,02-11-2017,9382,0
3787,OEBKRL5ZPFT7KG66,YEAWAZ79NJGZQP9M,Leaky Impresario,13-01-2015,3464,0
3788,GAIT9QHCSRX25MMB,YEAWAZ79NJGZQP9M,Leaky Impresario,17-08-2014,3340,0
3789,U1PDGLBNAADE5F3Y,YEAWAZ79NJGZQP9M,Leaky Impresario,10-12-2017,9738,0
3790,SP97O30X0UGCZWE0,YEAWAZ79NJGZQP9M,Leaky Impresario,27-08-2015,1875,0
3791,7JRDK6OZVEQ9LO54,YEAWAZ79NJGZQP9M,Leaky Impresario,11-05-2014,8849,0
3792,SDJDFW552F3QT1NN,YEAWAZ79NJGZQP9M,Leaky Impresario,02-04-2018,1294,1
3793,PX8DHGOEU43UAUBG,YEAWAZ79NJGZQP9M,Leaky Impresario,02-07-2015,3567,0
3794,293Z2L1ULMC2VULL,YEAWAZ79NJGZQP9M,Leaky Impresario,04-07-2018,8560,0
3795,Z529EFFLGBYP5U90,SFHNR0WDFYEA8FIL,Transient Augustus,18-01-2016,7051,0
3796,9A89W7N3U1VS0WWW,SFHNR0WDFYEA8FIL,Transient Augustus,07-08-2016,8469,0
3797,EKHW7A0EZVN5YQXK,SFHNR0WDFYEA8FIL,Transient Augustus,16-07-2018,4815,0
3798,E8JYQ8M3F7LMQKJJ,SFHNR0WDFYEA8FIL,Transient Augustus,02-04-2015,6645,0
3799,BOOF1FB3US2GVHB5,SFHNR0WDFYEA8FIL,Transient Augustus,01-02-2018,3265,0
3800,LR4W99V1R0J4Q2RW,SFHNR0WDFYEA8FIL,Transient Augustus,02-04-2018,7871,0
3801,23HDFAJ0RSGN3FJP,SFHNR0WDFYEA8FIL,Transient Augustus,29-03-2017,1574,1
3802,DKSD2MVHDMGJ3OZW,SFHNR0WDFYEA8FIL,Transient Augustus,16-12-2015,1329,0
3803,HI35JTHVI8U9H5W9,SFHNR0WDFYEA8FIL,Transient Augustus,31-10-2015,7428,0
3804,83C9R6LNF3KGPLNN,SFHNR0WDFYEA8FIL,Transient Augustus,16-01-2017,9722,0
3805,LLFJZRP006VCC6D5,SFHNR0WDFYEA8FIL,Transient Augustus,27-07-2017,5703,0
3806,XG718TOASW7PDXTJ,SFHNR0WDFYEA8FIL,Transient Augustus,12-04-2014,863,0
3807,GNL336SA8E20KVVM,SFHNR0WDFYEA8FIL,Transient Augustus,03-04-2017,4022,0
3808,YEQX3NIMT5O8QZ8H,SFHNR0WDFYEA8FIL,Transient Augustus,28-06-2018,3800,0
3809,GKBZ6F4KOMSKL5NI,SFHNR0WDFYEA8FIL,Transient Augustus,09-07-2018,6968,0
3810,LFIAUSGYS4TET2TF,IH47ZA5GAAQ6D7N2,Anticipatory Vaquero,20-07-2014,2174,0
3811,MAUGYWYWLK90QA0L,IH47ZA5GAAQ6D7N2,Anticipatory Vaquero,17-05-2015,9052,0
3812,D8WIM4K1TBKEJ5GD,IH47ZA5GAAQ6D7N2,Anticipatory Vaquero,19-09-2018,7145,0
3813,1DPWAHX78I9FSNND,IH47ZA5GAAQ6D7N2,Anticipatory Vaquero,22-10-2017,3815,0
3814,CAS8PMPCOEVDZTWD,IH47ZA5GAAQ6D7N2,Anticipatory Vaquero,28-01-2014,4821,0
3815,SLRACNQJ7C450D4E,IH47ZA5GAAQ6D7N2,Anticipatory Vaquero,10-11-2017,1615,0
3816,3I4IXXD8FX4M480P,IH47ZA5GAAQ6D7N2,Anticipatory Vaquero,08-07-2018,8572,0
3817,QJ9RNJOAFO20G4U1,IH47ZA5GAAQ6D7N2,Anticipatory Vaquero,05-03-2015,1472,0
3818,89HIQUS4S9J3MQP3,IH47ZA5GAAQ6D7N2,Anticipatory Vaquero,04-08-2015,1090,1
3819,PMPHEOFFF602VY7V,IH47ZA5GAAQ6D7N2,Anticipatory Vaquero,17-11-2014,6787,1
3820,MG3OKWQWFMUPL19X,IH47ZA5GAAQ6D7N2,Anticipatory Vaquero,26-08-2015,4762,1
3821,FKQ5LO5HQ075VJNN,IH47ZA5GAAQ6D7N2,Anticipatory Vaquero,26-02-2014,8402,0
3822,SZK1U15X6HF8R0G2,IH47ZA5GAAQ6D7N2,Anticipatory Vaquero,17-08-2014,7061,0
3823,DN7PULGR2XCKHC76,IH47ZA5GAAQ6D7N2,Anticipatory Vaquero,17-08-2016,577,0
3824,2M5ZTPXUM8BYK5YR,IH47ZA5GAAQ6D7N2,Anticipatory Vaquero,31-08-2017,7286,0
3825,N1SJZZHBQ0HJ1ROU,IH47ZA5GAAQ6D7N2,Anticipatory Vaquero,12-09-2014,7335,0
3826,VD978SW5BQQF5WV2,IH47ZA5GAAQ6D7N2,Anticipatory Vaquero,20-06-2014,4154,0
3827,NT28LX6L1ESZAWYD,IH47ZA5GAAQ6D7N2,Anticipatory Vaquero,28-04-2016,8341,1
3828,H38M8YXVBW7UR236,IH47ZA5GAAQ6D7N2,Anticipatory Vaquero,13-04-2015,2826,0
3829,X37SQZIWYBHAUWNL,IH47ZA5GAAQ6D7N2,Anticipatory Vaquero,05-11-2018,1084,0
3830,5GFA0W5UQGKUAZCG,IH47ZA5GAAQ6D7N2,Anticipatory Vaquero,18-11-2015,9985,0
3831,GPGTQOS7Q8OD7FA6,IH47ZA5GAAQ6D7N2,Anticipatory Vaquero,09-03-2014,6606,0
3832,HY5F3CWENXAJPAMP,IH47ZA5GAAQ6D7N2,Anticipatory Vaquero,27-06-2018,1505,0
3833,UJX0468DDEXUD5JX,IH47ZA5GAAQ6D7N2,Anticipatory Vaquero,08-12-2018,3302,1
3834,NGLANEUW84G42J08,IH47ZA5GAAQ6D7N2,Anticipatory Vaquero,26-04-2017,2680,0
3835,Z57G9C9601DOJKLL,7FW1ZIC9T1WRROU7,Pre-Fair Web,17-11-2018,5408,0
3836,4FIXYP1RRE6KN9AE,7FW1ZIC9T1WRROU7,Pre-Fair Web,10-07-2014,1623,1
3837,UN83T7BWIEEK3ND7,7FW1ZIC9T1WRROU7,Pre-Fair Web,26-01-2014,2664,0
3838,NZ4W875XHVFFBWAX,7FW1ZIC9T1WRROU7,Pre-Fair Web,07-06-2017,3925,0
3839,5F8F3M5P4NMW0TEX,7FW1ZIC9T1WRROU7,Pre-Fair Web,24-04-2014,3482,0
3840,LSSHY78J94A3W9T8,7FW1ZIC9T1WRROU7,Pre-Fair Web,13-02-2016,4552,0
3841,MJQ1ZNRP9ZDSJYCS,7FW1ZIC9T1WRROU7,Pre-Fair Web,01-03-2017,7017,0
3842,YS2UJZB8G2X068LX,7FW1ZIC9T1WRROU7,Pre-Fair Web,06-04-2014,9592,0
3843,79NTLAZULNWUPTJZ,7FW1ZIC9T1WRROU7,Pre-Fair Web,20-12-2017,817,1
3844,ZYJWWU50GQSSABUU,7FW1ZIC9T1WRROU7,Pre-Fair Web,28-12-2016,5641,0
3845,S52XVSS2LLJFDP0N,7FW1ZIC9T1WRROU7,Pre-Fair Web,13-08-2016,7430,0
3846,A3J6OJTWS7XO1O2F,7FW1ZIC9T1WRROU7,Pre-Fair Web,17-05-2015,8991,0
3847,UB1PII2M1NWGALJZ,7FW1ZIC9T1WRROU7,Pre-Fair Web,22-10-2014,9837,0
3848,I591X6WS2LBRS3D4,7FW1ZIC9T1WRROU7,Pre-Fair Web,01-07-2018,9225,1
3849,NM6JDRF4B6XKOZV9,7FW1ZIC9T1WRROU7,Pre-Fair Web,20-07-2017,6983,0
3850,2UDA6XBZY332H4PR,7FW1ZIC9T1WRROU7,Pre-Fair Web,30-10-2014,7397,0
3851,J19RH1WGUPJIWNL2,7FW1ZIC9T1WRROU7,Pre-Fair Web,12-07-2015,7069,0
3852,FPAJTH455GDRDV2I,TH92OVES8G5CONAS,Bull-Like Invitation,17-12-2015,6706,0
3853,B03VRV4469XWPSUQ,TH92OVES8G5CONAS,Bull-Like Invitation,04-12-2016,6617,0
3854,JT673OPR6KFAVCZ6,TH92OVES8G5CONAS,Bull-Like Invitation,19-05-2014,7368,0
3855,OJCLSXO4GIXBSXEU,TH92OVES8G5CONAS,Bull-Like Invitation,02-10-2017,636,0
3856,5X2ITEU28V0VP496,TH92OVES8G5CONAS,Bull-Like Invitation,24-03-2015,4592,0
3857,YL04WTPHKP0XZ6FK,TH92OVES8G5CONAS,Bull-Like Invitation,02-06-2017,5153,0
3858,S2H63WAW90IL1ZX3,TH92OVES8G5CONAS,Bull-Like Invitation,02-11-2017,4564,0
3859,0EJUGYFHVGI4VWT4,TH92OVES8G5CONAS,Bull-Like Invitation,21-05-2017,6399,0
3860,SS8E4YR1PD34844B,TH92OVES8G5CONAS,Bull-Like Invitation,02-11-2015,7403,0
3861,QCU4C0RM1CJIXQKK,TH92OVES8G5CONAS,Bull-Like Invitation,08-01-2018,8230,1
3862,FV9XDW7D6M2WJDBZ,TH92OVES8G5CONAS,Bull-Like Invitation,27-01-2016,6407,0
3863,5F1SCYW0IDFZQGUA,TH92OVES8G5CONAS,Bull-Like Invitation,03-06-2017,4967,1
3864,AMNV8CJ352Q2FDUX,TH92OVES8G5CONAS,Bull-Like Invitation,21-02-2018,3538,0
3865,70LQ7UF2LLD2MSXU,TH92OVES8G5CONAS,Bull-Like Invitation,28-03-2017,9914,0
3866,OMUR1MCRD2IEBI9X,TH92OVES8G5CONAS,Bull-Like Invitation,27-04-2017,5681,0
3867,26ORZZLCO95JSYNC,TH92OVES8G5CONAS,Bull-Like Invitation,25-10-2017,6918,0
3868,CWE4C2S8M06C3KJL,TH92OVES8G5CONAS,Bull-Like Invitation,27-10-2014,5200,1
3869,HC34XX0KWLMHH8XA,TH92OVES8G5CONAS,Bull-Like Invitation,14-03-2018,880,0
3870,COFUF9XQ2BQVKMFO,TH92OVES8G5CONAS,Bull-Like Invitation,29-09-2016,9351,0
3871,F4351HMP5URCXL9L,TH92OVES8G5CONAS,Bull-Like Invitation,08-05-2017,2069,0
3872,F83HRHRXSZKG4P72,TH92OVES8G5CONAS,Bull-Like Invitation,21-05-2016,1015,0
3873,JL5WOCSFORYUIN1U,TH92OVES8G5CONAS,Bull-Like Invitation,15-03-2014,1271,0
3874,NNZ06QWEQUF4FCCI,P74EBE9M29W75T9W,Downwind Novice,14-12-2014,1725,1
3875,5B92KJD7S3SU955X,P74EBE9M29W75T9W,Downwind Novice,30-09-2018,294,0
3876,Q9A6CB1ONDMUIQGE,P74EBE9M29W75T9W,Downwind Novice,07-05-2015,8321,0
3877,ALBP04DM9QB16FEM,P74EBE9M29W75T9W,Downwind Novice,04-03-2018,7324,0
3878,2HX89LRIBWAFKJHD,P74EBE9M29W75T9W,Downwind Novice,01-07-2018,8469,1
3879,5ENT07F5EIAIFDKD,P74EBE9M29W75T9W,Downwind Novice,07-04-2018,420,0
3880,DJ14O2E1U1EDTAGT,P74EBE9M29W75T9W,Downwind Novice,27-02-2015,5013,0
3881,7P7AKI1OXSIC0Y1S,P74EBE9M29W75T9W,Downwind Novice,03-03-2014,7416,0
3882,ZRTZ8AMUA9ZLRQA0,P74EBE9M29W75T9W,Downwind Novice,12-05-2015,2070,0
3883,MJ8878H98SAAJLSN,P74EBE9M29W75T9W,Downwind Novice,03-11-2018,7314,0
3884,KHHO3F1HJ1YX7N10,P74EBE9M29W75T9W,Downwind Novice,16-10-2017,6872,0
3885,BT94AJEG3MMTGJK0,P74EBE9M29W75T9W,Downwind Novice,08-01-2016,8173,0
3886,Q5I1K0AMUHKLND9Z,P74EBE9M29W75T9W,Downwind Novice,15-07-2016,3824,1
3887,8J18QXA2POJPYYC0,P74EBE9M29W75T9W,Downwind Novice,31-01-2015,2389,1
3888,F3UNGU8LKRLHIJYG,P74EBE9M29W75T9W,Downwind Novice,04-07-2015,1021,0
3889,HZJV4FZZ0QX0MDOF,P74EBE9M29W75T9W,Downwind Novice,04-12-2018,1580,0
3890,8JOMFXFF5H4EVVCV,P74EBE9M29W75T9W,Downwind Novice,18-05-2017,912,0
3891,AIW863J1N863CUS1,P74EBE9M29W75T9W,Downwind Novice,05-01-2018,8450,0
3892,80IZLUM890UT9UAA,P74EBE9M29W75T9W,Downwind Novice,22-01-2018,2181,0
3893,VY0UPPQHRALF8WD7,P74EBE9M29W75T9W,Downwind Novice,06-05-2018,1886,0
3894,FD69HH1HX0MVHBIQ,P74EBE9M29W75T9W,Downwind Novice,26-07-2015,407,0
3895,J878VH6T1W2KJLG8,P74EBE9M29W75T9W,Downwind Novice,01-01-2016,6089,0
3896,9M4V5M71CJTK2QQ2,P74EBE9M29W75T9W,Downwind Novice,18-01-2016,9769,1
3897,CMS0IHMRDKUOUAVE,P74EBE9M29W75T9W,Downwind Novice,21-07-2017,8120,0
3898,ABMI9B7J5DBDK1FC,DMN9H2UE0OELCYW0,Mass-Building Nostradamus,09-11-2017,2093,0
3899,U9QRZ9AFPUNLTPUF,DMN9H2UE0OELCYW0,Mass-Building Nostradamus,16-01-2015,7087,0
3900,VZA41K74RZ0LJ9Y0,DMN9H2UE0OELCYW0,Mass-Building Nostradamus,26-09-2014,8566,0
3901,IRQIV75IY65TMPM3,DMN9H2UE0OELCYW0,Mass-Building Nostradamus,18-10-2016,857,0
3902,4H6QY8T2MO9TQLTM,DMN9H2UE0OELCYW0,Mass-Building Nostradamus,03-05-2018,1008,0
3903,QN1RFNSZ9KBBQQ23,DMN9H2UE0OELCYW0,Mass-Building Nostradamus,19-05-2014,285,0
3904,YWKX3RB0LMTB9WQI,DMN9H2UE0OELCYW0,Mass-Building Nostradamus,09-09-2016,6861,0
3905,AP3VF3Z36CB2Y9E9,DMN9H2UE0OELCYW0,Mass-Building Nostradamus,31-08-2015,3138,1
3906,248N2O37YM9NMT0Q,DMN9H2UE0OELCYW0,Mass-Building Nostradamus,29-09-2018,5886,0
3907,X7CWCYUO5QRSKC1U,DMN9H2UE0OELCYW0,Mass-Building Nostradamus,05-04-2017,2994,0
3908,EIZBNZKYB3RI1CGG,DMN9H2UE0OELCYW0,Mass-Building Nostradamus,08-11-2016,6375,0
3909,A26OIAR8FEGACQI6,DMN9H2UE0OELCYW0,Mass-Building Nostradamus,19-02-2018,4035,1
3910,PA7S68JKGLJ7QQTE,DMN9H2UE0OELCYW0,Mass-Building Nostradamus,17-03-2017,3143,0
3911,SYXFR93YTRMAH9BJ,DMN9H2UE0OELCYW0,Mass-Building Nostradamus,23-07-2016,1099,0
3912,NE0JB4QSWG1FEQQ2,DMN9H2UE0OELCYW0,Mass-Building Nostradamus,19-08-2015,1381,0
3913,7QMRCP60PH77MGN4,DMN9H2UE0OELCYW0,Mass-Building Nostradamus,10-10-2018,1206,0
3914,ZUQULVS5WMLJOAMU,DMN9H2UE0OELCYW0,Mass-Building Nostradamus,05-03-2014,4245,1
3915,NBEX5TZVTQXJ66TN,DMN9H2UE0OELCYW0,Mass-Building Nostradamus,10-07-2014,6590,0
3916,PS9K47K5W5VMED8C,DMN9H2UE0OELCYW0,Mass-Building Nostradamus,15-07-2014,2643,0
3917,P2SYLSNRLL8MVRSL,DMN9H2UE0OELCYW0,Mass-Building Nostradamus,04-06-2018,306,1
3918,95H3NWLDEX58O5TA,DMN9H2UE0OELCYW0,Mass-Building Nostradamus,24-08-2015,341,0
3919,46GM0E0I74Q6MAN8,DMN9H2UE0OELCYW0,Mass-Building Nostradamus,24-11-2017,8800,0
3920,6ZIH98RJFCTK5UAK,DMN9H2UE0OELCYW0,Mass-Building Nostradamus,25-10-2018,9886,0
3921,3NQ9SVNG705TW6GQ,DMN9H2UE0OELCYW0,Mass-Building Nostradamus,11-04-2014,3307,1
3922,9B0E12WB21NUSRKT,DMN9H2UE0OELCYW0,Mass-Building Nostradamus,16-05-2018,2412,0
3923,1YFUGREO6XNATW7V,DMN9H2UE0OELCYW0,Mass-Building Nostradamus,22-11-2014,9790,0
3924,UC5638Y5GRECME2S,PEFTDKPLPM2AVVP5,"Bureaucratic $80,738",29-06-2018,3448,0
3925,ZXD7H52C0EMEJIBB,PEFTDKPLPM2AVVP5,"Bureaucratic $80,738",26-03-2016,4329,0
3926,ZVZ2IFM0U1FTS1OP,PEFTDKPLPM2AVVP5,"Bureaucratic $80,738",23-04-2014,1881,0
3927,G1MP4U41HY9I3XV9,PEFTDKPLPM2AVVP5,"Bureaucratic $80,738",05-09-2018,9090,0
3928,IBHSZHHPR8ZDP8SA,PEFTDKPLPM2AVVP5,"Bureaucratic $80,738",03-04-2014,4647,0
3929,IU3EYDVYN4KV9ZFG,PEFTDKPLPM2AVVP5,"Bureaucratic $80,738",06-09-2016,1387,0
3930,6POQ4BTLS340IXA7,PEFTDKPLPM2AVVP5,"Bureaucratic $80,738",05-05-2016,5148,0
3931,W29Y2ILS8EL2W4TF,PEFTDKPLPM2AVVP5,"Bureaucratic $80,738",01-10-2018,1238,0
3932,LYNIB2ITJGNG6AD5,PEFTDKPLPM2AVVP5,"Bureaucratic $80,738",24-02-2018,960,0
3933,RC4USIOAZ6GFNMMN,PEFTDKPLPM2AVVP5,"Bureaucratic $80,738",03-06-2014,6908,0
3934,9UFJDUCPP2DUV67B,PEFTDKPLPM2AVVP5,"Bureaucratic $80,738",11-04-2015,7360,0
3935,LA716R1KXK49LQ7G,PEFTDKPLPM2AVVP5,"Bureaucratic $80,738",01-07-2015,6360,0
3936,8TY006B68ZECXRBJ,PEFTDKPLPM2AVVP5,"Bureaucratic $80,738",11-10-2017,810,0
3937,E63HL5U8SYAYU9OT,PEFTDKPLPM2AVVP5,"Bureaucratic $80,738",02-11-2017,842,0
3938,B81NSKG6XT3T0OPS,PEFTDKPLPM2AVVP5,"Bureaucratic $80,738",24-03-2014,3168,0
3939,Q5PHLPGTRUYCCVWI,PEFTDKPLPM2AVVP5,"Bureaucratic $80,738",02-05-2015,8960,1
3940,SHLUCDGGB5JSL8CZ,PEFTDKPLPM2AVVP5,"Bureaucratic $80,738",28-08-2015,5601,0
3941,GH5KDKVTVRTW9PMA,PEFTDKPLPM2AVVP5,"Bureaucratic $80,738",18-12-2017,2752,0
3942,ED5NSOGKBKOE8TKK,PEFTDKPLPM2AVVP5,"Bureaucratic $80,738",07-09-2015,1628,0
3943,75058D0FC260MFDR,PEFTDKPLPM2AVVP5,"Bureaucratic $80,738",11-03-2017,3141,1
3944,VKJEFGT3K1H3X4LI,PEFTDKPLPM2AVVP5,"Bureaucratic $80,738",22-01-2018,3226,0
3945,XWQPALT5GWRVOKQ9,PEFTDKPLPM2AVVP5,"Bureaucratic $80,738",08-05-2017,3786,0
3946,P308BYD6W5V8YVP3,PEFTDKPLPM2AVVP5,"Bureaucratic $80,738",28-03-2016,8428,0
3947,ZI58SBFAT0J85DTB,PEFTDKPLPM2AVVP5,"Bureaucratic $80,738",04-03-2014,9021,1
3948,9B8BD6I213ZPCLCB,PEFTDKPLPM2AVVP5,"Bureaucratic $80,738",25-04-2015,867,1
3949,YKDPPK33J8I8ERML,PEFTDKPLPM2AVVP5,"Bureaucratic $80,738",24-05-2018,1088,0
3950,TPFP96AKV8T38CKL,Y32WO9ZV4HBBJIBV,"Double-Breasted $75,000,000",24-02-2017,2864,0
3951,AB0XVOTKSETWWFD5,Y32WO9ZV4HBBJIBV,"Double-Breasted $75,000,000",10-02-2014,2888,0
3952,4VKQMLZYB76UYC7C,Y32WO9ZV4HBBJIBV,"Double-Breasted $75,000,000",29-06-2016,7213,1
3953,379L8HSRQUYY0N3D,Y32WO9ZV4HBBJIBV,"Double-Breasted $75,000,000",24-07-2014,6647,1
3954,KUOVGY6EYMF28I3H,Y32WO9ZV4HBBJIBV,"Double-Breasted $75,000,000",01-04-2015,2324,0
3955,B88RHVMAV389O7U0,Y32WO9ZV4HBBJIBV,"Double-Breasted $75,000,000",25-05-2015,9378,0
3956,IDPZE4P21FNO99JN,Y32WO9ZV4HBBJIBV,"Double-Breasted $75,000,000",11-07-2016,5822,0
3957,1ALRZ8PTEE5HO0XO,Y32WO9ZV4HBBJIBV,"Double-Breasted $75,000,000",17-03-2016,433,0
3958,G6THMGAK21RE9JHY,Y32WO9ZV4HBBJIBV,"Double-Breasted $75,000,000",03-02-2017,8647,1
3959,EGGC9I10J2DI6VLP,Y32WO9ZV4HBBJIBV,"Double-Breasted $75,000,000",13-11-2015,9407,1
3960,BZIG7KHXS7ZG7EPP,Y32WO9ZV4HBBJIBV,"Double-Breasted $75,000,000",29-01-2016,1334,0
3961,8BF1EY1KAF4F46HJ,Y32WO9ZV4HBBJIBV,"Double-Breasted $75,000,000",14-05-2017,1194,0
3962,NHF7XQ5IQXKOMUFN,Y32WO9ZV4HBBJIBV,"Double-Breasted $75,000,000",19-01-2016,6392,0
3963,TBKG01KRI3S7TL6O,Y32WO9ZV4HBBJIBV,"Double-Breasted $75,000,000",22-09-2017,4483,0
3964,1RQQMUBS6AA7ZXME,Y32WO9ZV4HBBJIBV,"Double-Breasted $75,000,000",11-05-2018,3876,0
3965,G28RL3LJCAVDTSOP,Y32WO9ZV4HBBJIBV,"Double-Breasted $75,000,000",17-09-2016,8981,1
3966,ZHLGY0IB931HX5BD,Y32WO9ZV4HBBJIBV,"Double-Breasted $75,000,000",15-08-2017,1726,0
3967,6NE2HXFAY75JGC0P,Y32WO9ZV4HBBJIBV,"Double-Breasted $75,000,000",16-03-2015,3238,0
3968,46IJ5PM3JMTX3UUP,Y32WO9ZV4HBBJIBV,"Double-Breasted $75,000,000",08-06-2015,6428,0
3969,YPYAA8T8MB7UXSK0,Y32WO9ZV4HBBJIBV,"Double-Breasted $75,000,000",24-07-2014,5827,0
3970,1JUUE2DTRL4PG5M3,Y32WO9ZV4HBBJIBV,"Double-Breasted $75,000,000",10-02-2016,149,1
3971,X74893A50BBJ8GDZ,A3P3UBT3NZYR5N54,Rash Pepinsky,09-04-2018,6475,0
3972,KNS1L1N7P3AL5JKS,A3P3UBT3NZYR5N54,Rash Pepinsky,07-04-2017,9025,0
3973,76RB0ANYHLMUP54H,A3P3UBT3NZYR5N54,Rash Pepinsky,23-10-2017,1092,0
3974,2HDAMJCMJ19PA3YS,A3P3UBT3NZYR5N54,Rash Pepinsky,14-03-2016,8901,0
3975,9V89M40IUHDU28JJ,A3P3UBT3NZYR5N54,Rash Pepinsky,14-02-2016,8091,0
3976,CS5W9PIJ7WSU9TE5,A3P3UBT3NZYR5N54,Rash Pepinsky,30-03-2014,5807,0
3977,ZY183K2NTMN2OL49,A3P3UBT3NZYR5N54,Rash Pepinsky,10-06-2015,1502,1
3978,IGXHRQPIGIQZZ0XS,A3P3UBT3NZYR5N54,Rash Pepinsky,03-01-2017,9043,0
3979,K0VXU241MLTO4U46,A3P3UBT3NZYR5N54,Rash Pepinsky,04-11-2015,8976,0
3980,R9WE1R2CD4ZUL93T,A3P3UBT3NZYR5N54,Rash Pepinsky,04-04-2018,4756,0
3981,XKZ08FU9IW48EM3V,A3P3UBT3NZYR5N54,Rash Pepinsky,19-05-2014,4524,0
3982,01TCUR18UZQUZKB1,A3P3UBT3NZYR5N54,Rash Pepinsky,18-12-2014,8575,0
3983,ROG0FNK4M2MDLDWH,A3P3UBT3NZYR5N54,Rash Pepinsky,08-12-2017,399,1
3984,IIY0SIFLGY4S7KVQ,A3P3UBT3NZYR5N54,Rash Pepinsky,01-12-2018,803,0
3985,BYFDB6729EAD6WO9,A3P3UBT3NZYR5N54,Rash Pepinsky,17-11-2017,8213,0
3986,98YWP8OA7PJ16US8,A3P3UBT3NZYR5N54,Rash Pepinsky,04-09-2018,5113,0
3987,T89OODH83W8U5FTC,A3P3UBT3NZYR5N54,Rash Pepinsky,25-01-2014,3027,0
3988,24UH2ZGX0FSADJEZ,A3P3UBT3NZYR5N54,Rash Pepinsky,23-07-2014,5309,0
3989,UIQ0IKSUXL2766V7,A3P3UBT3NZYR5N54,Rash Pepinsky,13-07-2015,8674,0
3990,XB1RFACWX68NHGL2,A3P3UBT3NZYR5N54,Rash Pepinsky,20-02-2014,652,0
3991,FJT5JYVWMGOYK0W7,A3P3UBT3NZYR5N54,Rash Pepinsky,08-04-2017,7875,0
3992,1NAMV71XSJ5MJXG2,A3P3UBT3NZYR5N54,Rash Pepinsky,10-11-2017,105,0
3993,BIJ5ZCOX5K9C4ZMV,A3P3UBT3NZYR5N54,Rash Pepinsky,01-01-2017,3604,0
3994,ZNJBV5XBYY65VHFP,NQPD5W41PI9FIPS2,Unwounded Burgomaster'S,17-12-2017,3988,0
3995,2KNWTDYFULUE6NU0,NQPD5W41PI9FIPS2,Unwounded Burgomaster'S,12-01-2017,5411,0
3996,7BMDPIFD507BM6QZ,NQPD5W41PI9FIPS2,Unwounded Burgomaster'S,20-04-2014,2393,0
3997,SOVWWFTPJRZ4R381,NQPD5W41PI9FIPS2,Unwounded Burgomaster'S,17-08-2014,8876,0
3998,CPQIOSRP6Y1QN6RG,NQPD5W41PI9FIPS2,Unwounded Burgomaster'S,26-02-2014,4603,1
3999,BL5S3J2JDW3UL7WV,NQPD5W41PI9FIPS2,Unwounded Burgomaster'S,14-12-2017,785,0
4000,AWOS3IHXJN23BXMZ,NQPD5W41PI9FIPS2,Unwounded Burgomaster'S,29-03-2014,1735,0
4001,0USO9J1YB26MKNYU,NQPD5W41PI9FIPS2,Unwounded Burgomaster'S,16-03-2016,7102,1
4002,BPFYTIXXD4YRH63D,NQPD5W41PI9FIPS2,Unwounded Burgomaster'S,18-06-2015,8019,0
4003,1SMGQ71RG2V0WKVT,NQPD5W41PI9FIPS2,Unwounded Burgomaster'S,27-03-2014,3984,0
4004,2NA1ZS2SOI8IWUMT,NQPD5W41PI9FIPS2,Unwounded Burgomaster'S,03-05-2014,872,0
4005,NBL1LK3ND1H9UK13,NQPD5W41PI9FIPS2,Unwounded Burgomaster'S,29-11-2017,5333,1
4006,LZH49RH1SFY31M5M,NQPD5W41PI9FIPS2,Unwounded Burgomaster'S,11-02-2014,9740,0
4007,PLI6CP5X8GUJNJM8,NQPD5W41PI9FIPS2,Unwounded Burgomaster'S,31-10-2014,907,0
4008,UVHOH5NKMNZXHKYB,NQPD5W41PI9FIPS2,Unwounded Burgomaster'S,06-05-2014,5936,0
4009,EWHGEGX9Q4QY4DYT,NQPD5W41PI9FIPS2,Unwounded Burgomaster'S,16-02-2014,6464,0
4010,XSO6TDOSM3H3AMX8,NQPD5W41PI9FIPS2,Unwounded Burgomaster'S,13-09-2016,2670,0
4011,W7GF67L5PMCCGN4A,NQPD5W41PI9FIPS2,Unwounded Burgomaster'S,19-02-2018,5809,0
4012,YFKAKHYLETN7WIUA,NQPD5W41PI9FIPS2,Unwounded Burgomaster'S,29-01-2017,571,0
4013,E71HH7D0M95YLLQP,NQPD5W41PI9FIPS2,Unwounded Burgomaster'S,19-06-2015,2723,1
4014,ENCMKSUKIOHVE0Z6,NQPD5W41PI9FIPS2,Unwounded Burgomaster'S,29-08-2017,1540,0
4015,ATNQ18XJ4PUF86QA,NQPD5W41PI9FIPS2,Unwounded Burgomaster'S,04-06-2014,3978,1
4016,W7UC96Q34TYKB6GJ,NQPD5W41PI9FIPS2,Unwounded Burgomaster'S,09-08-2016,335,0
4017,QW3XQWABLMCB4IKM,NQPD5W41PI9FIPS2,Unwounded Burgomaster'S,06-09-2014,2834,1
4018,DS91BG169GDBRYD5,NQPD5W41PI9FIPS2,Unwounded Burgomaster'S,14-07-2018,6549,1
4019,40SDG816I9T9CFW3,NQPD5W41PI9FIPS2,Unwounded Burgomaster'S,24-02-2015,4807,0
4020,UNW0AIWGX35QSKSA,NQPD5W41PI9FIPS2,Unwounded Burgomaster'S,25-04-2015,2966,0
4021,BJDVX3CKGOOQUEQK,NQPD5W41PI9FIPS2,Unwounded Burgomaster'S,13-10-2014,3415,0
4022,2G9DXLE82U3SWQV2,NQPD5W41PI9FIPS2,Unwounded Burgomaster'S,11-03-2018,806,0
4023,PT7FC05Q9568UG85,NQPD5W41PI9FIPS2,Unwounded Burgomaster'S,05-12-2015,7820,1
4024,HX490LIB0OJIJYV9,T1Y6MZ41M3LHIHCI,Half-Standard Gabardine,02-04-2014,694,0
4025,SAWVBH2VT1K3I7PY,T1Y6MZ41M3LHIHCI,Half-Standard Gabardine,07-05-2016,4298,0
4026,ZSNP266XKUDT40FL,T1Y6MZ41M3LHIHCI,Half-Standard Gabardine,17-02-2017,398,0
4027,1DL1QUX3NXXC1ITV,T1Y6MZ41M3LHIHCI,Half-Standard Gabardine,26-07-2014,8953,0
4028,T724JY3EJ7DFLPBE,T1Y6MZ41M3LHIHCI,Half-Standard Gabardine,02-12-2017,1411,1
4029,CWFM9MQGQ5GHREM1,T1Y6MZ41M3LHIHCI,Half-Standard Gabardine,28-10-2018,4504,0
4030,SWX4EVBRNTSCHS71,T1Y6MZ41M3LHIHCI,Half-Standard Gabardine,02-07-2016,8694,0
4031,TEL109PY76R80B5O,T1Y6MZ41M3LHIHCI,Half-Standard Gabardine,18-08-2014,3209,0
4032,15EKSEOOIEM1TBIR,T1Y6MZ41M3LHIHCI,Half-Standard Gabardine,02-07-2017,7176,0
4033,XWAP08UVNN1IFU14,T1Y6MZ41M3LHIHCI,Half-Standard Gabardine,21-07-2016,6334,0
4034,EN8KSCFMRX8OKOYS,T1Y6MZ41M3LHIHCI,Half-Standard Gabardine,12-06-2017,5572,0
4035,IINIU01PG3LAXQSQ,T1Y6MZ41M3LHIHCI,Half-Standard Gabardine,24-09-2016,8505,1
4036,HC7UY886WARY82GN,T1Y6MZ41M3LHIHCI,Half-Standard Gabardine,26-08-2016,2959,0
4037,DO20QJCJQA3BLH3S,T1Y6MZ41M3LHIHCI,Half-Standard Gabardine,23-10-2015,7336,0
4038,PQNV92TSQ3ETY6BH,T1Y6MZ41M3LHIHCI,Half-Standard Gabardine,27-08-2018,3478,1
4039,OWO81YC0KTRRYAM8,T1Y6MZ41M3LHIHCI,Half-Standard Gabardine,01-08-2018,7767,1
4040,GK9QUP5T8LUEQJEZ,T1Y6MZ41M3LHIHCI,Half-Standard Gabardine,02-10-2017,3695,1
4041,KEMDLD730IRDF7MM,T1Y6MZ41M3LHIHCI,Half-Standard Gabardine,10-04-2014,9228,0
4042,J0NOAVBKTCNIOW7B,T1Y6MZ41M3LHIHCI,Half-Standard Gabardine,20-09-2014,5778,1
4043,2VQ56ZOAP9VJYFH7,T1Y6MZ41M3LHIHCI,Half-Standard Gabardine,17-04-2015,8591,0
4044,TF839FEO5GRXMF1L,T1Y6MZ41M3LHIHCI,Half-Standard Gabardine,11-07-2015,3350,1
4045,QW0D40GZFNWZJA67,P6IWGWOC47LGORWH,Shape-Up Masson,03-08-2018,6206,0
4046,JDXVFC5QSUUABKPU,P6IWGWOC47LGORWH,Shape-Up Masson,02-12-2017,5748,1
4047,G8A5CW2SAZR0FEX5,P6IWGWOC47LGORWH,Shape-Up Masson,14-07-2014,6244,0
4048,2LMMHX1HVT47GQBF,P6IWGWOC47LGORWH,Shape-Up Masson,07-02-2017,4075,0
4049,2EA8ELAXV8P37PI1,P6IWGWOC47LGORWH,Shape-Up Masson,03-06-2017,2722,0
4050,2NGMICHB6UL0VEUD,P6IWGWOC47LGORWH,Shape-Up Masson,19-03-2018,5948,0
4051,4TRM37G1UC1ZKHBV,P6IWGWOC47LGORWH,Shape-Up Masson,18-11-2018,4135,0
4052,RAA9CRD16V0QICNU,P6IWGWOC47LGORWH,Shape-Up Masson,16-04-2018,5707,0
4053,VZ4EBKVV38ZTKRNY,P6IWGWOC47LGORWH,Shape-Up Masson,05-04-2014,234,0
4054,DSIKIW9L71UG16OK,P6IWGWOC47LGORWH,Shape-Up Masson,10-08-2014,4972,0
4055,3MQ0LSOP0AB87JMK,P6IWGWOC47LGORWH,Shape-Up Masson,30-07-2017,7395,1
4056,2UMJ9JDWUFN2B0J1,P6IWGWOC47LGORWH,Shape-Up Masson,14-01-2015,8554,0
4057,1188BAL3VTLMLUT2,P6IWGWOC47LGORWH,Shape-Up Masson,23-10-2018,8641,0
4058,PXTZHPOUM91PVOQL,P6IWGWOC47LGORWH,Shape-Up Masson,10-09-2016,9159,0
4059,M0V1CSMW5KONJSH7,P6IWGWOC47LGORWH,Shape-Up Masson,24-10-2016,3198,0
4060,NP71XU75MAGZMKJJ,P6IWGWOC47LGORWH,Shape-Up Masson,19-01-2017,8994,0
4061,73PIURW208S6NRU6,P6IWGWOC47LGORWH,Shape-Up Masson,26-08-2016,1639,0
4062,X8IMVV69O4841RAR,P6IWGWOC47LGORWH,Shape-Up Masson,09-02-2016,1979,0
4063,HZ3IGTOEP9DAD0LQ,P6IWGWOC47LGORWH,Shape-Up Masson,25-04-2015,1219,1
4064,FV8ZSMFFZDN12LDO,P6IWGWOC47LGORWH,Shape-Up Masson,30-04-2014,3880,0
4065,VUHLNV56WNE2C8TK,P6IWGWOC47LGORWH,Shape-Up Masson,03-08-2017,6042,0
4066,3UIU81QBLSBDHN1T,P6IWGWOC47LGORWH,Shape-Up Masson,25-02-2018,8132,1
4067,SLZUKX4P5CO79MP0,P6IWGWOC47LGORWH,Shape-Up Masson,01-08-2016,4789,1
4068,HFGMH84G0XZOZYGS,P6IWGWOC47LGORWH,Shape-Up Masson,24-08-2015,7788,0
4069,LAFF3Q4TERXUXDTG,ONXEMWHWLJ60KQJB,Brown-Edged Effie,21-04-2016,2806,0
4070,JI8MBF90WWD9LHV7,ONXEMWHWLJ60KQJB,Brown-Edged Effie,08-11-2018,8465,0
4071,7FK5LWP3NH122XWR,ONXEMWHWLJ60KQJB,Brown-Edged Effie,08-05-2015,8479,0
4072,PK35QM2ZIQ1V56GD,ONXEMWHWLJ60KQJB,Brown-Edged Effie,08-09-2018,6370,0
4073,J6T2Q98EOYNFGVBY,ONXEMWHWLJ60KQJB,Brown-Edged Effie,16-08-2015,3645,0
4074,T1T8AHAEY6N9WAZ4,ONXEMWHWLJ60KQJB,Brown-Edged Effie,30-09-2016,4759,0
4075,HKT4BEEV3LJZPIC5,ONXEMWHWLJ60KQJB,Brown-Edged Effie,19-06-2014,2656,0
4076,N1HE5WTKVD4E85C3,ONXEMWHWLJ60KQJB,Brown-Edged Effie,20-05-2016,2402,1
4077,Q86K98VSU92OTY5Z,ONXEMWHWLJ60KQJB,Brown-Edged Effie,04-08-2017,9811,0
4078,J2QYN28LWLTGUIG6,ONXEMWHWLJ60KQJB,Brown-Edged Effie,11-02-2017,4795,0
4079,SGS3ONTWNEQ2QJM6,ONXEMWHWLJ60KQJB,Brown-Edged Effie,14-09-2017,6673,0
4080,FEIH0Z7S2S8DCCI9,ONXEMWHWLJ60KQJB,Brown-Edged Effie,15-05-2017,6643,0
4081,QOMD279WB1PQ6BV6,ONXEMWHWLJ60KQJB,Brown-Edged Effie,15-04-2016,9777,0
4082,3KVY1ID8WGN8I2CL,CE23YWUR6RSYQ9A6,Acrid Rapport,20-07-2018,9949,0
4083,29O38IKM2H4N8NYH,CE23YWUR6RSYQ9A6,Acrid Rapport,06-07-2016,8365,0
4084,MNPWJWC5LBU2U0O9,CE23YWUR6RSYQ9A6,Acrid Rapport,15-07-2018,4414,1
4085,QSMOGDX3ECCJW8T3,CE23YWUR6RSYQ9A6,Acrid Rapport,23-12-2016,9642,0
4086,UZW63CJ8Z8TAL90F,CE23YWUR6RSYQ9A6,Acrid Rapport,20-01-2015,5739,1
4087,G3U6PSI0U1CZ72KT,CE23YWUR6RSYQ9A6,Acrid Rapport,31-08-2018,1197,0
4088,ASQGNDPSFQCYZ2WC,CE23YWUR6RSYQ9A6,Acrid Rapport,05-05-2014,6918,0
4089,1MJGIB7RI2VL6QRH,CE23YWUR6RSYQ9A6,Acrid Rapport,25-05-2016,2985,0
4090,0JDOKIKS4UER4AS7,CE23YWUR6RSYQ9A6,Acrid Rapport,26-05-2015,4428,1
4091,4RY52IC6QLZFQD4A,CE23YWUR6RSYQ9A6,Acrid Rapport,17-04-2017,2875,0
4092,ZTBX9SRSLTLBINAR,CE23YWUR6RSYQ9A6,Acrid Rapport,16-11-2014,3408,0
4093,1HNRSQSN7CP3G437,CE23YWUR6RSYQ9A6,Acrid Rapport,27-06-2015,8737,0
4094,8DWXZ9FQMXIVFC71,CE23YWUR6RSYQ9A6,Acrid Rapport,01-11-2018,6073,1
4095,AWLZ25FHZOLFJPMZ,CE23YWUR6RSYQ9A6,Acrid Rapport,04-08-2016,7243,0
4096,Z1AMW8CHDYTUJGZE,CE23YWUR6RSYQ9A6,Acrid Rapport,15-10-2017,8223,0
4097,FBD5YBUY2DOTFXAB,CE23YWUR6RSYQ9A6,Acrid Rapport,20-08-2015,9029,0
4098,LHWPGE06DYEPO030,CE23YWUR6RSYQ9A6,Acrid Rapport,22-08-2015,5914,0
4099,NLOTVWLJH01T7WE2,CE23YWUR6RSYQ9A6,Acrid Rapport,28-11-2016,8089,0
4100,M2N108D4F7AQOWNV,CE23YWUR6RSYQ9A6,Acrid Rapport,19-08-2015,4923,1
4101,QQV0QDHBMCISB9MD,CE23YWUR6RSYQ9A6,Acrid Rapport,04-03-2014,1394,0
4102,3K2W85EJMUUWPX75,CE23YWUR6RSYQ9A6,Acrid Rapport,18-07-2015,4800,0
4103,RIDYZ27PG4KVYTPR,CE23YWUR6RSYQ9A6,Acrid Rapport,20-02-2016,9794,0
4104,4XYKKPYXDOGK2MZ1,CE23YWUR6RSYQ9A6,Acrid Rapport,14-04-2016,8474,0
4105,QMCQ3G08QH4L8UZ4,CE23YWUR6RSYQ9A6,Acrid Rapport,18-08-2017,9565,0
4106,SCT81SMIREBNFN8M,CE23YWUR6RSYQ9A6,Acrid Rapport,13-05-2018,7559,0
4107,UJ3FYV93GPRH35LZ,CE23YWUR6RSYQ9A6,Acrid Rapport,12-07-2015,1317,0
4108,A21TWMY2FKSA1Y8N,CE23YWUR6RSYQ9A6,Acrid Rapport,08-11-2016,1877,0
4109,0J0OEFLUDTUTLGFX,CE23YWUR6RSYQ9A6,Acrid Rapport,26-12-2015,3612,0
4110,276F5UWR03H1ACLV,CE23YWUR6RSYQ9A6,Acrid Rapport,05-01-2015,9548,0
4111,Q9OAUHR1G4RQVRNX,CE23YWUR6RSYQ9A6,Acrid Rapport,23-09-2014,5442,0
4112,Y2T243CTNN2MV8GE,TL97X012YC688JWM,Half-Grown Fanatics,12-04-2018,5997,0
4113,EHNZS6H1WLFMT1GR,TL97X012YC688JWM,Half-Grown Fanatics,02-11-2015,5426,0
4114,FG8YFM6X5V59KMR7,TL97X012YC688JWM,Half-Grown Fanatics,09-08-2014,4309,0
4115,G71O9FTUU4EUCZOJ,TL97X012YC688JWM,Half-Grown Fanatics,06-12-2018,2592,0
4116,OOCWOJGTO48A76X0,TL97X012YC688JWM,Half-Grown Fanatics,15-12-2017,7429,0
4117,V70VABIXK4BX9MQ8,TL97X012YC688JWM,Half-Grown Fanatics,05-04-2017,6650,0
4118,TIQONYJSF86MQEUK,TL97X012YC688JWM,Half-Grown Fanatics,06-04-2018,2001,0
4119,4U745I4MM9V93UNL,TL97X012YC688JWM,Half-Grown Fanatics,27-03-2015,1394,1
4120,HI0RIOGJODY59MZZ,TL97X012YC688JWM,Half-Grown Fanatics,05-09-2018,8652,0
4121,RLP61POMOEV6SGN6,TL97X012YC688JWM,Half-Grown Fanatics,03-10-2018,8076,0
4122,U4T9C3B4CW5M0LNC,TL97X012YC688JWM,Half-Grown Fanatics,31-12-2016,985,0
4123,G1GAN39ILHACM7AK,TL97X012YC688JWM,Half-Grown Fanatics,12-10-2018,8829,1
4124,W0627CTOY5WECRAC,TL97X012YC688JWM,Half-Grown Fanatics,09-02-2018,6577,0
4125,4DXLT0GFGBV3JWEV,TL97X012YC688JWM,Half-Grown Fanatics,02-06-2014,7814,0
4126,CVCU12Q24QVVT8ZM,TL97X012YC688JWM,Half-Grown Fanatics,06-01-2018,2127,0
4127,VJ6JAQCT13WLYOEC,TL97X012YC688JWM,Half-Grown Fanatics,09-10-2015,7490,0
4128,XA7AMVBJ7ZXKXVXJ,TL97X012YC688JWM,Half-Grown Fanatics,25-03-2016,3747,0
4129,4VGYDHKVZYT1EXGO,TL97X012YC688JWM,Half-Grown Fanatics,08-07-2018,1281,0
4130,NL35GZYVAJCCXG8K,TL97X012YC688JWM,Half-Grown Fanatics,26-02-2015,967,0
4131,UCSV1JI7RUDZ410N,TL97X012YC688JWM,Half-Grown Fanatics,27-01-2015,3867,0
4132,NLGBC0EWVNSWYCWH,92MOPM41ZBZMJDGG,Colloidal Miyagi,11-02-2017,1626,0
4133,CPP1U488ADTIIBQM,92MOPM41ZBZMJDGG,Colloidal Miyagi,12-01-2015,4953,0
4134,DSVPXAAFJ5I7CLX8,92MOPM41ZBZMJDGG,Colloidal Miyagi,26-01-2014,8468,0
4135,HWGZCOO84PURKV72,92MOPM41ZBZMJDGG,Colloidal Miyagi,07-05-2018,540,1
4136,202N8R3ABSZRQRS9,92MOPM41ZBZMJDGG,Colloidal Miyagi,16-10-2014,4734,0
4137,SVJA71DO1VUPRJFR,92MOPM41ZBZMJDGG,Colloidal Miyagi,16-04-2015,4303,0
4138,J85QPMPJI6GWQ1JT,92MOPM41ZBZMJDGG,Colloidal Miyagi,01-10-2018,6888,0
4139,4ALEYZ2PBGP3YH14,92MOPM41ZBZMJDGG,Colloidal Miyagi,29-01-2017,2338,0
4140,SX2YWATCC44AVMOS,92MOPM41ZBZMJDGG,Colloidal Miyagi,14-01-2014,6084,1
4141,N0ET8XF19XM382HB,92MOPM41ZBZMJDGG,Colloidal Miyagi,25-03-2016,5349,0
4142,KZ11JXMXPPA16PDO,92MOPM41ZBZMJDGG,Colloidal Miyagi,22-09-2016,4668,0
4143,1LS3FDBVN4XX817K,92MOPM41ZBZMJDGG,Colloidal Miyagi,31-10-2016,311,0
4144,26W29TLFFQYUC5EH,92MOPM41ZBZMJDGG,Colloidal Miyagi,09-04-2015,336,1
4145,R772JG0QV5UZD9W5,92MOPM41ZBZMJDGG,Colloidal Miyagi,11-10-2017,9386,0
4146,CZYSVJYUVICEA0Q4,92MOPM41ZBZMJDGG,Colloidal Miyagi,15-03-2015,2600,0
4147,3A3CRF2X38TDTIW8,92MOPM41ZBZMJDGG,Colloidal Miyagi,18-06-2016,5965,0
4148,UA40OWDJDCZKZY32,92MOPM41ZBZMJDGG,Colloidal Miyagi,22-05-2014,8921,0
4149,CN3EKIQTTG52VXJI,92MOPM41ZBZMJDGG,Colloidal Miyagi,28-10-2015,4483,0
4150,68G9NU2LGCHVHJB2,92MOPM41ZBZMJDGG,Colloidal Miyagi,07-06-2017,5120,1
4151,U6NOX77INZH5UX23,92MOPM41ZBZMJDGG,Colloidal Miyagi,13-08-2016,7043,0
4152,TD469AZHI8F4LQE6,92MOPM41ZBZMJDGG,Colloidal Miyagi,15-07-2014,6633,0
4153,6NL3MTT5FONFBOUO,92MOPM41ZBZMJDGG,Colloidal Miyagi,07-09-2016,4576,1
4154,ZOGEEP00MZDHMZR6,92MOPM41ZBZMJDGG,Colloidal Miyagi,19-08-2016,8884,0
4155,NXXURZKD48NPSV5J,L66VAOHO6HSRK4P4,Charming Comments,20-02-2014,9347,0
4156,F14CP5NTMC8UZYPO,L66VAOHO6HSRK4P4,Charming Comments,30-10-2015,4723,0
4157,O4SQMNTMSM51SFBY,L66VAOHO6HSRK4P4,Charming Comments,27-12-2018,8343,0
4158,RH65K01SGI62OP7P,L66VAOHO6HSRK4P4,Charming Comments,27-04-2018,1055,0
4159,B6D4X7FNY0BK8SY6,L66VAOHO6HSRK4P4,Charming Comments,19-07-2018,2383,1
4160,PYHH7IUOX5HTVMA6,L66VAOHO6HSRK4P4,Charming Comments,09-12-2014,7647,0
4161,R60WMCMN914ZR4Q8,L66VAOHO6HSRK4P4,Charming Comments,27-06-2016,5582,0
4162,233YTFXLYZH91364,L66VAOHO6HSRK4P4,Charming Comments,10-01-2018,4446,0
4163,I1T8EHBM904EP4RJ,L66VAOHO6HSRK4P4,Charming Comments,21-06-2018,5397,0
4164,TLMY9Q9B9VXRZYZB,L66VAOHO6HSRK4P4,Charming Comments,07-06-2015,9784,0
4165,67EHAR960SG7TULB,L66VAOHO6HSRK4P4,Charming Comments,06-03-2015,3998,0
4166,G1WFVF4NVZONXH5Q,L66VAOHO6HSRK4P4,Charming Comments,18-08-2016,4760,0
4167,BTIAMPZFFV3IUU0G,L66VAOHO6HSRK4P4,Charming Comments,22-08-2015,4623,0
4168,EB2UX1NC5N21VP1T,L66VAOHO6HSRK4P4,Charming Comments,07-12-2016,7465,0
4169,SO1CYBAKEZ2EDXPK,L66VAOHO6HSRK4P4,Charming Comments,17-05-2016,8939,0
4170,4V0VR2LRFJRCKXAB,L66VAOHO6HSRK4P4,Charming Comments,02-10-2017,9511,0
4171,UU5HL4DW2X3VAV98,L66VAOHO6HSRK4P4,Charming Comments,22-07-2016,9619,0
4172,4DZSTQ8NBZYRDGDQ,L66VAOHO6HSRK4P4,Charming Comments,14-09-2017,3469,0
4173,9LBSOBHOIP7NQHHV,L66VAOHO6HSRK4P4,Charming Comments,25-06-2017,2110,0
4174,H2U0MPNPL4XI9D27,L66VAOHO6HSRK4P4,Charming Comments,23-02-2015,3282,0
4175,B4WL9FV61UXXIJK0,U2IBH9H8VPEYGCQH,Foamed-In-Place Comradeship,29-07-2014,8549,0
4176,X08XMGE8265SWIF3,U2IBH9H8VPEYGCQH,Foamed-In-Place Comradeship,03-02-2018,2514,0
4177,1LVTG8AYXI35UI4H,U2IBH9H8VPEYGCQH,Foamed-In-Place Comradeship,11-11-2018,1877,0
4178,IUZ5TNFSZPTJFO19,U2IBH9H8VPEYGCQH,Foamed-In-Place Comradeship,06-11-2015,3568,0
4179,X4WZP1W5EVOO8J5H,U2IBH9H8VPEYGCQH,Foamed-In-Place Comradeship,28-04-2017,7922,0
4180,JKNVLKR06XGITU0T,U2IBH9H8VPEYGCQH,Foamed-In-Place Comradeship,01-03-2018,9500,0
4181,JMLHD9UDSBUDAGV7,U2IBH9H8VPEYGCQH,Foamed-In-Place Comradeship,06-02-2017,6976,0
4182,6RD0GNALYVMWUJG6,U2IBH9H8VPEYGCQH,Foamed-In-Place Comradeship,03-09-2017,7577,0
4183,NI6B91GOBDF1J3PN,U2IBH9H8VPEYGCQH,Foamed-In-Place Comradeship,20-03-2017,1306,0
4184,ECI08MYUF9YWO0LF,U2IBH9H8VPEYGCQH,Foamed-In-Place Comradeship,16-04-2017,6196,0
4185,ELE86KCDEM1A4OT4,U2IBH9H8VPEYGCQH,Foamed-In-Place Comradeship,07-01-2016,9600,1
4186,5RV5UK6DHK675TIH,U2IBH9H8VPEYGCQH,Foamed-In-Place Comradeship,02-05-2015,9570,0
4187,JEREPOTVA485JX1L,U2IBH9H8VPEYGCQH,Foamed-In-Place Comradeship,31-07-2016,8221,0
4188,BKAAAPDAK3PSNZCJ,U2IBH9H8VPEYGCQH,Foamed-In-Place Comradeship,22-04-2015,6583,1
4189,DCUSN98D98ASJN2T,U2IBH9H8VPEYGCQH,Foamed-In-Place Comradeship,21-09-2018,1232,0
4190,M9PAKIHAY95U3P0R,U2IBH9H8VPEYGCQH,Foamed-In-Place Comradeship,22-09-2014,4315,0
4191,RBT573LRVL5TP0LH,U2IBH9H8VPEYGCQH,Foamed-In-Place Comradeship,04-05-2014,6495,0
4192,LGM7L4P3YUX9G67K,U2IBH9H8VPEYGCQH,Foamed-In-Place Comradeship,15-05-2015,8741,0
4193,T6UHDC9BKKZH24SC,U2IBH9H8VPEYGCQH,Foamed-In-Place Comradeship,31-01-2017,9085,0
4194,FR96W1V10JEP05RE,U2IBH9H8VPEYGCQH,Foamed-In-Place Comradeship,28-07-2015,3259,0
4195,O5MS1D9EHVQEET0M,U2IBH9H8VPEYGCQH,Foamed-In-Place Comradeship,26-11-2018,5221,0
4196,JFZVRIJVSL2GEXY9,U2IBH9H8VPEYGCQH,Foamed-In-Place Comradeship,20-01-2015,5789,0
4197,LMU1J17MNYBKW6R6,U2IBH9H8VPEYGCQH,Foamed-In-Place Comradeship,18-02-2016,934,0
4198,ITYLB1S1849MZXT9,U2IBH9H8VPEYGCQH,Foamed-In-Place Comradeship,08-03-2016,1890,0
4199,S6H0AJND2X67X1QH,U2IBH9H8VPEYGCQH,Foamed-In-Place Comradeship,26-12-2018,6218,0
4200,RCXF91YC10W62PK1,ZH5LE46AWQIL2A9T,Citywide Fergeson,25-08-2014,754,0
4201,YG8UBYPHOG3CFGQF,ZH5LE46AWQIL2A9T,Citywide Fergeson,20-09-2018,1944,0
4202,RCYBHSAABKMI1SBV,ZH5LE46AWQIL2A9T,Citywide Fergeson,17-01-2017,6029,0
4203,XRT4K2L9UHRGY5GO,ZH5LE46AWQIL2A9T,Citywide Fergeson,01-01-2018,5700,0
4204,6OCIT76EPUCKZ93R,ZH5LE46AWQIL2A9T,Citywide Fergeson,02-06-2018,4951,0
4205,QA1KY92OUSSTZUAB,ZH5LE46AWQIL2A9T,Citywide Fergeson,29-12-2016,7563,0
4206,KJ65FKTA3OE4UMAF,ZH5LE46AWQIL2A9T,Citywide Fergeson,12-09-2015,917,0
4207,YA51Z5N90HAKDYNW,ZH5LE46AWQIL2A9T,Citywide Fergeson,05-09-2017,8138,0
4208,499PAANN87EUO1SJ,ZH5LE46AWQIL2A9T,Citywide Fergeson,27-11-2018,9278,0
4209,O4RYDC0UCGKGTL6X,ZH5LE46AWQIL2A9T,Citywide Fergeson,18-02-2015,2486,1
4210,TF9ZJXH84ZZ4CAV5,ZH5LE46AWQIL2A9T,Citywide Fergeson,06-10-2017,3002,0
4211,UCJHGUT7W9CATJB3,ZH5LE46AWQIL2A9T,Citywide Fergeson,15-06-2015,5367,0
4212,9Z60MZ85R4X7C5AE,ZH5LE46AWQIL2A9T,Citywide Fergeson,03-08-2016,6829,0
4213,NMXS91BN6YL2L3GD,ZH5LE46AWQIL2A9T,Citywide Fergeson,10-10-2018,4265,0
4214,OEVGPUEXCLDB63E8,ZH5LE46AWQIL2A9T,Citywide Fergeson,12-12-2015,7142,0
4215,TSD9JWX2O464P4B4,ZH5LE46AWQIL2A9T,Citywide Fergeson,22-08-2015,1438,0
4216,19HOSGB2H83CIOZU,ZH5LE46AWQIL2A9T,Citywide Fergeson,23-12-2018,9228,1
4217,S1JHO5X49TLEHNOK,ZH5LE46AWQIL2A9T,Citywide Fergeson,02-08-2018,2190,0
4218,51R69KDTCY6Z4A15,ZH5LE46AWQIL2A9T,Citywide Fergeson,27-01-2016,908,0
4219,JKD6FSCMEKNGYX8P,ZH5LE46AWQIL2A9T,Citywide Fergeson,25-07-2017,8246,1
4220,QNXSUIORII026K5Q,ZH5LE46AWQIL2A9T,Citywide Fergeson,03-07-2016,3475,0
4221,ACY9URDYG9O23LZD,ZH5LE46AWQIL2A9T,Citywide Fergeson,02-03-2018,9321,0
4222,OH7XYE774GOBZKHG,CN7H9P4HWRTH0LQ6,Fictitious Cooperation,27-05-2014,9933,0
4223,63PK1DN44QSN9FK7,CN7H9P4HWRTH0LQ6,Fictitious Cooperation,12-05-2018,3638,0
4224,OYINAWVCDKO6NQJA,CN7H9P4HWRTH0LQ6,Fictitious Cooperation,13-09-2018,7684,0
4225,0M0RUFDS84CJKE3J,CN7H9P4HWRTH0LQ6,Fictitious Cooperation,20-03-2014,3049,0
4226,9ZNAWMJHB3FT9HXH,CN7H9P4HWRTH0LQ6,Fictitious Cooperation,11-08-2015,3875,0
4227,QMESDCK7JIITR3OI,CN7H9P4HWRTH0LQ6,Fictitious Cooperation,19-08-2014,6217,1
4228,ZLEYBVNIOMB252PA,CN7H9P4HWRTH0LQ6,Fictitious Cooperation,22-02-2018,4755,0
4229,3H9P99COKHKQZCPY,CN7H9P4HWRTH0LQ6,Fictitious Cooperation,12-03-2014,6151,0
4230,OFAEDQVIFT9CV7ZS,CN7H9P4HWRTH0LQ6,Fictitious Cooperation,19-10-2015,9268,0
4231,004H6KUZSJC1Y3SK,CN7H9P4HWRTH0LQ6,Fictitious Cooperation,16-01-2014,5522,0
4232,9JNRCSIFNYXTMYI5,CN7H9P4HWRTH0LQ6,Fictitious Cooperation,29-12-2014,4255,0
4233,7KQFVRJWECUL8YQC,CN7H9P4HWRTH0LQ6,Fictitious Cooperation,15-03-2014,1288,1
4234,8KKVYSZ9SVD6LDXU,CN7H9P4HWRTH0LQ6,Fictitious Cooperation,16-01-2016,9546,0
4235,HJKU49WT4V5DL2I5,CN7H9P4HWRTH0LQ6,Fictitious Cooperation,20-03-2015,678,1
4236,XZGMB9P49TQP3W5I,CN7H9P4HWRTH0LQ6,Fictitious Cooperation,09-07-2015,1174,0
4237,D1PGH51BVZBC532A,CN7H9P4HWRTH0LQ6,Fictitious Cooperation,18-03-2016,7005,0
4238,4WG73F1BR98TR1G9,CN7H9P4HWRTH0LQ6,Fictitious Cooperation,11-04-2014,4404,1
4239,RSO0IZBLCCDXU87S,CN7H9P4HWRTH0LQ6,Fictitious Cooperation,21-10-2018,8382,0
4240,Q0UAO59ZC0Q5RWJ9,CN7H9P4HWRTH0LQ6,Fictitious Cooperation,05-11-2017,5973,0
4241,8JJIQI7NJZVOQHLU,CN7H9P4HWRTH0LQ6,Fictitious Cooperation,17-12-2018,485,0
4242,SM7S13CFOLDVRNQQ,CN7H9P4HWRTH0LQ6,Fictitious Cooperation,28-12-2018,4386,0
4243,AXOLEDCPJH3X6U8C,CN7H9P4HWRTH0LQ6,Fictitious Cooperation,26-10-2017,4546,0
4244,XJS49CPHIJC3DJAO,3X8ZKLNEBJWFO0IX,Break-Neck Healer,09-01-2014,9370,0
4245,IDG8D3R1F2XUMVHG,3X8ZKLNEBJWFO0IX,Break-Neck Healer,26-04-2016,7484,1
4246,CA7V46X14ZRVSASN,3X8ZKLNEBJWFO0IX,Break-Neck Healer,27-07-2018,6136,0
4247,K19FB3QLGB9JMW6R,3X8ZKLNEBJWFO0IX,Break-Neck Healer,30-11-2014,4331,1
4248,NRWBBPG8MD1KSTEM,3X8ZKLNEBJWFO0IX,Break-Neck Healer,08-04-2018,4976,0
4249,ADE0TR7DF6CXILIJ,3X8ZKLNEBJWFO0IX,Break-Neck Healer,18-04-2015,7011,0
4250,10I35ADLMSCJOC0P,3X8ZKLNEBJWFO0IX,Break-Neck Healer,17-06-2017,5079,0
4251,IWDCR82LQIWFG72W,3X8ZKLNEBJWFO0IX,Break-Neck Healer,14-02-2015,3699,1
4252,A93GYOYGCSIO4W0U,3X8ZKLNEBJWFO0IX,Break-Neck Healer,21-02-2015,2677,1
4253,TDK8D1S1E5ABUG42,3X8ZKLNEBJWFO0IX,Break-Neck Healer,23-05-2015,6188,0
4254,VH85MBC62SA5T14U,3X8ZKLNEBJWFO0IX,Break-Neck Healer,29-06-2015,6573,0
4255,WEIISNXXL2MRQVOQ,3X8ZKLNEBJWFO0IX,Break-Neck Healer,11-10-2016,6374,0
4256,2VEXLR6SVKH77VA4,3X8ZKLNEBJWFO0IX,Break-Neck Healer,27-01-2017,4849,0
4257,ZANL0Z7DDSHCJV5C,3X8ZKLNEBJWFO0IX,Break-Neck Healer,29-07-2018,9504,0
4258,ZHA1OOJ9AHQQWS26,3X8ZKLNEBJWFO0IX,Break-Neck Healer,18-08-2015,3498,0
4259,XD5EECHZ8E8W2AKE,3X8ZKLNEBJWFO0IX,Break-Neck Healer,14-02-2017,6941,0
4260,IX55TMNAJR1ZQZ17,3X8ZKLNEBJWFO0IX,Break-Neck Healer,17-12-2015,7945,1
4261,FUTJVHKTMNTI8WZI,VO3O3KFL0DXVJOX4,Myriad Bastards,21-11-2014,9901,0
4262,OSI2QAW2B1F0L87Q,VO3O3KFL0DXVJOX4,Myriad Bastards,27-03-2014,7215,0
4263,T86CHIUUO4DA0PEP,VO3O3KFL0DXVJOX4,Myriad Bastards,26-10-2018,5305,0
4264,VER6XN810NQHUG7S,VO3O3KFL0DXVJOX4,Myriad Bastards,14-06-2017,1185,0
4265,EMEX3H4W3RDU6G8T,VO3O3KFL0DXVJOX4,Myriad Bastards,10-11-2018,4314,0
4266,V1E15085TJTBWGRV,VO3O3KFL0DXVJOX4,Myriad Bastards,03-06-2016,8172,0
4267,4FIBEWTAEDMIHF08,VO3O3KFL0DXVJOX4,Myriad Bastards,31-01-2015,7775,0
4268,SP7EQ1IC62KA9N0G,VO3O3KFL0DXVJOX4,Myriad Bastards,17-09-2018,6116,0
4269,QV6Z2NPI9SDFZOW7,VO3O3KFL0DXVJOX4,Myriad Bastards,23-10-2014,7544,0
4270,XF0HVV91QARB3FCN,VO3O3KFL0DXVJOX4,Myriad Bastards,10-06-2015,5415,0
4271,2PP5OJP2XSSDDRWY,VO3O3KFL0DXVJOX4,Myriad Bastards,12-03-2018,1343,0
4272,U8MGBXXYTG0OLM9H,VO3O3KFL0DXVJOX4,Myriad Bastards,19-07-2015,9910,1
4273,5NHZDY1JQBN4LHTL,VO3O3KFL0DXVJOX4,Myriad Bastards,30-07-2015,3406,1
4274,6A0RU0KBNMX98LSN,VO3O3KFL0DXVJOX4,Myriad Bastards,23-01-2018,5850,0
4275,DIET6AWV6J8SLPEW,VO3O3KFL0DXVJOX4,Myriad Bastards,05-02-2017,7622,0
4276,FEXPK9VBUN3JH9GL,VO3O3KFL0DXVJOX4,Myriad Bastards,22-06-2016,5676,0
4277,U55SFDX0WTP4TCKV,VO3O3KFL0DXVJOX4,Myriad Bastards,18-09-2018,1424,0
4278,9KJDOHME3RWM1JAI,561J085QFK5QZ4MY,Tyrannical Countryside,20-09-2016,2558,0
4279,AYWHWOODUZ047EIZ,561J085QFK5QZ4MY,Tyrannical Countryside,23-05-2018,5962,0
4280,7779DQ4L1YKVERQC,561J085QFK5QZ4MY,Tyrannical Countryside,13-11-2014,8146,1
4281,MIYCP4X8EITLR2HL,561J085QFK5QZ4MY,Tyrannical Countryside,03-05-2015,6410,0
4282,KS4PTVTO775GPY1R,561J085QFK5QZ4MY,Tyrannical Countryside,13-03-2017,7373,0
4283,8SVGAIWNHMYKCEF2,561J085QFK5QZ4MY,Tyrannical Countryside,24-04-2017,6143,1
4284,UC49VMTLX4QRAJIE,561J085QFK5QZ4MY,Tyrannical Countryside,20-07-2015,1236,0
4285,HIUCVJ8TTAHLOVXP,561J085QFK5QZ4MY,Tyrannical Countryside,26-09-2017,1704,0
4286,NI93240BO96EBUIR,561J085QFK5QZ4MY,Tyrannical Countryside,03-09-2017,740,0
4287,45UATZO8Q4POUYKD,561J085QFK5QZ4MY,Tyrannical Countryside,27-02-2014,1295,0
4288,NO7KJWFX1HWLMZBE,561J085QFK5QZ4MY,Tyrannical Countryside,18-02-2018,7394,0
4289,FIM6NYYOXCP8PCFW,561J085QFK5QZ4MY,Tyrannical Countryside,28-07-2015,2019,0
4290,1UFSMXM8D9DF03JW,561J085QFK5QZ4MY,Tyrannical Countryside,12-02-2014,9648,1
4291,G5M57SYI1GLB7C0P,561J085QFK5QZ4MY,Tyrannical Countryside,29-04-2017,9862,0
4292,FLYPQKWEFP217EZ2,561J085QFK5QZ4MY,Tyrannical Countryside,10-10-2014,4461,1
4293,HJ16NWI91GFBY5YJ,561J085QFK5QZ4MY,Tyrannical Countryside,10-12-2018,1575,0
4294,X1LBKKMQ1CCYG80T,561J085QFK5QZ4MY,Tyrannical Countryside,31-05-2017,4941,0
4295,L7WK4QMMUU3OIN4I,561J085QFK5QZ4MY,Tyrannical Countryside,24-07-2016,5252,0
4296,Y06KM38ZQ1QE0X3J,561J085QFK5QZ4MY,Tyrannical Countryside,10-08-2014,9637,0
4297,7HBAHGHSH2MS9XFZ,7Z8HZ96ROU0OYB8H,Perpendicular Chinaman,09-07-2018,3462,0
4298,L4C586C2FPXXQRV2,7Z8HZ96ROU0OYB8H,Perpendicular Chinaman,26-03-2017,9262,0
4299,HV2NN211NUOVBODZ,7Z8HZ96ROU0OYB8H,Perpendicular Chinaman,16-07-2014,644,0
4300,K4O08D7XPBARUZH0,7Z8HZ96ROU0OYB8H,Perpendicular Chinaman,08-02-2017,1465,1
4301,5FKSLITR8OISA8HA,7Z8HZ96ROU0OYB8H,Perpendicular Chinaman,05-03-2018,569,1
4302,L1S9NEYA6Y5L6BX2,7Z8HZ96ROU0OYB8H,Perpendicular Chinaman,28-08-2014,3698,0
4303,3D1AHUL14J55O277,7Z8HZ96ROU0OYB8H,Perpendicular Chinaman,24-09-2016,4283,0
4304,IMF35KMGBXN6J1A6,7Z8HZ96ROU0OYB8H,Perpendicular Chinaman,09-09-2015,8783,0
4305,HKO7G6UI3E6YQUDQ,7Z8HZ96ROU0OYB8H,Perpendicular Chinaman,31-12-2016,647,1
4306,KB1YBU61QRTXWYJO,7Z8HZ96ROU0OYB8H,Perpendicular Chinaman,12-12-2017,5320,0
4307,OOVI1U17H3FRDGNF,7Z8HZ96ROU0OYB8H,Perpendicular Chinaman,08-10-2017,5896,0
4308,28QERG45YY31C33Y,7Z8HZ96ROU0OYB8H,Perpendicular Chinaman,07-10-2016,8757,0
4309,MY0KA8ZRVT13HFJO,7Z8HZ96ROU0OYB8H,Perpendicular Chinaman,02-05-2014,4140,0
4310,2D5LKEZMPLA3VH7M,7Z8HZ96ROU0OYB8H,Perpendicular Chinaman,11-09-2015,6925,1
4311,8XKVNPWUOAOD4TOW,7Z8HZ96ROU0OYB8H,Perpendicular Chinaman,12-02-2014,8515,0
4312,3LRSGN07X9DN4FKL,7Z8HZ96ROU0OYB8H,Perpendicular Chinaman,08-07-2014,7108,0
4313,LH5RM839MMYJ78G4,7Z8HZ96ROU0OYB8H,Perpendicular Chinaman,17-06-2018,9659,1
4314,XB8L8Y4D5O0SEGPO,7Z8HZ96ROU0OYB8H,Perpendicular Chinaman,28-04-2015,9776,0
4315,X1UP24W6CRKFLJ7D,7Z8HZ96ROU0OYB8H,Perpendicular Chinaman,18-12-2015,3121,0
4316,DOHPMPOA0SAW411R,7Z8HZ96ROU0OYB8H,Perpendicular Chinaman,28-09-2017,7977,0
4317,E5Y8PT8U4PGYNZ5G,AUX1N131T5HU04FF,Ordinary Dualism,18-12-2017,5967,0
4318,I92F30HCPC6RNO16,AUX1N131T5HU04FF,Ordinary Dualism,14-09-2016,2640,0
4319,3NVAX9KSXQQYZJN1,AUX1N131T5HU04FF,Ordinary Dualism,22-10-2017,8661,0
4320,KLK4UUD8T6RU7QWU,AUX1N131T5HU04FF,Ordinary Dualism,28-10-2015,7056,1
4321,2NW7I4FW4CQ6L4F6,AUX1N131T5HU04FF,Ordinary Dualism,10-04-2015,7274,0
4322,294UNNKQ9NNKNBN7,AUX1N131T5HU04FF,Ordinary Dualism,29-07-2016,2530,0
4323,LHDRVKLZY4Y6J5SB,AUX1N131T5HU04FF,Ordinary Dualism,08-09-2015,4763,0
4324,KKM5KGOTJ3BK1LFO,AUX1N131T5HU04FF,Ordinary Dualism,19-06-2017,9469,0
4325,ET4TPEUW19B7C7ON,AUX1N131T5HU04FF,Ordinary Dualism,19-12-2015,8686,0
4326,BCKUG21BBLAMVX1I,AUX1N131T5HU04FF,Ordinary Dualism,27-05-2017,6350,0
4327,UXX97P2ASJC6CBPE,AUX1N131T5HU04FF,Ordinary Dualism,05-07-2015,4511,0
4328,1RLSCQG31K3ZRPZ6,AUX1N131T5HU04FF,Ordinary Dualism,23-05-2018,2185,0
4329,LNF7TF9D38EW33S2,AUX1N131T5HU04FF,Ordinary Dualism,15-11-2015,3350,1
4330,JV6TE246V9MBLBVT,AUX1N131T5HU04FF,Ordinary Dualism,10-05-2016,3432,1
4331,MQQYPUOIL2GSA4Z0,AUX1N131T5HU04FF,Ordinary Dualism,10-06-2014,6857,0
4332,ZVKSSP3BV2D0J6PK,AUX1N131T5HU04FF,Ordinary Dualism,28-09-2018,1431,0
4333,O27L7H0ZPYTGMS0P,AUX1N131T5HU04FF,Ordinary Dualism,31-10-2015,626,0
4334,KC0CFPYIGPI515RS,AUX1N131T5HU04FF,Ordinary Dualism,19-09-2017,4288,0
4335,IW2883VU6RC0M1U7,AUX1N131T5HU04FF,Ordinary Dualism,14-03-2016,6452,0
4336,JSZASN1YAJ98VNYY,6X1HO8LPXAQRF5DX,Per-Year Hesitancy,27-01-2016,7240,0
4337,H85T9TEIFP9TOP9A,6X1HO8LPXAQRF5DX,Per-Year Hesitancy,01-05-2015,8360,1
4338,PQFDJNNYUVVK511J,6X1HO8LPXAQRF5DX,Per-Year Hesitancy,16-11-2014,2193,0
4339,HGDOHSU32NCIGJ5L,6X1HO8LPXAQRF5DX,Per-Year Hesitancy,26-04-2015,1923,0
4340,KT5JV1VWYSLRP8HH,6X1HO8LPXAQRF5DX,Per-Year Hesitancy,22-09-2016,4520,0
4341,RWCRT6L9597BLDSL,6X1HO8LPXAQRF5DX,Per-Year Hesitancy,11-09-2014,4930,0
4342,CJPCQHCTY022Q6CZ,6X1HO8LPXAQRF5DX,Per-Year Hesitancy,11-09-2015,7173,0
4343,IQTILFU465ZVE7WP,6X1HO8LPXAQRF5DX,Per-Year Hesitancy,15-04-2015,1514,0
4344,UDPF8ARUM6QPFD1F,6X1HO8LPXAQRF5DX,Per-Year Hesitancy,30-10-2016,1797,0
4345,H99TP9CXAAYBQKJH,6X1HO8LPXAQRF5DX,Per-Year Hesitancy,07-03-2017,8594,1
4346,QA39UDT8POWLUP8U,6X1HO8LPXAQRF5DX,Per-Year Hesitancy,04-09-2016,2946,0
4347,PNS7J1YVU740WMRZ,6X1HO8LPXAQRF5DX,Per-Year Hesitancy,14-01-2014,6008,0
4348,VFIEUY7860ZZV7J3,6X1HO8LPXAQRF5DX,Per-Year Hesitancy,16-12-2016,486,0
4349,V8MW8LVD9H4904VJ,6X1HO8LPXAQRF5DX,Per-Year Hesitancy,10-06-2015,9014,0
4350,GYKUHF9RAV47IDW2,6X1HO8LPXAQRF5DX,Per-Year Hesitancy,06-05-2014,909,0
4351,OTA9NSXXTNZKYVLE,6X1HO8LPXAQRF5DX,Per-Year Hesitancy,22-06-2017,2232,1
4352,TQV8WI3YDN92SDWR,6X1HO8LPXAQRF5DX,Per-Year Hesitancy,08-06-2016,3123,0
4353,FO4FUP17UVBFN97F,6X1HO8LPXAQRF5DX,Per-Year Hesitancy,18-02-2018,2605,0
4354,9OPR5Q4R0UH5ZJK9,6X1HO8LPXAQRF5DX,Per-Year Hesitancy,11-11-2016,6326,1
4355,FTX3NUC37D9WW633,6X1HO8LPXAQRF5DX,Per-Year Hesitancy,22-07-2015,4871,0
4356,W4APPP8WE1VEIRX8,6X1HO8LPXAQRF5DX,Per-Year Hesitancy,21-04-2014,7676,0
4357,TNMHEU6BZCAD4XDV,6X1HO8LPXAQRF5DX,Per-Year Hesitancy,21-09-2017,7002,0
4358,4ROP7NKVQEPHNTPO,6X1HO8LPXAQRF5DX,Per-Year Hesitancy,20-03-2017,8241,0
4359,OZUY1QYDSGI92ZVG,OME9SMQHH5DYOIE6,Torrid Kava,05-06-2018,4649,1
4360,OBKCHESCRRE5P4Y7,OME9SMQHH5DYOIE6,Torrid Kava,05-05-2014,7122,1
4361,WQJS2QPX6X476EN5,OME9SMQHH5DYOIE6,Torrid Kava,09-06-2016,8496,0
4362,WQUMXZNQMC4LWJFF,OME9SMQHH5DYOIE6,Torrid Kava,15-09-2018,9079,0
4363,ILQ896V59X3HXRTB,OME9SMQHH5DYOIE6,Torrid Kava,06-09-2018,7015,0
4364,NC5NQ4YVN3WD8SB0,OME9SMQHH5DYOIE6,Torrid Kava,08-08-2015,9228,1
4365,6NYGBB849KNOZ5ZE,OME9SMQHH5DYOIE6,Torrid Kava,23-01-2015,6030,0
4366,RC0UVG6BZF4M9TAO,OME9SMQHH5DYOIE6,Torrid Kava,20-07-2018,3214,0
4367,VD8HGFTLIRH0IYOP,OME9SMQHH5DYOIE6,Torrid Kava,19-10-2015,3942,0
4368,YGYCORBJZLIKP239,OME9SMQHH5DYOIE6,Torrid Kava,24-05-2017,2229,1
4369,RG7WXG3NUHAF5KR4,OME9SMQHH5DYOIE6,Torrid Kava,16-03-2016,3919,0
4370,ATRTHTUW8BT0FYFP,OME9SMQHH5DYOIE6,Torrid Kava,24-03-2016,2993,0
4371,MLB8QGB00QSXXBBG,OME9SMQHH5DYOIE6,Torrid Kava,21-12-2018,5482,1
4372,1X23MFJE6WKBEO7Q,OME9SMQHH5DYOIE6,Torrid Kava,23-06-2016,2008,0
4373,MBDQ5PSY3FHSIMDI,OME9SMQHH5DYOIE6,Torrid Kava,26-01-2014,8057,0
4374,YCQQPXSIFGW34454,OME9SMQHH5DYOIE6,Torrid Kava,18-01-2014,502,0
4375,JYWJKSXA3IUHCA9M,OME9SMQHH5DYOIE6,Torrid Kava,28-10-2015,1199,0
4376,GSC9O6PPUFJ1VW7N,OME9SMQHH5DYOIE6,Torrid Kava,22-05-2018,4286,1
4377,IMYBPCI9C3Z9N8CV,OME9SMQHH5DYOIE6,Torrid Kava,01-05-2016,1269,0
4378,2QOJPQA78K6SAT4A,OME9SMQHH5DYOIE6,Torrid Kava,31-07-2014,1995,0
4379,D5NUHG8XDW5DG6F3,OME9SMQHH5DYOIE6,Torrid Kava,25-11-2014,7142,1
4380,TSK3XG4G09CG1W2M,OME9SMQHH5DYOIE6,Torrid Kava,06-06-2017,6701,0
4381,LHV1O13P57153Y9T,MOSJJDLM4JFZC9DG,Well-Oriented Rachel'S,13-11-2016,1625,0
4382,6X0O6FFNQM52VQQD,MOSJJDLM4JFZC9DG,Well-Oriented Rachel'S,08-02-2015,4234,0
4383,812E5PRBBWQAV9RM,MOSJJDLM4JFZC9DG,Well-Oriented Rachel'S,30-05-2016,7940,0
4384,MUE2OPC7ZMGSXGON,MOSJJDLM4JFZC9DG,Well-Oriented Rachel'S,20-10-2014,7755,0
4385,BNKC94285NYQEWO7,MOSJJDLM4JFZC9DG,Well-Oriented Rachel'S,29-06-2014,970,0
4386,TN70P2QPJ9LR02I3,MOSJJDLM4JFZC9DG,Well-Oriented Rachel'S,22-05-2016,2888,0
4387,2BBC5L04QTUTXYIV,MOSJJDLM4JFZC9DG,Well-Oriented Rachel'S,08-09-2014,5070,0
4388,LST5C2VZ9L6IEZNW,MOSJJDLM4JFZC9DG,Well-Oriented Rachel'S,22-07-2017,1021,0
4389,BI2TESFITCUQWWU9,MOSJJDLM4JFZC9DG,Well-Oriented Rachel'S,18-08-2017,3476,0
4390,R076H7GF7PSP75OO,MOSJJDLM4JFZC9DG,Well-Oriented Rachel'S,21-01-2014,4853,0
4391,1UDPAJ01Z6OLI12O,MOSJJDLM4JFZC9DG,Well-Oriented Rachel'S,20-06-2014,780,1
4392,AGAZEO8W3200NRCP,MOSJJDLM4JFZC9DG,Well-Oriented Rachel'S,12-09-2014,3634,0
4393,0SXL8P6OXHTTMH8B,MOSJJDLM4JFZC9DG,Well-Oriented Rachel'S,03-07-2018,7761,0
4394,N4V8OVW0KLSSDJGR,MOSJJDLM4JFZC9DG,Well-Oriented Rachel'S,30-06-2014,9740,0
4395,KHO3CXJP47Z506CC,MOSJJDLM4JFZC9DG,Well-Oriented Rachel'S,19-03-2016,1638,0
4396,UAC5VTA6XDXUI9PB,MOSJJDLM4JFZC9DG,Well-Oriented Rachel'S,29-08-2016,5247,0
4397,ZBXTOTKH8LO7ZKQF,MOSJJDLM4JFZC9DG,Well-Oriented Rachel'S,25-01-2018,871,0
4398,50ER8TN5GTQFWX9X,MOSJJDLM4JFZC9DG,Well-Oriented Rachel'S,23-04-2015,6273,0
4399,73EIZCTVM9GM3O6C,MOSJJDLM4JFZC9DG,Well-Oriented Rachel'S,19-10-2018,2432,0
4400,3HJGCKHB112PNG4H,MOSJJDLM4JFZC9DG,Well-Oriented Rachel'S,11-09-2014,4635,0
4401,4ALL92BLEWG062HN,MOSJJDLM4JFZC9DG,Well-Oriented Rachel'S,09-10-2017,703,1
4402,FEW4LA780G2ASBPG,MOSJJDLM4JFZC9DG,Well-Oriented Rachel'S,12-10-2018,5595,0
4403,GM67Z49ELNPPD6AK,MOSJJDLM4JFZC9DG,Well-Oriented Rachel'S,28-10-2014,6697,1
4404,CMJS0HX1C1D45J5I,MOSJJDLM4JFZC9DG,Well-Oriented Rachel'S,15-06-2018,5199,1
4405,O57O3IBO868DORYY,BXBW1U6K9FBKW4Y5,Juicy Sophisticates,13-12-2015,8596,0
4406,WL2O62KOMULCRTAI,BXBW1U6K9FBKW4Y5,Juicy Sophisticates,19-08-2016,6150,0
4407,5HB885VK5YU5WWE3,BXBW1U6K9FBKW4Y5,Juicy Sophisticates,18-11-2018,6143,0
4408,FC01DK65R302VJR1,BXBW1U6K9FBKW4Y5,Juicy Sophisticates,20-04-2018,4596,0
4409,G71WKFIMMP3QPG50,BXBW1U6K9FBKW4Y5,Juicy Sophisticates,11-07-2016,1293,0
4410,5GPE1AV5FQUE7M35,BXBW1U6K9FBKW4Y5,Juicy Sophisticates,28-12-2017,1727,0
4411,GZS8HRNVJDITLHVB,BXBW1U6K9FBKW4Y5,Juicy Sophisticates,14-08-2014,9886,0
4412,KRD98CCRDRDYSODA,BXBW1U6K9FBKW4Y5,Juicy Sophisticates,18-05-2018,6568,0
4413,KZO6UES72SELSINS,BXBW1U6K9FBKW4Y5,Juicy Sophisticates,13-08-2014,8550,1
4414,IF9J5AM7PW6IJ282,BXBW1U6K9FBKW4Y5,Juicy Sophisticates,31-03-2016,7826,0
4415,S3HEB4ZS7YDOLSQ8,BXBW1U6K9FBKW4Y5,Juicy Sophisticates,02-01-2016,645,0
4416,HOPG2R7IKRIX74D3,BXBW1U6K9FBKW4Y5,Juicy Sophisticates,16-04-2018,3010,0
4417,F2I04RUFEHR90XG0,BXBW1U6K9FBKW4Y5,Juicy Sophisticates,13-12-2016,9856,0
4418,29BY1AGPU887M2EX,BXBW1U6K9FBKW4Y5,Juicy Sophisticates,01-03-2018,6155,0
4419,BLUTP5CGAFBOF75A,BXBW1U6K9FBKW4Y5,Juicy Sophisticates,09-06-2018,7586,0
4420,SHORFENB6L61GAND,BXBW1U6K9FBKW4Y5,Juicy Sophisticates,02-08-2017,8039,0
4421,DFMJYPABR08Q9V8Z,BXBW1U6K9FBKW4Y5,Juicy Sophisticates,13-02-2015,6241,0
4422,FFHNQ2REA50DZU3Q,BXBW1U6K9FBKW4Y5,Juicy Sophisticates,14-09-2018,9115,0
4423,7HJUGET60XUJBNIV,BXBW1U6K9FBKW4Y5,Juicy Sophisticates,03-07-2018,8251,0
4424,V9IL2740DCKVCG7I,BXBW1U6K9FBKW4Y5,Juicy Sophisticates,05-12-2015,2749,0
4425,N7CD0035U1MKDU43,59GNOCL8N79S2HGD,Wider Airline,24-07-2017,6121,1
4426,VGZ3AUT2F05BWKDO,59GNOCL8N79S2HGD,Wider Airline,16-05-2017,5498,1
4427,81L3DCMSY29XGF2Y,59GNOCL8N79S2HGD,Wider Airline,10-09-2015,4878,0
4428,VGCHQK3ELR11A3Z7,59GNOCL8N79S2HGD,Wider Airline,16-08-2018,5166,0
4429,DCXV4NLBNA1AFZFM,59GNOCL8N79S2HGD,Wider Airline,24-10-2015,7994,0
4430,AZ04BHWRYXO13AT4,59GNOCL8N79S2HGD,Wider Airline,14-03-2018,8565,0
4431,A7E93J74FZ051PD0,59GNOCL8N79S2HGD,Wider Airline,08-11-2017,7019,0
4432,SMAK3QQH7L8CAW4L,59GNOCL8N79S2HGD,Wider Airline,07-10-2014,4007,0
4433,LGKJWB1MPS18P1YI,59GNOCL8N79S2HGD,Wider Airline,21-11-2018,3489,0
4434,LAJXKPANJ9WH1DLL,59GNOCL8N79S2HGD,Wider Airline,25-08-2016,279,0
4435,8TTBONT9N2F09QY2,59GNOCL8N79S2HGD,Wider Airline,03-03-2018,8210,0
4436,GAHAAKT4OAPWKBGN,59GNOCL8N79S2HGD,Wider Airline,16-11-2014,751,0
4437,85BBW7LLWUA9JYQ5,59GNOCL8N79S2HGD,Wider Airline,07-02-2016,2858,0
4438,ATJAQ5E3UFC7GCJU,59GNOCL8N79S2HGD,Wider Airline,09-04-2018,8784,0
4439,M30G8D2BODW6NAYG,A151R2MWWFPCIP7T,Fade-In Adair,28-08-2014,8348,0
4440,3NXK9CWIE71PB30R,A151R2MWWFPCIP7T,Fade-In Adair,16-08-2018,7296,0
4441,WXTLRDWU52LL29L1,A151R2MWWFPCIP7T,Fade-In Adair,07-01-2017,4749,0
4442,FJJJZX4H1JJFTNTZ,A151R2MWWFPCIP7T,Fade-In Adair,16-03-2018,4667,0
4443,EHAFUJFASJRU5CFC,A151R2MWWFPCIP7T,Fade-In Adair,16-09-2015,6897,0
4444,RH556YOJQI8BVDRN,A151R2MWWFPCIP7T,Fade-In Adair,12-06-2018,829,0
4445,L1T0WMTI9DEXUD88,A151R2MWWFPCIP7T,Fade-In Adair,10-12-2018,8924,0
4446,I4JXU2JQO5CJ4BKV,A151R2MWWFPCIP7T,Fade-In Adair,25-10-2018,9271,0
4447,FRLK8R6NOEKE4VSK,A151R2MWWFPCIP7T,Fade-In Adair,22-09-2018,4967,0
4448,7PGEATZQSXQNJ2P8,A151R2MWWFPCIP7T,Fade-In Adair,11-12-2018,7245,1
4449,QEUD2UR5Q88C6M2U,A151R2MWWFPCIP7T,Fade-In Adair,15-09-2015,6202,0
4450,62NM7RK5TKXDE1GQ,A151R2MWWFPCIP7T,Fade-In Adair,05-07-2015,210,0
4451,B0MTJHUPCGOXV0J3,A151R2MWWFPCIP7T,Fade-In Adair,23-03-2017,2519,0
4452,9AOZHV1PVTJOSABL,A151R2MWWFPCIP7T,Fade-In Adair,13-10-2015,2441,1
4453,NOQWQU0OASU9M7WA,A151R2MWWFPCIP7T,Fade-In Adair,28-10-2017,9187,1
4454,MTRQFV1BUXCRP5LI,A151R2MWWFPCIP7T,Fade-In Adair,31-07-2018,1707,0
4455,DNGEXS1KYEWOOCKW,G1ZE5X6YPK8LCHBU,Sturdy Bleats,16-02-2014,7810,0
4456,6OGVKG0M5M9FS5A3,G1ZE5X6YPK8LCHBU,Sturdy Bleats,23-07-2017,4950,0
4457,5CEGRTTPV401M9TP,G1ZE5X6YPK8LCHBU,Sturdy Bleats,19-11-2014,8248,1
4458,5XGYGW2YL25C10EM,G1ZE5X6YPK8LCHBU,Sturdy Bleats,17-12-2018,8531,0
4459,R027RH4DQSEII903,G1ZE5X6YPK8LCHBU,Sturdy Bleats,24-05-2018,5384,1
4460,H9ZAGGRD7N0PZXKE,G1ZE5X6YPK8LCHBU,Sturdy Bleats,28-07-2014,825,1
4461,BECAC7NJK273FS00,G1ZE5X6YPK8LCHBU,Sturdy Bleats,09-07-2017,1090,0
4462,C4RTEENCS4Q9YZRH,G1ZE5X6YPK8LCHBU,Sturdy Bleats,05-06-2017,2349,0
4463,UPG6JNEECJB6WRYO,G1ZE5X6YPK8LCHBU,Sturdy Bleats,08-02-2018,7696,0
4464,VI62NL7PBNI9QLYJ,G1ZE5X6YPK8LCHBU,Sturdy Bleats,16-12-2014,4099,0
4465,K00E0XYDIREYZ4QO,G1ZE5X6YPK8LCHBU,Sturdy Bleats,27-02-2017,8754,0
4466,Q59HVM8O2R4RD2SY,G1ZE5X6YPK8LCHBU,Sturdy Bleats,10-07-2016,5127,1
4467,X2M52LYYBISDDFLJ,G1ZE5X6YPK8LCHBU,Sturdy Bleats,21-10-2014,301,0
4468,MQO0D24JKHOTRKMV,G1ZE5X6YPK8LCHBU,Sturdy Bleats,30-01-2016,2165,0
4469,3RCUUDBTWDTNLRN3,G1ZE5X6YPK8LCHBU,Sturdy Bleats,27-07-2015,8397,0
4470,S2LRP1J1DGLIMNPO,G1ZE5X6YPK8LCHBU,Sturdy Bleats,23-10-2014,4463,0
4471,S6CVSJWDLYSHSRTF,G1ZE5X6YPK8LCHBU,Sturdy Bleats,21-03-2017,9421,0
4472,1DBDMYO3N2CZLSKU,G1ZE5X6YPK8LCHBU,Sturdy Bleats,29-06-2015,1332,1
4473,BB1D8BN0UTWEVFZD,G1ZE5X6YPK8LCHBU,Sturdy Bleats,03-07-2015,3355,1
4474,E9PCXTDHCX3D1V0V,G1ZE5X6YPK8LCHBU,Sturdy Bleats,23-04-2018,9060,0
4475,27MUDQX7Y5872W0L,3RGK4ZITKH0AP3OF,Sandwich-Type Applicant,26-10-2017,3551,0
4476,8UFOKV61OOJ4M0BK,3RGK4ZITKH0AP3OF,Sandwich-Type Applicant,08-01-2014,5116,0
4477,U878K13P9XEPMQY6,3RGK4ZITKH0AP3OF,Sandwich-Type Applicant,22-07-2018,1049,0
4478,204DSNGVRXDT0P86,3RGK4ZITKH0AP3OF,Sandwich-Type Applicant,04-10-2014,9224,0
4479,DJCKXH8Q00FGMZK0,3RGK4ZITKH0AP3OF,Sandwich-Type Applicant,14-04-2015,5788,1
4480,GM8VJKEJVXLGKCBC,3RGK4ZITKH0AP3OF,Sandwich-Type Applicant,26-03-2015,3329,0
4481,44HAHWKOBG5BLDP7,3RGK4ZITKH0AP3OF,Sandwich-Type Applicant,19-01-2017,7518,0
4482,NUA5KMN8XM58P60G,3RGK4ZITKH0AP3OF,Sandwich-Type Applicant,29-02-2016,9553,0
4483,LT6108NNK3IFSX4F,3RGK4ZITKH0AP3OF,Sandwich-Type Applicant,09-01-2018,8858,0
4484,FCUQQN4D4T00RMZU,3RGK4ZITKH0AP3OF,Sandwich-Type Applicant,12-08-2015,4050,0
4485,QCE5AM5PEIVDJY7L,3RGK4ZITKH0AP3OF,Sandwich-Type Applicant,08-08-2015,3854,0
4486,Z6TLUQTFZ4V83ZQ7,3RGK4ZITKH0AP3OF,Sandwich-Type Applicant,12-06-2015,3045,1
4487,7C8VSX1QT28J88TE,3RGK4ZITKH0AP3OF,Sandwich-Type Applicant,30-04-2016,5930,0
4488,CR2VYUKCHRVJUQAB,3RGK4ZITKH0AP3OF,Sandwich-Type Applicant,02-04-2016,5701,0
4489,AQCDMFCG0MWO9R6H,3RGK4ZITKH0AP3OF,Sandwich-Type Applicant,02-07-2015,6694,0
4490,01X7Q00ECY9W51HV,3RGK4ZITKH0AP3OF,Sandwich-Type Applicant,15-04-2014,3838,0
4491,4FTHZM6XPHBN7BK0,KEKEYRE7DZSZVCLF,Stuart-Family Method,23-03-2016,5435,0
4492,0L4BIVWKVONO82CM,KEKEYRE7DZSZVCLF,Stuart-Family Method,06-03-2016,318,0
4493,YQPQKE9Q0KD0NOMQ,KEKEYRE7DZSZVCLF,Stuart-Family Method,22-02-2015,1792,1
4494,S24B9MHUR5J513LW,KEKEYRE7DZSZVCLF,Stuart-Family Method,28-10-2018,7947,0
4495,M0BHKH5ZL0Z6TNMB,KEKEYRE7DZSZVCLF,Stuart-Family Method,17-09-2018,1010,0
4496,Y568EM6PE3VK2D8I,KEKEYRE7DZSZVCLF,Stuart-Family Method,22-03-2017,7616,0
4497,604L7I5M8D6SSEWH,KEKEYRE7DZSZVCLF,Stuart-Family Method,05-04-2018,6572,1
4498,V48ULN8YKZRH4AEK,KEKEYRE7DZSZVCLF,Stuart-Family Method,18-09-2018,724,0
4499,U0EV6VH2PDOG2TI2,KEKEYRE7DZSZVCLF,Stuart-Family Method,11-07-2014,6675,0
4500,G9HBY7GDKCQJQABX,KEKEYRE7DZSZVCLF,Stuart-Family Method,26-01-2015,7162,0
4501,7N77EVJPMKZ2KJXI,KEKEYRE7DZSZVCLF,Stuart-Family Method,14-07-2015,9674,1
4502,NTY0G9SCPI9D7DN2,KEKEYRE7DZSZVCLF,Stuart-Family Method,23-04-2016,6542,0
4503,8AI3P6MLFNCSEB4S,KEKEYRE7DZSZVCLF,Stuart-Family Method,19-02-2017,6220,0
4504,D6CDQPAKIED81AIE,KEKEYRE7DZSZVCLF,Stuart-Family Method,06-04-2018,6653,0
4505,R21Q2SDBZHQ4AU1B,KEKEYRE7DZSZVCLF,Stuart-Family Method,14-05-2015,888,0
4506,FPQUNNWFSDA6R2EL,KEKEYRE7DZSZVCLF,Stuart-Family Method,18-03-2018,9564,0
4507,L96BM8OMLJ4Z07PD,KEKEYRE7DZSZVCLF,Stuart-Family Method,14-12-2015,9311,0
4508,O2PJJIR22CY93CWG,KEKEYRE7DZSZVCLF,Stuart-Family Method,28-08-2015,1588,0
4509,ARGSSCKLWBS1D2VM,KEKEYRE7DZSZVCLF,Stuart-Family Method,21-09-2018,8652,0
4510,IRBQSIP11FPHJT8W,KEKEYRE7DZSZVCLF,Stuart-Family Method,15-05-2016,4871,1
4511,0V8Z2A4SV70RWPMS,YHYN9BSCAY1MO6EV,Creative Arundel,09-08-2018,3482,1
4512,C0NHNDY0ILTZJ5DS,YHYN9BSCAY1MO6EV,Creative Arundel,25-01-2016,108,0
4513,UWW4FVHCEOIDKJQQ,YHYN9BSCAY1MO6EV,Creative Arundel,27-11-2017,4905,0
4514,FZFAGDMO22QPAW0U,YHYN9BSCAY1MO6EV,Creative Arundel,01-12-2014,2041,0
4515,GMT7JCWPW65NZJ4E,YHYN9BSCAY1MO6EV,Creative Arundel,18-06-2016,4945,0
4516,O54UO95N7K0R9DAT,YHYN9BSCAY1MO6EV,Creative Arundel,02-03-2016,1300,0
4517,I02ZRM846ISKSCG2,YHYN9BSCAY1MO6EV,Creative Arundel,01-08-2018,1726,0
4518,48QPPPV7AV9MTE1J,YHYN9BSCAY1MO6EV,Creative Arundel,06-05-2018,7761,0
4519,XMXR4GIPCHE441IP,YHYN9BSCAY1MO6EV,Creative Arundel,02-11-2017,3239,0
4520,C93A2R2HSRBMV6GS,YHYN9BSCAY1MO6EV,Creative Arundel,21-10-2018,2905,0
4521,SLJL0KG16SKFGQYE,YHYN9BSCAY1MO6EV,Creative Arundel,19-02-2016,3322,0
4522,8MG92UJ5ZAC4MV05,YHYN9BSCAY1MO6EV,Creative Arundel,08-07-2014,3009,0
4523,VM6869PKV0KOOXMH,YHYN9BSCAY1MO6EV,Creative Arundel,03-02-2015,602,0
4524,BJPGHX5DDWD6UPSG,YHYN9BSCAY1MO6EV,Creative Arundel,23-08-2015,777,0
4525,R48VNNWEGFHPMEGM,YHYN9BSCAY1MO6EV,Creative Arundel,04-04-2017,4789,0
4526,RW9T8N3C770DD571,YHYN9BSCAY1MO6EV,Creative Arundel,09-09-2017,4977,0
4527,RBHPVGBKEL3PU0EG,YHYN9BSCAY1MO6EV,Creative Arundel,10-12-2018,4446,0
4528,8428NOHCE7LZUG8Q,5QFJ41AGE34Z5H49,Philco-Sponsored Malta,12-09-2015,2310,0
4529,M6OD20V4N21DKSH0,5QFJ41AGE34Z5H49,Philco-Sponsored Malta,05-05-2016,4459,0
4530,V618584WH2T398G4,5QFJ41AGE34Z5H49,Philco-Sponsored Malta,29-09-2018,2469,0
4531,MF9T0845WOG8RFPR,5QFJ41AGE34Z5H49,Philco-Sponsored Malta,09-11-2018,2543,0
4532,HUE10G2LVI1995R3,5QFJ41AGE34Z5H49,Philco-Sponsored Malta,29-04-2017,8309,0
4533,VAEB2KB2LBRY6WM5,5QFJ41AGE34Z5H49,Philco-Sponsored Malta,29-08-2018,5349,0
4534,09KK6L53L00WNP3N,5QFJ41AGE34Z5H49,Philco-Sponsored Malta,15-05-2015,6743,0
4535,308GX3ST38HBIPL5,5QFJ41AGE34Z5H49,Philco-Sponsored Malta,11-11-2017,1543,0
4536,SFDSZMKPO1KZDNEE,5QFJ41AGE34Z5H49,Philco-Sponsored Malta,05-07-2016,3690,0
4537,BRJU6O2SGLJX1K4L,5QFJ41AGE34Z5H49,Philco-Sponsored Malta,30-04-2017,8937,0
4538,SQFBUE1ZDJJGJI50,5QFJ41AGE34Z5H49,Philco-Sponsored Malta,05-06-2017,5278,0
4539,137Y9O80B8MGXIXU,5QFJ41AGE34Z5H49,Philco-Sponsored Malta,21-04-2017,7478,0
4540,KM5UJZEYCDARMGHO,5QFJ41AGE34Z5H49,Philco-Sponsored Malta,15-04-2018,9337,0
4541,B5SGCM1BRKXGPXHI,5QFJ41AGE34Z5H49,Philco-Sponsored Malta,18-12-2015,1460,0
4542,KZ5M2USA6H0645VI,5QFJ41AGE34Z5H49,Philco-Sponsored Malta,30-12-2015,5144,0
4543,KKCNLVKDYBVF4TK8,5QFJ41AGE34Z5H49,Philco-Sponsored Malta,03-12-2016,6179,0
4544,ARY5KY9RPRLY7JIC,5QFJ41AGE34Z5H49,Philco-Sponsored Malta,18-09-2014,2870,0
4545,5JT6EMLL03YGFCIY,5QFJ41AGE34Z5H49,Philco-Sponsored Malta,18-11-2018,270,0
4546,CMXKM67TBIFA3OC3,5QFJ41AGE34Z5H49,Philco-Sponsored Malta,08-12-2016,1977,0
4547,S6XV7Z9F7FV0HR4S,5QFJ41AGE34Z5H49,Philco-Sponsored Malta,25-03-2014,2228,1
4548,P8534LTUK2PD2SCD,5QFJ41AGE34Z5H49,Philco-Sponsored Malta,13-05-2016,9581,0
4549,FE7HCNTD44JNBW20,2S2Q07VHYEVGFZTE,Calorimetric Pizzicato,09-12-2017,5301,0
4550,NQF3E3H6STCB90U5,2S2Q07VHYEVGFZTE,Calorimetric Pizzicato,15-11-2018,1517,1
4551,0MZ92CQJ57ZPU0AE,2S2Q07VHYEVGFZTE,Calorimetric Pizzicato,22-06-2015,583,0
4552,VMWG6M2SI35WOFT2,2S2Q07VHYEVGFZTE,Calorimetric Pizzicato,25-12-2014,7539,0
4553,EA16571LJBQGKZBF,2S2Q07VHYEVGFZTE,Calorimetric Pizzicato,02-02-2018,8973,0
4554,7Z86Q2VY6BV5YAIY,2S2Q07VHYEVGFZTE,Calorimetric Pizzicato,30-10-2017,8271,1
4555,7CZ9XZFS44PAJOPH,2S2Q07VHYEVGFZTE,Calorimetric Pizzicato,20-08-2015,2255,0
4556,2H97JNKJIHNIR17A,2S2Q07VHYEVGFZTE,Calorimetric Pizzicato,04-11-2018,1486,0
4557,1J5AERYRC9U5OMSV,2S2Q07VHYEVGFZTE,Calorimetric Pizzicato,09-09-2017,3934,1
4558,OZ9HA5F9NWZG70ED,2S2Q07VHYEVGFZTE,Calorimetric Pizzicato,05-12-2016,5679,0
4559,LPOGRV9TY7HNULZ5,2S2Q07VHYEVGFZTE,Calorimetric Pizzicato,22-11-2017,7834,0
4560,5BBYJIBMPA2UZ5B3,2S2Q07VHYEVGFZTE,Calorimetric Pizzicato,12-10-2015,8537,0
4561,ME4SLAM0L3L21HWV,2S2Q07VHYEVGFZTE,Calorimetric Pizzicato,05-10-2016,4611,0
4562,PD04TV9F420YEEQ3,2S2Q07VHYEVGFZTE,Calorimetric Pizzicato,27-11-2016,3208,0
4563,VQRCD6T6F8SGJ0NU,2S2Q07VHYEVGFZTE,Calorimetric Pizzicato,18-03-2018,5584,0
4564,TXM0RUS2NOBQ8GAK,2S2Q07VHYEVGFZTE,Calorimetric Pizzicato,28-11-2014,4474,0
4565,CTFGK3WP128Y1MWI,2S2Q07VHYEVGFZTE,Calorimetric Pizzicato,21-01-2015,4353,0
4566,DZIG76IBR0U89Y4G,2S2Q07VHYEVGFZTE,Calorimetric Pizzicato,05-01-2014,1577,0
4567,C6J7SSFU0GRXMRRD,2S2Q07VHYEVGFZTE,Calorimetric Pizzicato,04-04-2015,297,0
4568,FR0B0GTT5A8MJZV9,2S2Q07VHYEVGFZTE,Calorimetric Pizzicato,09-07-2016,6901,0
4569,6NFC2CRRRI7WV85Q,2S2Q07VHYEVGFZTE,Calorimetric Pizzicato,19-02-2018,8150,0
4570,G6Y5S7D94045XBRJ,2S2Q07VHYEVGFZTE,Calorimetric Pizzicato,16-02-2016,4881,0
4571,VP1SRVEQEUUPYDX5,2S2Q07VHYEVGFZTE,Calorimetric Pizzicato,11-02-2017,2772,0
4572,YOEJ4NR7US1MUXGO,C7E10JWI7ECZSOQM,Precautionary Bedlam,28-05-2018,6709,0
4573,D2FWBKE5AF37PAUR,C7E10JWI7ECZSOQM,Precautionary Bedlam,01-04-2017,1116,0
4574,QA3NSLKFSPQ3PGQ6,C7E10JWI7ECZSOQM,Precautionary Bedlam,08-09-2018,8559,0
4575,G9R1269TV7ZPFOWO,C7E10JWI7ECZSOQM,Precautionary Bedlam,24-06-2017,574,1
4576,DH0H95B0VEUD0W6M,C7E10JWI7ECZSOQM,Precautionary Bedlam,16-12-2014,6526,1
4577,ZS3591XNVT9M1LPT,C7E10JWI7ECZSOQM,Precautionary Bedlam,20-04-2018,4259,0
4578,NWD98L130NB2B7HI,C7E10JWI7ECZSOQM,Precautionary Bedlam,10-06-2015,1325,1
4579,ANTKMCRTKTFQNXXD,C7E10JWI7ECZSOQM,Precautionary Bedlam,21-02-2014,3646,0
4580,AASPUFYZF0SL6SHM,C7E10JWI7ECZSOQM,Precautionary Bedlam,30-01-2018,4778,0
4581,Q6I0XYHR7DQN0AB7,C7E10JWI7ECZSOQM,Precautionary Bedlam,19-03-2015,8649,0
4582,IAI7QPL72D2LPHUC,C7E10JWI7ECZSOQM,Precautionary Bedlam,25-11-2014,442,0
4583,J2LU9GWH0CNC8BCG,C7E10JWI7ECZSOQM,Precautionary Bedlam,23-08-2018,4609,0
4584,ZSK6KAGRXA32VMD0,3LKDUFEM9C18NZU5,White Daggerman,04-12-2014,1555,0
4585,JC4QHP0EFNY68SGG,3LKDUFEM9C18NZU5,White Daggerman,12-03-2014,1973,0
4586,IC2S7N8DS5V7HWRR,3LKDUFEM9C18NZU5,White Daggerman,01-05-2017,3834,0
4587,LUBPYVW7VT6VY1B4,3LKDUFEM9C18NZU5,White Daggerman,15-01-2018,3809,0
4588,LOBEUYXUHRL3WVYC,3LKDUFEM9C18NZU5,White Daggerman,24-03-2015,1169,0
4589,47928JFUPWGUYLLQ,3LKDUFEM9C18NZU5,White Daggerman,31-07-2016,4708,0
4590,BCAFKPPKDI9AF1OV,3LKDUFEM9C18NZU5,White Daggerman,19-01-2017,7910,0
4591,PD1G579EELKUYCDZ,3LKDUFEM9C18NZU5,White Daggerman,11-11-2014,5927,0
4592,EFW2NG0BTULHM9RU,3LKDUFEM9C18NZU5,White Daggerman,12-12-2014,8329,0
4593,H3W56Q803Y6VBP1D,3LKDUFEM9C18NZU5,White Daggerman,10-06-2014,4081,0
4594,MRP3RPUQ92FEJER7,3LKDUFEM9C18NZU5,White Daggerman,01-05-2014,9123,0
4595,X6L8IH4HNUMXEL11,3LKDUFEM9C18NZU5,White Daggerman,12-03-2018,5008,0
4596,HNXUCMO4EZKDVLAU,3LKDUFEM9C18NZU5,White Daggerman,25-09-2015,9708,0
4597,5Z5PZHPQEHRI9BAH,3LKDUFEM9C18NZU5,White Daggerman,15-09-2016,5477,1
4598,A5U4LRD1C2TRE4BC,3LKDUFEM9C18NZU5,White Daggerman,18-08-2017,9324,0
4599,VDQCL5W4K88LFT36,3LKDUFEM9C18NZU5,White Daggerman,01-12-2015,4014,0
4600,4ZBGMVXRQV8RANCT,3LKDUFEM9C18NZU5,White Daggerman,23-05-2016,9416,0
4601,VT43JGLVJ3OS4OIH,3LKDUFEM9C18NZU5,White Daggerman,12-11-2014,4474,0
4602,0UQJ76SEJTW4T3VJ,3LKDUFEM9C18NZU5,White Daggerman,16-11-2018,3648,0
4603,J4W77N7E5GVR0VSL,3LKDUFEM9C18NZU5,White Daggerman,23-12-2018,4524,1
4604,VUOGAWQMU41B2S4O,3LKDUFEM9C18NZU5,White Daggerman,21-09-2016,7608,0
4605,P8CLMPN50DOEEPNS,Q7JNXKQMKYC52U25,Bestselling To-Day,26-12-2018,1298,0
4606,4ELFIFIP6ZIIDG3I,Q7JNXKQMKYC52U25,Bestselling To-Day,04-05-2017,9900,1
4607,YA1HRYSLU6ND6DYP,Q7JNXKQMKYC52U25,Bestselling To-Day,07-10-2014,8693,0
4608,YVBDQ7UYIRRI1TKJ,Q7JNXKQMKYC52U25,Bestselling To-Day,24-04-2016,9911,0
4609,1SRVF9AX0CAPE9GO,Q7JNXKQMKYC52U25,Bestselling To-Day,29-08-2014,5531,0
4610,FCJM8QPYZNWBBQGZ,Q7JNXKQMKYC52U25,Bestselling To-Day,27-02-2014,7686,1
4611,POMV0AL58HQE3GGL,Q7JNXKQMKYC52U25,Bestselling To-Day,27-10-2017,6367,0
4612,IP614EE3AHVEMWEJ,Q7JNXKQMKYC52U25,Bestselling To-Day,13-09-2014,8465,1
4613,EUL0N1LY4U41YLY9,Q7JNXKQMKYC52U25,Bestselling To-Day,31-03-2017,9386,0
4614,0M22A7M3VZO22HGW,Q7JNXKQMKYC52U25,Bestselling To-Day,28-07-2018,2483,0
4615,41JR2ZMDNKVYVE3P,Q7JNXKQMKYC52U25,Bestselling To-Day,04-03-2015,8498,0
4616,WEIL5R5M9YJ45RIW,Q7JNXKQMKYC52U25,Bestselling To-Day,16-04-2018,1476,0
4617,GJKUV2QMAQFQN8MG,Q7JNXKQMKYC52U25,Bestselling To-Day,03-01-2016,6563,1
4618,O3IKZL8GR441Q31L,Q7JNXKQMKYC52U25,Bestselling To-Day,19-01-2017,3386,0
4619,R86NUJNVYY5X9K77,Q7JNXKQMKYC52U25,Bestselling To-Day,15-01-2018,7162,0
4620,PACWXFQOB9AV21G1,Q7JNXKQMKYC52U25,Bestselling To-Day,30-05-2017,3563,0
4621,YXUUQIUYONS11RY8,Q7JNXKQMKYC52U25,Bestselling To-Day,20-01-2018,9413,0
4622,OKMV87J46O5VDDPR,Q7JNXKQMKYC52U25,Bestselling To-Day,17-04-2016,1359,0
4623,RMDQTR1AZ6F6QZ46,Q7JNXKQMKYC52U25,Bestselling To-Day,22-11-2016,2870,0
4624,2CH1TTO5EZ5WOQWB,Q7JNXKQMKYC52U25,Bestselling To-Day,04-01-2014,7515,0
4625,0WD3GJO9NJ89EK7P,7AOW20DYV13H9K8T,Probable G-P,25-07-2017,8247,1
4626,KDPNN0MB9GLVMZR5,7AOW20DYV13H9K8T,Probable G-P,01-01-2016,8857,0
4627,YVJB49NKPDVFP3F3,7AOW20DYV13H9K8T,Probable G-P,30-03-2017,7264,1
4628,MFFM2JB5NOVKHVMT,7AOW20DYV13H9K8T,Probable G-P,01-07-2014,6086,0
4629,1JCZY71I26NZP05I,7AOW20DYV13H9K8T,Probable G-P,26-12-2014,6707,1
4630,K2IPM1W2WYCG7AP9,7AOW20DYV13H9K8T,Probable G-P,23-05-2016,6204,1
4631,HTS6IK0TWF0CT2ZF,7AOW20DYV13H9K8T,Probable G-P,06-10-2016,3447,0
4632,WQ2RCKVF8FP7I0KX,7AOW20DYV13H9K8T,Probable G-P,30-09-2017,8565,0
4633,N4T7D06K9XFHAY1L,7AOW20DYV13H9K8T,Probable G-P,12-03-2017,3637,1
4634,IREG1D0JOA8VQELR,7AOW20DYV13H9K8T,Probable G-P,15-01-2014,1850,1
4635,HUKC9VC90I5WSBKV,7AOW20DYV13H9K8T,Probable G-P,12-02-2014,1707,0
4636,1FGJV9DQ0ID1MDL9,7AOW20DYV13H9K8T,Probable G-P,17-08-2014,8218,0
4637,UJ6Y62CH6FUCTAPO,7AOW20DYV13H9K8T,Probable G-P,30-05-2018,6018,0
4638,FMC6JCIS1TBQSICN,7AOW20DYV13H9K8T,Probable G-P,13-07-2018,1525,1
4639,8HNJSBTH9O25WYKU,DB13D95CVG75PGC7,Cranky Hubby,13-08-2015,8404,1
4640,QMXFLF8XP0YRPRV0,DB13D95CVG75PGC7,Cranky Hubby,18-05-2018,8377,1
4641,VCCQE1WAPPP63ET2,DB13D95CVG75PGC7,Cranky Hubby,21-06-2014,1233,1
4642,PWZPU7V7EYRZJRO4,DB13D95CVG75PGC7,Cranky Hubby,27-10-2014,2893,0
4643,WKU0GLZ7SJNX0PWV,DB13D95CVG75PGC7,Cranky Hubby,07-02-2014,4620,0
4644,S3EXOKXW6MN6BVF8,DB13D95CVG75PGC7,Cranky Hubby,03-04-2018,1553,0
4645,PSRXN4EPHCLJQ5GF,DB13D95CVG75PGC7,Cranky Hubby,03-03-2014,9856,0
4646,2TW0M6TO22T1CL87,DB13D95CVG75PGC7,Cranky Hubby,20-10-2018,8561,0
4647,FGG4YQL5Z0D0HXFV,DB13D95CVG75PGC7,Cranky Hubby,29-06-2016,591,1
4648,PGUND35DAZ2SMLLN,DB13D95CVG75PGC7,Cranky Hubby,30-07-2018,8412,0
4649,9MVJYOY9MBNWQIAM,DB13D95CVG75PGC7,Cranky Hubby,06-03-2015,3519,0
4650,1WFE5G4JH031M1GA,DB13D95CVG75PGC7,Cranky Hubby,31-07-2018,1191,0
4651,T16SFYR9VLHJE29Z,DB13D95CVG75PGC7,Cranky Hubby,02-02-2018,3147,0
4652,SG5QBJVQE5YJHXHO,DB13D95CVG75PGC7,Cranky Hubby,22-08-2016,8182,1
4653,AHQ8RU2W80HVVZNN,DB13D95CVG75PGC7,Cranky Hubby,20-07-2017,3974,0
4654,HZU18OXZYJ7HKQW4,HZT2Z4H3NBJ3FBDY,Seditious Sigmen,07-04-2014,5381,0
4655,P6RCJ3HJSZAGYBGC,HZT2Z4H3NBJ3FBDY,Seditious Sigmen,16-08-2014,3601,0
4656,1JQRXLA1VL7D3EPS,HZT2Z4H3NBJ3FBDY,Seditious Sigmen,23-06-2014,4631,0
4657,JOOH3NZI0NNQLY9W,HZT2Z4H3NBJ3FBDY,Seditious Sigmen,08-12-2018,6310,1
4658,OOS5X6AQAK5KMCUC,HZT2Z4H3NBJ3FBDY,Seditious Sigmen,06-01-2017,4713,0
4659,07QR2YSV7604KRCK,HZT2Z4H3NBJ3FBDY,Seditious Sigmen,15-05-2018,4956,0
4660,QZ8NQ9JKHU2IZO92,HZT2Z4H3NBJ3FBDY,Seditious Sigmen,05-12-2014,3875,0
4661,57QV0ITL1CA53SJ7,HZT2Z4H3NBJ3FBDY,Seditious Sigmen,26-07-2015,9223,1
4662,7VF0CC5RGW7CAC48,HZT2Z4H3NBJ3FBDY,Seditious Sigmen,07-03-2018,9739,0
4663,OCIAM7VZA7RH390T,HZT2Z4H3NBJ3FBDY,Seditious Sigmen,23-11-2016,1477,1
4664,9WU0VFWIPHD9SPTS,HZT2Z4H3NBJ3FBDY,Seditious Sigmen,03-03-2015,7774,1
4665,H6AZF2ACZDC3MJEA,HZT2Z4H3NBJ3FBDY,Seditious Sigmen,17-09-2014,4214,0
4666,XB52NRZT1EERK268,HZT2Z4H3NBJ3FBDY,Seditious Sigmen,13-12-2016,9463,0
4667,USR4RW24YMOX0LQP,HZT2Z4H3NBJ3FBDY,Seditious Sigmen,17-03-2017,9534,0
4668,JC3DHX6J7ERAZJVW,HZT2Z4H3NBJ3FBDY,Seditious Sigmen,01-09-2014,3060,0
4669,0HSOJGTN0IMQZH9X,HZT2Z4H3NBJ3FBDY,Seditious Sigmen,16-11-2014,3486,0
4670,8SH8PS7LXHBFNN2N,HZT2Z4H3NBJ3FBDY,Seditious Sigmen,21-03-2017,5693,0
4671,ASOA0AX9QJ442HIJ,HZT2Z4H3NBJ3FBDY,Seditious Sigmen,04-10-2017,4964,0
4672,Z56U1GWWK1F4SMLS,HZT2Z4H3NBJ3FBDY,Seditious Sigmen,30-04-2017,7910,0
4673,TEHW07DZCUNJICPL,HZT2Z4H3NBJ3FBDY,Seditious Sigmen,02-08-2015,4096,1
4674,ASKCKDIIOXOG2ZP0,HZT2Z4H3NBJ3FBDY,Seditious Sigmen,29-08-2016,5849,0
4675,7ESA5ZCIIPI1URF3,VMX948P23O0RMRSK,Fiendish R-Cape,16-06-2015,1950,0
4676,L3GUKN1Z7DJ3Q9QX,VMX948P23O0RMRSK,Fiendish R-Cape,22-05-2016,9751,0
4677,BD7R5GRPGRGJ1563,VMX948P23O0RMRSK,Fiendish R-Cape,30-05-2014,1153,0
4678,1TKQ8WQ4TM5DWX8B,VMX948P23O0RMRSK,Fiendish R-Cape,08-08-2017,4939,0
4679,3ZQPCF2ADFEKPT05,VMX948P23O0RMRSK,Fiendish R-Cape,05-09-2014,3663,1
4680,EFF2F5U040UCP431,VMX948P23O0RMRSK,Fiendish R-Cape,21-11-2017,413,0
4681,9ZZ9GD4BXAUOMZ8M,VMX948P23O0RMRSK,Fiendish R-Cape,21-02-2016,2811,0
4682,L2MR4ZD971DHBL01,VMX948P23O0RMRSK,Fiendish R-Cape,02-06-2014,5386,1
4683,CBPKN0P7UYOJPSA2,VMX948P23O0RMRSK,Fiendish R-Cape,24-09-2018,147,0
4684,AB6JXPXJS10LAROY,VMX948P23O0RMRSK,Fiendish R-Cape,31-03-2014,2890,0
4685,GZHW1SUFHCIY9ADA,VMX948P23O0RMRSK,Fiendish R-Cape,18-05-2015,8992,1
4686,LN3XPR8LXSK4ICHJ,VMX948P23O0RMRSK,Fiendish R-Cape,02-05-2018,4310,0
4687,MV8F5FP4TG4K0872,VMX948P23O0RMRSK,Fiendish R-Cape,09-07-2017,4122,0
4688,VRPH41DUPF86UUBF,VMX948P23O0RMRSK,Fiendish R-Cape,03-10-2016,140,0
4689,J7W9DDPK8Q34GEIW,VMX948P23O0RMRSK,Fiendish R-Cape,26-04-2017,976,0
4690,UC6BQRH6S6Z32A2D,VMX948P23O0RMRSK,Fiendish R-Cape,18-04-2015,8157,0
4691,8ZZRMGJSCKAQZI0C,VMX948P23O0RMRSK,Fiendish R-Cape,18-03-2016,2363,0
4692,MXO50VLWSD923LD2,VMX948P23O0RMRSK,Fiendish R-Cape,26-04-2014,3065,1
4693,Q50KMF0C2N883QLQ,VMX948P23O0RMRSK,Fiendish R-Cape,19-07-2016,3954,0
4694,QYZUR3WGG7199K4C,VMX948P23O0RMRSK,Fiendish R-Cape,14-03-2017,9047,0
4695,7UMRJF91PK20L4EP,VMX948P23O0RMRSK,Fiendish R-Cape,17-09-2016,630,1
4696,L7BJH7NBZFQQTV6U,TUWPS1DSY9AJ1QEK,Reddish Table,25-06-2017,6342,1
4697,NMDE6ZCOYUWNOTVV,TUWPS1DSY9AJ1QEK,Reddish Table,11-06-2015,9068,0
4698,HM257OFH9AIXV8AS,TUWPS1DSY9AJ1QEK,Reddish Table,27-11-2016,5527,0
4699,P6LWZO241L2G1DTC,TUWPS1DSY9AJ1QEK,Reddish Table,26-02-2015,9863,0
4700,6QCHWUM54JGXPOFQ,TUWPS1DSY9AJ1QEK,Reddish Table,16-11-2017,9389,0
4701,8CJSL9U6I6E3PZ0D,TUWPS1DSY9AJ1QEK,Reddish Table,20-02-2015,6949,0
4702,J720C8K5HRA8UKR2,TUWPS1DSY9AJ1QEK,Reddish Table,22-03-2018,9496,0
4703,9XP4Z88CWGX3WZOB,TUWPS1DSY9AJ1QEK,Reddish Table,15-05-2016,9909,1
4704,L7KDXFHTEL5I6RZ7,TUWPS1DSY9AJ1QEK,Reddish Table,14-09-2015,1278,0
4705,H3U7LDG6T85ARJ73,TUWPS1DSY9AJ1QEK,Reddish Table,05-11-2016,2575,0
4706,ARE85Q4S6TBA6A60,TUWPS1DSY9AJ1QEK,Reddish Table,15-03-2017,8020,0
4707,NE1B5QSQANMBRZXZ,TUWPS1DSY9AJ1QEK,Reddish Table,15-09-2015,3345,0
4708,F8LXUOAPM3N63ZTI,TUWPS1DSY9AJ1QEK,Reddish Table,25-03-2018,2754,0
4709,4QV1GVOMYRN3H9UK,TUWPS1DSY9AJ1QEK,Reddish Table,26-04-2016,5833,0
4710,4HQ2BINUZACEOPP6,TUWPS1DSY9AJ1QEK,Reddish Table,11-04-2017,1129,0
4711,YAUFTC76MSPA8WGJ,TUWPS1DSY9AJ1QEK,Reddish Table,07-05-2014,5697,1
4712,APAZE0EOGTCS7IHX,TUWPS1DSY9AJ1QEK,Reddish Table,05-02-2016,8364,0
4713,59EYNZQQDSIO8E2M,TUWPS1DSY9AJ1QEK,Reddish Table,28-07-2014,4280,1
4714,POTO5CFH4XUWBVVZ,TUWPS1DSY9AJ1QEK,Reddish Table,08-12-2015,2798,0
4715,6F8XO0E52NYGG6C8,TUWPS1DSY9AJ1QEK,Reddish Table,23-01-2014,651,0
4716,TWXSV6WBTMQAP1U8,TUWPS1DSY9AJ1QEK,Reddish Table,27-02-2018,3014,0
4717,1W0OGXQDOKUS1CLZ,TUWPS1DSY9AJ1QEK,Reddish Table,02-03-2015,7407,0
4718,UNKR9BSDNR8TF2P4,OMHJPVGC9BSEBG9Y,Wealthiest Ex-Tory,01-08-2016,521,0
4719,P4ZZSGEGVKUFPUZO,OMHJPVGC9BSEBG9Y,Wealthiest Ex-Tory,18-06-2015,7901,0
4720,5EQC9913GAPDJKU2,OMHJPVGC9BSEBG9Y,Wealthiest Ex-Tory,10-10-2017,126,1
4721,IBC8QFRKW0LXTA20,OMHJPVGC9BSEBG9Y,Wealthiest Ex-Tory,09-01-2017,1167,0
4722,K97AL2AYDX13JFOK,OMHJPVGC9BSEBG9Y,Wealthiest Ex-Tory,10-12-2015,2994,1
4723,T1E9KPWUETJWPKFM,OMHJPVGC9BSEBG9Y,Wealthiest Ex-Tory,31-08-2017,5773,0
4724,Y8PRH1G42MFRUK5Z,OMHJPVGC9BSEBG9Y,Wealthiest Ex-Tory,17-04-2015,3494,0
4725,6XS5WVXX8NSPAF30,OMHJPVGC9BSEBG9Y,Wealthiest Ex-Tory,19-02-2016,618,0
4726,68BJRPSUQVXIFEH6,OMHJPVGC9BSEBG9Y,Wealthiest Ex-Tory,23-09-2017,4548,0
4727,SDHIGU0H2SDD0I6N,OMHJPVGC9BSEBG9Y,Wealthiest Ex-Tory,11-03-2018,7595,0
4728,9L68ILO1ED81JSC5,OMHJPVGC9BSEBG9Y,Wealthiest Ex-Tory,20-07-2014,7431,0
4729,URCCDUC2OXABYD3A,OMHJPVGC9BSEBG9Y,Wealthiest Ex-Tory,22-01-2017,8258,0
4730,OBTM910PU8I744UJ,OMHJPVGC9BSEBG9Y,Wealthiest Ex-Tory,21-07-2014,9889,1
4731,E9ITZCCSOIYLXTWZ,OMHJPVGC9BSEBG9Y,Wealthiest Ex-Tory,28-02-2015,3884,0
4732,RUCPEQIFRAS03GFG,OMHJPVGC9BSEBG9Y,Wealthiest Ex-Tory,27-08-2014,1941,0
4733,NQEBIG5HWLKJ86NK,OMHJPVGC9BSEBG9Y,Wealthiest Ex-Tory,15-03-2017,7655,0
4734,MTDCBO26IU3Z32XK,OMHJPVGC9BSEBG9Y,Wealthiest Ex-Tory,27-09-2014,2071,0
4735,G6UDY4XIGK78BQK3,OMHJPVGC9BSEBG9Y,Wealthiest Ex-Tory,06-12-2015,9114,0
4736,QIBHHLWO6Q81MMSU,OMHJPVGC9BSEBG9Y,Wealthiest Ex-Tory,12-12-2015,1918,0
4737,BSQ3RR60D22L8V1Z,OMHJPVGC9BSEBG9Y,Wealthiest Ex-Tory,11-01-2016,8685,0
4738,BJ6FKRBW9Q869LJ0,OMHJPVGC9BSEBG9Y,Wealthiest Ex-Tory,28-12-2017,5378,0
4739,M4ZIYK7KBUU5UZ3P,OMHJPVGC9BSEBG9Y,Wealthiest Ex-Tory,14-07-2014,6711,1
4740,S8L1RI915CT05R8U,OMHJPVGC9BSEBG9Y,Wealthiest Ex-Tory,16-08-2018,8968,0
4741,FLKQY4VZF1C0IJ9S,OMHJPVGC9BSEBG9Y,Wealthiest Ex-Tory,26-01-2018,1102,0
4742,PNLLGBXSYXFK1KYC,RL2AKVC5LJD1CAIE,Ordinary Tenite,24-08-2015,9757,0
4743,OIAQ8YZH5MBFVAA5,RL2AKVC5LJD1CAIE,Ordinary Tenite,01-06-2018,2083,0
4744,3B1H6RNEN0M0BOBV,RL2AKVC5LJD1CAIE,Ordinary Tenite,19-06-2017,1125,0
4745,FOPA95MAU9VMKB7S,RL2AKVC5LJD1CAIE,Ordinary Tenite,10-12-2017,2759,0
4746,09AWE7MNX9BAR1AU,RL2AKVC5LJD1CAIE,Ordinary Tenite,11-05-2017,8599,0
4747,IL2JC1RWZMLUKU2I,RL2AKVC5LJD1CAIE,Ordinary Tenite,21-09-2014,273,0
4748,7COPWCZMPCLF8LS2,RL2AKVC5LJD1CAIE,Ordinary Tenite,05-07-2017,8039,1
4749,0P2JP1Z104RURBVO,RL2AKVC5LJD1CAIE,Ordinary Tenite,01-06-2018,2451,0
4750,U4UWCZTMBKZJ6YYQ,RL2AKVC5LJD1CAIE,Ordinary Tenite,23-08-2014,3387,0
4751,MDFOCZLEIRMLXDGP,RL2AKVC5LJD1CAIE,Ordinary Tenite,03-01-2017,2710,0
4752,U6WRKC4R4J96TQNF,RL2AKVC5LJD1CAIE,Ordinary Tenite,02-04-2017,2781,0
4753,PXNDI47TNCVJM4QP,RL2AKVC5LJD1CAIE,Ordinary Tenite,26-07-2014,8374,1
4754,N8YVQKS8KF72USUX,RL2AKVC5LJD1CAIE,Ordinary Tenite,02-12-2018,7396,0
4755,DOHTC67IYVUYEQRN,RL2AKVC5LJD1CAIE,Ordinary Tenite,02-07-2016,7136,0
4756,LMMGW1JV7QHRFGIU,RL2AKVC5LJD1CAIE,Ordinary Tenite,19-06-2014,2443,1
4757,LWSNUC9EI1MQPPM0,RL2AKVC5LJD1CAIE,Ordinary Tenite,22-05-2017,8702,0
4758,G5WZTQ2DYFXULCLR,RL2AKVC5LJD1CAIE,Ordinary Tenite,26-08-2016,8561,0
4759,31OAOU85WU4FERDQ,RL2AKVC5LJD1CAIE,Ordinary Tenite,11-05-2016,1145,0
4760,YO9XP5IX9T7L4Q2D,RL2AKVC5LJD1CAIE,Ordinary Tenite,03-12-2018,7835,0
4761,RDB7D4X4GZHXA62G,RL2AKVC5LJD1CAIE,Ordinary Tenite,20-07-2018,3882,0
4762,8NAY40LBH2I9BA36,O9LI8K0EMUZ9WN03,Gray-Looking Evangelists,06-06-2018,5112,0
4763,PQPH6A3I5ZHHR7XO,O9LI8K0EMUZ9WN03,Gray-Looking Evangelists,02-07-2014,4892,0
4764,T5UMWYXMDXFF6AIW,O9LI8K0EMUZ9WN03,Gray-Looking Evangelists,14-03-2014,6228,0
4765,PQPC5UF8C4L6NKEG,O9LI8K0EMUZ9WN03,Gray-Looking Evangelists,17-10-2018,8358,0
4766,IRZWENG6GVENVMUU,O9LI8K0EMUZ9WN03,Gray-Looking Evangelists,27-12-2016,889,0
4767,WV76UY4EDL2Y4KTX,O9LI8K0EMUZ9WN03,Gray-Looking Evangelists,21-10-2018,9574,0
4768,6FCFJP1I2D1F9BES,O9LI8K0EMUZ9WN03,Gray-Looking Evangelists,25-01-2016,5943,0
4769,QA2187CBM9BHXSOG,O9LI8K0EMUZ9WN03,Gray-Looking Evangelists,18-08-2016,8529,0
4770,ATIXF666JV7YSC4H,O9LI8K0EMUZ9WN03,Gray-Looking Evangelists,02-07-2018,4767,0
4771,QUZUUWWABS8QF473,O9LI8K0EMUZ9WN03,Gray-Looking Evangelists,12-05-2018,1435,0
4772,6KF51NNASPCRJ2U4,O9LI8K0EMUZ9WN03,Gray-Looking Evangelists,18-05-2016,7684,0
4773,DQ3BL4HU3RKURVYJ,O9LI8K0EMUZ9WN03,Gray-Looking Evangelists,26-06-2018,5949,0
4774,0MAF5HWUD2YVDZZU,O9LI8K0EMUZ9WN03,Gray-Looking Evangelists,15-06-2017,5500,1
4775,TLI9DB5R9K2AO5WJ,O9LI8K0EMUZ9WN03,Gray-Looking Evangelists,30-07-2018,665,0
4776,5NS6REV5F1YH5G1G,O9LI8K0EMUZ9WN03,Gray-Looking Evangelists,28-05-2017,8840,0
4777,RM67FLQJHVZEUHOJ,O9LI8K0EMUZ9WN03,Gray-Looking Evangelists,05-04-2015,820,1
4778,CN68QHF3T99RYS49,O9LI8K0EMUZ9WN03,Gray-Looking Evangelists,20-10-2015,7862,0
4779,JJA49HS9ZUPQ9M2A,O9LI8K0EMUZ9WN03,Gray-Looking Evangelists,01-04-2018,697,0
4780,WU3ZNBHSHILE2DYD,O9LI8K0EMUZ9WN03,Gray-Looking Evangelists,23-10-2018,6064,0
4781,Z82F3RSB4ULDNL48,O9LI8K0EMUZ9WN03,Gray-Looking Evangelists,03-01-2016,9193,1
4782,LNVL4HVY2ZLFWTQK,VPPLG743E7M44N7Z,Synthetic Council'S,08-09-2016,3133,0
4783,YDBLRJ250TVXP115,VPPLG743E7M44N7Z,Synthetic Council'S,04-04-2018,3400,0
4784,OKEL2HEMPOTD6W4L,VPPLG743E7M44N7Z,Synthetic Council'S,16-08-2016,626,0
4785,200ILXIEO31LDFZS,VPPLG743E7M44N7Z,Synthetic Council'S,07-01-2014,7536,0
4786,HYRLVG5QEY9HL4AR,VPPLG743E7M44N7Z,Synthetic Council'S,29-11-2017,1793,0
4787,0Q3NNOTNOFWGFOQI,VPPLG743E7M44N7Z,Synthetic Council'S,29-11-2018,8991,0
4788,EG8IUG9XOCTLDYYK,VPPLG743E7M44N7Z,Synthetic Council'S,20-07-2014,9943,1
4789,ZQWZBP4PEAL7RWPN,VPPLG743E7M44N7Z,Synthetic Council'S,22-01-2014,2287,0
4790,7T10Q6IW0Z501AIR,VPPLG743E7M44N7Z,Synthetic Council'S,19-11-2018,9529,0
4791,ZS99UNCQD6C190GQ,VPPLG743E7M44N7Z,Synthetic Council'S,26-01-2018,3417,0
4792,OBPT8EXHL8O91T2B,VPPLG743E7M44N7Z,Synthetic Council'S,02-07-2017,857,0
4793,IAG2FILJLSAE8FAP,VPPLG743E7M44N7Z,Synthetic Council'S,24-11-2015,3023,0
4794,TBLTJEG6BGQC1Z62,VPPLG743E7M44N7Z,Synthetic Council'S,07-04-2018,9189,0
4795,HPI4B8UCVSO9PQ9T,VPPLG743E7M44N7Z,Synthetic Council'S,22-08-2014,9045,0
4796,JGLHH22S6P2NU7C6,VPPLG743E7M44N7Z,Synthetic Council'S,27-05-2015,3771,0
4797,U6MY0114HF7BER1L,VPPLG743E7M44N7Z,Synthetic Council'S,05-05-2017,468,0
4798,7G0DTGA72W02T6BP,VPPLG743E7M44N7Z,Synthetic Council'S,06-03-2015,9414,0
4799,HDVCN3KUY92LXXKG,KLEDUR54VZG5BY24,Unkind Denominators,21-11-2016,5301,0
4800,GFTGHZPRRBG31A1S,KLEDUR54VZG5BY24,Unkind Denominators,24-11-2015,7627,0
4801,V4R29KSIJMK7OSZQ,KLEDUR54VZG5BY24,Unkind Denominators,12-07-2016,1765,0
4802,2FWVQ6IDP3R06G2J,KLEDUR54VZG5BY24,Unkind Denominators,20-09-2015,1202,0
4803,4NM5UVF5CSBCQ52H,KLEDUR54VZG5BY24,Unkind Denominators,15-04-2015,1354,0
4804,62QBM5TRDVTQB67H,KLEDUR54VZG5BY24,Unkind Denominators,19-01-2018,5870,0
4805,UNGNPHZRNP38DRVD,KLEDUR54VZG5BY24,Unkind Denominators,23-10-2016,2376,0
4806,QY884VCTB7UV2C73,KLEDUR54VZG5BY24,Unkind Denominators,05-01-2016,6532,0
4807,0TIYRMKV1XKAHG14,KLEDUR54VZG5BY24,Unkind Denominators,24-12-2017,7159,0
4808,MDOB16C1T4G01W2M,KLEDUR54VZG5BY24,Unkind Denominators,29-10-2014,9345,1
4809,4FH411FH5Q4V1S05,KLEDUR54VZG5BY24,Unkind Denominators,12-10-2017,8964,0
4810,HBEYHA5P2Z38JKAI,KLEDUR54VZG5BY24,Unkind Denominators,17-12-2018,2275,0
4811,CVH6N6EWGFV7MEPR,KLEDUR54VZG5BY24,Unkind Denominators,15-06-2015,2344,1
4812,OC03HHHC67YTXBPP,KLEDUR54VZG5BY24,Unkind Denominators,25-04-2015,3998,0
4813,ZWHIUCMC55CZI4ZR,KLEDUR54VZG5BY24,Unkind Denominators,13-11-2015,5364,0
4814,VSW7WNIHE467MPI4,KLEDUR54VZG5BY24,Unkind Denominators,06-01-2016,6197,1
4815,PCUSEB9PRDJNI8G1,KLEDUR54VZG5BY24,Unkind Denominators,09-09-2017,9302,0
4816,EIULQSV1ZI0IBMP2,KLEDUR54VZG5BY24,Unkind Denominators,28-09-2015,1496,0
4817,D32W3H2MLNMNUH2K,KLEDUR54VZG5BY24,Unkind Denominators,02-11-2015,3725,0
4818,4O25W3CEY756R3WH,KLEDUR54VZG5BY24,Unkind Denominators,25-10-2017,8905,0
4819,OFBEYMO7P5IEU36Q,KLEDUR54VZG5BY24,Unkind Denominators,11-01-2017,1450,1
4820,92MOMEFL4WT80YOG,KLEDUR54VZG5BY24,Unkind Denominators,23-08-2015,3850,1
4821,QX6LL85D76BRSTLN,YWA6QBUJC3EVPVAA,Homicidal Sabre-Rattling,02-07-2014,5770,1
4822,6F129XUG7K5NNQZM,YWA6QBUJC3EVPVAA,Homicidal Sabre-Rattling,09-07-2018,1277,0
4823,Y0W2ZD1ATRP9OICX,YWA6QBUJC3EVPVAA,Homicidal Sabre-Rattling,04-05-2015,7246,0
4824,ZGFK11S8BUXKFEDW,YWA6QBUJC3EVPVAA,Homicidal Sabre-Rattling,05-08-2015,9588,0
4825,LR2VY67726U9CDOV,YWA6QBUJC3EVPVAA,Homicidal Sabre-Rattling,16-10-2018,456,0
4826,QBOD53VIRGCJWD0B,YWA6QBUJC3EVPVAA,Homicidal Sabre-Rattling,28-10-2015,2803,0
4827,TYWAUG6YSM17L0C3,YWA6QBUJC3EVPVAA,Homicidal Sabre-Rattling,07-05-2014,5751,0
4828,6SGTX50B8Z0097CA,YWA6QBUJC3EVPVAA,Homicidal Sabre-Rattling,18-05-2017,3395,0
4829,5SKZ4L00166LZKVW,YWA6QBUJC3EVPVAA,Homicidal Sabre-Rattling,06-03-2018,9076,0
4830,NYSCHTRHBQGFN4ZT,YWA6QBUJC3EVPVAA,Homicidal Sabre-Rattling,21-01-2017,4414,0
4831,CKAW2L0G808LP88E,WM6A6FFMHWXA2K68,Unenvied Himalayas,08-12-2017,5742,0
4832,5L1CVYZA4ZJVDEA8,WM6A6FFMHWXA2K68,Unenvied Himalayas,13-11-2017,8191,0
4833,P1N56GYZK73TXPZJ,WM6A6FFMHWXA2K68,Unenvied Himalayas,12-12-2015,6119,0
4834,PW62BW8XWWIQK4QS,WM6A6FFMHWXA2K68,Unenvied Himalayas,01-09-2016,5072,0
4835,N3VD5HITOVC5LDEE,WM6A6FFMHWXA2K68,Unenvied Himalayas,24-07-2014,6831,1
4836,LUVBWKCQZCUDPC8R,WM6A6FFMHWXA2K68,Unenvied Himalayas,01-02-2014,6125,1
4837,V8EV2WD8I1WA9UIU,WM6A6FFMHWXA2K68,Unenvied Himalayas,31-08-2016,6183,0
4838,7V85HF5B0FM8Y3KT,WM6A6FFMHWXA2K68,Unenvied Himalayas,28-12-2018,8693,0
4839,MOV6DKAGNJ6UH4K3,WM6A6FFMHWXA2K68,Unenvied Himalayas,29-04-2015,2919,1
4840,TG7YEWWFXM4OB5AO,WM6A6FFMHWXA2K68,Unenvied Himalayas,21-02-2018,7915,0
4841,USCAZE9A5KSL5UXX,WM6A6FFMHWXA2K68,Unenvied Himalayas,28-10-2016,249,0
4842,BUOSJDK0WS0YQACQ,WM6A6FFMHWXA2K68,Unenvied Himalayas,17-03-2017,2732,1
4843,86HYMWJAM76IDOYO,WM6A6FFMHWXA2K68,Unenvied Himalayas,21-07-2018,5677,0
4844,OY12L46MIWZ90QCZ,WM6A6FFMHWXA2K68,Unenvied Himalayas,27-05-2018,7719,0
4845,413OIPTH1EOI58CY,WM6A6FFMHWXA2K68,Unenvied Himalayas,22-08-2014,6966,0
4846,JLIZPE2I70YP4X1K,WM6A6FFMHWXA2K68,Unenvied Himalayas,13-06-2016,2136,0
4847,A5LPOGCAQSMUL2HS,WM6A6FFMHWXA2K68,Unenvied Himalayas,22-12-2017,5755,1
4848,ELEJN47XE4N2I15O,WM6A6FFMHWXA2K68,Unenvied Himalayas,04-07-2017,9480,0
4849,469D3YLT38KLAVY4,WM6A6FFMHWXA2K68,Unenvied Himalayas,21-06-2018,5291,0
4850,Z75LTF8JHYFBLC3J,WM6A6FFMHWXA2K68,Unenvied Himalayas,16-06-2018,8175,0
4851,7SXDOUY7XDP3D2BA,WM6A6FFMHWXA2K68,Unenvied Himalayas,12-06-2014,8097,0
4852,OXY3940J0K460D2Z,WM6A6FFMHWXA2K68,Unenvied Himalayas,16-03-2016,5732,0
4853,8XIRPOZ158YMIJ84,WM6A6FFMHWXA2K68,Unenvied Himalayas,21-09-2015,3858,1
4854,9BKAQLJFDWT4J1XG,WM6A6FFMHWXA2K68,Unenvied Himalayas,05-05-2014,6394,0
4855,CJHMH75BVPTXM0GW,WM6A6FFMHWXA2K68,Unenvied Himalayas,15-09-2015,2975,0
4856,MCHX28ODCM87HEJG,Q8DIGJEWSEV0XJ9Z,Coercive Resilience,29-01-2014,3126,0
4857,3QCNOCH9584HHWOI,Q8DIGJEWSEV0XJ9Z,Coercive Resilience,28-12-2014,9825,0
4858,4INCQU8LGKDL3923,Q8DIGJEWSEV0XJ9Z,Coercive Resilience,06-03-2017,2959,1
4859,7ODGO35A9WNL87FD,Q8DIGJEWSEV0XJ9Z,Coercive Resilience,05-02-2017,1670,0
4860,CKSZAA07AAUD8WKH,Q8DIGJEWSEV0XJ9Z,Coercive Resilience,22-05-2016,1671,0
4861,HJVJITFVE85LSVE3,Q8DIGJEWSEV0XJ9Z,Coercive Resilience,06-12-2018,8285,0
4862,PRQIXBNZC58TTFFG,Q8DIGJEWSEV0XJ9Z,Coercive Resilience,20-08-2017,1821,0
4863,UZWMA2TG7SRCTCQD,Q8DIGJEWSEV0XJ9Z,Coercive Resilience,23-05-2015,7762,0
4864,QFFLQZLTT0SOC6NK,Q8DIGJEWSEV0XJ9Z,Coercive Resilience,05-04-2017,6102,0
4865,L4MUOC74AV8CMCM4,Q8DIGJEWSEV0XJ9Z,Coercive Resilience,14-06-2017,2508,0
4866,H5JL31CMOO6Z7BGB,Q8DIGJEWSEV0XJ9Z,Coercive Resilience,01-04-2015,1631,1
4867,1X95QCM83YHW4ZNV,Q8DIGJEWSEV0XJ9Z,Coercive Resilience,24-11-2014,992,0
4868,6PZFTIRWF5J754JR,Q8DIGJEWSEV0XJ9Z,Coercive Resilience,01-11-2017,8044,1
4869,P9CE9IL6LYYV8GNO,Q8DIGJEWSEV0XJ9Z,Coercive Resilience,11-10-2018,7230,0
4870,X2BTOAJUL8CB7MZJ,Q8DIGJEWSEV0XJ9Z,Coercive Resilience,02-06-2016,5564,0
4871,9BBPL9NEUSLJBV8F,Q8DIGJEWSEV0XJ9Z,Coercive Resilience,11-07-2017,9177,0
4872,N9G4QQ2S8NLORZJP,Q8DIGJEWSEV0XJ9Z,Coercive Resilience,18-01-2017,7654,0
4873,RP023IVY602MDJNW,Q8DIGJEWSEV0XJ9Z,Coercive Resilience,03-10-2016,554,0
4874,FWCFA2IUZTBR7O76,Q8DIGJEWSEV0XJ9Z,Coercive Resilience,16-03-2014,4519,0
4875,WESOMP928N5IK58R,Q8DIGJEWSEV0XJ9Z,Coercive Resilience,29-05-2016,6751,1
4876,EMXLR1F90I9FDMED,Q8DIGJEWSEV0XJ9Z,Coercive Resilience,16-07-2018,1118,0
4877,VUIHP251NESL9EU9,AB66CXMHGGR0QUKS,Chemical Viewers,23-04-2016,556,0
4878,G2MEHCA2XKBMYCXA,AB66CXMHGGR0QUKS,Chemical Viewers,18-05-2017,5480,0
4879,E7ED7ON8V3EHV5FW,AB66CXMHGGR0QUKS,Chemical Viewers,20-06-2014,7009,0
4880,XVV4V1STC4O991AN,AB66CXMHGGR0QUKS,Chemical Viewers,14-12-2018,3106,0
4881,FJB0NSDJAMKUHAD7,AB66CXMHGGR0QUKS,Chemical Viewers,28-04-2017,2206,1
4882,TEH3YO0YHLGGKLXM,AB66CXMHGGR0QUKS,Chemical Viewers,21-03-2014,5424,0
4883,BPH43HXEW881AWER,AB66CXMHGGR0QUKS,Chemical Viewers,30-06-2017,4588,0
4884,XU7JCLZ99MO386J9,AB66CXMHGGR0QUKS,Chemical Viewers,31-10-2015,2338,1
4885,DD1SHJTLTWC1KKNL,AB66CXMHGGR0QUKS,Chemical Viewers,13-12-2016,6995,1
4886,VNG8Y7QFC07P4X9Q,AB66CXMHGGR0QUKS,Chemical Viewers,29-05-2015,9113,0
4887,593LZP9BQ8OV7G71,AB66CXMHGGR0QUKS,Chemical Viewers,21-12-2018,2558,0
4888,MXJT1V45IFDZ9VE3,AB66CXMHGGR0QUKS,Chemical Viewers,16-07-2015,7081,0
4889,C74CZPKGYSA3U3X2,AB66CXMHGGR0QUKS,Chemical Viewers,06-04-2014,105,0
4890,EC0G6Q6MLCX3746Z,AB66CXMHGGR0QUKS,Chemical Viewers,23-08-2015,5522,1
4891,HIPE390WIS4YYG84,AB66CXMHGGR0QUKS,Chemical Viewers,26-03-2016,1580,0
4892,JN9ISTCX0539YGR1,AB66CXMHGGR0QUKS,Chemical Viewers,22-02-2018,2774,0
4893,TB99ALJR4EGR8U9U,F5LUDQHEMER174JT,Defective Swc,13-07-2017,2645,0
4894,JOEZ2KT5PCE1XA7R,F5LUDQHEMER174JT,Defective Swc,20-11-2014,2696,0
4895,SEZ4ZLOUZQLZ3L2N,F5LUDQHEMER174JT,Defective Swc,17-12-2018,1861,0
4896,LNVU9JUDG2Q0JCOV,F5LUDQHEMER174JT,Defective Swc,21-05-2017,7776,1
4897,3VNQKYYUYOD00JTK,F5LUDQHEMER174JT,Defective Swc,16-11-2015,3014,0
4898,VTVW4EGCOEF8DS8S,F5LUDQHEMER174JT,Defective Swc,08-01-2015,1595,0
4899,74CAQ6E0KXA9MXEA,F5LUDQHEMER174JT,Defective Swc,17-03-2015,6980,0
4900,E65I1XYSZ8P4HURE,F5LUDQHEMER174JT,Defective Swc,02-05-2017,5011,0
4901,RUOCC80PCWR8Z26V,F5LUDQHEMER174JT,Defective Swc,31-03-2014,8185,1
4902,TX9YM2FETHLJA84D,F5LUDQHEMER174JT,Defective Swc,17-12-2015,2481,1
4903,QJI17TBPB6O6J119,F5LUDQHEMER174JT,Defective Swc,08-08-2014,1842,0
4904,VVTVXSG88AXRWVIP,F5LUDQHEMER174JT,Defective Swc,27-06-2018,1949,0
4905,EM9IL2MT424797UQ,F5LUDQHEMER174JT,Defective Swc,28-12-2017,1162,0
4906,7UD4WDYQWLXOZV7G,F5LUDQHEMER174JT,Defective Swc,16-08-2014,4931,1
4907,7Y5K5IER9Q6N1W6T,F5LUDQHEMER174JT,Defective Swc,23-01-2015,602,0
4908,CEO1PAG7PJE5F3YV,F5LUDQHEMER174JT,Defective Swc,10-01-2017,6669,1
4909,IU882ZMKVIK865QN,F5LUDQHEMER174JT,Defective Swc,26-03-2015,252,0
4910,HNWWQ48Z99WMTX61,F5LUDQHEMER174JT,Defective Swc,24-01-2018,4075,0
4911,G60MNKV8JXW0IYGH,F5LUDQHEMER174JT,Defective Swc,24-10-2015,4116,1
4912,KE5PJ07OKY58W6KW,F5LUDQHEMER174JT,Defective Swc,21-02-2014,3275,0
4913,NC9ND96GKUO3DPO2,F5LUDQHEMER174JT,Defective Swc,17-06-2018,2669,0
4914,FE75NQ2PUT6VC85E,F5LUDQHEMER174JT,Defective Swc,17-12-2015,3394,0
4915,YBVRDDDLXLB4TFPP,F5LUDQHEMER174JT,Defective Swc,25-04-2016,7106,0
4916,KPQW52N9HT7MVRDG,F5LUDQHEMER174JT,Defective Swc,03-11-2014,8093,1
4917,CRB51XIYEVO96GJM,F5LUDQHEMER174JT,Defective Swc,08-09-2015,1184,0
4918,0J3ROWX2H9TRW2SE,F5LUDQHEMER174JT,Defective Swc,12-02-2018,9256,0
4919,X9PHCZAP3A1B0ABQ,06V2UDB1S4MLSIAM,Unneeded Titters,12-06-2015,3861,1
4920,YPBLMOD5F9IB3FM4,06V2UDB1S4MLSIAM,Unneeded Titters,15-06-2017,1090,0
4921,WFCA45Z1VZHQ9PBP,06V2UDB1S4MLSIAM,Unneeded Titters,03-12-2014,1897,0
4922,QVN16LDCZ86R5LX5,06V2UDB1S4MLSIAM,Unneeded Titters,14-04-2016,1740,0
4923,VD9ZGRZ1N14Q9G24,06V2UDB1S4MLSIAM,Unneeded Titters,31-12-2015,898,1
4924,AHN4262TW28VK5O2,06V2UDB1S4MLSIAM,Unneeded Titters,25-04-2017,9034,0
4925,1BTS0IYEA5ZNRVI5,06V2UDB1S4MLSIAM,Unneeded Titters,11-11-2016,5573,0
4926,PNAN4V5R95JJMFS0,06V2UDB1S4MLSIAM,Unneeded Titters,15-04-2014,7701,0
4927,SRALN6QQ7VUK71DX,06V2UDB1S4MLSIAM,Unneeded Titters,31-07-2015,4528,0
4928,AZJMA5415XC0TCKH,06V2UDB1S4MLSIAM,Unneeded Titters,20-01-2014,1112,0
4929,3HS66NN90156LXFC,06V2UDB1S4MLSIAM,Unneeded Titters,21-03-2014,2457,0
4930,J8DK7GEVF6M1PEJY,06V2UDB1S4MLSIAM,Unneeded Titters,06-03-2017,5534,0
4931,3MOJYJHJKY49PW44,06V2UDB1S4MLSIAM,Unneeded Titters,10-03-2015,9851,1
4932,BXP3AJLBUMIZOGYH,06V2UDB1S4MLSIAM,Unneeded Titters,07-04-2018,6640,0
4933,CEG0JBWHY0NZKVTU,06V2UDB1S4MLSIAM,Unneeded Titters,02-08-2015,7419,0
4934,24FRTYH9U4RGT9JM,06V2UDB1S4MLSIAM,Unneeded Titters,05-02-2017,2569,0
4935,8QDWKXEQK8OYSAYK,06V2UDB1S4MLSIAM,Unneeded Titters,07-09-2015,4791,0
4936,ZOVOPQ9V1HEI5CKW,06V2UDB1S4MLSIAM,Unneeded Titters,19-03-2016,5425,0
4937,DAFH3LR6IUXKU9Q8,06V2UDB1S4MLSIAM,Unneeded Titters,02-04-2014,8537,1
4938,WBF0V5YW5KTCJ7UG,06V2UDB1S4MLSIAM,Unneeded Titters,29-05-2015,180,0
4939,JICQ7J1V92UPH66L,06V2UDB1S4MLSIAM,Unneeded Titters,02-06-2015,2865,1
4940,SV3E56MJG385OE42,06V2UDB1S4MLSIAM,Unneeded Titters,26-04-2017,2594,0
4941,RE80LBBWXVQ8X5XH,06V2UDB1S4MLSIAM,Unneeded Titters,27-01-2015,8009,0
4942,F99CR8COI237FSGJ,EFJESGSNOBQP96ZV,Felicitous Makers,30-07-2015,4194,1
4943,98U6695I12UDFFFN,EFJESGSNOBQP96ZV,Felicitous Makers,08-11-2016,5327,0
4944,TPPK6JNBNYMWW7R4,EFJESGSNOBQP96ZV,Felicitous Makers,15-07-2017,8035,0
4945,HTN7HFGLXDHIM6UU,EFJESGSNOBQP96ZV,Felicitous Makers,18-03-2018,2823,1
4946,IFU61LOJYK9B4G8U,EFJESGSNOBQP96ZV,Felicitous Makers,04-05-2017,7960,1
4947,RYZOMDV9PDZ4V74T,EFJESGSNOBQP96ZV,Felicitous Makers,05-09-2017,9701,0
4948,81HPUMJPYG9THMNI,EFJESGSNOBQP96ZV,Felicitous Makers,19-11-2018,6473,0
4949,0RBFLSZDAJ7Y60XG,EFJESGSNOBQP96ZV,Felicitous Makers,11-12-2014,8526,0
4950,WNQEW4J70EYOQS8X,EFJESGSNOBQP96ZV,Felicitous Makers,22-01-2016,1381,0
4951,OM6OJWY364L03OR3,EFJESGSNOBQP96ZV,Felicitous Makers,09-04-2017,382,0
4952,URSJ6BGIRBHFQD6L,EFJESGSNOBQP96ZV,Felicitous Makers,14-07-2017,1067,0
4953,7CSG52YMS4ALC9HV,EFJESGSNOBQP96ZV,Felicitous Makers,12-05-2018,8296,0
4954,2BZEKFX71ZY9Q8XO,EFJESGSNOBQP96ZV,Felicitous Makers,11-04-2016,3652,1
4955,9HELNOFQPZW80N6A,EFJESGSNOBQP96ZV,Felicitous Makers,27-04-2017,3751,1
4956,3P865R5ANKNQJWAT,EFJESGSNOBQP96ZV,Felicitous Makers,15-11-2016,5205,0
4957,P7LJWLJ7X4YUH7YQ,EFJESGSNOBQP96ZV,Felicitous Makers,09-11-2014,8661,0
4958,3TK1BFRTY2X6P112,EFJESGSNOBQP96ZV,Felicitous Makers,29-10-2016,6699,0
4959,5AN7I0VFLWOG198Z,EFJESGSNOBQP96ZV,Felicitous Makers,28-04-2017,9077,0
4960,W6ZORTWIH8EMU6VW,2KB2AFZAH4B26NMS,Potent Squad,04-12-2017,8702,0
4961,1ZQ7852L7TRBWIRH,2KB2AFZAH4B26NMS,Potent Squad,12-07-2016,1052,0
4962,EOCEZSFJ4N9JZBMS,2KB2AFZAH4B26NMS,Potent Squad,27-01-2014,754,0
4963,7KOQNO7G5Q6UA37B,2KB2AFZAH4B26NMS,Potent Squad,16-04-2018,7282,0
4964,AQNJR1DFRMQG0XC1,2KB2AFZAH4B26NMS,Potent Squad,13-05-2016,2444,0
4965,8VARKQ0NJR7WJLX5,2KB2AFZAH4B26NMS,Potent Squad,24-11-2018,9597,0
4966,TM6SAKW44BSU1IY9,2KB2AFZAH4B26NMS,Potent Squad,20-09-2017,2044,0
4967,V9XR32LPC0RDIVOL,2KB2AFZAH4B26NMS,Potent Squad,10-03-2014,2092,0
4968,F7MA0NCZGBOI519F,2KB2AFZAH4B26NMS,Potent Squad,27-11-2016,1310,0
4969,97NKLDX2BWIGOILM,2KB2AFZAH4B26NMS,Potent Squad,18-10-2016,5973,0
4970,531ARTSPU2HWXX6Q,2KB2AFZAH4B26NMS,Potent Squad,02-05-2017,8436,0
4971,7NO0MH7NS8FAB7AO,2KB2AFZAH4B26NMS,Potent Squad,04-09-2016,8045,0
4972,AK77BTKHFE32BMYP,2KB2AFZAH4B26NMS,Potent Squad,13-10-2015,6595,1
4973,R8LJTYIEO4H4R5DZ,2KB2AFZAH4B26NMS,Potent Squad,15-04-2018,4391,0
4974,QYAWM35WHOLYV9LY,2KB2AFZAH4B26NMS,Potent Squad,12-04-2018,4546,0
4975,ECMH9WV08YQF3Y3X,2KB2AFZAH4B26NMS,Potent Squad,27-07-2017,9843,0
4976,1VBH08SXN8CPZ54K,2KB2AFZAH4B26NMS,Potent Squad,05-07-2014,6890,0
4977,TLXYEVSV3BYN2EYB,2KB2AFZAH4B26NMS,Potent Squad,27-04-2017,2893,0
4978,NUGRSBVT2DNQ00RJ,GGMN4CHX6M77OQ3M,Ultrasonic Capillary,30-04-2016,2880,1
4979,2YD22LJSHCOUX0R8,GGMN4CHX6M77OQ3M,Ultrasonic Capillary,17-11-2017,5114,0
4980,8M90TA3S9BJM0O13,GGMN4CHX6M77OQ3M,Ultrasonic Capillary,29-08-2018,1481,0
4981,A1Q8241BRKXGKOEC,GGMN4CHX6M77OQ3M,Ultrasonic Capillary,16-05-2018,4400,0
4982,CQXVUYACBO3WX8TP,GGMN4CHX6M77OQ3M,Ultrasonic Capillary,04-05-2017,8627,0
4983,DI8UWY4GUTX4V5J3,GGMN4CHX6M77OQ3M,Ultrasonic Capillary,09-08-2018,6666,1
4984,952MYI4UFU07IS5U,GGMN4CHX6M77OQ3M,Ultrasonic Capillary,09-02-2016,9561,1
4985,Z96JPW9MLI5LFWT6,GGMN4CHX6M77OQ3M,Ultrasonic Capillary,02-07-2014,1976,0
4986,JQTICEVJWXFERF3P,GGMN4CHX6M77OQ3M,Ultrasonic Capillary,18-10-2017,6602,0
4987,1RVO93HKM2JY7DVN,GGMN4CHX6M77OQ3M,Ultrasonic Capillary,01-12-2016,1150,0
4988,GA7JNR6FKDP1I5LI,GGMN4CHX6M77OQ3M,Ultrasonic Capillary,02-10-2016,9726,1
4989,K8EEVSB6AQCMY48H,GGMN4CHX6M77OQ3M,Ultrasonic Capillary,03-07-2018,4858,0
4990,G85NS3AS6EEYAD7L,GGMN4CHX6M77OQ3M,Ultrasonic Capillary,14-03-2015,920,0
4991,THTEPR46T7FNGHF7,GGMN4CHX6M77OQ3M,Ultrasonic Capillary,14-03-2014,5654,0
4992,9HYBCC2O62SGIFHE,GGMN4CHX6M77OQ3M,Ultrasonic Capillary,18-10-2014,9198,0
4993,S2NYDHWQU68XBSOS,GGMN4CHX6M77OQ3M,Ultrasonic Capillary,16-12-2018,2178,0
4994,3A4XAJDWU2YFXG5C,GGMN4CHX6M77OQ3M,Ultrasonic Capillary,15-10-2017,5368,0
4995,IV5ZHXY6G6U1NXTI,GGMN4CHX6M77OQ3M,Ultrasonic Capillary,26-04-2017,253,0
4996,HKUEA6CL3Z0KZ1GD,GGMN4CHX6M77OQ3M,Ultrasonic Capillary,18-07-2018,8224,0
4997,XOB179YIBPZWZSG7,GGMN4CHX6M77OQ3M,Ultrasonic Capillary,23-08-2014,2490,0
4998,B3DYWLH26DZF55PS,GGMN4CHX6M77OQ3M,Ultrasonic Capillary,27-11-2018,1790,0
4999,NCUCKGS0M3OHVBN9,GGMN4CHX6M77OQ3M,Ultrasonic Capillary,08-12-2017,8838,0
5000,QBI1OQ1ONWGEB2Z6,GGMN4CHX6M77OQ3M,Ultrasonic Capillary,27-09-2014,9527,0
5001,WNST15JCO7X1A7A1,GGMN4CHX6M77OQ3M,Ultrasonic Capillary,25-06-2016,212,0
5002,CBD4WC7TA9CXB08I,ZML770TBZ3UAR96H,Angular Egotist'S,03-09-2016,2798,0
5003,E3FTDYFW5PR5FV5Q,ZML770TBZ3UAR96H,Angular Egotist'S,03-12-2014,9192,0
5004,7RBJQSL2H94FAG4Q,ZML770TBZ3UAR96H,Angular Egotist'S,28-02-2016,6063,0
5005,DVBX3EVPL2EC53HI,ZML770TBZ3UAR96H,Angular Egotist'S,25-03-2016,5003,1
5006,9N77RVQY49R3EIK1,ZML770TBZ3UAR96H,Angular Egotist'S,27-08-2014,1852,0
5007,ZO4GM4Q4Z4OEYFLO,ZML770TBZ3UAR96H,Angular Egotist'S,03-04-2016,8866,0
5008,2LADAUXYFOL1N0II,ZML770TBZ3UAR96H,Angular Egotist'S,09-02-2018,470,0
5009,2BZMMXU8WXWZB0JZ,ZML770TBZ3UAR96H,Angular Egotist'S,03-05-2015,9320,0
5010,WG7WG52OQO6TSUL5,ZML770TBZ3UAR96H,Angular Egotist'S,28-01-2015,2809,0
5011,YIFOMY14ZPTWAA1T,ZML770TBZ3UAR96H,Angular Egotist'S,18-08-2014,5090,1
5012,MZQ1UFBILMGKNP7H,ZML770TBZ3UAR96H,Angular Egotist'S,04-09-2017,7328,0
5013,I1D4ZYG6MIXFFM6G,ZML770TBZ3UAR96H,Angular Egotist'S,03-08-2016,5594,1
5014,XS24D97DFLOAVH1D,ZML770TBZ3UAR96H,Angular Egotist'S,14-08-2018,5074,0
5015,M6553FTRQBY7OYOE,ZML770TBZ3UAR96H,Angular Egotist'S,10-05-2016,3912,0
5016,IXC9ZE6ILX97MUFC,ZML770TBZ3UAR96H,Angular Egotist'S,19-09-2014,5517,0
5017,WZV0B20TYG0M7ICH,ZML770TBZ3UAR96H,Angular Egotist'S,12-09-2016,6460,0
5018,OLE5DBTPHEBQRQC3,ZML770TBZ3UAR96H,Angular Egotist'S,09-03-2018,6825,0
5019,RLR097AXYQRUYP8U,ZML770TBZ3UAR96H,Angular Egotist'S,06-12-2018,4615,0
5020,LA3ZLM07MKX65BG5,ZML770TBZ3UAR96H,Angular Egotist'S,27-02-2015,6179,0
5021,NFDKTK2JAWCCHUQA,ZML770TBZ3UAR96H,Angular Egotist'S,06-04-2014,9598,0
5022,6OMS7TSW7PFKK3UL,ZML770TBZ3UAR96H,Angular Egotist'S,25-09-2015,6866,0
5023,ZBMW5COLOP5AVLMI,ZML770TBZ3UAR96H,Angular Egotist'S,13-04-2014,4389,0
5024,IH4EZC9Z8PU30JTJ,ZML770TBZ3UAR96H,Angular Egotist'S,21-12-2014,174,0
5025,DU4ZG9MDJ0CSPK97,ZML770TBZ3UAR96H,Angular Egotist'S,06-04-2015,5488,0
5026,EIYWXR9N5UM8YIOA,ZML770TBZ3UAR96H,Angular Egotist'S,03-10-2018,6225,0
5027,6MP04WDXPLYRV00D,ZML770TBZ3UAR96H,Angular Egotist'S,25-03-2015,6589,0
5028,RJKM951UU67YUGBP,ZML770TBZ3UAR96H,Angular Egotist'S,22-01-2015,5438,0
5029,XV5ZO9YG2YD8AJXE,IG5TJ8C7W19OF4II,Mimetic Teammate,26-02-2018,4949,0
5030,FKQS973RZA1LCLQB,IG5TJ8C7W19OF4II,Mimetic Teammate,15-02-2014,7854,0
5031,FN0SAZXXIA8PFZIV,IG5TJ8C7W19OF4II,Mimetic Teammate,19-01-2018,5960,0
5032,KDI44QF5PBSHFLAQ,IG5TJ8C7W19OF4II,Mimetic Teammate,23-03-2018,112,0
5033,AFWZ11FVY2BR6ZPF,IG5TJ8C7W19OF4II,Mimetic Teammate,13-11-2018,4478,0
5034,X377DUSWF68CKVI2,IG5TJ8C7W19OF4II,Mimetic Teammate,04-09-2015,1790,0
5035,5EG5R960YJ7WEKV2,IG5TJ8C7W19OF4II,Mimetic Teammate,25-09-2018,1809,0
5036,M2G8O5SA4FBEPBUI,IG5TJ8C7W19OF4II,Mimetic Teammate,30-07-2016,7865,1
5037,239IKWKIU9BIVM3G,IG5TJ8C7W19OF4II,Mimetic Teammate,14-08-2017,5310,0
5038,M70A39GP4HZCE34B,IG5TJ8C7W19OF4II,Mimetic Teammate,06-11-2014,7695,0
5039,AYS64TOCJTXTSAI9,IG5TJ8C7W19OF4II,Mimetic Teammate,28-05-2015,3879,0
5040,VSZ2DSSY5S5JXFK4,16X4ZCZ9X0601ATB,Ole Whiteley,26-10-2014,9126,0
5041,CH2RSGA1ATU3A5QU,16X4ZCZ9X0601ATB,Ole Whiteley,01-03-2017,6533,0
5042,KKUC3EJPCC11MJID,16X4ZCZ9X0601ATB,Ole Whiteley,22-02-2015,8760,0
5043,NLIN6925GZPZB2UI,16X4ZCZ9X0601ATB,Ole Whiteley,09-09-2017,6497,0
5044,CJVFT1CBAJG1XX1E,16X4ZCZ9X0601ATB,Ole Whiteley,21-12-2017,2739,0
5045,A06EB939C924ES9A,16X4ZCZ9X0601ATB,Ole Whiteley,23-02-2017,8163,1
5046,F6H7UA6Q38KIPS8P,16X4ZCZ9X0601ATB,Ole Whiteley,10-08-2016,6243,0
5047,82GINSMGG2JKSD00,16X4ZCZ9X0601ATB,Ole Whiteley,15-07-2018,7320,0
5048,RYF8RHFAMD0A9GJP,16X4ZCZ9X0601ATB,Ole Whiteley,22-12-2016,5360,0
5049,35F2RLFGEUGUN4JM,16X4ZCZ9X0601ATB,Ole Whiteley,25-09-2014,8634,0
5050,A7CMU3YATGQ3NQL8,16X4ZCZ9X0601ATB,Ole Whiteley,13-12-2014,4212,0
5051,CH1PD0WV76W4KT0P,16X4ZCZ9X0601ATB,Ole Whiteley,16-11-2017,1824,0
5052,MFLFAXIJLIG0EKFD,16X4ZCZ9X0601ATB,Ole Whiteley,05-06-2018,1065,0
5053,RPVV2UKDF1I60QYL,16X4ZCZ9X0601ATB,Ole Whiteley,11-10-2017,3599,0
5054,H3QJXPPJ0QP52ZDO,16X4ZCZ9X0601ATB,Ole Whiteley,05-11-2016,4187,0
5055,XY7PLUFF96IO3DQH,16X4ZCZ9X0601ATB,Ole Whiteley,11-02-2014,5718,0
5056,7OFDOFZKZE9BWPXD,16X4ZCZ9X0601ATB,Ole Whiteley,24-06-2017,2021,1
5057,DJ7BJ1IYJLSCPTB2,16X4ZCZ9X0601ATB,Ole Whiteley,18-11-2016,9768,0
5058,5SN1YU3XXBG7N6NY,16X4ZCZ9X0601ATB,Ole Whiteley,01-08-2018,6525,0
5059,XGQW6C5ZMKA2CBJZ,16X4ZCZ9X0601ATB,Ole Whiteley,26-05-2014,4504,0
5060,G38RT425AASJUSEP,16X4ZCZ9X0601ATB,Ole Whiteley,01-10-2015,5046,1
5061,9FYEYUOVMJDXOVNK,16X4ZCZ9X0601ATB,Ole Whiteley,12-01-2015,6247,1
5062,MRXFMCQYEXNEUT6O,DLQH4ASO65O8YPG0,Sharpest Galindez,27-12-2016,2930,0
5063,XFDTGN79P9V7APWB,DLQH4ASO65O8YPG0,Sharpest Galindez,11-02-2017,2130,0
5064,EL86PUOMDONNPIUW,DLQH4ASO65O8YPG0,Sharpest Galindez,25-06-2014,8020,1
5065,PEC4YCI6XQZO8URP,DLQH4ASO65O8YPG0,Sharpest Galindez,06-02-2014,5936,0
5066,3V0VP2IE3B1K154Z,DLQH4ASO65O8YPG0,Sharpest Galindez,04-06-2018,9685,1
5067,AVHJ378HANWETDVP,DLQH4ASO65O8YPG0,Sharpest Galindez,18-10-2016,3205,0
5068,XYY1SWNXOI8DXP0D,DLQH4ASO65O8YPG0,Sharpest Galindez,22-05-2018,7727,1
5069,478T1D8SH6UC6ZV6,DLQH4ASO65O8YPG0,Sharpest Galindez,18-10-2014,3149,0
5070,5BNC6XOOS7VZ00GF,DLQH4ASO65O8YPG0,Sharpest Galindez,30-05-2015,4268,0
5071,18AOVAOM79FZWECL,DLQH4ASO65O8YPG0,Sharpest Galindez,03-01-2015,6758,0
5072,AFUIDTPMBE4O4WTM,DLQH4ASO65O8YPG0,Sharpest Galindez,31-08-2015,5164,0
5073,5A773L3ZI7H0Q8YN,DLQH4ASO65O8YPG0,Sharpest Galindez,21-03-2017,9582,0
5074,ZDZFFGSZSFK6QIIQ,DLQH4ASO65O8YPG0,Sharpest Galindez,11-03-2014,8105,0
5075,EIYXLUF6XGIQ20S8,DLQH4ASO65O8YPG0,Sharpest Galindez,22-07-2017,7401,0
5076,8WNWW7EAWWHYJM9D,DLQH4ASO65O8YPG0,Sharpest Galindez,24-09-2018,9176,1
5077,MCQ4X72SHSH8CRVH,DLQH4ASO65O8YPG0,Sharpest Galindez,16-12-2015,1646,1
5078,JI23IJKTW7ENZI2Y,DLQH4ASO65O8YPG0,Sharpest Galindez,01-01-2018,2924,0
5079,QY4WU85E3CUO08AI,DLQH4ASO65O8YPG0,Sharpest Galindez,26-11-2016,8487,0
5080,7AYKF4XCMA4OZU4X,DLQH4ASO65O8YPG0,Sharpest Galindez,14-10-2016,6952,0
5081,ML1INYMUN19QX59A,DLQH4ASO65O8YPG0,Sharpest Galindez,14-10-2014,6624,0
5082,5GWYE7G045GEPEBX,DLQH4ASO65O8YPG0,Sharpest Galindez,26-02-2018,7866,0
5083,8FSS0MC6YVQUKIHE,DLQH4ASO65O8YPG0,Sharpest Galindez,16-06-2015,4269,0
5084,IFWT7DX86IZE4GHJ,DLQH4ASO65O8YPG0,Sharpest Galindez,17-04-2015,4768,0
5085,3JTFT83OKAUBF9NG,DLQH4ASO65O8YPG0,Sharpest Galindez,04-02-2014,7442,0
5086,ANLSX89QMDRLLI8C,DLQH4ASO65O8YPG0,Sharpest Galindez,24-01-2018,680,1
5087,JBF5SCETMN82YMT2,DLQH4ASO65O8YPG0,Sharpest Galindez,16-03-2015,713,0
5088,CXN3W2AJJWJSII22,DLQH4ASO65O8YPG0,Sharpest Galindez,23-11-2015,9625,0
5089,FSRF5P42MX995XFO,DLQH4ASO65O8YPG0,Sharpest Galindez,10-02-2015,1706,1
5090,2ZHDPTA84QSB3SUB,1QXOTQR5VO04B1BV,Phenomenal Non-God,17-04-2018,4629,0
5091,YIS2QVHOY86UPKO9,1QXOTQR5VO04B1BV,Phenomenal Non-God,20-09-2017,5290,0
5092,TA3FM3WSTJW8NZES,1QXOTQR5VO04B1BV,Phenomenal Non-God,11-06-2017,4727,1
5093,TQ0U1LQNKGDPX6A8,1QXOTQR5VO04B1BV,Phenomenal Non-God,23-02-2014,9911,0
5094,KTU5U71VD8C0TF8I,1QXOTQR5VO04B1BV,Phenomenal Non-God,26-08-2017,1223,0
5095,N3RTBFMUKO6DW0KY,1QXOTQR5VO04B1BV,Phenomenal Non-God,01-03-2018,7586,0
5096,SMZW5TNXJYUPSA7P,1QXOTQR5VO04B1BV,Phenomenal Non-God,01-01-2014,5396,0
5097,NGVFX3AD3AWACKLV,1QXOTQR5VO04B1BV,Phenomenal Non-God,31-08-2016,5546,1
5098,N82K4QXGUPN8N9Y6,1QXOTQR5VO04B1BV,Phenomenal Non-God,04-03-2015,8150,1
5099,20H11CFOKEN0M8J1,1QXOTQR5VO04B1BV,Phenomenal Non-God,28-11-2016,4921,0
5100,I6G5W7JXJC3NUJDX,1QXOTQR5VO04B1BV,Phenomenal Non-God,27-11-2018,8948,0
5101,7CYG2JONWP3GPAS9,1QXOTQR5VO04B1BV,Phenomenal Non-God,09-07-2015,6384,0
5102,5878BUZRCMS74NRL,1QXOTQR5VO04B1BV,Phenomenal Non-God,02-12-2014,7322,0
5103,EVYH6IDUPERLPQS3,1QXOTQR5VO04B1BV,Phenomenal Non-God,05-05-2017,5920,0
5104,HBM7SU3J9OM94CQL,1QXOTQR5VO04B1BV,Phenomenal Non-God,15-12-2016,4643,0
5105,LDT77BSLIBHUL749,1QXOTQR5VO04B1BV,Phenomenal Non-God,09-03-2014,3845,1
5106,I58JI4JHQ7I9TF0E,QEBN1EM8K7C1AMPO,Representative Blowing,16-11-2015,6718,0
5107,P98NUXF1TOEXFTQ4,QEBN1EM8K7C1AMPO,Representative Blowing,23-12-2015,2388,0
5108,E8OEL0I2TXNMTE6I,QEBN1EM8K7C1AMPO,Representative Blowing,30-05-2018,3593,0
5109,A5H5DDPVRU7DAVPO,QEBN1EM8K7C1AMPO,Representative Blowing,08-08-2016,981,0
5110,GH0143AG8YXW7SIJ,QEBN1EM8K7C1AMPO,Representative Blowing,08-05-2017,1788,0
5111,TZXYWUXXWN7QLIJT,QEBN1EM8K7C1AMPO,Representative Blowing,01-01-2017,8407,0
5112,ON2LZXYLQQC96MC0,QEBN1EM8K7C1AMPO,Representative Blowing,04-02-2017,8940,1
5113,0XJAWJNLINX2WFGW,QEBN1EM8K7C1AMPO,Representative Blowing,18-06-2018,7802,0
5114,EY8UUP69DAB58RUQ,QEBN1EM8K7C1AMPO,Representative Blowing,04-12-2014,3931,0
5115,YKN9W3HYW62TV4W3,QEBN1EM8K7C1AMPO,Representative Blowing,15-01-2018,4554,0
5116,YZDTD3VFE1ECO2D3,QEBN1EM8K7C1AMPO,Representative Blowing,15-03-2014,3078,0
5117,VLTW0IQGKX40BTP2,QEBN1EM8K7C1AMPO,Representative Blowing,13-07-2016,1373,0
5118,V0NI84K17B1CV7FG,QEBN1EM8K7C1AMPO,Representative Blowing,05-09-2014,9577,0
5119,7I7UEACHFRFI6PT3,QEBN1EM8K7C1AMPO,Representative Blowing,09-08-2018,5294,0
5120,VJNR9J9IWOIE06MQ,QEBN1EM8K7C1AMPO,Representative Blowing,31-10-2017,1876,0
5121,8ZBNPNWP5VVB3QWK,QEBN1EM8K7C1AMPO,Representative Blowing,15-06-2014,9562,1
5122,VXU07UIA8PHD18XN,QEBN1EM8K7C1AMPO,Representative Blowing,26-06-2018,3150,0
5123,B3137ENFLDQHEMDA,QEBN1EM8K7C1AMPO,Representative Blowing,08-08-2017,9624,0
5124,U507P5V6N7EVSZ1F,QEBN1EM8K7C1AMPO,Representative Blowing,30-10-2017,1314,0
5125,D442QPAUQVYSAQQ7,QEBN1EM8K7C1AMPO,Representative Blowing,11-02-2014,9570,0
5126,9WQPGGOA93GDFUQ8,QEBN1EM8K7C1AMPO,Representative Blowing,13-08-2014,6968,0
5127,73QJFZR95IAF020F,QEBN1EM8K7C1AMPO,Representative Blowing,18-10-2017,1747,0
5128,04JA1KW2LKFGHRP8,QEBN1EM8K7C1AMPO,Representative Blowing,16-02-2016,779,1
5129,3JNRIKZPTU6VN8JX,L1MYBELBMAN6S198,Wee Tasso,24-07-2016,7521,0
5130,MPW5E44HKANMHW8H,L1MYBELBMAN6S198,Wee Tasso,16-12-2018,200,0
5131,S1X339WSQA1KRG2S,L1MYBELBMAN6S198,Wee Tasso,31-12-2015,2753,0
5132,QVL0OU328WTMPYKG,L1MYBELBMAN6S198,Wee Tasso,09-12-2016,6198,0
5133,X1CYY8WXF7MSBCUG,L1MYBELBMAN6S198,Wee Tasso,29-11-2015,6203,0
5134,IMC75QFOAMGXRC8D,L1MYBELBMAN6S198,Wee Tasso,17-02-2015,237,0
5135,L3IEJIGHXI0G4TV2,L1MYBELBMAN6S198,Wee Tasso,12-12-2014,3551,1
5136,81C021ESEOLY0LL4,L1MYBELBMAN6S198,Wee Tasso,25-04-2018,111,0
5137,YHEMXJX7O9FJB9Z3,L1MYBELBMAN6S198,Wee Tasso,02-03-2018,8635,0
5138,979Q2PAVE41VWGHL,L1MYBELBMAN6S198,Wee Tasso,28-07-2016,1464,1
5139,PNNS9M3AZ9N2CELE,L1MYBELBMAN6S198,Wee Tasso,08-03-2015,8985,0
5140,9VNHTJUUMUGJJVNH,L1MYBELBMAN6S198,Wee Tasso,20-10-2017,6935,0
5141,ZDG38800DD6PMOXB,L1MYBELBMAN6S198,Wee Tasso,06-02-2015,1842,0
5142,DB0EYQHP3BJ4MLO1,L1MYBELBMAN6S198,Wee Tasso,04-12-2015,8823,0
5143,W95KFFZ2YZUPV6G2,L1MYBELBMAN6S198,Wee Tasso,14-07-2015,9447,0
5144,TY7TXWKVL5T6B58P,L1MYBELBMAN6S198,Wee Tasso,22-12-2017,5626,0
5145,CEXKWR60R6FRWMM4,L1MYBELBMAN6S198,Wee Tasso,30-09-2014,3907,0
5146,DV8MFFPCA3DP1L44,L1MYBELBMAN6S198,Wee Tasso,19-10-2018,5233,0
5147,O35S2CRF27O3BJCI,L1MYBELBMAN6S198,Wee Tasso,24-12-2015,6486,0
5148,JYBWY5APC3P2CUL1,L1MYBELBMAN6S198,Wee Tasso,26-11-2014,2541,0
5149,PU0AAEZROWC2U5CX,L1MYBELBMAN6S198,Wee Tasso,18-02-2016,7520,0
5150,NT2RZUQ7EL4TA7I7,L1MYBELBMAN6S198,Wee Tasso,16-02-2017,505,0
5151,YR5QX7GZQVC8FY25,YZMDNZC3E2T7SOTV,Seventh Englishmen,29-10-2016,691,1
5152,IPOG26MDTGBMXOAF,YZMDNZC3E2T7SOTV,Seventh Englishmen,28-02-2017,7438,0
5153,ABTPM22CVY5LY23L,YZMDNZC3E2T7SOTV,Seventh Englishmen,28-02-2018,4713,0
5154,G6WO51X1DFHPKU7Y,YZMDNZC3E2T7SOTV,Seventh Englishmen,19-08-2016,5896,0
5155,WNTDTTT3Y4E13AQO,YZMDNZC3E2T7SOTV,Seventh Englishmen,18-09-2014,4418,0
5156,0CC3IGW3JYNQS9D2,YZMDNZC3E2T7SOTV,Seventh Englishmen,15-02-2015,7524,0
5157,JFHCITBQS1ZRBHRT,YZMDNZC3E2T7SOTV,Seventh Englishmen,05-03-2014,948,0
5158,57XB5DFRE2N7VK4V,YZMDNZC3E2T7SOTV,Seventh Englishmen,03-11-2016,8589,0
5159,CLH39DDTGLZ6UPOC,YZMDNZC3E2T7SOTV,Seventh Englishmen,01-09-2017,1848,1
5160,PY6JYU45DVZUTOHU,YZMDNZC3E2T7SOTV,Seventh Englishmen,05-07-2014,6963,1
5161,8IJ7G86369BDO657,YZMDNZC3E2T7SOTV,Seventh Englishmen,09-08-2014,4229,0
5162,S7M09PIWOF71ZRH8,YZMDNZC3E2T7SOTV,Seventh Englishmen,11-08-2016,1840,0
5163,UTBBFT7Z59FWZYZR,YZMDNZC3E2T7SOTV,Seventh Englishmen,08-04-2015,8492,0
5164,AEZMP38I4HT5VL3B,YZMDNZC3E2T7SOTV,Seventh Englishmen,02-02-2017,7069,0
5165,QWF389Y3EW3E0ED6,YZMDNZC3E2T7SOTV,Seventh Englishmen,11-08-2016,3213,0
5166,MGHV3BIYUWOR1RKO,YZMDNZC3E2T7SOTV,Seventh Englishmen,11-06-2015,9039,1
5167,6A1WPEZAVQ5DBAR7,YZMDNZC3E2T7SOTV,Seventh Englishmen,21-08-2017,2688,0
5168,SPWS9ZJR5YDU226Z,YZMDNZC3E2T7SOTV,Seventh Englishmen,12-03-2018,3019,0
5169,NQNZZ1HRNBUKWG4O,YZMDNZC3E2T7SOTV,Seventh Englishmen,21-03-2015,7145,1
5170,UW8RA0ALBXK1MNIN,YZMDNZC3E2T7SOTV,Seventh Englishmen,14-02-2016,3273,0
5171,5TX900SMVMLXSQ5P,YZMDNZC3E2T7SOTV,Seventh Englishmen,20-03-2014,1124,1
5172,UEZUSGXK48FSZIIG,YZMDNZC3E2T7SOTV,Seventh Englishmen,28-07-2015,4444,0
5173,U1WUBYMRMQ0HGZTU,YZMDNZC3E2T7SOTV,Seventh Englishmen,10-01-2018,1064,0
5174,C7L92UUEFTZIS1NB,YZMDNZC3E2T7SOTV,Seventh Englishmen,17-01-2014,7946,0
5175,YOROVAOHS1WE0KYU,YZMDNZC3E2T7SOTV,Seventh Englishmen,22-04-2017,4351,0
5176,FLVXR2HAEAJ12N38,YZMDNZC3E2T7SOTV,Seventh Englishmen,17-01-2018,2657,0
5177,IW7AIRG2CN6ZSTBQ,HTEPPEX1ROCFPEHJ,Impulsive Copp,18-10-2016,3795,0
5178,V7BG8670MH9G5YDF,HTEPPEX1ROCFPEHJ,Impulsive Copp,19-03-2018,8015,0
5179,VC05N0U99MENA3F5,HTEPPEX1ROCFPEHJ,Impulsive Copp,18-02-2018,1174,0
5180,H4BAABUK2TSG2KRY,HTEPPEX1ROCFPEHJ,Impulsive Copp,09-01-2014,3083,1
5181,MAKDOULX0RATSN2W,HTEPPEX1ROCFPEHJ,Impulsive Copp,01-04-2016,6976,0
5182,5Y95ECYAFR90WBXO,HTEPPEX1ROCFPEHJ,Impulsive Copp,29-05-2014,5319,0
5183,BJB266947MYZ1ML4,HTEPPEX1ROCFPEHJ,Impulsive Copp,17-06-2017,8597,0
5184,9KYT8O2M0JFPBE21,HTEPPEX1ROCFPEHJ,Impulsive Copp,19-03-2014,6073,0
5185,HINRVBUUSK7Y6PJM,HTEPPEX1ROCFPEHJ,Impulsive Copp,08-01-2017,540,0
5186,VPODRFAL9YA17KJ6,HTEPPEX1ROCFPEHJ,Impulsive Copp,25-10-2018,873,0
5187,VT1DFGSF5CB53N9D,HTEPPEX1ROCFPEHJ,Impulsive Copp,30-04-2017,8693,0
5188,7W66Z7DI7OQ04XOX,HTEPPEX1ROCFPEHJ,Impulsive Copp,12-03-2015,5163,1
5189,EJ3PJE86GN02RRQ1,HTEPPEX1ROCFPEHJ,Impulsive Copp,16-12-2018,3343,0
5190,1TYXIKWZAM3ACTE3,HTEPPEX1ROCFPEHJ,Impulsive Copp,08-05-2015,8083,1
5191,LZO7QDR2A9IU75A2,HTEPPEX1ROCFPEHJ,Impulsive Copp,15-09-2017,5403,1
5192,3Q8OYOYSSTH6RHP9,HTEPPEX1ROCFPEHJ,Impulsive Copp,01-11-2018,8456,0
5193,GCZ7EC3205PRPCES,HTEPPEX1ROCFPEHJ,Impulsive Copp,26-07-2018,8742,0
5194,6O8XLA678ZKDWVZX,HTEPPEX1ROCFPEHJ,Impulsive Copp,20-09-2017,8665,0
5195,CQTU5KEHU0F41Z9N,HTEPPEX1ROCFPEHJ,Impulsive Copp,26-11-2016,7744,0
5196,E9QP5EMJH91XPBWL,HTEPPEX1ROCFPEHJ,Impulsive Copp,22-05-2016,7503,0
5197,XEMXNMP7YQYQJP09,HTEPPEX1ROCFPEHJ,Impulsive Copp,15-07-2018,7387,0
5198,KT94QR82TGHZM9I8,HTEPPEX1ROCFPEHJ,Impulsive Copp,07-08-2016,9222,0
5199,ARYIERN4YHAS4RJX,HTEPPEX1ROCFPEHJ,Impulsive Copp,01-04-2015,7693,0
5200,ZS6IJHV0M2L9B30M,HTEPPEX1ROCFPEHJ,Impulsive Copp,03-07-2018,4978,0
5201,5DSSZEMD2UV9IBDI,HTEPPEX1ROCFPEHJ,Impulsive Copp,21-05-2018,8612,0
5202,ORFY7N919W4EW41X,HTEPPEX1ROCFPEHJ,Impulsive Copp,17-09-2016,4601,0
5203,IU7MBQT4VT68AXYT,HTEPPEX1ROCFPEHJ,Impulsive Copp,04-09-2017,9260,0
5204,SHOLSO4DDZPVE2BE,HTEPPEX1ROCFPEHJ,Impulsive Copp,18-03-2015,8271,0
5205,QUFHF7EK0BZ32TLR,HTEPPEX1ROCFPEHJ,Impulsive Copp,27-11-2017,9967,0
5206,EJCEYAPNRG3SEUVD,I0J53TUI9QUE0ENE,Yellerish Launch,24-02-2015,4074,0
5207,NMAYKFIJ8FX385J4,I0J53TUI9QUE0ENE,Yellerish Launch,09-10-2016,360,0
5208,HMDSNSBYH80HKRXC,I0J53TUI9QUE0ENE,Yellerish Launch,23-08-2014,964,0
5209,6CJUV31SPANTN2YN,I0J53TUI9QUE0ENE,Yellerish Launch,12-08-2014,7884,1
5210,HY2PYIIU1ITYCF76,I0J53TUI9QUE0ENE,Yellerish Launch,18-05-2018,9440,0
5211,DOV57GJFNL1QVU9C,I0J53TUI9QUE0ENE,Yellerish Launch,25-09-2017,2655,0
5212,UYJ3AC1IN69D2MZ5,I0J53TUI9QUE0ENE,Yellerish Launch,29-01-2017,6989,0
5213,1CUU58W477A32ABY,I0J53TUI9QUE0ENE,Yellerish Launch,14-07-2017,2211,0
5214,ZD4EX8TX1EAIZFT6,I0J53TUI9QUE0ENE,Yellerish Launch,30-03-2014,3171,1
5215,IT662W2IW0P66LFK,I0J53TUI9QUE0ENE,Yellerish Launch,08-12-2017,8307,0
5216,KLW4AQL11F6TM8T4,I0J53TUI9QUE0ENE,Yellerish Launch,20-06-2017,8518,0
5217,S86VBMG3SWUY94TW,I0J53TUI9QUE0ENE,Yellerish Launch,05-04-2014,400,1
5218,8FYMR90MGN6HVWT2,I0J53TUI9QUE0ENE,Yellerish Launch,06-08-2014,2883,1
5219,X8SIGOTF71EGFKK3,ZH2HIYBA8DBKW6RV,Youngest Profile,21-05-2018,5290,0
5220,JKMS44CB3IESCKEJ,ZH2HIYBA8DBKW6RV,Youngest Profile,30-01-2017,786,0
5221,JH8VP0G10KVL1UL7,ZH2HIYBA8DBKW6RV,Youngest Profile,16-07-2015,4931,0
5222,TOAH45GI8R93A705,ZH2HIYBA8DBKW6RV,Youngest Profile,20-05-2014,3077,0
5223,F6ZPLRF68IM34P7L,ZH2HIYBA8DBKW6RV,Youngest Profile,22-04-2016,8206,0
5224,QHPRHKFYBL0SU3D2,ZH2HIYBA8DBKW6RV,Youngest Profile,16-01-2016,8447,0
5225,7FZMHCU4RCOURZ4T,ZH2HIYBA8DBKW6RV,Youngest Profile,02-11-2014,6287,0
5226,KU6L8WKD6SZSCX7L,ZH2HIYBA8DBKW6RV,Youngest Profile,24-07-2014,6876,1
5227,OPB07IJM8VX70XLW,ZH2HIYBA8DBKW6RV,Youngest Profile,30-03-2016,4113,0
5228,XRUO4YJ650IL386K,ZH2HIYBA8DBKW6RV,Youngest Profile,04-01-2018,6823,0
5229,AUY8ELQAK0AA19X6,ZH2HIYBA8DBKW6RV,Youngest Profile,04-08-2015,1522,0
5230,9XXN060XPE7YWG7C,ZH2HIYBA8DBKW6RV,Youngest Profile,01-12-2014,8477,0
5231,IDW8K4ACMWRF6M3I,ZH2HIYBA8DBKW6RV,Youngest Profile,23-07-2015,3801,0
5232,S8QH4RLO39TOT0IR,ZH2HIYBA8DBKW6RV,Youngest Profile,24-11-2015,3131,0
5233,OAQWN0KDIJUUE0AK,ZH2HIYBA8DBKW6RV,Youngest Profile,25-09-2017,5790,0
5234,4YPWKLA02X1JCEVU,ZH2HIYBA8DBKW6RV,Youngest Profile,31-03-2016,202,1
5235,WHRFTY7SK7RJ62U1,ZH2HIYBA8DBKW6RV,Youngest Profile,20-03-2016,1245,0
5236,MEHSKEO5DW07AFWX,ZH2HIYBA8DBKW6RV,Youngest Profile,18-06-2018,8076,0
5237,G6XUXDYF09415SIH,ZH2HIYBA8DBKW6RV,Youngest Profile,29-03-2016,2850,1
5238,YC5K67JZ2CXUSC3J,ZH2HIYBA8DBKW6RV,Youngest Profile,25-11-2014,3274,0
5239,DL9O4JCSAJAZ5AEQ,ZH2HIYBA8DBKW6RV,Youngest Profile,03-11-2017,5311,0
5240,HUQ256EBJAPF0EN8,5418H7K0E2XH7V97,Wide-Awake Dunes,18-12-2014,5374,1
5241,NT91S8C5A64API7Z,5418H7K0E2XH7V97,Wide-Awake Dunes,01-12-2018,4921,0
5242,L96J0TPDUI8OBVWM,5418H7K0E2XH7V97,Wide-Awake Dunes,05-12-2015,4965,0
5243,CY0IBXUTW3I0ROUG,5418H7K0E2XH7V97,Wide-Awake Dunes,19-04-2017,7924,0
5244,XJIEASD4TFMHZIIM,5418H7K0E2XH7V97,Wide-Awake Dunes,17-12-2018,9515,0
5245,33AN2DU7JIC7T387,5418H7K0E2XH7V97,Wide-Awake Dunes,21-10-2018,7633,0
5246,GP5CTI8IEG7F3WBG,5418H7K0E2XH7V97,Wide-Awake Dunes,29-01-2018,9753,0
5247,UY4QEVVVZ25UOQSI,5418H7K0E2XH7V97,Wide-Awake Dunes,07-07-2017,1246,1
5248,AKUTAZR6JTRZMNRM,5418H7K0E2XH7V97,Wide-Awake Dunes,25-11-2017,316,0
5249,692MEM0J073JFO8C,5418H7K0E2XH7V97,Wide-Awake Dunes,07-07-2016,8615,0
5250,NGOTB0LTG6MI6LPH,5418H7K0E2XH7V97,Wide-Awake Dunes,26-07-2016,3580,0
5251,4BH23M22JYE9R1Z6,5418H7K0E2XH7V97,Wide-Awake Dunes,31-05-2017,3252,0
5252,KEV6VBK4T1XEXVR9,5418H7K0E2XH7V97,Wide-Awake Dunes,26-06-2014,9379,1
5253,1N9IUW2YDAFYJV8J,5418H7K0E2XH7V97,Wide-Awake Dunes,12-01-2018,5785,0
5254,10AFIYPGKLFEUJK4,5418H7K0E2XH7V97,Wide-Awake Dunes,27-02-2015,5095,0
5255,2VT5S8MHNUTD85HP,5418H7K0E2XH7V97,Wide-Awake Dunes,09-06-2014,8881,1
5256,J6NNBJS8UIIUVYUG,5418H7K0E2XH7V97,Wide-Awake Dunes,01-04-2014,9713,1
5257,7C5WJKEW6LD6HDLY,5418H7K0E2XH7V97,Wide-Awake Dunes,21-05-2016,9570,0
5258,I0ZQ3GTU73CGL03E,5418H7K0E2XH7V97,Wide-Awake Dunes,23-11-2018,3304,0
5259,VURBWGCBR29R5EEM,Q3VN4F98NILN7LXW,Yankee Morsels,29-04-2017,6322,0
5260,4NY96LDWP4HP4MQA,Q3VN4F98NILN7LXW,Yankee Morsels,14-02-2016,6693,0
5261,2RKHY0OHGPUFLLM8,Q3VN4F98NILN7LXW,Yankee Morsels,08-08-2017,4491,0
5262,BSJQGSIPU6BH27VB,Q3VN4F98NILN7LXW,Yankee Morsels,21-02-2016,797,0
5263,VAN5WADA2UF6652R,Q3VN4F98NILN7LXW,Yankee Morsels,18-09-2015,3686,0
5264,ZE04I0O6005OTG0H,Q3VN4F98NILN7LXW,Yankee Morsels,26-11-2018,2607,1
5265,1TK72SQAJ8AMRQZ3,Q3VN4F98NILN7LXW,Yankee Morsels,08-09-2016,2341,0
5266,6JFPL3DS1PC0RLOI,Q3VN4F98NILN7LXW,Yankee Morsels,17-04-2018,7951,1
5267,FTAWRIVMI443MIPJ,Q3VN4F98NILN7LXW,Yankee Morsels,04-07-2018,2509,0
5268,VS1I3MBUTUL4Q81F,Q3VN4F98NILN7LXW,Yankee Morsels,28-10-2018,7944,0
5269,BVMSN41YFZCVMT7V,Q3VN4F98NILN7LXW,Yankee Morsels,10-05-2016,5380,0
5270,H6YV00CL9B2PTRJW,Q3VN4F98NILN7LXW,Yankee Morsels,25-08-2018,4214,0
5271,7WMB3L0KC7E7OFEJ,Q3VN4F98NILN7LXW,Yankee Morsels,18-02-2016,615,0
5272,9CV0UC97F27ZR4OY,Q3VN4F98NILN7LXW,Yankee Morsels,21-10-2015,5046,0
5273,NNSI7UQN8QUYLH2T,Q3VN4F98NILN7LXW,Yankee Morsels,05-04-2016,4259,0
5274,XHOZW9IWBCQKJN54,Q3VN4F98NILN7LXW,Yankee Morsels,03-06-2015,6830,0
5275,4ESUZTFK9H7TIYHE,Q3VN4F98NILN7LXW,Yankee Morsels,13-05-2015,7772,0
5276,UEGUAT8YBJ26SSW0,Q3VN4F98NILN7LXW,Yankee Morsels,28-01-2015,1177,0
5277,WOQIC90ACJNZ9KLU,Q3VN4F98NILN7LXW,Yankee Morsels,06-03-2018,5946,0
5278,WQU7O64VBU3OEBOB,Q3VN4F98NILN7LXW,Yankee Morsels,19-04-2014,5682,0
5279,MNWLP13DY1373DGL,Q3VN4F98NILN7LXW,Yankee Morsels,09-10-2014,3043,0
5280,86Y5HGEF39R2BSSW,Q3VN4F98NILN7LXW,Yankee Morsels,29-10-2014,6292,1
5281,HXATDHX9B7UIECQP,Q3VN4F98NILN7LXW,Yankee Morsels,14-03-2015,5517,1
5282,NG2T19CBZH9KKKIJ,Q3VN4F98NILN7LXW,Yankee Morsels,18-04-2016,144,0
5283,MHFGA3Y9QUEF91DR,Q3VN4F98NILN7LXW,Yankee Morsels,12-07-2014,3779,0
5284,ZGHDVECPQ090PBZ0,Q3VN4F98NILN7LXW,Yankee Morsels,09-10-2018,7231,0
5285,5OKJH2LSOJWBWZCV,Q3VN4F98NILN7LXW,Yankee Morsels,25-08-2017,9391,0
5286,O8G0AHK90HWTYLKF,LI4DO7WOEAWNX17Y,Various Campsites,09-07-2015,6155,1
5287,RTPD35R4JYNM2X3G,LI4DO7WOEAWNX17Y,Various Campsites,20-08-2017,9497,0
5288,PASL5J7GPNZW5N1O,LI4DO7WOEAWNX17Y,Various Campsites,17-07-2016,4853,0
5289,346DUCWWLZDIOH8V,LI4DO7WOEAWNX17Y,Various Campsites,25-05-2018,8329,0
5290,09RE4J7CK7BQVE8I,LI4DO7WOEAWNX17Y,Various Campsites,11-10-2018,7554,0
5291,0909QS0QHFDB6VJ5,LI4DO7WOEAWNX17Y,Various Campsites,22-04-2017,9299,0
5292,5N1VUA60ILGQU0A0,LI4DO7WOEAWNX17Y,Various Campsites,10-06-2014,2603,0
5293,RODB1B8DAKSRR9G1,LI4DO7WOEAWNX17Y,Various Campsites,19-04-2016,6575,1
5294,G3TPOHYSZOHK18S9,LI4DO7WOEAWNX17Y,Various Campsites,21-11-2017,6649,0
5295,RHE1JFWCJR96VZRO,LI4DO7WOEAWNX17Y,Various Campsites,05-03-2017,3963,0
5296,B6H5SOH13KKKOLDP,LI4DO7WOEAWNX17Y,Various Campsites,09-08-2017,7606,0
5297,Y9VBCIGEJUC949UR,LI4DO7WOEAWNX17Y,Various Campsites,14-11-2018,3734,0
5298,AIUXEMDXBY3X1XLJ,LI4DO7WOEAWNX17Y,Various Campsites,09-11-2018,9311,0
5299,09CDTG178MJY26SK,LI4DO7WOEAWNX17Y,Various Campsites,15-02-2015,7285,0
5300,IOJCZKX60NWAF77K,ZPXORMEYCEAWYVH8,260-Member Nurse,01-12-2015,3518,0
5301,S2XZHW3JEA6IOFQ1,ZPXORMEYCEAWYVH8,260-Member Nurse,25-10-2018,7647,0
5302,91PARJ9VWPFLACAJ,ZPXORMEYCEAWYVH8,260-Member Nurse,18-09-2015,5496,0
5303,8P7Y01TXWK3Y5D96,ZPXORMEYCEAWYVH8,260-Member Nurse,25-08-2015,6270,0
5304,022J9KPQVBPJ4U2X,ZPXORMEYCEAWYVH8,260-Member Nurse,11-07-2016,9364,0
5305,FIPML4ML2KNY0D4W,ZPXORMEYCEAWYVH8,260-Member Nurse,08-08-2016,8620,0
5306,TXX8O4COJB2VZAYE,ZPXORMEYCEAWYVH8,260-Member Nurse,17-02-2018,9498,0
5307,7KSKNP8M9JMUZK0B,ZPXORMEYCEAWYVH8,260-Member Nurse,27-05-2015,7605,0
5308,EI9BMH7816O0N9XW,ZPXORMEYCEAWYVH8,260-Member Nurse,19-09-2018,5364,1
5309,60AJNOUYYE5ERF4I,ZPXORMEYCEAWYVH8,260-Member Nurse,19-05-2017,2543,0
5310,V3YQDFSJ7B44I2AR,ZPXORMEYCEAWYVH8,260-Member Nurse,29-03-2016,458,0
5311,M2VEEFVJDKSITQNP,ZPXORMEYCEAWYVH8,260-Member Nurse,16-10-2017,1399,1
5312,341C25B7GMHTFYZT,ZPXORMEYCEAWYVH8,260-Member Nurse,09-07-2014,9045,1
5313,RBTIEQVM880ITKAZ,ZPXORMEYCEAWYVH8,260-Member Nurse,29-03-2016,8857,0
5314,FSCPMW08UPT1UPNM,ZPXORMEYCEAWYVH8,260-Member Nurse,15-07-2014,4898,1
5315,VLDE7PDBU977XLF5,ZPXORMEYCEAWYVH8,260-Member Nurse,30-10-2015,9112,0
5316,B1FCKOK5VCM1QAOI,ZPXORMEYCEAWYVH8,260-Member Nurse,22-07-2018,9020,0
5317,BL29N2AH4ZWGG4AR,JPC809DRJ4SZCJKN,Charitable Mariano,15-11-2014,3321,0
5318,14QWUNUGDSG0UF3J,JPC809DRJ4SZCJKN,Charitable Mariano,05-01-2014,2442,0
5319,XMBJ82DUNYVGTXKR,JPC809DRJ4SZCJKN,Charitable Mariano,11-03-2015,1478,0
5320,DTJNL5W424U3LJDO,JPC809DRJ4SZCJKN,Charitable Mariano,18-04-2014,2899,1
5321,EJY6DENSB519N85K,JPC809DRJ4SZCJKN,Charitable Mariano,22-12-2016,9359,1
5322,E3MSA8CKN84R6VU0,JPC809DRJ4SZCJKN,Charitable Mariano,24-02-2015,2854,0
5323,3GLMSE8X2DME6K4V,JPC809DRJ4SZCJKN,Charitable Mariano,18-02-2018,4270,0
5324,1PXDQISQH1KZTQ4Y,JPC809DRJ4SZCJKN,Charitable Mariano,09-01-2016,9898,1
5325,68XL935NCXFM9IEJ,JPC809DRJ4SZCJKN,Charitable Mariano,10-02-2015,751,0
5326,N6079EX3NB0KOTSO,JPC809DRJ4SZCJKN,Charitable Mariano,05-06-2014,8400,0
5327,TEPCJ5PEX29693GF,JPC809DRJ4SZCJKN,Charitable Mariano,05-03-2018,4948,0
5328,XJ6JXTDR2DN5D0K0,JPC809DRJ4SZCJKN,Charitable Mariano,11-04-2017,508,0
5329,6R1ZXYZPKV705C7I,JPC809DRJ4SZCJKN,Charitable Mariano,08-09-2017,8656,0
5330,PQVIW5K2IN1DTK94,JPC809DRJ4SZCJKN,Charitable Mariano,21-03-2016,9911,0
5331,OZ3QLAQUIZHJKGD2,JPC809DRJ4SZCJKN,Charitable Mariano,20-05-2016,8600,1
5332,F02TE0AWHFNPFA8F,JPC809DRJ4SZCJKN,Charitable Mariano,25-11-2017,8215,0
5333,1EUZ4895A6HK5XU1,JPC809DRJ4SZCJKN,Charitable Mariano,19-05-2014,4849,0
5334,0VTU0M458LXJY7O1,JPC809DRJ4SZCJKN,Charitable Mariano,16-10-2017,4910,1
5335,39CC8F8RZ05NHIWD,JPC809DRJ4SZCJKN,Charitable Mariano,27-04-2015,299,0
5336,IE88ZEBY0K2RI5K8,JPC809DRJ4SZCJKN,Charitable Mariano,13-01-2016,7013,0
5337,4LIKZL418T676C1Z,FEVN0VVYK6PXX5M2,British-American Locker-Room,29-09-2017,7061,0
5338,OX44HS7SKFSZA9SO,FEVN0VVYK6PXX5M2,British-American Locker-Room,08-03-2017,4757,0
5339,S7Y5Z1NQNKWWTKYY,FEVN0VVYK6PXX5M2,British-American Locker-Room,09-09-2014,2019,0
5340,DLN2XU70GBMVINF3,FEVN0VVYK6PXX5M2,British-American Locker-Room,31-10-2016,8230,0
5341,YHIZXR64POYS73OK,FEVN0VVYK6PXX5M2,British-American Locker-Room,26-03-2016,8571,0
5342,KVW0FKQ7OC1NTIA1,FEVN0VVYK6PXX5M2,British-American Locker-Room,22-09-2015,8649,0
5343,5QZSOH2U38RM3A11,FEVN0VVYK6PXX5M2,British-American Locker-Room,25-02-2017,7513,0
5344,IOI6JOC0LRMBHWD0,FEVN0VVYK6PXX5M2,British-American Locker-Room,26-08-2017,929,0
5345,II9Y8K1CREHQEZHG,FEVN0VVYK6PXX5M2,British-American Locker-Room,28-05-2016,7644,0
5346,48W2W5Z4B276MWM7,FEVN0VVYK6PXX5M2,British-American Locker-Room,12-11-2017,5930,0
5347,YT8YWUMQSMF3L5RU,FEVN0VVYK6PXX5M2,British-American Locker-Room,27-10-2014,2420,1
5348,1FERBTC1QD0PDMBJ,FEVN0VVYK6PXX5M2,British-American Locker-Room,12-03-2017,1165,0
5349,U0UU3792WC9GAU2E,FEVN0VVYK6PXX5M2,British-American Locker-Room,05-01-2014,3862,0
5350,T7R81TLQRD78OJJM,FEVN0VVYK6PXX5M2,British-American Locker-Room,20-02-2017,8617,0
5351,R4XFGHMOX8T1TNAH,FEVN0VVYK6PXX5M2,British-American Locker-Room,17-01-2018,6165,0
5352,K9T7JFF7UYUXVUTL,FEVN0VVYK6PXX5M2,British-American Locker-Room,20-06-2015,9131,0
5353,5SO2QATAIQC0TMAB,FEVN0VVYK6PXX5M2,British-American Locker-Room,03-02-2015,1124,0
5354,Q7UNBMM2AXWZOK0R,FEVN0VVYK6PXX5M2,British-American Locker-Room,10-09-2014,9836,0
5355,PGEQU53GOKWBJPPM,FEVN0VVYK6PXX5M2,British-American Locker-Room,18-05-2016,2229,1
5356,YUJZVZM3FOMJIX1F,FEVN0VVYK6PXX5M2,British-American Locker-Room,27-04-2014,2141,1
5357,ISHT96C754JTYXVX,FEVN0VVYK6PXX5M2,British-American Locker-Room,12-04-2016,5126,1
5358,MSTDJ8PTJB0SB30B,FEVN0VVYK6PXX5M2,British-American Locker-Room,06-05-2017,414,1
5359,4FW8E4CWVEL29MV7,FEVN0VVYK6PXX5M2,British-American Locker-Room,24-10-2015,2560,0
5360,80SB6XN8J2DETSCO,FEVN0VVYK6PXX5M2,British-American Locker-Room,06-04-2015,9291,0
5361,1M7GV02I46M7K0WU,FEVN0VVYK6PXX5M2,British-American Locker-Room,08-05-2018,7554,0
5362,8W7W2CF4QSADS6RW,FEVN0VVYK6PXX5M2,British-American Locker-Room,14-11-2016,9557,0
5363,0P5K6ZHRDK2K27GX,BP0SPCBK06R0ABG7,Sour Ashley,19-12-2016,8145,0
5364,RSDDU1L34VGR3YTG,BP0SPCBK06R0ABG7,Sour Ashley,28-04-2016,3796,0
5365,3BZQZIMF8OX9K46G,BP0SPCBK06R0ABG7,Sour Ashley,23-01-2014,6430,0
5366,PELKGBDFSSZCD7I0,BP0SPCBK06R0ABG7,Sour Ashley,04-08-2016,5082,0
5367,VTN2QVGPJYBCR7YO,BP0SPCBK06R0ABG7,Sour Ashley,20-11-2015,6775,0
5368,B583RKBIPMQ2290K,BP0SPCBK06R0ABG7,Sour Ashley,25-02-2017,9667,0
5369,C427Z0K2K2018DRG,BP0SPCBK06R0ABG7,Sour Ashley,21-06-2018,5407,0
5370,4L9L06TIBT0WA4T3,BP0SPCBK06R0ABG7,Sour Ashley,12-10-2016,1788,0
5371,WAJV072YXIGWT7QT,BP0SPCBK06R0ABG7,Sour Ashley,05-08-2014,6398,0
5372,4X28P69SAS4XVOLG,BP0SPCBK06R0ABG7,Sour Ashley,30-04-2018,8447,0
5373,RF9TRKD3RNTACK60,BP0SPCBK06R0ABG7,Sour Ashley,03-06-2014,7248,0
5374,WM7WCFG8BDXMTD6U,BP0SPCBK06R0ABG7,Sour Ashley,13-01-2015,5787,0
5375,6YQ0C4FHEVP8CKNR,BP0SPCBK06R0ABG7,Sour Ashley,23-07-2017,1233,0
5376,HLN3DPUP8JTTRKYY,BP0SPCBK06R0ABG7,Sour Ashley,30-03-2015,4321,0
5377,PSAFPQ1Z7YRV6KZA,BP0SPCBK06R0ABG7,Sour Ashley,24-02-2018,5012,0
5378,JB3SJPYZJR0VPS11,BP0SPCBK06R0ABG7,Sour Ashley,20-07-2017,6106,0
5379,UTTTMZ0I03R63EU1,Q9E1PPRX3I47BBQY,Horse-Playing $56,25-03-2015,8737,1
5380,AHYACQDHET6MQGNK,Q9E1PPRX3I47BBQY,Horse-Playing $56,05-05-2017,5411,0
5381,5TVMJ13ZJ9T7GZ12,Q9E1PPRX3I47BBQY,Horse-Playing $56,27-05-2014,8345,0
5382,YUM14WOOWKKPIA7M,Q9E1PPRX3I47BBQY,Horse-Playing $56,04-11-2015,9925,0
5383,NJWFMPBZKQWVX114,Q9E1PPRX3I47BBQY,Horse-Playing $56,29-03-2014,4266,1
5384,FBQ3I8SJ0HIL4II3,Q9E1PPRX3I47BBQY,Horse-Playing $56,16-12-2015,3128,0
5385,VHMBWMO4TZ8DN9QT,Q9E1PPRX3I47BBQY,Horse-Playing $56,11-02-2017,7652,0
5386,SZ588CGCJ7D56QB3,Q9E1PPRX3I47BBQY,Horse-Playing $56,14-06-2018,9615,0
5387,KSMXEXM1S273R3VM,Q9E1PPRX3I47BBQY,Horse-Playing $56,29-10-2017,3638,0
5388,VFNY0ROVBRIOLQTT,Q9E1PPRX3I47BBQY,Horse-Playing $56,11-09-2014,2065,0
5389,HFUS5QH905PYKOMW,Q9E1PPRX3I47BBQY,Horse-Playing $56,27-07-2017,8337,0
5390,NC7SR3AMRDCTL8YZ,Q9E1PPRX3I47BBQY,Horse-Playing $56,31-08-2015,2147,0
5391,IRRAY1HGLR4N1SOG,Q9E1PPRX3I47BBQY,Horse-Playing $56,25-12-2014,6871,0
5392,ZVJXX74IWUT9WX4J,Q9E1PPRX3I47BBQY,Horse-Playing $56,01-08-2017,3222,1
5393,0MQXE9WIUW1AEY4Q,Q9E1PPRX3I47BBQY,Horse-Playing $56,05-01-2016,2286,1
5394,M7KT8JGWRSTLI573,Q9E1PPRX3I47BBQY,Horse-Playing $56,22-03-2017,3371,0
5395,PHQWJLMN7EL60K00,Q9E1PPRX3I47BBQY,Horse-Playing $56,28-06-2016,348,0
5396,9FM8Q61P832EEWXL,Q9E1PPRX3I47BBQY,Horse-Playing $56,08-03-2015,1229,0
5397,3LHBPGE60OKQ30F9,Q9E1PPRX3I47BBQY,Horse-Playing $56,15-01-2017,7551,0
5398,MWDKJV3C9SV4G4WG,Q9E1PPRX3I47BBQY,Horse-Playing $56,07-07-2015,2819,0
5399,DXRJTDHF1XDNMVBH,7RAYOD2ICR0WYNWV,Racial Carbine,08-05-2015,7852,0
5400,1KF7LGJD9H70S5ZW,7RAYOD2ICR0WYNWV,Racial Carbine,04-01-2016,6160,0
5401,R4B7944ARLTAJ5FV,7RAYOD2ICR0WYNWV,Racial Carbine,24-05-2018,9773,0
5402,9LSWKT42WAYV0J25,7RAYOD2ICR0WYNWV,Racial Carbine,05-03-2015,6998,0
5403,ZPPQO7L2H0XLO0C0,7RAYOD2ICR0WYNWV,Racial Carbine,17-11-2015,1299,0
5404,5438DXQJIWFK4TMT,7RAYOD2ICR0WYNWV,Racial Carbine,27-08-2018,4991,0
5405,90I8PWC780EJVRL6,7RAYOD2ICR0WYNWV,Racial Carbine,22-08-2018,359,0
5406,GYIJ42QTVMEHRD56,7RAYOD2ICR0WYNWV,Racial Carbine,23-06-2016,5457,0
5407,3Y5JN5QSJQQZ77NZ,7RAYOD2ICR0WYNWV,Racial Carbine,02-10-2017,7059,0
5408,9KCKFN68BUPQKJ3J,7RAYOD2ICR0WYNWV,Racial Carbine,29-08-2014,6017,0
5409,W6P4YK0P2SPK0U8Q,7RAYOD2ICR0WYNWV,Racial Carbine,16-05-2017,1037,0
5410,0LZUPU1JYZWCPD61,7RAYOD2ICR0WYNWV,Racial Carbine,03-07-2017,1315,0
5411,56GA6EZGO9VD1KG1,7RAYOD2ICR0WYNWV,Racial Carbine,29-08-2016,9338,0
5412,NNYCJW4S4CL3FWNQ,7RAYOD2ICR0WYNWV,Racial Carbine,31-05-2018,3788,0
5413,0ZQVMXQ8SPXH4J2Q,7RAYOD2ICR0WYNWV,Racial Carbine,22-09-2014,7885,1
5414,JOOC6HJWQ15Y75DL,7RAYOD2ICR0WYNWV,Racial Carbine,31-03-2016,8865,0
5415,80HK6JZ61V8Z543O,7RAYOD2ICR0WYNWV,Racial Carbine,26-06-2015,4446,0
5416,41YRYV1PTAKCZFT5,7RAYOD2ICR0WYNWV,Racial Carbine,12-03-2017,4835,0
5417,G5ZT4R9WG2TP3Q31,7RAYOD2ICR0WYNWV,Racial Carbine,26-07-2018,7261,0
5418,YH1NMB7ZCM45FYOK,7RAYOD2ICR0WYNWV,Racial Carbine,03-11-2014,3276,0
5419,3GTWDFI0AJW4MO48,7RAYOD2ICR0WYNWV,Racial Carbine,26-02-2014,8639,1
5420,Q59PXKWKVE7WK14Z,7RAYOD2ICR0WYNWV,Racial Carbine,29-10-2017,7570,0
5421,H44KBVIZ8HOXEF6S,7RAYOD2ICR0WYNWV,Racial Carbine,18-04-2014,7250,0
5422,PD5G38W33HEOX3RJ,PUD7NS1UGM5091U8,Imperious Rhenium,05-05-2017,5768,0
5423,BNNTTCA9GENR7I3B,PUD7NS1UGM5091U8,Imperious Rhenium,22-05-2017,3449,0
5424,9AYF6AANPBIB2060,PUD7NS1UGM5091U8,Imperious Rhenium,01-10-2016,7566,0
5425,MQDHOFCW4F55EAJA,PUD7NS1UGM5091U8,Imperious Rhenium,13-07-2014,5303,0
5426,J7YXUU3NFANV7KNB,PUD7NS1UGM5091U8,Imperious Rhenium,18-11-2017,6717,0
5427,MGMGOU7E6ESGYTG2,PUD7NS1UGM5091U8,Imperious Rhenium,27-02-2015,3342,0
5428,UADBV2PBT4DI3U8F,PUD7NS1UGM5091U8,Imperious Rhenium,14-08-2015,4970,0
5429,XQCDG4ELT7K8W8JJ,PUD7NS1UGM5091U8,Imperious Rhenium,08-11-2017,6088,0
5430,1N0OIYRSOPSCOSBG,PUD7NS1UGM5091U8,Imperious Rhenium,25-10-2015,8572,0
5431,SH8V2L7QGL4RPMHP,PUD7NS1UGM5091U8,Imperious Rhenium,10-11-2016,7621,0
5432,TL7TW3LWMBEO3WQN,PUD7NS1UGM5091U8,Imperious Rhenium,06-01-2014,5468,0
5433,VZI6G3X78WJADZ9Z,PUD7NS1UGM5091U8,Imperious Rhenium,02-08-2014,4959,0
5434,OCHVDBPTAA1Y1ZTX,PUD7NS1UGM5091U8,Imperious Rhenium,22-02-2018,6508,0
5435,JR348F8KUF69S5QC,PUD7NS1UGM5091U8,Imperious Rhenium,05-04-2018,926,0
5436,CYE3CH0I4V8U0A9J,PUD7NS1UGM5091U8,Imperious Rhenium,27-12-2014,9991,0
5437,6AW3EF4OE14FX9CF,PUD7NS1UGM5091U8,Imperious Rhenium,02-06-2015,4376,0
5438,U0SNRE3FJ9JVYEWS,WZ51H9ZZHN80EMKZ,Faier Partners,24-04-2016,5041,0
5439,L588T2IPQQF0RZFD,WZ51H9ZZHN80EMKZ,Faier Partners,20-07-2014,6515,0
5440,JAOOY57O7RERXZRH,WZ51H9ZZHN80EMKZ,Faier Partners,10-04-2015,2816,0
5441,C9LGYCCU49K2CWWU,WZ51H9ZZHN80EMKZ,Faier Partners,05-06-2014,6472,0
5442,IYLAOZPVEKJGCPZ1,WZ51H9ZZHN80EMKZ,Faier Partners,21-05-2016,8293,0
