Title,Company,Experience,Salary,Location,Rating,Reviews,Posted,Link
Data Analyst - (Immediate Joiners preferred),Capita,1-5 Yrs,Not Disclosed,"Hybrid - Pune, Mumbai (All Areas)",3.5,2694  Reviews,1 week ago,https://www.naukri.com/job-listings-data-analyst-immediate-joiners-preferred-capita-pune-mumbai-all-areas-1-to-5-years-140526016202
Data Analyst,Capgemini,4-9 Yrs,Not Disclosed,"Hybrid - Chennai, Delhi / NCR, Mumbai (All Areas)",3.6,54214  Reviews,3 weeks ago,https://www.naukri.com/job-listings-data-analyst-capgemini-chennai-delhi-ncr-mumbai-all-areas-4-to-9-years-021225014173
Data Analyst,Snapdeal,1-6 Yrs,Not Disclosed,Gurugram,3.5,673  Reviews,3+ weeks ago,https://www.naukri.com/job-listings-data-analyst-jasper-infotech-pvt-ltd-gurugram-1-to-6-years-221025507695
Data Analyst,Kiya.ai,3-7 Yrs,5-11 Lacs PA ,"Hybrid - Bengaluru, Mumbai (All Areas)",3.9,644  Reviews,3 days ago,https://www.naukri.com/job-listings-data-analyst-kiya-ai-bengaluru-mumbai-all-areas-3-to-7-years-200326006395
Data Analyst - Tableau/Looker/Salesforce (Remote),Indium Software,2-5 Yrs,12-16 Lacs PA ,Remote,3.9,1372  Reviews,2 weeks ago,https://www.naukri.com/job-listings-data-analyst-tableau-looker-salesforce-remote-indium-software-hyderabad-2-to-5-years-020626009571
Data Analyst,MNC,0-2 Yrs,2.75-5 Lacs PA ,"Pimpri-Chinchwad, Pune",N/A,N/A,1 day ago,https://www.naukri.com/job-listings-data-analyst-tele-infotech-pimpri-chinchwad-pune-0-to-2-years-150626039855
Data Analyst,MNC,0-1 Yrs,2.5-5 Lacs PA ,"Pimpri-Chinchwad, Pune",N/A,N/A,5 days ago,https://www.naukri.com/job-listings-data-analyst-tele-infotech-pimpri-chinchwad-pune-0-to-1-years-100626038034
Data Analyst,MNC,0-2 Yrs,2-5 Lacs PA ,"Pimpri-Chinchwad, Pune",N/A,N/A,1 week ago,https://www.naukri.com/job-listings-data-analyst-tele-infotech-pimpri-chinchwad-pune-0-to-2-years-070626005868
Data Analyst,Codinglimits Nellore,0-1 Yrs,Not Disclosed,"Hyderabad, Chennai, Bengaluru",N/A,N/A,1 day ago,https://www.naukri.com/job-listings-data-analyst-codinglimits-nellore-hyderabad-chennai-bengaluru-0-to-1-years-150626016881
Data Analyst,ti Steps,0-2 Yrs,3-4 Lacs PA ,"Hyderabad, Chennai, Bengaluru",3.9,18  Reviews,1 day ago,https://www.naukri.com/job-listings-data-analyst-ti-steps-hyderabad-chennai-bengaluru-0-to-2-years-300825010580
Walk-in || Data Analyst/AI-ML,Codepanda Academy,N/A,4.5-9.5 Lacs PA ,N/A,4.5,3  Reviews,6 days ago,https://www.naukri.com/job-listings-data-analyst-ai-ml-codepanda-academy-noida-new-delhi-gurugram-1-to-6-years-100626018328
Data Analyst,CGI,4-9 Yrs,8-16 Lacs PA ,Hybrid - Hyderabad,4.0,5499  Reviews,1 day ago,https://www.naukri.com/job-listings-data-analyst-cgi-hyderabad-4-to-9-years-150626029093
Walk-in || Data Analyst,Dunboxed,N/A,5-13 Lacs PA ,N/A,4.0,14  Reviews,1 day ago,https://www.naukri.com/job-listings-data-analyst-dunboxed-hyderabad-2-to-6-years-150626014520
Data Analyst,Vilican Technologies Pvt. Ltd.,0-2 Yrs,2-3 Lacs PA ,Aurangabad(Shendra MIDC),3.5,29  Reviews,Today,https://www.naukri.com/job-listings-data-analyst-vilican-technologies-pvt-ltd-aurangabad-0-to-2-years-160626014633
Data Analyst,Iide Education,1-4 Yrs,2.25-6 Lacs PA ,Mumbai(Lower Parel West),4.0,139  Reviews,Today,https://www.naukri.com/job-listings-data-analyst-iide-education-mumbai-1-to-4-years-160626009517
Data Analyst,Careernet,10-15 Yrs,Not Disclosed,Bengaluru,N/A,N/A,1 day ago,https://www.naukri.com/job-listings-data-analyst-careernet-bengaluru-10-to-15-years-150626016461
Data Analyst,Client of Markmakers,0-3 Yrs,Not Disclosed,Remote,N/A,N/A,Few hours ago,https://www.naukri.com/job-listings-data-analyst-mark-makers-consultancy-services-gurugram-0-to-3-years-160626032383
Data Analyst,Akal Information Systems,2-6 Yrs,Not Disclosed,"Bengaluru, Delhi / NCR, Mumbai (All Areas)",N/A,N/A,Today,https://www.naukri.com/job-listings-data-analyst-akal-information-systems-bengaluru-delhi-ncr-mumbai-all-areas-2-to-6-years-160626023201
Walk-in || Data Analyst,Leading Bank,N/A,10-18 Lacs PA ,N/A,N/A,N/A,1 day ago,https://www.naukri.com/job-listings-data-analyst-dream-solution-indore-mumbai-5-to-10-years-080626009241
IRR Liquidity PBR Data Analyst,Krazy Mantra It,6-10 Yrs,Not Disclosed,Pune,3.7,93  Reviews,1 day ago,https://www.naukri.com/job-listings-irr-liquidity-pbr-data-analyst-krazy-mantra-it-pvt-ltd-pune-6-to-10-years-150626500396
Data Analyst,ABB,2-4 Yrs,Not Disclosed,Bengaluru,4.0,3452  Reviews,1 week ago,https://www.naukri.com/job-listings-data-analyst-abb-india-limited-bengaluru-2-to-4-years-050626924288
Data Analyst,SkillLabs,0-1 Yrs,3-3.75 Lacs PA ,Ludhiana,N/A,N/A,Few hours ago,https://www.naukri.com/job-listings-data-analyst-skilllabs-ludhiana-0-to-1-years-160626028389
Data Analyst,SkillLabs,0-1 Yrs,3-3.75 Lacs PA ,Jaipur,N/A,N/A,Few hours ago,https://www.naukri.com/job-listings-data-analyst-skilllabs-jaipur-0-to-1-years-160626026442
Data Analyst,SkillLabs,0-1 Yrs,3-4.5 Lacs PA ,Gurugram,N/A,N/A,Few hours ago,https://www.naukri.com/job-listings-data-analyst-skilllabs-gurugram-0-to-1-years-160626026732
Data Analyst,Moder Solutions,1-6 Yrs,3-7 Lacs PA ,Bengaluru,3.4,328  Reviews,6 days ago,https://www.naukri.com/job-listings-data-analyst-moder-solutions-bengaluru-1-to-6-years-100626024240
Data Analyst,Grant Thornton,2-4 Yrs,3-4 Lacs PA ,Gandhinagar,N/A,N/A,5 days ago,https://www.naukri.com/job-listings-data-analyst-shell-infotech-gandhinagar-2-to-4-years-110626015770
Procurement Data Analyst,Empoweringcpo Services,1-3 Yrs,3-4.5 Lacs PA ,Ahmedabad(South Bopal),4.0,16  Reviews,1 week ago,https://www.naukri.com/job-listings-procurement-data-analyst-empoweringcpo-services-ahmedabad-1-to-3-years-200225026116
Data Analyst,Client of Talent Corner,2-4 Yrs,4-8 Lacs PA ,Bengaluru,N/A,N/A,5 days ago,https://www.naukri.com/job-listings-data-analyst-talent-corner-hr-services-bengaluru-2-to-4-years-110626028847
Data Analyst,the Sleep Company,2-3 Yrs,Not Disclosed,Mumbai(Jogeshwari West),4.2,311  Reviews,5 days ago,https://www.naukri.com/job-listings-data-analyst-the-sleep-company-mumbai-2-to-3-years-110626008188
Data Analyst,bp,3-6 Yrs,12-15 Lacs PA ,Hybrid - Pune,3.7,736  Reviews,5 days ago,https://www.naukri.com/job-listings-data-analyst-bp-pune-3-to-6-years-100626036175
Data Analyst,Inito,1-3 Yrs,Not Disclosed,Bengaluru,3.7,17  Reviews,4 days ago,https://www.naukri.com/job-listings-data-analyst-inito-bengaluru-1-to-3-years-120626502943
Data Analyst,Pinkerton,2-5 Yrs,Not Disclosed,Gurugram,3.6,267  Reviews,4 days ago,https://www.naukri.com/job-listings-data-analyst-pinkerton-gurugram-2-to-5-years-120626006701
Data Analyst,SKP Knowledge Services,1-2 Yrs,Not Disclosed,Erode,N/A,N/A,1 week ago,https://www.naukri.com/job-listings-data-analyst-skp-knowledge-services-pvt-ltd-erode-1-to-2-years-090626503039
Data Analyst,Fairdeal Market,2-4 Yrs,Not Disclosed,Gurugram,3.5,24  Reviews,5 days ago,https://www.naukri.com/job-listings-data-analyst-fairdeal-market-gurugram-2-to-4-years-110626504899
Data Analyst,Northern Arc Capital,2-4 Yrs,7-10 Lacs PA ,Chennai,3.7,218  Reviews,6 days ago,https://www.naukri.com/job-listings-data-analyst-northern-arc-capital-chennai-2-to-4-years-100626020970
Data Analyst,AMS,2-7 Yrs,Not Disclosed,Hybrid - Pune(Koregaon Park Annexe),N/A,N/A,6 days ago,https://www.naukri.com/job-listings-data-analyst-ams-pune-2-to-7-years-100626021190
Data Analyst,Prospect Info Solution,1-5 Yrs,Not Disclosed,Noida,N/A,N/A,6 days ago,https://www.naukri.com/job-listings-data-analyst-prospect-info-solution-noida-1-to-5-years-100626505721
Data Analyst,Share India Fincap Pvt Ltd.,2-5 Yrs,3.5-5 Lacs PA ,Noida(Sector 64),3.8,150  Reviews,5 days ago,https://www.naukri.com/job-listings-data-analyst-share-india-fincap-pvt-ltd-noida-2-to-5-years-110626018701
Data Analyst,Innova Solutions,7-12 Yrs,Not Disclosed,"Hybrid - Hyderabad, Bengaluru, Greater Noida",3.3,1196  Reviews,4 days ago,https://www.naukri.com/job-listings-data-analyst-innova-solutions-hyderabad-bengaluru-greater-noida-7-to-12-years-280426010915
Data Analyst,Careernet,5-8 Yrs,Not Disclosed,Hybrid - Hyderabad,N/A,N/A,4 days ago,https://www.naukri.com/job-listings-data-analyst-careernet-hyderabad-5-to-8-years-120626011886
Fresher - Data Analyst,Gravitix Tech Solutions Inc,0-1 Yrs,Not Disclosed,Visakhapatnam,N/A,N/A,5 days ago,https://www.naukri.com/job-listings-fresher-data-analyst-gravitix-tech-solutions-inc-visakhapatnam-0-to-1-years-110626504564
Data Analyst,Siemens Healthcare,3-8 Yrs,Not Disclosed,Bengaluru,4.0,382  Reviews,1 day ago,https://www.naukri.com/job-listings-data-analyst-siemens-healthcare-bengaluru-3-to-8-years-150626500949
Data Analyst,Cognizant,4-9 Yrs,Not Disclosed,Hybrid - Hyderabad,3.7,62198  Reviews,Today,https://www.naukri.com/job-listings-data-analyst-cognizant-hyderabad-4-to-9-years-080626002493
Data Analyst,Bima Kavach,1-3 Yrs,Not Disclosed,Bengaluru,4.2,22  Reviews,1 week ago,https://www.naukri.com/job-listings-data-analyst-bimakavach-bengaluru-1-to-3-years-030626501531
Data Analyst,CES LTD,3-6 Yrs,Not Disclosed,Hybrid - Hyderabad,3.3,421  Reviews,1 week ago,https://www.naukri.com/job-listings-data-analyst-ces-ltd-hyderabad-3-to-6-years-030626018814
Walk-in || Data Analyst - Immediate,Chola,N/A,Not Disclosed,N/A,3.8,6779  Reviews,Few hours ago,https://www.naukri.com/job-listings-data-analyst-immediate-chola-chennai-5-to-10-years-160626031631
Data Analyst,Incedo,3-6 Yrs,Not Disclosed,Gurugram,2.9,1375  Reviews,1 day ago,https://www.naukri.com/job-listings-data-analyst-incedo-gurugram-3-to-6-years-150626021800
Data Engineer/ Data Analyst,Varaha Systems,2-4 Yrs,Not Disclosed,Bengaluru,N/A,N/A,Today,https://www.naukri.com/job-listings-data-engineer-data-analyst-varaha-systems-inc-bengaluru-2-to-4-years-160626500759
Data Analyst,TMF Group,4-9 Yrs,Not Disclosed,"Hybrid - Pune, Bengaluru, Delhi / NCR",3.8,365  Reviews,5 days ago,https://www.naukri.com/job-listings-data-analyst-tmf-group-pune-bengaluru-delhi-ncr-4-to-9-years-140526020663
Data Analyst,Tata Consultancy Services,8-12 Yrs,15-30 Lacs PA ,Pune,3.3,115896  Reviews,Few hours ago,https://www.naukri.com/job-listings-data-analyst-tata-consultancy-services-pune-8-to-12-years-160626032798
Data Analyst,CGI,5-8 Yrs,Not Disclosed,Hybrid - Hyderabad,4.0,5499  Reviews,1 week ago,https://www.naukri.com/job-listings-data-analyst-cgi-hyderabad-5-to-8-years-080626002411
Data Analyst,Lloyds Offshore Global Services,8-15 Yrs,Not Disclosed,Hyderabad,N/A,N/A,1 week ago,https://www.naukri.com/job-listings-data-analyst-lloyds-offshore-global-services-private-limited-hyderabad-8-to-15-years-080626501161
AI and Data-Fraud Data Analyst-VG-W6-ES and F0121,EY,5-10 Yrs,Not Disclosed,Hyderabad,3.4,14833  Reviews,1 day ago,https://www.naukri.com/job-listings-ai-and-data-fraud-data-analyst-vg-w6-es-and-f0121-ernst-young-hyderabad-5-to-10-years-150626501181
Data Analyst,Ingersoll Rand,2-3 Yrs,Not Disclosed,Bengaluru,3.8,437  Reviews,Today,https://www.naukri.com/job-listings-data-analyst-ingersoll-rand-india-limited-bengaluru-2-to-3-years-160626500979
Data Analyst,Xoriant,2-7 Yrs,Not Disclosed,Hybrid - Mumbai,4.0,2345  Reviews,1 day ago,https://www.naukri.com/job-listings-data-analyst-xoriant-mumbai-2-to-7-years-150626016378
Treasury Data Analyst,Leading IT Software Company,8-13 Yrs,18-33 Lacs PA ,"Hybrid - Gurugram, Bengaluru",N/A,N/A,1 day ago,https://www.naukri.com/job-listings-treasury-data-analyst-lib-cap-infotech-gurugram-bengaluru-8-to-13-years-150626010387
Salesforce Data Analyst,Luxoft,3-7 Yrs,Not Disclosed,Pune,3.6,843  Reviews,1 week ago,https://www.naukri.com/job-listings-salesforce-data-analyst-luxoft-india-llp-pune-3-to-7-years-050626924308
Data Analyst,ti Steps,8-10 Yrs,Not Disclosed,Bengaluru,3.9,18  Reviews,1 day ago,https://www.naukri.com/job-listings-data-analyst-ti-steps-bengaluru-8-to-10-years-150626021294
Online Data Analyst - Kannada,TELUS Digital,0-2 Yrs,Not Disclosed,Remote,3.5,1960  Reviews,2 weeks ago,https://www.naukri.com/job-listings-online-data-analyst-kannada-telus-digital-bengaluru-0-to-2-years-040325916691
Data Analyst (With Python),Coforge,2-4 Yrs,Not Disclosed,Noida,3.3,8954  Reviews,2 weeks ago,https://www.naukri.com/job-listings-data-analyst-with-python-coforge-noida-2-to-4-years-010626001754
Data & AI Analyst,Pozent,0-1 Yrs,Not Disclosed,Chennai,2.3,37  Reviews,Few hours ago,https://www.naukri.com/job-listings-data-ai-analyst-pozent-chennai-0-to-1-years-160626502485
Data Analyst,Wissen Technology,2-6 Yrs,Not Disclosed,Bengaluru,3.8,682  Reviews,4 days ago,https://www.naukri.com/job-listings-data-analyst-wissen-technology-bengaluru-2-to-6-years-120626017040
DATA ANALYST,Godigi Infotech,N/A,Unpaid ,Pune,4.5,6  Reviews,Starts in 1-3 months,https://www.naukri.com/job-listings-data-analyst-godigi-infotech-pune-0-to-1-years-130126506831
Data Analyst,Wissen Technology,4-7 Yrs,10-20 Lacs PA ,Bengaluru,3.8,682  Reviews,4 days ago,https://www.naukri.com/job-listings-data-analyst-wissen-technology-bengaluru-4-to-7-years-120626024382
Data Analyst,Wissen Technology,4-7 Yrs,Not Disclosed,Bengaluru,3.8,682  Reviews,4 days ago,https://www.naukri.com/job-listings-data-analyst-wissen-technology-bengaluru-4-to-7-years-120626024271
Data Analyst,Asakta Electronics And Communications,1-2 Yrs,Not Disclosed,Visakhapatnam,3.4,16  Reviews,1 day ago,https://www.naukri.com/job-listings-data-analyst-asakta-electronics-and-communications-visakhapatnam-1-to-2-years-150626009690
Data Analyst,Edgemed Healthcare,1-4 Yrs,Not Disclosed,Mumbai,N/A,N/A,1 week ago,https://www.naukri.com/job-listings-data-analyst-edgemed-healthcare-mumbai-1-to-4-years-030626501583
Data Analyst,Skechers,1-2 Yrs,2.5-4.5 Lacs PA ,Dombivli,4.1,232  Reviews,Today,https://www.naukri.com/job-listings-data-analyst-skechers-dombivli-1-to-2-years-160626021655
Data Analyst,CGI,4-8 Yrs,8-16 Lacs PA ,Hybrid - Hyderabad,4.0,5499  Reviews,5 days ago,https://www.naukri.com/job-listings-data-analyst-cgi-hyderabad-4-to-8-years-110626015462
Data Analyst,Webtis Software Solutions,2-5 Yrs,Not Disclosed,Bareilly,5.0,4  Reviews,Few hours ago,https://www.naukri.com/job-listings-data-analyst-webtis-software-solutions-bareilly-2-to-5-years-160626503284
Data Analyst,Ashoka Builders,2-4 Yrs,Not Disclosed,Hyderabad(Gachibowli),3.7,106  Reviews,Today,https://www.naukri.com/job-listings-data-analyst-asbl-private-limited-hyderabad-2-to-4-years-160626024589
Data Analyst,Statusneo Technology Consulting,3-8 Yrs,6-13 Lacs PA ,"Hybrid - Gurugram, Bengaluru",4.1,521  Reviews,4 days ago,https://www.naukri.com/job-listings-data-analyst-statusneo-technology-consulting-gurugram-bengaluru-3-to-8-years-120626005280
Data Analyst,Movate Technologies,5-7 Yrs,18-20 Lacs PA ,Gurugram,3.1,2676  Reviews,1 day ago,https://www.naukri.com/job-listings-data-analyst-movate-technologies-gurugram-5-to-7-years-140626003369
Data Analyst(SJ-IQ),SE Mentor,4-9 Yrs,Not Disclosed,Kochi,3.6,75  Reviews,Today,https://www.naukri.com/job-listings-data-analyst-sj-iq-se-mentor-solutions-p-ltd-kochi-4-to-9-years-160626500777
Data Analyst,Ascendion Engineering,2-7 Yrs,Not Disclosed,Hybrid - Mumbai,N/A,N/A,1 week ago,https://www.naukri.com/job-listings-data-analyst-ascendion-engineering-mumbai-2-to-7-years-050626009935
Data Analyst,NNE,2-7 Yrs,Not Disclosed,Bengaluru,3.5,173  Reviews,6 days ago,https://www.naukri.com/job-listings-data-analyst-nne-pharmaplan-bengaluru-2-to-7-years-100626506004
People Data Analyst,Ventra Health,1-4 Yrs,Not Disclosed,Chennai,3.1,239  Reviews,Today,https://www.naukri.com/job-listings-people-data-analyst-ventra-health-chennai-1-to-4-years-160626022049
Data Analyst,Krazy Mantra It,8-14 Yrs,Not Disclosed,"Pune, Chennai",3.7,93  Reviews,1 day ago,https://www.naukri.com/job-listings-data-analyst-krazy-mantra-it-pvt-ltd-pune-chennai-8-to-14-years-150626501607
Data Analyst,Cradlepoint,6-11 Yrs,Not Disclosed,Noida,3.6,18  Reviews,4 days ago,https://www.naukri.com/job-listings-data-analyst-cradlepoint-part-of-ericsson-noida-6-to-11-years-120626504002
Data Analyst,Sopra Steria,3-5 Yrs,Not Disclosed,Noida,3.9,2352  Reviews,1 week ago,https://www.naukri.com/job-listings-data-analyst-sopra-steria-noida-3-to-5-years-090626017461
Data Analyst,ADA Global,0-1 Yrs,Not Disclosed,Bengaluru,4.0,6  Reviews,3+ weeks ago,https://www.naukri.com/job-listings-data-analyst-ada-global-bengaluru-0-to-1-years-060226501811
Data Analyst,Sisco Jobs,0-1 Yrs,Not Disclosed,Thrissur,3.2,7  Reviews,1 week ago,https://www.naukri.com/job-listings-data-analyst-sisco-jobs-thrissur-0-to-1-years-030626504229
Data Analyst,Wipro,2-4 Yrs,5-12 Lacs PA ,Hybrid - Bengaluru,3.6,65870  Reviews,1 week ago,https://www.naukri.com/job-listings-data-analyst-wipro-bengaluru-2-to-4-years-050626012251
Data Analyst,Indium Corporation,2-5 Yrs,Not Disclosed,Bengaluru,N/A,N/A,5 days ago,https://www.naukri.com/job-listings-data-analyst-indium-corporation-bengaluru-2-to-5-years-110626503152
Data Analyst,Indium Corporation,2-5 Yrs,Not Disclosed,Bengaluru,N/A,N/A,5 days ago,https://www.naukri.com/job-listings-data-analyst-indium-corporation-bengaluru-2-to-5-years-110626503758
Data Analyst-Gurgaon,EY,5-10 Yrs,Not Disclosed,"Hybrid - New Delhi, Gurugram, Delhi / NCR",3.4,14833  Reviews,Today,https://www.naukri.com/job-listings-data-analyst-gurgaon-ey-new-delhi-gurugram-delhi-ncr-5-to-10-years-160626012999
Data Analyst,Indium Corporation,1-2 Yrs,Not Disclosed,Hyderabad,N/A,N/A,5 days ago,https://www.naukri.com/job-listings-data-analyst-indium-corporation-hyderabad-1-to-2-years-110626503446
Data Analyst,Indium Corporation,2-5 Yrs,Not Disclosed,Hyderabad,N/A,N/A,5 days ago,https://www.naukri.com/job-listings-data-analyst-indium-corporation-hyderabad-2-to-5-years-110626503149
Data Analyst,Vrinda International,2-6 Yrs,Not Disclosed,Coimbatore,N/A,N/A,1 week ago,https://www.naukri.com/job-listings-data-analyst-vrinda-international-coimbatore-2-to-6-years-090626504509
Data Analyst,Wissen Technology,2-6 Yrs,Not Disclosed,Bengaluru,3.8,682  Reviews,4 days ago,https://www.naukri.com/job-listings-data-analyst-wissen-technology-bengaluru-2-to-6-years-120626014210
Data Analyst,Rentomojo,2-5 Yrs,Not Disclosed,Bengaluru,3.7,267  Reviews,5 days ago,https://www.naukri.com/job-listings-data-analyst-rentomojo-bengaluru-2-to-5-years-110626501796
Data Analyst,Kiya.ai,5-7 Yrs,5-11 Lacs PA ,"Hybrid - Mumbai Suburban, Navi Mumbai, Mumbai (All Areas)",3.9,644  Reviews,3 days ago,https://www.naukri.com/job-listings-data-analyst-kiya-ai-mumbai-suburban-navi-mumbai-mumbai-all-areas-5-to-7-years-050626009639
Data Analyst (IoT),Log9 Materials,0-6 Yrs,Not Disclosed,Bengaluru,3.3,152  Reviews,3+ weeks ago,https://www.naukri.com/job-listings-data-analyst-iot-log9-materials-bengaluru-0-to-6-years-110325506630
Data Analyst,Themathcompany,5-7 Yrs,Not Disclosed,Bengaluru,3.1,517  Reviews,1 week ago,https://www.naukri.com/job-listings-data-analyst-themathcompany-bengaluru-5-to-7-years-050626010717
Data Analyst,Creditsafe,4-6 Yrs,Not Disclosed,Hyderabad,3.0,27  Reviews,5 days ago,https://www.naukri.com/job-listings-data-analyst-creditsafe-technology-hyderabad-4-to-6-years-110626501737
Data Analyst,Themathcompany,4-6 Yrs,Not Disclosed,Bengaluru,3.1,517  Reviews,1 week ago,https://www.naukri.com/job-listings-data-analyst-themathcompany-bengaluru-4-to-6-years-080626500943
Data Analyst,Diverse Lynx,5-7 Yrs,Not Disclosed,Bengaluru,3.4,389  Reviews,6 days ago,https://www.naukri.com/job-listings-data-analyst-diverse-lynx-bengaluru-5-to-7-years-100626503519
Data Analyst - Service Now,Virtusa,8-12 Yrs,Not Disclosed,"Hybrid - Hyderabad, Chennai, Bengaluru",3.7,6200  Reviews,1 week ago,https://www.naukri.com/job-listings-data-analyst-service-now-virtusa-hyderabad-chennai-bengaluru-8-to-12-years-050626006353
Data Analyst,Acciojob,0-2 Yrs,4-9 Lacs PA ,"Chennai, Bengaluru",3.5,115  Reviews,3 weeks ago,https://www.naukri.com/job-listings-data-analyst-acciojob-chennai-bengaluru-0-to-2-years-260526033652
Data Analyst,City Montessori School (CMS),0-3 Yrs,Not Disclosed,Lucknow,3.5,217  Reviews,2 weeks ago,https://www.naukri.com/job-listings-data-analyst-city-montessori-school-cms-lucknow-0-to-3-years-300526014475
Data Analyst,Tata Consultancy Services,4-8 Yrs,25-40 Lacs PA ,"Pune, Bengaluru",3.3,115896  Reviews,3+ weeks ago,https://www.naukri.com/job-listings-data-analyst-tata-consultancy-services-pune-bengaluru-4-to-8-years-190526010408
Data analyst,Inginit,0-3 Yrs,Not Disclosed,Mumbai,4.4,7  Reviews,3+ weeks ago,https://www.naukri.com/job-listings-data-analyst-inginit-mumbai-0-to-3-years-020925501272
Data Analyst,Ample Softech System,0-3 Yrs,"50,000-2.5 Lacs PA ","Nagpur, Pune",4.7,51  Reviews,2 weeks ago,https://www.naukri.com/job-listings-data-analyst-ample-softech-system-nagpur-pune-0-to-3-years-270426007790
Data Analyst,Nestle,1-3 Yrs,Not Disclosed,Gurugram,3.8,2797  Reviews,1 week ago,https://www.naukri.com/job-listings-data-analyst-nestle-gurugram-1-to-3-years-040626018696
Data Analyst,Clustor Computing,0-2 Yrs,Not Disclosed,Nagpur,3.9,17  Reviews,3+ weeks ago,https://www.naukri.com/job-listings-data-analyst-cluster-computing-nagpur-0-to-2-years-190326505544
Data Analyst,E4 Softwares,0-3 Yrs,Not Disclosed,Mumbai,3.7,14  Reviews,3+ weeks ago,https://www.naukri.com/job-listings-data-analyst-e4-softwares-mumbai-0-to-3-years-170426502441
Data Analyst,Ebizneeds (India) Internet Solutions Pvt. Ltd,0-3 Yrs,Not Disclosed,Jaipur,3.4,27  Reviews,3+ weeks ago,https://www.naukri.com/job-listings-data-analyst-ebizneeds-india-internet-solutions-pvt-ltd-jaipur-0-to-3-years-140725501950
Data Analyst,Maven Marketing,0-7 Yrs,Not Disclosed,Chennai,4.1,50  Reviews,3+ weeks ago,https://www.naukri.com/job-listings-data-analyst-maven-marketing-private-limited-chennai-0-to-7-years-260326501210
Data Analyst,Puresoftware Technology,3-7 Yrs,10-18 Lacs PA ,Hybrid - Gurugram,2.9,589  Reviews,4 days ago,https://www.naukri.com/job-listings-data-analyst-puresoftware-technology-gurugram-3-to-7-years-120626019009
Data Analyst - 10th April - Virtual Interview - Pan India,Tata Consultancy Services,7-12 Yrs,Not Disclosed,"India, Bengaluru, Mumbai (All Areas)",3.3,115896  Reviews,2 weeks ago,https://www.naukri.com/job-listings-data-analyst-10th-april-virtual-interview-pan-india-tata-consultancy-services-bengaluru-mumbai-all-areas-india-7-to-12-years-090426005873
Data Analyst,Legistify,0-1 Yrs,Not Disclosed,Gurugram,2.3,12  Reviews,3+ weeks ago,https://www.naukri.com/job-listings-data-analyst-legistify-gurugram-0-to-1-years-221124503733
Data Analyst - 5th Mar (Thursday)- Virtual Interview- Pan India,Tata Consultancy Services,8-13 Yrs,Not Disclosed,"India, Kolkata, Hyderabad",3.3,115896  Reviews,1 week ago,https://www.naukri.com/job-listings-data-analyst-5th-mar-thursday-virtual-interview-pan-india-tata-consultancy-services-kolkata-hyderabad-india-8-to-13-years-190226007827
Data Analyst - Noida,Optum,4-8 Yrs,16-25 Lacs PA ,Hybrid - Noida,4.0,8091  Reviews,1 week ago,https://www.naukri.com/job-listings-data-analyst-noida-optum-noida-4-to-8-years-030626027156
Data Analyst (Deployment),Legistify,0-2 Yrs,Not Disclosed,Gurugram,2.3,12  Reviews,3+ weeks ago,https://www.naukri.com/job-listings-data-analyst-deployment-legistify-gurugram-0-to-2-years-221124503740
Data Analyst,Aaheli Consultants,5-8 Yrs,Not Disclosed,"Hybrid - Gurugram, Bengaluru",N/A,N/A,1 week ago,https://www.naukri.com/job-listings-data-analyst-aaheli-consultants-gurugram-bengaluru-5-to-8-years-040626029060
AI / ML - Data Analyst,Satven,5-9 Yrs,Not Disclosed,Chennai,3.4,371  Reviews,2 weeks ago,https://www.naukri.com/job-listings-ai-ml-data-analyst-satyam-venture-engineering-services-chennai-5-to-9-years-020626502214
Data Analyst,Indian School of Business & Finance (ISBF),2-5 Yrs,Not Disclosed,"Prayagraj, Varanasi, Ghaziabad, Kanpur, Lucknow, Agra",3.6,5  Reviews,2 weeks ago,https://www.naukri.com/job-listings-data-analyst-indian-school-of-business-and-finance-prayagraj-varanasi-ghaziabad-kanpur-lucknow-agra-2-to-5-years-010626503487
Data Analyst,Acciojob,0-2 Yrs,4-9 Lacs PA ,"Noida, Hyderabad, Pune",3.5,115  Reviews,3 weeks ago,https://www.naukri.com/job-listings-data-analyst-acciojob-noida-hyderabad-pune-0-to-2-years-260526033072
Data Analyst,Magellanic Cloud,5-8 Yrs,8-18 Lacs PA ,"Hyderabad, Pune, Bengaluru",2.0,41  Reviews,2 weeks ago,https://www.naukri.com/job-listings-data-analyst-magellanic-cloud-hyderabad-pune-bengaluru-5-to-8-years-010626002873
Data Analyst,Nineleaps,2-4 Yrs,Not Disclosed,Bengaluru,4.2,236  Reviews,2 weeks ago,https://www.naukri.com/job-listings-data-analyst-nineleaps-bengaluru-2-to-4-years-290526505346
Fresher - Data Analyst,Zyphra Tech Solutions Inc,N/A,Unpaid ,Hyderabad,N/A,N/A,Starts in 1-3 months,https://www.naukri.com/job-listings-fresher-data-analyst-zyphra-tech-solutions-inc-hyderabad-1-to-6-years-080626502593
Data Analyst,Kawen Manpower,1-4 Yrs,Not Disclosed,Bengaluru,N/A,N/A,1 week ago,https://www.naukri.com/job-listings-data-analyst-kawen-manpower-bengaluru-1-to-4-years-050626502645
Walk-in || Data Analyst,Indmax It Services,N/A,Not Disclosed,N/A,3.7,58  Reviews,Today,https://www.naukri.com/job-listings-data-analyst-indmax-it-services-hyderabad-1-to-2-years-160626024661
Data Analyst,Ohara IT Solutions,1-5 Yrs,4-9 Lacs PA ,Mumbai,N/A,N/A,1 week ago,https://www.naukri.com/job-listings-data-analyst-ohara-it-solutions-mumbai-1-to-5-years-080626011352
Data Analyst,CGI,5-7 Yrs,8-18 Lacs PA ,Hybrid - Hyderabad,4.0,5499  Reviews,3+ weeks ago,https://www.naukri.com/job-listings-data-analyst-cgi-hyderabad-5-to-7-years-150526018833
Data Analyst,BMW Techworks India,3-6 Yrs,Not Disclosed,Pune,3.1,83  Reviews,1 week ago,https://www.naukri.com/job-listings-data-analyst-bmw-techworks-india-private-limited-pune-3-to-6-years-080626503229
Data Engineer / Analyst,We Shine Academy,0-3 Yrs,Not Disclosed,Chennai,3.0,22  Reviews,3+ weeks ago,https://www.naukri.com/job-listings-data-engineer-analyst-we-shine-academic-chennai-0-to-3-years-080125502324
Data Analyst,The Briminc,1-3 Yrs,Not Disclosed,Bengaluru,N/A,N/A,1 week ago,https://www.naukri.com/job-listings-data-analyst-the-briminc-bengaluru-1-to-3-years-030626504105
Data Analyst,Ocwen Financial Corporation,6-9 Yrs,Not Disclosed,"Hybrid - Pune, Bengaluru, Mumbai (All Areas)",3.8,1163  Reviews,2 weeks ago,https://www.naukri.com/job-listings-data-analyst-ocwen-financial-corporation-pune-bengaluru-mumbai-all-areas-6-to-9-years-020626018811
Hiring Data Analyst (SQL+Python),Motivity Labs,5-9 Yrs,Not Disclosed,Hyderabad,3.0,128  Reviews,6 days ago,https://www.naukri.com/job-listings-hiring-data-analyst-sql-python-motivity-labs-hyderabad-5-to-9-years-240526002724
Data Analyst,Lloyds Offshore Global Services,2-6 Yrs,Not Disclosed,Hyderabad,N/A,N/A,1 week ago,https://www.naukri.com/job-listings-data-analyst-lloyds-offshore-global-services-private-limited-hyderabad-2-to-6-years-080626502600
Data Analyst,Lloyds Offshore Global Services,5-11 Yrs,Not Disclosed,Hyderabad,N/A,N/A,1 week ago,https://www.naukri.com/job-listings-data-analyst-lloyds-offshore-global-services-private-limited-hyderabad-5-to-11-years-080626502259
Measurement Data Analyst,Tata Technologies,3-8 Yrs,Not Disclosed,"Pune, Chennai",3.4,3307  Reviews,1 day ago,https://www.naukri.com/job-listings-measurement-data-analyst-tata-technologies-pune-chennai-3-to-8-years-150626033759
"Data Analyst ( APLD , LAAD)",PRI Global,5-9 Yrs,9-13 Lacs PA ,Hybrid - Bengaluru,N/A,N/A,2 weeks ago,https://www.naukri.com/job-listings-data-analyst-apld-laad-pri-india-it-services-bengaluru-5-to-9-years-270426003938
Data Analyst,Lloyds Offshore Global Services,2-5 Yrs,Not Disclosed,Hyderabad,N/A,N/A,1 week ago,https://www.naukri.com/job-listings-data-analyst-lloyds-offshore-global-services-private-limited-hyderabad-2-to-5-years-080626502643
Salesforce Data Analyst,Luxoft,8-10 Yrs,Not Disclosed,"Pune, Bengaluru",3.6,843  Reviews,1 week ago,https://www.naukri.com/job-listings-salesforce-data-analyst-luxoft-pune-bengaluru-8-to-10-years-040626011844
Data Analyst Mechanical/Instrumentation,Idexcel,4-7 Yrs,Not Disclosed,"Bengaluru, Vadodara",N/A,N/A,1 week ago,https://www.naukri.com/job-listings-data-analyst-mechanical-instrumentation-idexcel-bengaluru-vadodara-4-to-7-years-010426010667
Knowledge Analyst Data Curation & Classification,Sia Partners,2-7 Yrs,Not Disclosed,Mumbai,4.5,5  Reviews,1 day ago,https://www.naukri.com/job-listings-knowledge-analyst-data-curation-classification-sia-partners-mumbai-2-to-7-years-150626501455
Data Analyst,Lloyds Technology Centre India,8-15 Yrs,Not Disclosed,Hyderabad,3.5,268  Reviews,3 weeks ago,https://www.naukri.com/job-listings-data-analyst-lloyds-technology-centre-india-hyderabad-8-to-15-years-260526503203
Data Analyst,TechBlocks,5-10 Yrs,Not Disclosed,"Hyderabad, Ahmedabad",3.2,118  Reviews,2 weeks ago,https://www.naukri.com/job-listings-data-analyst-techblocks-consulting-pvt-ltd-hyderabad-ahmedabad-5-to-10-years-010626922994
Data Analyst,V Patrol,1-4 Yrs,Not Disclosed,Gurugram,1.7,9  Reviews,1 week ago,https://www.naukri.com/job-listings-data-analyst-vpatrol-ai-private-limited-gurugram-1-to-4-years-030626505047
Data Analyst,Guidehouse,1-6 Yrs,Not Disclosed,Thiruvananthapuram,3.6,981  Reviews,1 week ago,https://www.naukri.com/job-listings-data-analyst-guidehouse-thiruvananthapuram-1-to-6-years-080626500825
Data Analyst,Skylink Fibernet,2-6 Yrs,Not Disclosed,Coimbatore,2.7,43  Reviews,1 week ago,https://www.naukri.com/job-listings-data-analyst-skylink-fibernet-coimbatore-2-to-6-years-030626502558
Data Analyst,Bicxo - Enterprise Performance Management,3-6 Yrs,Not Disclosed,Thane,N/A,N/A,1 week ago,https://www.naukri.com/job-listings-data-analyst-bicxo-enterprise-performance-management-thane-3-to-6-years-040626501243
Data Analyst,Black Box,4-8 Yrs,5-10 Lacs PA ,Bengaluru,2.9,296  Reviews,3+ weeks ago,https://www.naukri.com/job-listings-data-analyst-black-box-bengaluru-4-to-8-years-180526006767
QC Data Analyst,Straive,5-10 Yrs,Not Disclosed,Remote,3.3,2359  Reviews,1 week ago,https://www.naukri.com/job-listings-qc-data-analyst-straive-chennai-5-to-10-years-040626022036
Transportation Data Analyst,ADVICS,2-5 Yrs,Not Disclosed,Rohtak,4.1,108  Reviews,2 weeks ago,https://www.naukri.com/job-listings-transportation-data-analyst-advics-rohtak-2-to-5-years-010626502440
Data Analyst,Shell Info Technologies,5-10 Yrs,8-18 Lacs PA ,Shillong,N/A,N/A,3 weeks ago,https://www.naukri.com/job-listings-data-analyst-shell-infotech-shillong-5-to-10-years-200526043517
Data Analyst,Amgen Inc,8-13 Yrs,Not Disclosed,Hyderabad,2.8,166  Reviews,2 weeks ago,https://www.naukri.com/job-listings-data-analyst-amgen-inc-hyderabad-8-to-13-years-020626924622
Data Analyst Data Office,Optimum Solutions,3-8 Yrs,Not Disclosed,Chennai,3.2,670  Reviews,1 week ago,https://www.naukri.com/job-listings-data-analyst-data-office-optimum-infosystem-pvt-ltd-chennai-3-to-8-years-080626501330
Data Analyst/WFM Analyst,Net Impact Solutions,4-6 Yrs,Not Disclosed,Noida,3.4,124  Reviews,1 week ago,https://www.naukri.com/job-listings-data-analyst-wfm-analyst-net-impact-solutions-noida-4-to-6-years-080626008890
Data Analyst,dt,6-11 Yrs,5-11 Lacs PA ,Hyderabad,N/A,N/A,1 week ago,https://www.naukri.com/job-listings-data-analyst-orcapod-consulting-services-hyderabad-6-to-11-years-150225005334
Data Analyst,Sia Partners,3-6 Yrs,Not Disclosed,Mumbai,4.5,5  Reviews,1 week ago,https://www.naukri.com/job-listings-data-analyst-sia-partners-mumbai-3-to-6-years-030626502245
Excellent Job Opening  _ Data Analyst _ Chennai,Clover Infotech,7-12 Yrs,Not Disclosed,Chennai,3.3,1685  Reviews,1 week ago,https://www.naukri.com/job-listings-excellent-opening-data-analyst-chennai-clover-infotech-chennai-7-to-12-years-040626022993
Data analyst,Dr Agarwals Eye Hospital,2-4 Yrs,Not Disclosed,Mumbai,3.8,538  Reviews,2 weeks ago,https://www.naukri.com/job-listings-data-analyst-dr-agarwals-eye-hospital-mumbai-2-to-4-years-020626017085
Underwriter & Data Analyst,Maruti Insurance,1-5 Yrs,Not Disclosed,Gurugram(Cyber City),4.3,93  Reviews,2 weeks ago,https://www.naukri.com/job-listings-underwriter-data-analyst-maruti-insurance-gurugram-1-to-5-years-020626006828
Data Analyst,LKQ India,3-6 Yrs,Not Disclosed,Bengaluru,3.3,450  Reviews,2 weeks ago,https://www.naukri.com/job-listings-data-analyst-lkq-india-bengaluru-3-to-6-years-290526012009
Data Analyst,Medusind,1-6 Yrs,Not Disclosed,Mumbai,3.5,842  Reviews,2 weeks ago,https://www.naukri.com/job-listings-data-analyst-medusind-solutions-mumbai-1-to-6-years-010626501575
Data Analyst,Puresoftware Technology,2-7 Yrs,Not Disclosed,"Noida, Gurugram, Manesar",2.9,589  Reviews,1 week ago,https://www.naukri.com/job-listings-data-analyst-puresoftware-technology-noida-gurugram-manesar-2-to-7-years-080626001131
Data Analyst,HMH Technology Private Limited,2-4 Yrs,Not Disclosed,Pune,4.6,28  Reviews,2 weeks ago,https://www.naukri.com/job-listings-data-analyst-houghton-mifflin-harcourt-technology-private-limit-ed-pune-2-to-4-years-010626922781
Data Analysts,PRODAT,1-3 Yrs,Not Disclosed,Bengaluru,3.1,48  Reviews,3+ weeks ago,https://www.naukri.com/job-listings-data-analysts-prodat-bengaluru-1-to-3-years-131125503843
Data Analyst,Corporate Web Solutions,N/A,Unpaid ,Bengaluru,N/A,N/A,Starts in 1-3 months,https://www.naukri.com/job-listings-data-analyst-corporate-web-solutions-bengaluru-1-to-4-years-160525501890
Data Analyst,Capco,0-7 Yrs,Not Disclosed,Pune,3.8,698  Reviews,3+ weeks ago,https://www.naukri.com/job-listings-data-analyst-capco-technologies-pvt-ltd-pune-0-to-7-years-110526502223
Data Analyst,ExcelR,1-4 Yrs,Not Disclosed,Bengaluru,3.6,1217  Reviews,3+ weeks ago,https://www.naukri.com/job-listings-data-analyst-excelr-solutions-bengaluru-1-to-4-years-110326500153
Data Analyst,The Art Of Living Human Resources,2-4 Yrs,Not Disclosed,Bengaluru,N/A,N/A,3+ weeks ago,https://www.naukri.com/job-listings-data-analyst-the-art-of-living-human-resource-bengaluru-2-to-4-years-230426504671
Data Analyst,Mudra Ooh,2-7 Yrs,Not Disclosed,Bengaluru,N/A,N/A,3+ weeks ago,https://www.naukri.com/job-listings-data-analyst-mudra-ooh-bengaluru-2-to-7-years-130226506067
Data Analyst,Rohan Builders & Developers,4-8 Yrs,Not Disclosed,Nagar,4.1,872  Reviews,3+ weeks ago,https://www.naukri.com/job-listings-data-analyst-rohan-builders-developers-nagar-4-to-8-years-020426504774
Data Anonymization Analyst,Innova Solutions,4-9 Yrs,Not Disclosed,Hybrid - Bengaluru,3.3,1196  Reviews,3 days ago,https://www.naukri.com/job-listings-data-anonymization-analyst-innova-solutions-bengaluru-4-to-9-years-050626019999
Data Integration Analyst,Alstom,4-9 Yrs,Not Disclosed,Bengaluru,3.7,3353  Reviews,1 week ago,https://www.naukri.com/job-listings-data-integration-analyst-alstom-transport-india-ltd-bengaluru-4-to-9-years-080626934022
Data Analyst,TALENTPULL AND INFRASTRUCTURE PRIVATE LIMITED,0-2 Yrs,2-4.25 Lacs PA ,Gurugram,N/A,N/A,1 week ago,https://www.naukri.com/job-listings-data-analyst-talentpull-and-infrastructure-gurugram-0-to-2-years-050626007781
Data Verification Analyst,Foundation Ai,0-5 Yrs,Not Disclosed,"Kolkata, Mumbai, New Delhi, Hyderabad, Pune, Chennai, Bengaluru",3.4,46  Reviews,3+ weeks ago,https://www.naukri.com/job-listings-data-verification-analyst-foundation-ai-kolkata-mumbai-new-delhi-hyderabad-pune-chennai-bengaluru-0-to-5-years-101224501433
Data Analyst,Coforge,2-4 Yrs,Not Disclosed,Noida,3.3,8954  Reviews,2 weeks ago,https://www.naukri.com/job-listings-data-analyst-coforge-noida-2-to-4-years-160526000014
Data Analyst,Naghavi Fintech,5-9 Yrs,Not Disclosed,Bengaluru,N/A,N/A,3+ weeks ago,https://www.naukri.com/job-listings-data-analyst-naghavi-fintech-bengaluru-5-to-9-years-260724502918
Statistician/Data Analyst,Two95 International,5-10 Yrs,Not Disclosed,Bengaluru,4.0,6  Reviews,3+ weeks ago,https://www.naukri.com/job-listings-statistician-data-analyst-two95-international-inc-bengaluru-5-to-10-years-140526502692
Data Analyst,MS Guide World,4-9 Yrs,Not Disclosed,Bengaluru,N/A,N/A,3+ weeks ago,https://www.naukri.com/job-listings-data-analyst-ms-guide-world-bengaluru-4-to-9-years-260225502832
Data Analyst,Unity Small Finance Bank,2-5 Yrs,Not Disclosed,Navi Mumbai,3.6,1095  Reviews,2 weeks ago,https://www.naukri.com/job-listings-data-analyst-unity-small-finance-bank-navi-mumbai-2-to-5-years-280526016350
DATA - ANALYST,Justlead.in,1-4 Yrs,Not Disclosed,Gurugram,N/A,N/A,2 weeks ago,https://www.naukri.com/job-listings-data-analyst-justlead-solutions-private-limited-gurugram-1-to-4-years-280526502040
DATA - ANALYST,Justlead.in,1-4 Yrs,Not Disclosed,Chandigarh,N/A,N/A,2 weeks ago,https://www.naukri.com/job-listings-data-analyst-justlead-solutions-private-limited-chandigarh-1-to-4-years-280526502039
DATA - ANALYST,Justlead.in,1-4 Yrs,Not Disclosed,Noida,N/A,N/A,2 weeks ago,https://www.naukri.com/job-listings-data-analyst-justlead-solutions-private-limited-noida-1-to-4-years-280526502038
Data Analyst,Financial Service,5-10 Yrs,Not Disclosed,Hybrid - Bengaluru,N/A,N/A,2 weeks ago,https://www.naukri.com/job-listings-data-analyst-purview-services-bengaluru-5-to-10-years-280526928136
Data Analyst,Primo Tech,1-3 Yrs,Not Disclosed,Mohali,4.3,104  Reviews,3+ weeks ago,https://www.naukri.com/job-listings-data-analyst-primo-tech-mohali-1-to-3-years-281025501523
Data Analyst,Alcircle,1-3 Yrs,Not Disclosed,Kolkata,3.4,19  Reviews,3+ weeks ago,https://www.naukri.com/job-listings-data-analyst-alcircle-kolkata-1-to-3-years-290525502439
Data Analyst,Yocreativ,1-3 Yrs,Not Disclosed,Gurugram,3.1,6  Reviews,3+ weeks ago,https://www.naukri.com/job-listings-data-analyst-yocreativ-gurugram-1-to-3-years-290725501993
Data Analyst,Aays Analytics,3-7 Yrs,Not Disclosed,Gurugram,4.7,50  Reviews,3+ weeks ago,https://www.naukri.com/job-listings-data-analyst-aays-analytics-gurugram-3-to-7-years-111125502285
Data Analyst (Outbound Contact Centre),CIMET,3-5 Yrs,Not Disclosed,Jaipur(Vaishali Nagar),3.2,44  Reviews,3 weeks ago,https://www.naukri.com/job-listings-data-analyst-outbound-contact-centre-cimet-jaipur-3-to-5-years-210426035537
Data Analyst,bp,3-5 Yrs,Not Disclosed,Pune,3.7,736  Reviews,3+ weeks ago,https://www.naukri.com/job-listings-data-analyst-bp-business-solutions-india-private-limited-pune-3-to-5-years-190526920876
Data Analyst,Apex 2000 INC,3-6 Yrs,Not Disclosed,Pune,3.3,7  Reviews,3+ weeks ago,https://www.naukri.com/job-listings-data-analyst-apex-2000-inc-pune-3-to-6-years-240426501156
Data Analyst (BigQuery),Enfuse Solutions,2-4 Yrs,Not Disclosed,Mumbai,4.0,303  Reviews,3+ weeks ago,https://www.naukri.com/job-listings-data-analyst-bigquery-enfuse-solutions-pvt-ltd-mumbai-2-to-4-years-300725504333
Data Analyst,Shree Ajit,2-6 Yrs,Not Disclosed,Vapi,3.2,27  Reviews,2 weeks ago,https://www.naukri.com/job-listings-data-analyst-shree-ajit-vapi-2-to-6-years-091225018071
Data Analyst,MAN TRUCK BUS,6-9 Yrs,Not Disclosed,Pune,2.4,276  Reviews,3+ weeks ago,https://www.naukri.com/job-listings-data-analyst-man-truck-bus-pune-6-to-9-years-290426503589
Data Analyst,Squircle IT,4-7 Yrs,Not Disclosed,Pune,N/A,N/A,3+ weeks ago,https://www.naukri.com/job-listings-data-analyst-squircle-it-consulting-services-pvt-ltd-pune-4-to-7-years-140126503316
Online Data Analyst Gujarati,TELUS Digital,0-5 Yrs,Not Disclosed,Remote,3.5,1960  Reviews,3 weeks ago,https://www.naukri.com/job-listings-online-data-analyst-telus-digital-noida-0-to-5-years-110326926277
Data Analyst,Saven Technologies,3-5 Yrs,Not Disclosed,Hyderabad,3.4,48  Reviews,3+ weeks ago,https://www.naukri.com/job-listings-data-analyst-saven-technologies-limited-hyderabad-3-to-5-years-270824501177
Specialist- Data & Planning Analyst,Nordex Engineering And Technology,6-8 Yrs,Not Disclosed,Chennai,2.8,17  Reviews,4 days ago,https://www.naukri.com/job-listings-specialist-data-planning-analyst-nordex-engineering-technology-private-limited-chennai-6-to-8-years-120626501376
Data Analyst with Hadoop,Asky Services Llp,5-7 Yrs,Not Disclosed,Gurugram,5.0,3  Reviews,3+ weeks ago,https://www.naukri.com/job-listings-data-analyst-with-hadoop-asky-services-gurugram-5-to-7-years-270825502639
Data Analyst - Invoice 360,Mostedge,1-3 Yrs,Not Disclosed,Hyderabad,3.4,10  Reviews,3 weeks ago,https://www.naukri.com/job-listings-data-analyst-invoice-360-mostedge-hyderabad-1-to-3-years-250526928630
Data Analyst,Tex Corp,1-2 Yrs,3.5-5.5 Lacs PA ,Gurugram,3.6,128  Reviews,3 weeks ago,https://www.naukri.com/job-listings-data-analyst-tex-corp-gurugram-1-to-2-years-260526030574
Data Analyst,CarTrade,1-4 Yrs,5-7.5 Lacs PA ,Navi Mumbai,3.8,122  Reviews,3 weeks ago,https://www.naukri.com/job-listings-data-analyst-cartrade-navi-mumbai-1-to-4-years-260526023451
Transportation Data Analyst,Azure Power,3-7 Yrs,Not Disclosed,Hyderabad,3.9,311  Reviews,2 weeks ago,https://www.naukri.com/job-listings-transportation-data-analyst-azure-power-hyderabad-3-to-7-years-280526501725
Data Analyst,IBS Software Services,2-3 Yrs,Not Disclosed,Kochi,3.5,851  Reviews,3 weeks ago,https://www.naukri.com/job-listings-data-analyst-ibs-software-kochi-2-to-3-years-260526501947
DATA ANALYST,Nutris Crop Solutions India,1-6 Yrs,Not Disclosed,Satara,3.3,13  Reviews,3+ weeks ago,https://www.naukri.com/job-listings-data-analyst-nutris-crop-solutions-india-pvt-ltd-satara-1-to-6-years-270525503903
Data Analyst,Goodwin Financial Holdings,2-5 Yrs,Not Disclosed,Hyderabad,N/A,N/A,3+ weeks ago,https://www.naukri.com/job-listings-data-analyst-goodwin-financial-holdings-p-ltd-hyderabad-2-to-5-years-270525503891
Data Analyst,Hashtag Infosystem,3-6 Yrs,Not Disclosed,Surat,3.2,27  Reviews,3+ weeks ago,https://www.naukri.com/job-listings-data-analyst-hashtag-infosystem-surat-3-to-6-years-270224500754
IRR Liquidity PBR Data Analyst,Krazymantra It Solutions,6-10 Yrs,Not Disclosed,Pune,3.7,93  Reviews,3 weeks ago,https://www.naukri.com/job-listings-irr-liquidity-pbr-data-analyst-krazymantra-it-solutions-pune-6-to-10-years-260526505709
Data Analyst,Socialion Media,1-6 Yrs,Not Disclosed,Navi Mumbai,N/A,N/A,3+ weeks ago,https://www.naukri.com/job-listings-data-analyst-socialion-media-navi-mumbai-1-to-6-years-250625502174
Data Analyst,Disc Technology Services,3-5 Yrs,Not Disclosed,Mumbai,4.7,5  Reviews,3+ weeks ago,https://www.naukri.com/job-listings-data-analyst-disc-technology-services-pvt-ltd-mumbai-3-to-5-years-240925500058
Data Analyst,Freedom From Diabetes,3-8 Yrs,Not Disclosed,Pune,2.6,32  Reviews,3+ weeks ago,https://www.naukri.com/job-listings-data-analyst-freedom-from-diabetes-pvt-ltd-pune-3-to-8-years-240326503473
Data Analyst,Facts N Data,3-6 Yrs,Not Disclosed,Noida,4.5,3  Reviews,3+ weeks ago,https://www.naukri.com/job-listings-data-analyst-facts-n-data-noida-3-to-6-years-230424501594
Data Analyst,Clustrex Data,2-5 Yrs,Not Disclosed,Chennai,4.5,17  Reviews,3+ weeks ago,https://www.naukri.com/job-listings-data-analyst-clustrex-chennai-2-to-5-years-201125502485
Data Analyst,Fintech Cloud,3-7 Yrs,4-9 Lacs PA ,Noida(Sector 63),5.0,3  Reviews,3+ weeks ago,https://www.naukri.com/job-listings-data-analyst-fintech-cloud-noida-3-to-7-years-180526003408
Data Analyst,Energytech Ventures,2-5 Yrs,Not Disclosed,Kolkata,N/A,N/A,3+ weeks ago,https://www.naukri.com/job-listings-data-analyst-energytech-ventures-kolkata-2-to-5-years-170120500029
Data Analyst,Bootcoding,1-6 Yrs,Not Disclosed,Nagpur,4.0,3  Reviews,3+ weeks ago,https://www.naukri.com/job-listings-data-analyst-bootcoding-nagpur-1-to-6-years-150526502860
DATA ANALYST,Nutris Crop Solutions India,1-6 Yrs,Not Disclosed,Satara,3.3,13  Reviews,3+ weeks ago,https://www.naukri.com/job-listings-data-analyst-nutris-crop-solutions-india-pvt-ltd-satara-1-to-6-years-150525504303
Workday Data Analyst,Nam Info,2-5 Yrs,Not Disclosed,Chennai,3.8,15  Reviews,3+ weeks ago,https://www.naukri.com/job-listings-workday-data-analyst-nam-info-inc-chennai-2-to-5-years-120326501189
Data Analyst,TIC Fiber,3-6 Yrs,Not Disclosed,Chennai,3.4,6  Reviews,3+ weeks ago,https://www.naukri.com/job-listings-data-analyst-tic-fiber-chennai-3-to-6-years-110724502789
Data Analyst,Lorven Technologies,5-10 Yrs,Not Disclosed,Pune,3.2,41  Reviews,3+ weeks ago,https://www.naukri.com/job-listings-data-analyst-lorventech-solutions-india-pvt-ltd-pune-5-to-10-years-090326502601
Data Analyst,Tattva Foundation,1-4 Yrs,Not Disclosed,Lucknow,4.6,24  Reviews,3+ weeks ago,https://www.naukri.com/job-listings-data-analyst-tattvafoundation-lucknow-1-to-4-years-050925506581
Data Analyst,Squareone Insights,2-7 Yrs,Not Disclosed,Mumbai,4.0,29  Reviews,3+ weeks ago,https://www.naukri.com/job-listings-data-analyst-squareone-insights-mumbai-2-to-7-years-030925500908
Data Analyst,ST Courier,10-20 Yrs,Not Disclosed,Chennai,4.2,43  Reviews,3+ weeks ago,https://www.naukri.com/job-listings-data-analyst-st-courier-chennai-10-to-20-years-030924503374
Data Analyst,Admini Boosting Productivity,1-4 Yrs,Not Disclosed,Siliguri,N/A,N/A,3+ weeks ago,https://www.naukri.com/job-listings-data-analyst-admini-boosting-productivity-siliguri-1-to-4-years-020725503605
Data Analyst,Velodata Global,1-4 Yrs,Not Disclosed,"Madurai, Tiruppur, Salem, Chennai, Tiruchirapalli, Coimbatore",N/A,N/A,3+ weeks ago,https://www.naukri.com/job-listings-data-analyst-velodata-global-pvt-ltd-madurai-tiruppur-salem-chennai-tiruchirapalli-coimbatore-1-to-4-years-010526501284
Data Analyst,Skill Hive Hub,1-4 Yrs,Not Disclosed,Hyderabad,N/A,N/A,3+ weeks ago,https://www.naukri.com/job-listings-data-analyst-skill-hive-hub-hyderabad-1-to-4-years-010526501153
Data Analyst - AI & Bedrock Specialization,Tekskills india,5-10 Yrs,Not Disclosed,Hyderabad,N/A,N/A,2 weeks ago,https://www.naukri.com/job-listings-data-analyst-ai-bedrock-specialization-tekskills-hyderabad-5-to-10-years-290526917085
Data Analyst - AI & Bedrock Specialization,Tekskills india,5-10 Yrs,Not Disclosed,Pune,N/A,N/A,2 weeks ago,https://www.naukri.com/job-listings-data-analyst-ai-bedrock-specialization-tekskills-pune-5-to-10-years-290526917082
Data Analyst - AI & Bedrock Specialization,Tekskills india,5-10 Yrs,Not Disclosed,Kolkata,N/A,N/A,2 weeks ago,https://www.naukri.com/job-listings-data-analyst-ai-bedrock-specialization-tekskills-kolkata-5-to-10-years-290526917081
Data Analyst,Han Digital Solution,1-2 Yrs,Not Disclosed,"Vijayawada, Visakhapatnam, Guntur, Nellore",N/A,N/A,3+ weeks ago,https://www.naukri.com/job-listings-data-analyst-han-digital-solution-vijayawada-visakhapatnam-guntur-nellore-1-to-2-years-221125501020
Data Analyst with MDM,Clifyx Technology,0-5 Yrs,Not Disclosed,Bengaluru,3.3,31  Reviews,3+ weeks ago,https://www.naukri.com/job-listings-data-analyst-with-mdm-clifyx-technology-bengaluru-0-to-5-years-260326500793
S&C GN - Data&AI - Resources -  Analyst,Accenture,4-8 Yrs,Not Disclosed,Bengaluru,3.7,74540  Reviews,3 weeks ago,https://www.naukri.com/job-listings-s-c-gn-data-ai-resources-analyst-accenture-solutions-pvt-ltd-bengaluru-4-to-8-years-250526926012
Data Analyst,Digital Glyde,0-3 Yrs,Not Disclosed,"Kolkata, Mumbai, New Delhi, Hyderabad, Pune, Chennai, Bengaluru",3.3,11  Reviews,3+ weeks ago,https://www.naukri.com/job-listings-data-analyst-digital-glyde-kolkata-mumbai-new-delhi-hyderabad-pune-chennai-bengaluru-0-to-3-years-170524500934
Data Analyst ETL & Informatica- sv,Infosys,3-8 Yrs,Not Disclosed,Hybrid - Hyderabad,3.5,49475  Reviews,3+ weeks ago,https://www.naukri.com/job-listings-data-analyst-etl-informatica-sv-infosys-hyderabad-3-to-8-years-190526036572
Data Analyst,Augie,0-3 Yrs,Not Disclosed,Bengaluru,3.1,7  Reviews,3+ weeks ago,https://www.naukri.com/job-listings-data-analyst-augie-pets-india-pvt-limited-bengaluru-0-to-3-years-290822500368
Data Analyst,RR Groups,0-1 Yrs,Not Disclosed,Bengaluru,3.0,2  Reviews,3+ weeks ago,https://www.naukri.com/job-listings-data-analyst-r-r-groups-bengaluru-0-to-1-years-240226500948
Data Analyst,Aroha Technologies,0-3 Yrs,Not Disclosed,Bengaluru,2.8,51  Reviews,3+ weeks ago,https://www.naukri.com/job-listings-data-analyst-aroha-technologies-bengaluru-0-to-3-years-230925505609
TARIFF DATA ANALYST,Innover Digital,0-5 Yrs,Not Disclosed,Bengaluru,4.3,298  Reviews,3+ weeks ago,https://www.naukri.com/job-listings-tariff-data-analyst-innover-digital-bengaluru-0-to-5-years-010525502902
Data Analyst,Grid Dynamics,0-3 Yrs,Not Disclosed,Hyderabad,3.1,116  Reviews,3+ weeks ago,https://www.naukri.com/job-listings-data-analyst-grid-dynamics-hyderabad-0-to-3-years-020326501140
DATA ANALYST / DATA EXECUTIVE,Anutech Solutions,0-3 Yrs,Not Disclosed,Vijayawada,4.8,4  Reviews,3+ weeks ago,https://www.naukri.com/job-listings-data-analyst-data-executive-anutech-solutions-vijayawada-0-to-3-years-060325504935
Data Analyst,Capgemini,6-10 Yrs,Not Disclosed,"Hyderabad, Chennai, Bengaluru",3.6,54214  Reviews,2 weeks ago,https://www.naukri.com/job-listings-data-analyst-capgemini-hyderabad-chennai-bengaluru-6-to-10-years-280526019457
Data Analyst,Image Infosystems,0 Yrs,2.75-3 Lacs PA ,Ernakulam,2.3,72  Reviews,3 weeks ago,https://www.naukri.com/job-listings-data-analyst-image-infosystems-ernakulam-0-to-0-years-250526004966
Data Analyst,Eduport,0-1 Yrs,Not Disclosed,Kozhikode,3.1,12  Reviews,3+ weeks ago,https://www.naukri.com/job-listings-data-analyst-eduport-kozhikode-0-to-1-years-150426501948
Data Analyst,Exly,0-4 Yrs,Not Disclosed,Gurugram,3.0,25  Reviews,3+ weeks ago,https://www.naukri.com/job-listings-data-analyst-exly-yc-w19-gurugram-0-to-4-years-110526501305
Data Analyst,Ecolab Global Services,3-5 Yrs,Not Disclosed,Pune,3.4,234  Reviews,1 week ago,https://www.naukri.com/job-listings-data-analyst-ecolab-global-services-private-limited-pune-3-to-5-years-080626912123
Data Analyst,Improx Data And Cloud Consulting,0-2 Yrs,Not Disclosed,Pune,1.0,4  Reviews,3+ weeks ago,https://www.naukri.com/job-listings-data-analyst-improx-data-and-cloud-consulting-pvt-ltd-pune-0-to-2-years-311022501968
Data Analyst,Teplar Solutions,0-4 Yrs,Not Disclosed,Coimbatore,N/A,N/A,3+ weeks ago,https://www.naukri.com/job-listings-data-analyst-teplar-solutions-coimbatore-0-to-4-years-310320500022
Data Analyst,Paramount Health Services,0-4 Yrs,Not Disclosed,Thane,3.9,581  Reviews,3+ weeks ago,https://www.naukri.com/job-listings-data-analyst-paramount-health-services-tpa-pvt-ltd-thane-0-to-4-years-281125500926
Data Analysts / HTML Editor,I-tech Infonet,0-2 Yrs,Not Disclosed,Rajkot,1.7,3  Reviews,3+ weeks ago,https://www.naukri.com/job-listings-data-analysts-html-editor-i-tech-infonet-pvt-ltd-rajkot-0-to-2-years-260922500760
Data Analyst,Relinns,N/A,Unpaid ,Mohali,4.5,118  Reviews,Starts in 1-3 months,https://www.naukri.com/job-listings-data-analyst-relinns-technologies-mohali-0-to-3-years-230125503894
Data Analyst,Bromine Infotech,3-5 Yrs,Not Disclosed,Bengaluru,4.7,5  Reviews,3+ weeks ago,https://www.naukri.com/job-listings-data-analyst-bromine-infotech-bengaluru-3-to-5-years-220525506513
Automation & Data - Analyst,JPMorgan Chase Bank,3-8 Yrs,Not Disclosed,Bengaluru,3.8,7940  Reviews,3 weeks ago,https://www.naukri.com/job-listings-automation-data-analyst-jp-morgan-and-chase-bengaluru-3-to-8-years-200526501867
Data Analyst,Zero Gravity Photography,0-2 Yrs,Not Disclosed,Chennai,2.5,29  Reviews,3+ weeks ago,https://www.naukri.com/job-listings-data-analyst-zero-gravity-photography-chennai-0-to-2-years-191125503577
Data Analyst,Claight Corporation Expert Market Research,0-1 Yrs,Not Disclosed,Noida,4.1,15  Reviews,3+ weeks ago,https://www.naukri.com/job-listings-data-analyst-claight-corporation-expert-market-research-noida-0-to-1-years-190225502681
Data Analyst,Fireblaze Ai School,0-2 Yrs,Not Disclosed,Ahmedabad,3.9,6  Reviews,3+ weeks ago,https://www.naukri.com/job-listings-data-analyst-fireblaze-ai-school-ahmedabad-0-to-2-years-180625500856
Data Analyst,Eduport,0-1 Yrs,Not Disclosed,Kozhikode,3.1,12  Reviews,3+ weeks ago,https://www.naukri.com/job-listings-data-analyst-eduport-kozhikode-0-to-1-years-150126501926
Staff Specialist / Data Analyst,Infineon,5-8 Yrs,Not Disclosed,Bengaluru,3.6,288  Reviews,3+ weeks ago,https://www.naukri.com/job-listings-staff-specialist-data-analyst-infineon-technologies-pvt-ltd-bengaluru-5-to-8-years-131025500161
Data Analyst,Mr Technical Veer Digital Services,0-3 Yrs,Not Disclosed,Lalitpur,N/A,N/A,3+ weeks ago,https://www.naukri.com/job-listings-data-analyst-mr-technical-veer-digital-services-lalitpur-0-to-3-years-120325503295
Data Analyst,Exly,0-3 Yrs,Not Disclosed,Gurugram,3.0,25  Reviews,3+ weeks ago,https://www.naukri.com/job-listings-data-analyst-exly-gurugram-0-to-3-years-110325501083
Data Analyst,Recruitrix Technologies,0-2 Yrs,Not Disclosed,Hyderabad,N/A,N/A,3+ weeks ago,https://www.naukri.com/job-listings-data-analyst-recruitrix-technologies-llp-hyderabad-0-to-2-years-091122500313
Data Analyst,Arcgate,0-5 Yrs,Not Disclosed,Udaipur,2.7,313  Reviews,3+ weeks ago,https://www.naukri.com/job-listings-data-analyst-arcgate-udaipur-0-to-5-years-070525502773
Data Analyst,Kaleesuwari Refinery and Industry (KRIPL),0-3 Yrs,Not Disclosed,"Madurai, Tiruppur, Salem, Chennai, Tiruchirapalli, Coimbatore",3.9,286  Reviews,3+ weeks ago,https://www.naukri.com/job-listings-data-analyst-kaleeswari-refinery-p-ltd-madurai-tiruppur-salem-chennai-tiruchirapalli-coimbatore-0-to-3-years-040324501668
Data Analyst,Diensten Tech,0-1 Yrs,Not Disclosed,Gurugram,2.9,97  Reviews,3+ weeks ago,https://www.naukri.com/job-listings-data-analyst-diensten-tech-limited-gurugram-0-to-1-years-030325500332
Data Analyst,Snware Research Services,0-3 Yrs,Not Disclosed,Gurugram,3.9,30  Reviews,3+ weeks ago,https://www.naukri.com/job-listings-data-analyst-snware-research-services-pvt-ltd-gurugram-0-to-3-years-030125503189
Data Analyst - German,Numerator,0-7 Yrs,Not Disclosed,Vadodara,3.9,267  Reviews,3+ weeks ago,https://www.naukri.com/job-listings-data-analyst-german-numerator-vadodara-0-to-7-years-010825503747
Data Analysts / HTML Editor,Ace Software Exports,0-4 Yrs,Not Disclosed,Rajkot,4.1,9  Reviews,3+ weeks ago,https://www.naukri.com/job-listings-data-analysts-html-editor-ace-soft-export-rajkot-0-to-4-years-280723503843
Data Analyst,Business Brio,1-2 Yrs,Not Disclosed,Kolkata,4.0,2  Reviews,3+ weeks ago,https://www.naukri.com/job-listings-data-analyst-business-brio-kolkata-1-to-2-years-260923501508
Data Analyst,Business Brio,1-2 Yrs,Not Disclosed,Kolkata,4.0,2  Reviews,3+ weeks ago,https://www.naukri.com/job-listings-data-analyst-business-brio-kolkata-1-to-2-years-171224501140
Data Scientist/Data Engineer/Data Analyst,Indium Software,1-4 Yrs,Not Disclosed,Chennai,3.9,1372  Reviews,3+ weeks ago,https://www.naukri.com/job-listings-data-scientist-data-engineer-data-analyst-indium-software-chennai-1-to-4-years-211125500337
Data Analyst,Primohunt Corporate,0-3 Yrs,Not Disclosed,Pune,N/A,N/A,3+ weeks ago,https://www.naukri.com/job-listings-data-analyst-primohunt-corporate-pune-0-to-3-years-110722502690
Data Analyst,Right Step Consulting,0-5 Yrs,Not Disclosed,Gurugram,N/A,N/A,3+ weeks ago,https://www.naukri.com/job-listings-data-analyst-right-step-consulting-gurugram-0-to-5-years-110417500945
Data Analyst,Indegene,3-5 Yrs,Not Disclosed,"Bangalore Rural, Bengaluru",3.3,1436  Reviews,3+ weeks ago,https://www.naukri.com/job-listings-data-analyst-indegene-bangalore-rural-bengaluru-3-to-5-years-150526031195
"Auth Fraud Supervisor- Data Analyst, UIDAI/Bengaluru",National Institute for Smart Government (NISG),6-10 Yrs,13-23 Lacs PA ,Bengaluru,3.6,292  Reviews,3 weeks ago,https://www.naukri.com/job-listings-auth-fraud-supervisor-data-analyst-uidai-bengaluru-national-institute-for-smart-government-nisg-bengaluru-6-to-10-years-300126034060
Data Analyst 3,Lam Research,7-9 Yrs,Not Disclosed,Bengaluru,3.7,361  Reviews,3 weeks ago,https://www.naukri.com/job-listings-data-analyst-3-lam-research-bengaluru-7-to-9-years-220526501833
Data Acquisition Analyst,Amgen Inc,1-3 Yrs,Not Disclosed,Hyderabad,2.8,166  Reviews,1 week ago,https://www.naukri.com/job-listings-data-acquisition-analyst-amgen-inc-hyderabad-1-to-3-years-080626912092
Data Analyst - BLR,Photon,6-9 Yrs,Not Disclosed,Bengaluru,4.0,2659  Reviews,3+ weeks ago,https://www.naukri.com/job-listings-data-analyst-blr-photon-infotech-p-ltd-bengaluru-6-to-9-years-301025504211
"Data Steward, Analyst/Associate",Goldman Sachs,0-3 Yrs,Not Disclosed,Bengaluru,3.3,1633  Reviews,3+ weeks ago,https://www.naukri.com/job-listings-data-steward-analyst-associate-goldman-sachs-bengaluru-0-to-3-years-200426503595
Engineer - Methods & Tools (Data Analyst),Premium Aerotec,6-11 Yrs,Not Disclosed,Bengaluru,N/A,N/A,2 weeks ago,https://www.naukri.com/job-listings-engineer-methods-tools-data-analyst-aerotec-bengaluru-6-to-11-years-280526503382
Data Analyst,TP,1-4 Yrs,Not Disclosed,Gurugram,3.9,39209  Reviews,2 weeks ago,https://www.naukri.com/job-listings-data-analyst-teleperformance-global-business-private-limited-gurugram-1-to-4-years-270526936095
Data Analyst,Bajaj Finance,1-2 Yrs,Not Disclosed,Pune,3.9,9390  Reviews,3 weeks ago,https://www.naukri.com/job-listings-data-analyst-bajaj-finance-limited-pune-1-to-2-years-260526930409
Data Analyst,Lloyds Technology Centre India,1-4 Yrs,Not Disclosed,Hyderabad,3.5,268  Reviews,3+ weeks ago,https://www.naukri.com/job-listings-data-analyst-lloyds-technology-centre-india-hyderabad-1-to-4-years-250326500076
Data Analyst,Lloyds Technology Centre India,2-6 Yrs,Not Disclosed,Hyderabad,3.5,268  Reviews,3+ weeks ago,https://www.naukri.com/job-listings-data-analyst-lloyds-technology-centre-india-hyderabad-2-to-6-years-150526505508
Data Analyst,Lloyds Technology Centre India,2-5 Yrs,Not Disclosed,Hyderabad,3.5,268  Reviews,3+ weeks ago,https://www.naukri.com/job-listings-data-analyst-lloyds-technology-centre-india-hyderabad-2-to-5-years-150526505507
Data Analyst,Lloyds Technology Centre India,2-5 Yrs,Not Disclosed,Hyderabad,3.5,268  Reviews,3+ weeks ago,https://www.naukri.com/job-listings-data-analyst-lloyds-technology-centre-india-hyderabad-2-to-5-years-150526505506
Data Analyst,Saviynt,2-7 Yrs,Not Disclosed,Bengaluru,2.5,106  Reviews,3+ weeks ago,https://www.naukri.com/job-listings-data-analyst-saviynt-bengaluru-2-to-7-years-120126501778
Data Analyst,TVS Motor,2-3 Yrs,Not Disclosed,Bengaluru,3.8,5182  Reviews,3+ weeks ago,https://www.naukri.com/job-listings-data-analyst-tvs-motor-company-bengaluru-2-to-3-years-010426500928
GN-Chemicals&Natural Resources-Data AI-Analyst,Accenture,3-5 Yrs,Not Disclosed,Bengaluru,3.7,74540  Reviews,1 week ago,https://www.naukri.com/job-listings-gn-chemicals-natural-resources-data-ai-analyst-accenture-solutions-pvt-ltd-bengaluru-3-to-5-years-080626930048
Data Analyst | ETL | Informatica - Hyderabad (Female candidates),Infosys,3-5 Yrs,Not Disclosed,Hyderabad,3.5,49475  Reviews,3 weeks ago,https://www.naukri.com/job-listings-data-analyst-etl-informatica-hyderabad-female-candidates-infosys-hyderabad-3-to-5-years-200526022268
Data Analyst,Maruti Suzuki,3-8 Yrs,Not Disclosed,Bengaluru,4.1,9634  Reviews,3+ weeks ago,https://www.naukri.com/job-listings-data-analyst-maruti-suzuki-india-limited-bengaluru-3-to-8-years-310525501658
Data Analyst,Rpa Infotech,1-3 Yrs,Not Disclosed,Gurugram,2.5,33  Reviews,3+ weeks ago,https://www.naukri.com/job-listings-data-analyst-rpa-infotech-pvt-ltd-gurugram-1-to-3-years-291020500641
Data Analyst,Tata Consultancy Services,5-10 Yrs,10-20 Lacs PA ,Hyderabad,3.3,115896  Reviews,2 weeks ago,https://www.naukri.com/job-listings-data-analyst-tata-consultancy-services-hyderabad-5-to-10-years-270526038992
GSS Data Analyst,Schlumberger India Technology Centre Pvt. Ltd,5-10 Yrs,Not Disclosed,Pune,3.7,932  Reviews,3+ weeks ago,https://www.naukri.com/job-listings-gss-data-analyst-schlumberger-india-technology-centre-pvt-ltd-pune-5-to-10-years-250226501120
Data Analyst,Mindfount Infotech,3-8 Yrs,Not Disclosed,Noida,N/A,N/A,3 weeks ago,https://www.naukri.com/job-listings-data-analyst-mindfount-infotech-private-limited-opc-noida-3-to-8-years-210526500669
Data Analyst,Tata Consultancy Services,6-10 Yrs,Not Disclosed,Chennai,3.3,115896  Reviews,3 weeks ago,https://www.naukri.com/job-listings-data-analyst-tata-consultancy-services-chennai-6-to-10-years-200526036448
Data Analyst,Hitachi Digital Services,2-5 Yrs,Not Disclosed,Hyderabad,3.5,790  Reviews,3+ weeks ago,https://www.naukri.com/job-listings-data-analyst-hitachi-digital-services-hyderabad-2-to-5-years-190525504787
Data Analysts,Icare Academy Hyderabad,1-4 Yrs,Not Disclosed,Hyderabad,1.7,2  Reviews,3+ weeks ago,https://www.naukri.com/job-listings-data-analysts-icare-academy-hyderabad-1-to-4-years-170225505457
Data Analyst,Gokaldas Exports,8-12 Yrs,Not Disclosed,Bengaluru,3.9,463  Reviews,3+ weeks ago,https://www.naukri.com/job-listings-data-analyst-gokaldas-exports-bengaluru-8-to-12-years-160526016030
DATA ANALYST,Scaleup Mission IT services,3-4 Yrs,Not Disclosed,Bengaluru,4.5,4  Reviews,3+ weeks ago,https://www.naukri.com/job-listings-data-analyst-scaleup-mission-it-services-bengaluru-3-to-4-years-140524501016
Data Analyst,Godrej koerber Supply Chain Ltd,3-5 Yrs,Not Disclosed,Mumbai,2.9,100  Reviews,3+ weeks ago,https://www.naukri.com/job-listings-data-analyst-godrej-koerber-supply-chain-ltd-mumbai-3-to-5-years-120724502137
Data Analyst,Grid Dynamics,2-7 Yrs,Not Disclosed,Bengaluru,3.1,116  Reviews,3+ weeks ago,https://www.naukri.com/job-listings-data-analyst-grid-dynamics-bengaluru-2-to-7-years-120226500313
Engineer I - Postgres Developer and Data Analyst,American Express Global Business Travel,5-10 Yrs,Not Disclosed,Bengaluru,4.1,286  Reviews,3+ weeks ago,https://www.naukri.com/job-listings-engineer-i-postgres-developer-and-data-analyst-american-express-global-business-travel-bengaluru-5-to-10-years-110326505861
Data Analyst I,Fluor,20-25 Yrs,Not Disclosed,Gurugram,4.1,807  Reviews,3+ weeks ago,https://www.naukri.com/job-listings-data-analyst-i-fluor-gurugram-20-to-25-years-081025502970
Data Analyst,Rockwell Automation,3-8 Yrs,Not Disclosed,Pune,3.7,851  Reviews,3+ weeks ago,https://www.naukri.com/job-listings-data-analyst-rockwell-automation-pune-3-to-8-years-080526501295
Data Analyst,Bright Infotech,2-5 Yrs,Not Disclosed,Mumbai,2.4,9  Reviews,3+ weeks ago,https://www.naukri.com/job-listings-data-analyst-bright-infotech-mumbai-2-to-5-years-080126502579
Data Analyst,Pioneer Infotech,2-7 Yrs,Not Disclosed,Mumbai,3.3,68  Reviews,3+ weeks ago,https://www.naukri.com/job-listings-data-analyst-pioneer-infotech-p-ltd-mumbai-2-to-7-years-070125500600
Data Analyst,Rapsys Tech Solutions,3-8 Yrs,Not Disclosed,Bengaluru,N/A,N/A,3+ weeks ago,https://www.naukri.com/job-listings-data-analyst-rapsys-tech-solutions-pvt-ltd-bengaluru-3-to-8-years-020126501194
Data Analyst,Smiths Detection,2-7 Yrs,Not Disclosed,Bengaluru,3.7,140  Reviews,3+ weeks ago,https://www.naukri.com/job-listings-data-analyst-smiths-detection-bengaluru-2-to-7-years-120925504247
Data Analyst,Umanist India,9-11 Yrs,22.5-35 Lacs PA ,"Navi Mumbai, Pune(Viman Nagar), Mumbai (All Areas)",N/A,N/A,1 week ago,https://www.naukri.com/job-listings-data-analyst-umanist-india-navi-mumbai-pune-mumbai-all-areas-9-to-11-years-050626013202
Apprentice - Data Analyst,S&P Global Market Intelligence,1-2 Yrs,Not Disclosed,"Mumbai, Gurugram",4.0,3177  Reviews,2 weeks ago,https://www.naukri.com/job-listings-apprentice-data-analyst-s-p-capital-iq-india-pvt-ltd-mumbai-gurugram-1-to-2-years-270526935645
Data Analyst,S&P Global Market Intelligence,2-5 Yrs,Not Disclosed,Ahmedabad,4.0,3177  Reviews,2 weeks ago,https://www.naukri.com/job-listings-data-analyst-s-p-capital-iq-india-pvt-ltd-ahmedabad-2-to-5-years-270526936048
Data Analyst,Persistent,5-8 Yrs,Not Disclosed,Pune,3.6,5122  Reviews,3 weeks ago,https://www.naukri.com/job-listings-data-analyst-persistent-pune-5-to-8-years-220526021079
Data Analyst L3,CGI,7-12 Yrs,Not Disclosed,Mumbai,4.0,5499  Reviews,3 weeks ago,https://www.naukri.com/job-listings-data-analyst-l3-cgi-information-systems-and-management-consultants-mumbai-7-to-12-years-210526922937
Data Analyst - Chinese,S&P Global Market Intelligence,2-4 Yrs,Not Disclosed,Gurugram,4.0,3177  Reviews,3 weeks ago,https://www.naukri.com/job-listings-data-analyst-chinese-s-p-capital-iq-india-pvt-ltd-gurugram-2-to-4-years-200526937412
Hiring For Data Analyst,Virtusa,5-10 Yrs,6.5-16.5 Lacs PA ,Hyderabad,3.7,6200  Reviews,3 weeks ago,https://www.naukri.com/job-listings-hiring-for-data-analyst-virtusa-consulting-services-pvt-ltd-hyderabad-5-to-10-years-200526034507
Data Analyst,CGI,5-8 Yrs,7-17 Lacs PA ,Hybrid - Hyderabad,4.0,5499  Reviews,3+ weeks ago,https://www.naukri.com/job-listings-data-analyst-cgi-hyderabad-5-to-8-years-190526039889
Data Analyst Outsourcing Services,Mazars,2-3 Yrs,Not Disclosed,Jaipur,3.0,204  Reviews,3+ weeks ago,https://www.naukri.com/job-listings-data-analyst-outsourcing-services-mazars-advisory-pvt-ltd-jaipur-2-to-3-years-160326503608
Data Analyst,Photon,8-13 Yrs,Not Disclosed,Chennai,4.0,2659  Reviews,3+ weeks ago,https://www.naukri.com/job-listings-data-analyst-photon-infotech-p-ltd-chennai-8-to-13-years-150525501445
Data Analyst,Reliance Games,2-5 Yrs,Not Disclosed,Pune,2.2,18  Reviews,3+ weeks ago,https://www.naukri.com/job-listings-data-analyst-reliance-games-pune-2-to-5-years-130921500438
Data Analyst,Deloitte Consulting,10-15 Yrs,18-33 Lacs PA ,"Hyderabad, Bengaluru",N/A,N/A,2 weeks ago,https://www.naukri.com/job-listings-data-analyst-cxc-global-com-hyderabad-bengaluru-10-to-15-years-270526026751
Data Analyst,Viaprom Technologies,2-4 Yrs,Not Disclosed,Bengaluru,3.9,3  Reviews,3 weeks ago,https://www.naukri.com/job-listings-data-analyst-viaprom-technologies-pvt-ltd-bengaluru-2-to-4-years-200526915327
Data Analyst,Dayforce,2-7 Yrs,Not Disclosed,Bengaluru,3.9,66  Reviews,3+ weeks ago,https://www.naukri.com/job-listings-data-analyst-dayforce-bengaluru-2-to-7-years-120126502436
Data Analyst,Pico Xpress,3-5 Yrs,Not Disclosed,Bengaluru,3.1,32  Reviews,3+ weeks ago,https://www.naukri.com/job-listings-data-analyst-pico-xpress-bengaluru-3-to-5-years-300426910937
Data Analyst,Stack Digital,4-9 Yrs,Not Disclosed,"Hubli, Mangaluru, Mysuru, Bengaluru, Belgaum",N/A,N/A,2 weeks ago,https://www.naukri.com/job-listings-data-analyst-stack-digital-hubli-mangaluru-mysuru-bengaluru-belgaum-4-to-9-years-280526505421
Data Analyst,Simply Vyapar Apps,2-4 Yrs,Not Disclosed,Bengaluru,3.7,631  Reviews,2 weeks ago,https://www.naukri.com/job-listings-data-analyst-vyapar-bengaluru-2-to-4-years-280526505163
Data Analyst,Cava Athleisure,2-7 Yrs,Not Disclosed,Bengaluru,2.0,3  Reviews,2 weeks ago,https://www.naukri.com/job-listings-data-analyst-cava-athleisure-bengaluru-2-to-7-years-270526501980
Data Analyst,Lobotus Technology,3-5 Yrs,Not Disclosed,Bengaluru,3.2,24  Reviews,3+ weeks ago,https://www.naukri.com/job-listings-data-analyst-lobotus-technology-private-limited-bengaluru-3-to-5-years-270426501765
Data Analyst,Laundryheap Limited,3-5 Yrs,Not Disclosed,Bengaluru,3.0,24  Reviews,3+ weeks ago,https://www.naukri.com/job-listings-data-analyst-laundryheap-limited-bengaluru-3-to-5-years-240426503423
Data Analyst,Cantik Technologies Pvt Ltd,7-15 Yrs,Not Disclosed,"Hyderabad, Bengaluru",3.6,81  Reviews,3 weeks ago,https://www.naukri.com/job-listings-data-analyst-cantik-technologies-pvt-ltd-hyderabad-bengaluru-7-to-15-years-210526021226
Data Analyst,Q-DAT IT SOLUTIONS PVT. LTD.,1-3 Yrs,Not Disclosed,Bengaluru,3.6,14  Reviews,3+ weeks ago,https://www.naukri.com/job-listings-data-analyst-q-dat-it-solutions-pvt-ltd-bengaluru-1-to-3-years-210426502489
Data Analyst,Indium Software,1-5 Yrs,Not Disclosed,Bengaluru,3.9,1372  Reviews,3+ weeks ago,https://www.naukri.com/job-listings-data-analyst-indium-software-bengaluru-1-to-5-years-210426501244
Data Analyst (AI & Data Platform),"Everbridge, Inc.",2-5 Yrs,Not Disclosed,Bengaluru,4.6,24  Reviews,3 weeks ago,https://www.naukri.com/job-listings-data-analyst-ai-data-platform-everbridge-inc-bengaluru-2-to-5-years-200526500653
Splunk Data Analyst,Apptad,5-10 Yrs,Not Disclosed,Hybrid - Bengaluru(Bellandur),4.2,101  Reviews,3 weeks ago,https://www.naukri.com/job-listings-splunk-data-analyst-apptad-bengaluru-5-to-10-years-200526014525
Data Analyst (Databricks),Everforth Quinnox,4-9 Yrs,Not Disclosed,Hybrid - Bengaluru,3.9,490  Reviews,3+ weeks ago,https://www.naukri.com/job-listings-data-analyst-databricks-everforth-quinnox-bengaluru-4-to-9-years-190526010428
Compliance Data Analyst,Payoneer,3-8 Yrs,Not Disclosed,Bengaluru,3.7,10  Reviews,3+ weeks ago,https://www.naukri.com/job-listings-compliance-data-analyst-payoneer-bengaluru-3-to-8-years-181225502409
Treasury Data Analyst,Payoneer,1-4 Yrs,Not Disclosed,Bengaluru,3.7,10  Reviews,3+ weeks ago,https://www.naukri.com/job-listings-treasury-data-analyst-payoneer-bengaluru-1-to-4-years-171225504398
Data Analyst - I,Pice App,1-3 Yrs,Not Disclosed,Bengaluru,3.5,2  Reviews,3+ weeks ago,https://www.naukri.com/job-listings-data-analyst-i-pice-bengaluru-1-to-3-years-160426502034
Data Analyst,Quarks Technosoft,3-5 Yrs,Not Disclosed,Bengaluru,3.6,146  Reviews,3+ weeks ago,https://www.naukri.com/job-listings-data-analyst-quarks-bengaluru-3-to-5-years-060526500940
Data Analyst III,Skan,6-11 Yrs,Not Disclosed,Bengaluru,3.4,6  Reviews,3+ weeks ago,https://www.naukri.com/job-listings-data-analyst-iii-skan-bengaluru-6-to-11-years-060226505997
Data Analyst,Barracuda Networks,1-3 Yrs,Not Disclosed,Bengaluru,3.4,72  Reviews,3+ weeks ago,https://www.naukri.com/job-listings-data-analyst-barracuda-bengaluru-1-to-3-years-050526500875
Data Analyst Compliance.New York Compliance,Mashreq Global Services,5-7 Yrs,Not Disclosed,Bengaluru,3.1,445  Reviews,3+ weeks ago,https://www.naukri.com/job-listings-data-analyst-compliance-new-york-compliance-mashreq-bank-bengaluru-5-to-7-years-050526500528
Data Analyst,Awesome Analytics,1-4 Yrs,Not Disclosed,"Kolkata, Mumbai, New Delhi, Hyderabad, Pune, Chennai, Bengaluru",5.0,4  Reviews,3+ weeks ago,https://www.naukri.com/job-listings-data-analyst-awesome-analytics-kolkata-mumbai-new-delhi-hyderabad-pune-chennai-bengaluru-1-to-4-years-290425501607
Data Analyst,Exzeo Software,4-5 Yrs,Not Disclosed,"Kolkata, Mumbai, New Delhi, Hyderabad, Pune, Chennai, Bengaluru",3.9,27  Reviews,3+ weeks ago,https://www.naukri.com/job-listings-data-analyst-exzeo-software-pvt-ltd-kolkata-mumbai-new-delhi-hyderabad-pune-chennai-bengaluru-4-to-5-years-260825501703
Data Analyst,Logic Planet,3-6 Yrs,Not Disclosed,"Kolkata, Mumbai, New Delhi, Hyderabad, Pune, Chennai, Bengaluru",2.8,66  Reviews,3+ weeks ago,https://www.naukri.com/job-listings-data-analyst-logicplanet-it-services-kolkata-mumbai-new-delhi-hyderabad-pune-chennai-bengaluru-3-to-6-years-200226504752
Data Analyst,Diverse Lynx,6-10 Yrs,Not Disclosed,Bengaluru,3.4,389  Reviews,3+ weeks ago,https://www.naukri.com/job-listings-data-analyst-diverse-lynx-bengaluru-6-to-10-years-180725502371
Payer Data Analyst,Star4rall It Solutions,3-7 Yrs,Not Disclosed,"Kolkata, Mumbai, New Delhi, Hyderabad, Pune, Chennai, Bengaluru",N/A,N/A,3+ weeks ago,https://www.naukri.com/job-listings-payer-data-analyst-star4rall-it-solutions-private-limited-kolkata-mumbai-new-delhi-hyderabad-pune-chennai-bengaluru-3-to-7-years-170323502157
Programmer / Data Analyst,Indo Fuji Information Technologies,3-6 Yrs,Not Disclosed,"Kolkata, Mumbai, New Delhi, Hyderabad, Pune, Chennai, Bengaluru",N/A,N/A,3+ weeks ago,https://www.naukri.com/job-listings-programmer-data-analyst-indo-fuji-information-technologies-pvt-ltd-kolkata-mumbai-new-delhi-hyderabad-pune-chennai-bengaluru-3-to-6-years-160724500800
Data Analyst,Gyantu,2-7 Yrs,Not Disclosed,"Kolkata, Mumbai, New Delhi, Hyderabad, Pune, Chennai, Bengaluru",N/A,N/A,3+ weeks ago,https://www.naukri.com/job-listings-data-analyst-gyantu-kolkata-mumbai-new-delhi-hyderabad-pune-chennai-bengaluru-2-to-7-years-150424501151
"Data and Tech Analyst, EIP, Livelihood Program",The/Nudge Institute,8-13 Yrs,Not Disclosed,Guwahati,N/A,N/A,3+ weeks ago,https://www.naukri.com/job-listings-data-and-tech-analyst-eip-livelihood-program-the-nudge-institute-guwahati-8-to-13-years-120526502511
Data Analyst - I,Pice App,1-2 Yrs,Not Disclosed,Bengaluru,3.5,2  Reviews,3+ weeks ago,https://www.naukri.com/job-listings-data-analyst-i-pice-bengaluru-1-to-2-years-091225502771
Data Analyst,Tech Stalwart Solution,6-9 Yrs,Not Disclosed,"Kolkata, Mumbai, New Delhi, Hyderabad, Pune, Chennai, Bengaluru",3.2,8  Reviews,3+ weeks ago,https://www.naukri.com/job-listings-data-analyst-tech-stalwart-solution-private-limited-kolkata-mumbai-new-delhi-hyderabad-pune-chennai-bengaluru-6-to-9-years-030125501914
Data Analyst,Swiss Re,1-4 Yrs,Not Disclosed,Bengaluru,3.8,362  Reviews,3+ weeks ago,https://www.naukri.com/job-listings-data-analyst-swiss-re-bengaluru-1-to-4-years-310725501877
Splunk Data Analyst with Data Lake +SQL,Apptad,5-9 Yrs,Not Disclosed,"Hybrid - Hyderabad, Pune, Bengaluru",4.2,101  Reviews,3 weeks ago,https://www.naukri.com/job-listings-splunk-data-analyst-with-data-lake-sql-apptad-hyderabad-pune-bengaluru-5-to-9-years-210526004165
Data Analyst,Hyperthink Systems,2-5 Yrs,Not Disclosed,Bengaluru,2.4,19  Reviews,3+ weeks ago,https://www.naukri.com/job-listings-data-analyst-hyperthink-systems-pvt-ltd-bengaluru-2-to-5-years-170723501972
Data Analyst,Neuralix Ai,2-6 Yrs,Not Disclosed,Bengaluru,N/A,N/A,3+ weeks ago,https://www.naukri.com/job-listings-data-analyst-neuralix-ai-bengaluru-2-to-6-years-151024501395
Data Analyst,Growtharc Technologies,8-13 Yrs,Not Disclosed,Bengaluru,4.1,11  Reviews,3+ weeks ago,https://www.naukri.com/job-listings-data-analyst-growtharc-technologies-private-limited-bengaluru-8-to-13-years-140625500050
Data Analyst,Diverse Lynx,5-7 Yrs,Not Disclosed,Bengaluru,3.4,389  Reviews,3+ weeks ago,https://www.naukri.com/job-listings-data-analyst-diverse-lynx-bengaluru-5-to-7-years-100523501220
Data Analyst,Xoom,1-6 Yrs,Not Disclosed,Bengaluru,N/A,N/A,3+ weeks ago,https://www.naukri.com/job-listings-data-analyst-xoom-inc-bengaluru-1-to-6-years-301225502817
Data Analyst,Diverse Lynx,5-8 Yrs,Not Disclosed,Bengaluru,3.4,389  Reviews,3+ weeks ago,https://www.naukri.com/job-listings-data-analyst-diverse-lynx-bengaluru-5-to-8-years-300725503925
Data Analyst - People Success,Regalix,2-6 Yrs,Not Disclosed,Bengaluru,2.6,555  Reviews,3+ weeks ago,https://www.naukri.com/job-listings-data-analyst-people-success-marketstar-bengaluru-2-to-6-years-291225502545
Data Governance and Data Analyst,Clifyx Technology,7-12 Yrs,Not Disclosed,Bengaluru,3.3,31  Reviews,3+ weeks ago,https://www.naukri.com/job-listings-data-governance-and-data-analyst-clifyx-technology-bengaluru-7-to-12-years-290525504670
Data Analyst,Skit.ai,1-3 Yrs,Not Disclosed,Bengaluru,3.3,9  Reviews,3+ weeks ago,https://www.naukri.com/job-listings-data-analyst-skit-ai-bengaluru-1-to-3-years-270226501485
Data Analyst,Ahana Systems & Solutions,1-4 Yrs,Not Disclosed,Bengaluru,3.7,286  Reviews,3 weeks ago,https://www.naukri.com/job-listings-data-analyst-ahana-systems-and-solutions-bengaluru-1-to-4-years-260526505927
Data Analyst,Altek Institution,8-13 Yrs,Not Disclosed,Bengaluru,N/A,N/A,3+ weeks ago,https://www.naukri.com/job-listings-data-analyst-altek-it-training-institute-bengaluru-8-to-13-years-260325505002
Data Analyst,Pradeepit Consulting Services,5-7 Yrs,Not Disclosed,Bengaluru,4.6,70  Reviews,3+ weeks ago,https://www.naukri.com/job-listings-data-analyst-pradeepit-bengaluru-5-to-7-years-260324502026
Data Analyst,Aeries Technology,3-6 Yrs,Not Disclosed,Bengaluru,3.1,403  Reviews,3+ weeks ago,https://www.naukri.com/job-listings-data-analyst-aeries-technology-group-bengaluru-3-to-6-years-250924504478
Data Analyst,Superk,1-2 Yrs,Not Disclosed,Bengaluru,3.9,46  Reviews,3+ weeks ago,https://www.naukri.com/job-listings-data-analyst-superk-bengaluru-1-to-2-years-250226500489
Data Analyst,Etomate Technology,1-4 Yrs,Not Disclosed,Bengaluru,1.0,2  Reviews,3+ weeks ago,https://www.naukri.com/job-listings-data-analyst-etomate-technology-llp-bengaluru-1-to-4-years-240322502079
Data Analyst,Clifyx Technology,1-4 Yrs,Not Disclosed,Bengaluru,3.3,31  Reviews,3+ weeks ago,https://www.naukri.com/job-listings-data-analyst-clifyx-technology-bengaluru-1-to-4-years-220725500669
Data Analyst,Thoucentric,3-5 Yrs,Not Disclosed,"Hubli, Mangaluru, Mysuru, Bengaluru, Belgaum",3.7,153  Reviews,3+ weeks ago,https://www.naukri.com/job-listings-data-analyst-thoucentric-hubli-mangaluru-mysuru-bengaluru-belgaum-3-to-5-years-210625501498
Data Analyst,Logic Planet,3-12 Yrs,Not Disclosed,Bengaluru,2.8,66  Reviews,3+ weeks ago,https://www.naukri.com/job-listings-data-analyst-logicplanet-it-services-bengaluru-3-to-12-years-210226500048
Data Analyst,Chidhagni Consulting,1-4 Yrs,Not Disclosed,Bengaluru,4.8,7  Reviews,3+ weeks ago,https://www.naukri.com/job-listings-data-analyst-chidhagni-consulting-bengaluru-1-to-4-years-200126507797
Data Analyst,Indium Software,1-4 Yrs,Not Disclosed,Bengaluru,3.9,1372  Reviews,3+ weeks ago,https://www.naukri.com/job-listings-data-analyst-indium-software-bengaluru-1-to-4-years-191225503298
Data Analyst,Lawlogix Group,3-5 Yrs,Not Disclosed,Bengaluru,N/A,N/A,3+ weeks ago,https://www.naukri.com/job-listings-data-analyst-lawlogix-group-bengaluru-3-to-5-years-190923500213
Data Analyst,Miles,5-10 Yrs,Not Disclosed,Bengaluru,3.4,9  Reviews,3+ weeks ago,https://www.naukri.com/job-listings-data-analyst-miles-bengaluru-5-to-10-years-180226503645
data analyst,Etomate Technology,2-7 Yrs,Not Disclosed,Bengaluru,1.0,2  Reviews,3+ weeks ago,https://www.naukri.com/job-listings-data-analyst-etomate-technology-llp-bengaluru-2-to-7-years-170118501679
Data Analyst,CAMSDATA,2-8 Yrs,Not Disclosed,Bengaluru,3.5,81  Reviews,3+ weeks ago,https://www.naukri.com/job-listings-data-analyst-camsdata-technologies-india-pvt-ltd-bengaluru-2-to-8-years-160822501643
Wind Data Analyst,First Source Energy India,2-3 Yrs,Not Disclosed,Bengaluru,N/A,N/A,3+ weeks ago,https://www.naukri.com/job-listings-wind-data-analyst-eq-magazine-first-source-energy-india-pvt-ltd-bengaluru-2-to-3-years-160326501936
Data Analyst,Iflow,6-11 Yrs,Not Disclosed,Bengaluru,4.7,6  Reviews,3+ weeks ago,https://www.naukri.com/job-listings-data-analyst-iflow-bengaluru-6-to-11-years-160226501875
Data Analyst,Plumgoodness,1-3 Yrs,Not Disclosed,Bengaluru,2.9,25  Reviews,3+ weeks ago,https://www.naukri.com/job-listings-data-analyst-plumgoodness-bengaluru-1-to-3-years-160226501181
Data Analyst,TLD Group,1-3 Yrs,Not Disclosed,Bengaluru,3.6,7  Reviews,3+ weeks ago,https://www.naukri.com/job-listings-data-analyst-tld-bengaluru-1-to-3-years-151025503041
Data Analyst,Brickwork Ratings (BWR),3-5 Yrs,Not Disclosed,Bengaluru,3.4,153  Reviews,3+ weeks ago,https://www.naukri.com/job-listings-data-analyst-brickworks-ratings-bengaluru-3-to-5-years-150425501288
Data Analyst,Bombay Play,1-3 Yrs,Not Disclosed,Bengaluru,4.6,9  Reviews,3+ weeks ago,https://www.naukri.com/job-listings-data-analyst-bombay-play-private-limited-bengaluru-1-to-3-years-130325503662
Data Analyst,Usdc Global,2-5 Yrs,Not Disclosed,Bengaluru,2.5,75  Reviews,3+ weeks ago,https://www.naukri.com/job-listings-data-analyst-usdc-global-bengaluru-2-to-5-years-121124506035
Data Analyst,Ivy Knowledge Services,1-5 Yrs,Not Disclosed,Bengaluru,1.9,5  Reviews,3+ weeks ago,https://www.naukri.com/job-listings-data-analyst-ivy-professional-school-ivy-bengaluru-1-to-5-years-110425500848
Data Analyst,Rehoboth Academic Services,2-7 Yrs,Not Disclosed,Bengaluru,3.6,7  Reviews,3+ weeks ago,https://www.naukri.com/job-listings-data-analyst-rehoboth-academic-services-bengaluru-2-to-7-years-091120501120
Data Analyst- aws services,Clifyx Technology,2-5 Yrs,Not Disclosed,Bengaluru,3.3,31  Reviews,3+ weeks ago,https://www.naukri.com/job-listings-data-analyst-aws-services-clifyx-technology-bengaluru-2-to-5-years-090326501488
Statistician/Data Analyst,Authenu,2-7 Yrs,Not Disclosed,Bengaluru,N/A,N/A,3+ weeks ago,https://www.naukri.com/job-listings-statistician-data-analyst-authenu-bengaluru-2-to-7-years-081117500094
Data Analyst,Heptarc Talent Acquisition,2-5 Yrs,Not Disclosed,Bengaluru,2.1,2  Reviews,3+ weeks ago,https://www.naukri.com/job-listings-data-analyst-heptarc-talent-acquisition-bengaluru-2-to-5-years-080623502193
Staff Data Analyst,Enphase Energy,8-12 Yrs,Not Disclosed,Bengaluru,2.6,416  Reviews,3+ weeks ago,https://www.naukri.com/job-listings-staff-data-analyst-enphase-energy-bengaluru-8-to-12-years-080126501434
Staff Data Analyst,Coupang,6-10 Yrs,Not Disclosed,Bengaluru,2.1,15  Reviews,3+ weeks ago,https://www.naukri.com/job-listings-staff-data-analyst-coupang-bengaluru-6-to-10-years-071125501944
Data Analyst,Falcon Smart It,2-6 Yrs,Not Disclosed,Bengaluru,N/A,N/A,3+ weeks ago,https://www.naukri.com/job-listings-data-analyst-falcon-smart-it-bengaluru-2-to-6-years-060522500470
Data Analyst (Tableau & Python),Swits Digital,3-6 Yrs,Not Disclosed,Bengaluru,3.9,16  Reviews,3+ weeks ago,https://www.naukri.com/job-listings-data-analyst-tableau-python-swits-digital-private-limited-bengaluru-3-to-6-years-050526500431
Data Analyst,Fleek,1-2 Yrs,Not Disclosed,Bengaluru,3.4,27  Reviews,3+ weeks ago,https://www.naukri.com/job-listings-data-analyst-fleek-bengaluru-1-to-2-years-040225502539
Data Analyst,Rubick.AI,1-3 Yrs,Not Disclosed,Bengaluru,2.1,11  Reviews,3+ weeks ago,https://www.naukri.com/job-listings-data-analyst-rubick-bengaluru-1-to-3-years-031125502244
Data Analysts,Prometheus Consulting,2-3 Yrs,Not Disclosed,Bengaluru,2.4,12  Reviews,3+ weeks ago,https://www.naukri.com/job-listings-data-analysts-prometheus-consulting-bengaluru-2-to-3-years-030419501116
Data Analyst,Clifyx Technology,1-4 Yrs,Not Disclosed,Bengaluru,3.3,31  Reviews,3+ weeks ago,https://www.naukri.com/job-listings-data-analyst-clifyx-technology-bengaluru-1-to-4-years-020825500019
"Data Analyst (NetSuite, Workday, Snowflake)",Leading Client,5-10 Yrs,Not Disclosed,"Hybrid - Kolkata, Pune, Chennai",N/A,N/A,3 weeks ago,https://www.naukri.com/job-listings-data-analyst-netsuite-workday-snowflake-iospl-technology-services-private-limited-kolkata-pune-chennai-5-to-10-years-250526927582
Data Analyst,UOB,8-12 Yrs,Not Disclosed,"Mumbai Suburban, Hyderabad, Bengaluru",N/A,N/A,2 weeks ago,https://www.naukri.com/job-listings-data-analyst-techmasters-infomatrix-mumbai-suburban-hyderabad-bengaluru-8-to-12-years-270526017868
BA / Data Analyst,tekskills,10-18 Yrs,Not Disclosed,"Hybrid - Bengaluru, india",N/A,N/A,2 weeks ago,https://www.naukri.com/job-listings-ba-data-analyst-tekskills-bengaluru-india-10-to-18-years-290526920059
Data Analyst,Leading Client,4-6 Yrs,Not Disclosed,Bengaluru,N/A,N/A,2 weeks ago,https://www.naukri.com/job-listings-data-analyst-ideslabs-private-limited-bengaluru-4-to-6-years-280526926768
Petrophysics Data Analyst-G&G Ops Specialist,Leading Client,5-10 Yrs,Not Disclosed,Hybrid - Bangalore Rural,N/A,N/A,3 weeks ago,https://www.naukri.com/job-listings-petrophysics-data-analyst-g-g-ops-specialist-bcforward-india-technologies-private-limited-bangalore-rural-5-to-10-years-250526923044
Data Analyst,Altimetrik,7-10 Yrs,Not Disclosed,"Hyderabad, Chennai, Bengaluru",N/A,N/A,3 weeks ago,https://www.naukri.com/job-listings-data-analyst-naukri-e-hire-campaign-hyderabad-chennai-bengaluru-7-to-10-years-200526027818
Data Analyst,MS Guide World,5-10 Yrs,Not Disclosed,Bengaluru,N/A,N/A,3+ weeks ago,https://www.naukri.com/job-listings-data-analyst-ms-guide-world-bengaluru-5-to-10-years-260225502830
Petrophysics Data Analyst-G&G Ops Specialist 5+ Yrs,Leading Client,5-10 Yrs,Not Disclosed,Hybrid - Bengaluru,N/A,N/A,3 weeks ago,https://www.naukri.com/job-listings-petrophysics-data-analyst-g-g-ops-specialist-5-yrs-bcforward-india-technologies-private-limited-bengaluru-5-to-10-years-250526923063
Petrophysics Data Analyst-G&G Ops Specialist,Leading Client,5-10 Yrs,Not Disclosed,Hybrid - Bengaluru,N/A,N/A,3 weeks ago,https://www.naukri.com/job-listings-petrophysics-data-analyst-g-g-ops-specialist-bcforward-india-technologies-private-limited-bengaluru-5-to-10-years-250526923046
Data Analyst,Han Digital Solution,1-2 Yrs,Not Disclosed,"Hubli, Mangaluru, Mysuru, Bengaluru, Belgaum",N/A,N/A,3+ weeks ago,https://www.naukri.com/job-listings-data-analyst-han-digital-solution-hubli-mangaluru-mysuru-bengaluru-belgaum-1-to-2-years-221125501282
Data Analyst,Acme Services,2-5 Yrs,Not Disclosed,Bengaluru,N/A,N/A,3+ weeks ago,https://www.naukri.com/job-listings-data-analyst-acme-services-bengaluru-2-to-5-years-210223503774
Data Analyst,Acme Services,2-5 Yrs,Not Disclosed,Bengaluru,N/A,N/A,3+ weeks ago,https://www.naukri.com/job-listings-data-analyst-acme-services-bengaluru-2-to-5-years-210223503742
Data Analyst,Z2plus Placement & Security Agency Pvt. Ltd.,2-5 Yrs,Not Disclosed,Bengaluru,N/A,N/A,3+ weeks ago,https://www.naukri.com/job-listings-data-analyst-z2plus-placement-security-agency-pvt-ltd-bengaluru-2-to-5-years-210222500573
Data Analyst,Xpheno,2-4 Yrs,Not Disclosed,Bengaluru,N/A,N/A,3+ weeks ago,https://www.naukri.com/job-listings-data-analyst-xpheno-bengaluru-2-to-4-years-100123500067
Data Analyst,Tata Technologies,3-8 Yrs,Not Disclosed,Pune,3.4,3307  Reviews,2 weeks ago,https://www.naukri.com/job-listings-data-analyst-tata-technologies-ltd-pune-3-to-8-years-290526920741
Data Analyst,Bahwan CyberTek,3-4 Yrs,Not Disclosed,Chennai,3.3,721  Reviews,2 weeks ago,https://www.naukri.com/job-listings-data-analyst-bahwan-cybertek-chennai-3-to-4-years-290526506217
Data Analyst,Bahwan CyberTek,3-4 Yrs,Not Disclosed,Chennai,3.3,721  Reviews,2 weeks ago,https://www.naukri.com/job-listings-data-analyst-bahwan-cybertek-chennai-3-to-4-years-280526031923
Data Analyst,Ecolab Global Services,6-8 Yrs,Not Disclosed,Pune,3.4,234  Reviews,3 weeks ago,https://www.naukri.com/job-listings-data-analyst-ecolab-global-services-private-limited-pune-6-to-8-years-250526935348
Data Analyst,Drishti Ferry,N/A,Unpaid ,Mumbai,N/A,N/A,Starts in 1-3 months,https://www.naukri.com/job-listings-data-analyst-drishti-cruise-and-ferries-private-limited-mumbai-2-to-7-years-210526504300
Data Analyst,Magic Bus,3-8 Yrs,Not Disclosed,Noida,3.8,690  Reviews,3+ weeks ago,https://www.naukri.com/job-listings-data-analyst-magic-bus-noida-3-to-8-years-280125500558
Data Analyst ( Tableau ),Biz Tecno,4-9 Yrs,Not Disclosed,Chandigarh,4.9,3  Reviews,3+ weeks ago,https://www.naukri.com/job-listings-data-analyst-tableau-biz-infotecno-pvt-ltd-chandigarh-4-to-9-years-210126503469
Data Analyst,Coforge,2-4 Yrs,Not Disclosed,Greater Noida,3.3,8954  Reviews,3+ weeks ago,https://www.naukri.com/job-listings-data-analyst-coforge-greater-noida-2-to-4-years-190526012474
Data Analyst,Grid Dynamics,2-7 Yrs,Not Disclosed,Hyderabad,3.1,116  Reviews,3+ weeks ago,https://www.naukri.com/job-listings-data-analyst-grid-dynamics-hyderabad-2-to-7-years-120226500312
Data Analyst,Myglamm,2-4 Yrs,Not Disclosed,Mumbai,3.5,166  Reviews,3+ weeks ago,https://www.naukri.com/job-listings-data-analyst-myglamm-mumbai-2-to-4-years-110325502392
AI Engineer / Data Analyst,Meru Software,2-5 Yrs,Not Disclosed,Hyderabad,N/A,N/A,3+ weeks ago,https://www.naukri.com/job-listings-ai-engineer-data-analyst-meru-software-pvt-ltd-hyderabad-2-to-5-years-090625504929
Data Analyst,Credit Wise Capital Pvt. LTD.,5-8 Yrs,Not Disclosed,Mumbai,3.8,15  Reviews,3+ weeks ago,https://www.naukri.com/job-listings-data-analyst-credit-wise-capital-pvt-ltd-mumbai-5-to-8-years-081124502420
Data Analyst,Grid Dynamics,2-7 Yrs,Not Disclosed,Chennai,3.1,116  Reviews,3+ weeks ago,https://www.naukri.com/job-listings-data-analyst-grid-dynamics-chennai-2-to-7-years-040226504680
Data Analyst,Barclays,1-8 Yrs,Not Disclosed,Pune,3.8,1165  Reviews,3+ weeks ago,https://www.naukri.com/job-listings-data-analyst-barclays-shared-services-pune-1-to-8-years-020226502112
Engineer/Data Analyst,Mycitynagpur,5-8 Yrs,Not Disclosed,Nagpur,N/A,N/A,3+ weeks ago,https://www.naukri.com/job-listings-engineer-data-analyst-mycitynagpur-nagpur-5-to-8-years-311219500397
Data Analyst,Sharp Mint,3-5 Yrs,2.5-4.75 Lacs PA ,Muzaffarnagar(Jansath),3.3,56  Reviews,2 weeks ago,https://www.naukri.com/job-listings-data-analyst-sharp-mint-muzaffarnagar-3-to-5-years-280526025521
Data Analyst,GS1 India,8-13 Yrs,9-15 Lacs PA ,Chennai,3.1,34  Reviews,2 weeks ago,https://www.naukri.com/job-listings-data-analyst-gs1-india-chennai-8-to-13-years-180424012520
Data Analyst - 5+Year Experienced @10LPA- Ahmedabad,Arise Solution,5-10 Yrs,8-11 Lacs PA ,Ahmedabad,N/A,N/A,3+ weeks ago,https://www.naukri.com/job-listings-data-analyst-5-year-experienced-10lpa-ahmedabad-arise-solutions-ahmedabad-5-to-10-years-150526921525
Data Analyst,Reputed Client Company,5-10 Yrs,6-8 Lacs PA ,Vadodara,N/A,N/A,2 weeks ago,https://www.naukri.com/job-listings-data-analyst-prominent-consultant-vadodara-5-to-10-years-091025042866
Data Analyst,LRN Corporation,4-9 Yrs,Not Disclosed,Mumbai,3.5,25  Reviews,3+ weeks ago,https://www.naukri.com/job-listings-data-analyst-lrn-corporation-mumbai-4-to-9-years-100426503224
Data Analyst,Luxoft,6-8 Yrs,Not Disclosed,Noida,3.6,843  Reviews,2 weeks ago,https://www.naukri.com/job-listings-data-analyst-luxoft-india-llp-noida-6-to-8-years-290526920607
Data Analyst,Squircle IT,3-8 Yrs,Not Disclosed,Gurugram,N/A,N/A,2 weeks ago,https://www.naukri.com/job-listings-data-analyst-squircle-it-consulting-services-pvt-ltd-gurugram-3-to-8-years-290526508099
Data Analyst,Eulerity,3-8 Yrs,Not Disclosed,Pune,N/A,N/A,2 weeks ago,https://www.naukri.com/job-listings-data-analyst-eulerity-pune-3-to-8-years-290526505904
Data Analyst,HMH Technology Private Limited,3-7 Yrs,Not Disclosed,Hybrid - Pune,4.6,28  Reviews,2 weeks ago,https://www.naukri.com/job-listings-data-analyst-hmh-technology-private-limited-pune-3-to-7-years-290526023358
Data Analyst,Kiya.ai,5-10 Yrs,Not Disclosed,Hybrid - Chennai,3.9,644  Reviews,2 weeks ago,https://www.naukri.com/job-listings-data-analyst-kiya-ai-chennai-5-to-10-years-290526003371
Data Analyst,Facctum,2-3 Yrs,Not Disclosed,Pune,4.2,24  Reviews,2 weeks ago,https://www.naukri.com/job-listings-data-analyst-facctum-it-solutions-india-private-limited-pune-2-to-3-years-280526503216
Data Analyst AI ML,Getronics,4-6 Yrs,Not Disclosed,Chennai,4.1,124  Reviews,2 weeks ago,https://www.naukri.com/job-listings-data-analyst-ai-ml-getronics-chennai-4-to-6-years-280526019580
Data Analyst,elevate,2-5 Yrs,3-5 Lacs PA ,Chandigarh,3.0,114  Reviews,2 weeks ago,https://www.naukri.com/job-listings-data-analyst-elevate-chandigarh-2-to-5-years-280526015203
Data Analyst,Valenta Bpo Solutions,3-4 Yrs,Not Disclosed,Nashik,4.3,225  Reviews,3 weeks ago,https://www.naukri.com/job-listings-data-analyst-valenta-bpo-solutions-nashik-3-to-4-years-260526504056
Data Analyst,Brainware University,5-10 Yrs,3.5-7 Lacs PA ,Kolkata,2.8,201  Reviews,3 weeks ago,https://www.naukri.com/job-listings-data-analyst-brainware-university-kolkata-5-to-10-years-260526024886
DATA ANALYST,Kilonewtons,5-10 Yrs,Not Disclosed,Hyderabad,N/A,N/A,3+ weeks ago,https://www.naukri.com/job-listings-data-analyst-kilonewtons-hyderabad-5-to-10-years-260326502717
Site Data Analyst,Apraava Renewable Energy,4-9 Yrs,Not Disclosed,Jaipur,4.2,14  Reviews,3 weeks ago,https://www.naukri.com/job-listings-site-data-analyst-apraava-energy-jaipur-4-to-9-years-250526502948
Data Analyst,Rezo,5-7 Yrs,Not Disclosed,Noida,1.8,9  Reviews,3 weeks ago,https://www.naukri.com/job-listings-data-analyst-rezo-ai-noida-5-to-7-years-250526502266
Data Analyst,Guidehouse,1-6 Yrs,Not Disclosed,Chennai,3.6,981  Reviews,3+ weeks ago,https://www.naukri.com/job-listings-data-analyst-guidehouse-chennai-1-to-6-years-240226505302
Data Analyst,Syneos Health,3-8 Yrs,Not Disclosed,Gurugram,3.6,838  Reviews,3 weeks ago,https://www.naukri.com/job-listings-data-analyst-syneos-health-gurugram-3-to-8-years-220526502603
Data analyst,Hinduja Housing Finance,3-7 Yrs,Not Disclosed,Chennai,3.7,1089  Reviews,3 weeks ago,https://www.naukri.com/job-listings-data-analyst-hinduja-housing-finance-chennai-3-to-7-years-210526006781
Data Analyst ( CCLF),Bandi Informatics,1-2 Yrs,Not Disclosed,Chennai,4.6,8  Reviews,3+ weeks ago,https://www.naukri.com/job-listings-data-analyst-cclf-bandi-informatics-chennai-1-to-2-years-200126505029
Packaging Data Analyst,McCormick India,3-5 Yrs,Not Disclosed,Gurugram,4.4,73  Reviews,3+ weeks ago,https://www.naukri.com/job-listings-packaging-data-analyst-mccormick-foods-india-private-limited-gurugram-3-to-5-years-190526931434
Data Analyst,Swaas Systems,3-7 Yrs,Not Disclosed,Chennai(Guindy),3.9,41  Reviews,3+ weeks ago,https://www.naukri.com/job-listings-data-analyst-swaas-systems-chennai-3-to-7-years-190526031260
Data Analyst,360DigiTMG,N/A,Unpaid ,Hyderabad,4.1,108  Reviews,Starts in 1-3 months,https://www.naukri.com/job-listings-data-analyst-360digitmg-hyderabad-1-to-2-years-180825504268
Data Analyst,Wissen Technology,3-6 Yrs,Not Disclosed,Hyderabad,3.8,682  Reviews,3+ weeks ago,https://www.naukri.com/job-listings-data-analyst-wissen-technology-pvt-ltd-hyderabad-3-to-6-years-180526026089
Data Analyst,Tecqubes Technologies,2-4 Yrs,7-10 Lacs PA ,"Navi Mumbai, Mumbai (All Areas)(Airoli)",4.0,25  Reviews,3+ weeks ago,https://www.naukri.com/job-listings-data-analyst-tecqubes-technologies-navi-mumbai-mumbai-all-areas-2-to-4-years-180526003060
SEO Data Analyst,Newfold Digital,4-6 Yrs,Not Disclosed,Mumbai,N/A,N/A,3+ weeks ago,https://www.naukri.com/job-listings-seo-data-analyst-newfold-digital-mumbai-4-to-6-years-150426503312
Data Analyst,RheinBrcke IT Consulting,4-9 Yrs,Not Disclosed,Chennai,3.5,25  Reviews,3+ weeks ago,https://www.naukri.com/job-listings-data-analyst-rheinbrcke-it-consulting-chennai-4-to-9-years-140126501030
Data Analyst,Amrita Vishwa Vidyapeetham,1-3 Yrs,Not Disclosed,Kollam,3.7,222  Reviews,3+ weeks ago,https://www.naukri.com/job-listings-data-analyst-amrita-vishwa-vidyapeetham-kollam-1-to-3-years-130526500604
Data Analyst,Payoneer,1-3 Yrs,Not Disclosed,Gurugram,3.7,10  Reviews,3+ weeks ago,https://www.naukri.com/job-listings-data-analyst-payoneer-gurugram-1-to-3-years-130326500049
Data Analyst,Csk Technologies,1-4 Yrs,Not Disclosed,Noida,4.5,10  Reviews,3+ weeks ago,https://www.naukri.com/job-listings-data-analyst-csk-technologies-opc-pvt-ltd-noida-1-to-4-years-110326502600
Data Analyst,Airtel Payments Bank,2-5 Yrs,Not Disclosed,Gurugram,3.8,1484  Reviews,3+ weeks ago,https://www.naukri.com/job-listings-data-analyst-airtel-payments-bank-gurugram-2-to-5-years-090226002985
Data Analyst,Int9 Solutions,5-10 Yrs,Not Disclosed,Pune,N/A,N/A,3+ weeks ago,https://www.naukri.com/job-listings-data-analyst-int9-solutions-pune-5-to-10-years-080426503156
Packaging Data Analyst,McCormick India,3-5 Yrs,Not Disclosed,Gurugram,4.4,73  Reviews,3+ weeks ago,https://www.naukri.com/job-listings-packaging-data-analyst-mccormick-gurugram-3-to-5-years-070526502213
Data Analyst,Weather Risk Management Services,3-4 Yrs,Not Disclosed,Gurugram,2.9,89  Reviews,3+ weeks ago,https://www.naukri.com/job-listings-data-analyst-wrms-gurugram-3-to-4-years-070126500021
Data Analyst,RightWave InfoSolutions (Pvt) Ltd.,3-8 Yrs,Not Disclosed,Noida,3.2,18  Reviews,3+ weeks ago,https://www.naukri.com/job-listings-data-analyst-rightwave-infosolutions-pvt-ltd-noida-3-to-8-years-050326501745
Data Analyst,Better Mortgage,3-8 Yrs,Not Disclosed,Gurugram,3.0,760  Reviews,3+ weeks ago,https://www.naukri.com/job-listings-data-analyst-better-mortgage-gurugram-3-to-8-years-020326504814
Data Analyst,Lorven Technologies,3-8 Yrs,Not Disclosed,Chennai,3.2,41  Reviews,3+ weeks ago,https://www.naukri.com/job-listings-data-analyst-lorventech-solutions-india-pvt-ltd-chennai-3-to-8-years-090326500535
Data Analyst,Straive,2-6 Yrs,Not Disclosed,Remote,3.3,2359  Reviews,2 weeks ago,https://www.naukri.com/job-listings-data-analyst-straive-chennai-2-to-6-years-290526003271
Data Analyst,Sparix Global,5-10 Yrs,Not Disclosed,Noida,5.0,2  Reviews,3+ weeks ago,https://www.naukri.com/job-listings-data-analyst-sparix-global-private-limited-noida-5-to-10-years-290426505911
Data Analyst,Wonderskool,2-7 Yrs,Not Disclosed,Panchkula,N/A,N/A,3+ weeks ago,https://www.naukri.com/job-listings-data-analyst-wonderskool-panchkula-2-to-7-years-210423500069
Excel Data Analyst,Ivy Knowledge Services,5-10 Yrs,Not Disclosed,Mumbai,1.9,5  Reviews,3+ weeks ago,https://www.naukri.com/job-listings-excel-data-analyst-ivy-professional-school-ivy-mumbai-5-to-10-years-180425505459
Data Analyst,HRS Group,5-10 Yrs,Not Disclosed,Mohali,3.1,41  Reviews,3+ weeks ago,https://www.naukri.com/job-listings-data-analyst-hrs-group-mohali-5-to-10-years-180326501759
Data Analyst - FinBox,Finbox,2-4 Yrs,Not Disclosed,Gurugram,3.5,30  Reviews,3+ weeks ago,https://www.naukri.com/job-listings-data-analyst-finbox-finbox-gurugram-2-to-4-years-160925503789
Data Analyst,Creditsafe,2-8 Yrs,Not Disclosed,Hyderabad,3.0,27  Reviews,3+ weeks ago,https://www.naukri.com/job-listings-data-analyst-creditsafe-technology-hyderabad-2-to-8-years-160426503967
Data Analyst,Anutham Technologies,4-7 Yrs,Not Disclosed,Pune,4.6,46  Reviews,3+ weeks ago,https://www.naukri.com/job-listings-data-analyst-anutham-technologies-pune-4-to-7-years-140525501861
Data Analyst,Amnet Digital,5-10 Yrs,Not Disclosed,Hyderabad,3.2,73  Reviews,3+ weeks ago,https://www.naukri.com/job-listings-data-analyst-amnet-digital-hyderabad-5-to-10-years-110724501460
Databricks Data Analyst,Xenon7,6-11 Yrs,Not Disclosed,Hyderabad,N/A,N/A,3+ weeks ago,https://www.naukri.com/job-listings-databricks-data-analyst-xenon7-hyderabad-6-to-11-years-020126500819
DATA ANALYST,Kanakavalli Retail Venturess,3-8 Yrs,Not Disclosed,Chennai,4.5,12  Reviews,3+ weeks ago,https://www.naukri.com/job-listings-data-analyst-kanakavalli-chennai-3-to-8-years-310524501209
Data Analyst,Codelynks Software Solutions (P) Ltd,1-3 Yrs,Not Disclosed,Kochi,3.5,9  Reviews,3+ weeks ago,https://www.naukri.com/job-listings-data-analyst-codelynks-software-solutions-p-ltd-kochi-1-to-3-years-301024505477
Data Analyst,Mhtechin,2-5 Yrs,Not Disclosed,Pune,4.2,43  Reviews,3+ weeks ago,https://www.naukri.com/job-listings-data-analyst-mhtechin-pune-2-to-5-years-300925502777
Data Analyst,99plus It Solutions,2-5 Yrs,Not Disclosed,Vadodara,N/A,N/A,3+ weeks ago,https://www.naukri.com/job-listings-data-analyst-99plus-it-solutions-vadodara-2-to-5-years-300419502051
Data Analyst,Guidehouse,3-8 Yrs,Not Disclosed,Thiruvananthapuram,3.6,981  Reviews,3+ weeks ago,https://www.naukri.com/job-listings-data-analyst-guidehouse-thiruvananthapuram-3-to-8-years-291225502535
Data Analyst,Plus91,1-4 Yrs,Not Disclosed,Patna,3.2,87  Reviews,3+ weeks ago,https://www.naukri.com/job-listings-data-analyst-plus91-technologies-pvt-ltd-patna-1-to-4-years-291025501474
Data Analyst,Zynofus Technologies,6-11 Yrs,Not Disclosed,Chennai,4.4,12  Reviews,3+ weeks ago,https://www.naukri.com/job-listings-data-analyst-zynofus-technologies-chennai-6-to-11-years-290725501725
Data Analyst,MAN TRUCK BUS,3-5 Yrs,Not Disclosed,Pune,2.4,276  Reviews,3+ weeks ago,https://www.naukri.com/job-listings-data-analyst-man-truck-bus-pune-3-to-5-years-290426503588
Data Analyst,MAN TRUCK BUS,5-8 Yrs,Not Disclosed,Pune,2.4,276  Reviews,3+ weeks ago,https://www.naukri.com/job-listings-data-analyst-man-truck-bus-pune-5-to-8-years-290426503587
Data Analyst,Integrity Knowledge Services,3-5 Yrs,Not Disclosed,Ahmedabad,4.0,2  Reviews,3+ weeks ago,https://www.naukri.com/job-listings-data-analyst-integrity-knowledge-services-ahmedabad-3-to-5-years-280825501578
Data Analyst,Dynatech In,2-7 Yrs,Not Disclosed,Ahmedabad,N/A,N/A,3+ weeks ago,https://www.naukri.com/job-listings-data-analyst-bharatedge-services-private-limited-ahmedabad-2-to-7-years-280725501497
Data Analyst,Innocode Ventures,2-4 Yrs,Not Disclosed,Jaipur,4.5,2  Reviews,3+ weeks ago,https://www.naukri.com/job-listings-data-analyst-innocode-ventures-jaipur-2-to-4-years-271025501786
Data Analyst,Square Yards,2-5 Yrs,Not Disclosed,Gurugram,3.5,3044  Reviews,3+ weeks ago,https://www.naukri.com/job-listings-data-analyst-square-yards-gurugram-2-to-5-years-270723500414
Data analyst,Zecotok,1-3 Yrs,Not Disclosed,Panchkula,N/A,N/A,3+ weeks ago,https://www.naukri.com/job-listings-data-analyst-zecotok-panchkula-1-to-3-years-261223501391
Data Analyst - Media,Databeat,2-4 Yrs,Not Disclosed,Hyderabad,3.3,26  Reviews,3+ weeks ago,https://www.naukri.com/job-listings-data-analyst-media-databeat-hyderabad-2-to-4-years-261125500537
Data Analyst,SSTech System,2-4 Yrs,Not Disclosed,Ahmedabad,3.8,28  Reviews,3+ weeks ago,https://www.naukri.com/job-listings-data-analyst-sstech-system-ahmedabad-2-to-4-years-260625502233
Data Analyst,Navgathi,2-3 Yrs,Not Disclosed,Kochi,N/A,N/A,3+ weeks ago,https://www.naukri.com/job-listings-data-analyst-navgathi-marine-design-constructions-kochi-2-to-3-years-260322500221
Data Analyst,Advanced Risk Analytics,2-6 Yrs,Not Disclosed,Ahmedabad,1.5,4  Reviews,3+ weeks ago,https://www.naukri.com/job-listings-data-analyst-advanced-risk-analytics-private-limited-ahmedabad-2-to-6-years-260318501976
Data Analyst,Hexonica,3-5 Yrs,Not Disclosed,Pune,4.2,13  Reviews,3+ weeks ago,https://www.naukri.com/job-listings-data-analyst-hexonica-pune-3-to-5-years-260220501850
Data Analysts,Patio Digital,3-6 Yrs,Not Disclosed,Faridabad,3.7,6  Reviews,3+ weeks ago,https://www.naukri.com/job-listings-data-analysts-patio-digital-faridabad-3-to-6-years-251119500170
Data Analyst,Mentorji,1-3 Yrs,Not Disclosed,Hapur,N/A,N/A,3+ weeks ago,https://www.naukri.com/job-listings-data-analyst-mentorji-hapur-1-to-3-years-250625503432
Data Analyst - Fintech,HT Digital Streams,2-7 Yrs,Not Disclosed,Gurugram,2.7,46  Reviews,3 weeks ago,https://www.naukri.com/job-listings-data-analyst-fintech-ht-digital-streams-gurugram-2-to-7-years-250526015681
DATA - ANALYST,Justlead.in,1-4 Yrs,Not Disclosed,Lucknow,N/A,N/A,3+ weeks ago,https://www.naukri.com/job-listings-data-analyst-justlead-solutions-private-limited-lucknow-1-to-4-years-250325505164
Data Analyst,Dbiz.ai,4-6 Yrs,Not Disclosed,Kochi,3.2,46  Reviews,3+ weeks ago,https://www.naukri.com/job-listings-data-analyst-dbiz-ai-kochi-4-to-6-years-250325500401
Data Analyst,Estalvis Advisors,2-4 Yrs,Not Disclosed,Mumbai,N/A,N/A,3+ weeks ago,https://www.naukri.com/job-listings-data-analyst-estalvis-advisors-private-limited-mumbai-2-to-4-years-241125505623
Data Analyst,Nexzu Mobility,1-6 Yrs,Not Disclosed,Kolkata,2.0,22  Reviews,3 weeks ago,https://www.naukri.com/job-listings-data-analyst-nexzu-mobility-kolkata-1-to-6-years-241125504822
Data Analyst,Legalwiz.in,1-3 Yrs,Not Disclosed,Ahmedabad,4.7,9  Reviews,3+ weeks ago,https://www.naukri.com/job-listings-data-analyst-legalwiz-ahmedabad-1-to-3-years-241120501147
Data Analyst,Mid Source Tech,2-5 Yrs,Not Disclosed,Hyderabad,N/A,N/A,3+ weeks ago,https://www.naukri.com/job-listings-data-analyst-mid-source-tech-hyderabad-2-to-5-years-240924502610
Data Analyst (ETL Tools),Alpha Analytics Services,2-4 Yrs,Not Disclosed,Pune,4.1,2  Reviews,3+ weeks ago,https://www.naukri.com/job-listings-data-analyst-etl-tools-alpha-analytics-services-pvt-ltd-pune-2-to-4-years-240919500049
Quantitative Analyst / Data Analyst,Surbhi Finsec,2-7 Yrs,Not Disclosed,Ahmedabad,N/A,N/A,3+ weeks ago,https://www.naukri.com/job-listings-quantitative-analyst-data-analyst-surbhi-finsec-ahmedabad-2-to-7-years-240725502466
Insurance Data Analyst,Xduce Technologies,2-3 Yrs,Not Disclosed,Ahmedabad,3.4,45  Reviews,3+ weeks ago,https://www.naukri.com/job-listings-insurance-data-analyst-xduce-ahmedabad-2-to-3-years-240522500136
Data Analyst,Sense Digital,2-3 Yrs,Not Disclosed,Gurugram,3.1,5  Reviews,3+ weeks ago,https://www.naukri.com/job-listings-data-analyst-sense-digital-media-gurugram-2-to-3-years-240426501658
Data Analyst - Ethics & Compliance M&C Americas,Castrol,3-8 Yrs,Not Disclosed,Pune,4.3,539  Reviews,3+ weeks ago,https://www.naukri.com/job-listings-data-analyst-ethics-compliance-m-c-americas-castrol-india-limited-pune-3-to-8-years-240326502055
Data Analyst,Xportmine,3-4 Yrs,Not Disclosed,Udaipur,N/A,N/A,3+ weeks ago,https://www.naukri.com/job-listings-data-analyst-xportmine-udaipur-3-to-4-years-240225503421
DATA ANALYST,Chaitanya Hospital,3-8 Yrs,Not Disclosed,Thiruvananthapuram,4.3,38  Reviews,3+ weeks ago,https://www.naukri.com/job-listings-data-analyst-chaitanya-hospital-thiruvananthapuram-3-to-8-years-231225503832
Data Analyst,Oliver Wyman,2-5 Yrs,Not Disclosed,Gurugram,3.3,19  Reviews,3+ weeks ago,https://www.naukri.com/job-listings-data-analyst-oliver-wyman-gurugram-2-to-5-years-230426501872
Data Analyst,Aryavart Institute Of Technology,1-3 Yrs,Not Disclosed,Supaul,2.0,2  Reviews,3+ weeks ago,https://www.naukri.com/job-listings-data-analyst-aryavart-institute-of-technology-supaul-1-to-3-years-230424501320
Data Analyst,John Crane Sealing Systems India,2-6 Yrs,Not Disclosed,Pune,3.4,226  Reviews,3+ weeks ago,https://www.naukri.com/job-listings-data-analyst-john-crane-sealing-systems-india-pvt-ltd-pune-2-to-6-years-230125505549
Data Analyst,Ztek Consulting,7-8 Yrs,Not Disclosed,Chennai,3.8,46  Reviews,3+ weeks ago,https://www.naukri.com/job-listings-data-analyst-ztek-consulting-pvt-ltd-chennai-7-to-8-years-221225501047
Data Analyst,Ramesh Parasmal Jain & Co.,1-4 Yrs,Not Disclosed,Ahmedabad,N/A,N/A,3+ weeks ago,https://www.naukri.com/job-listings-data-analyst-ramesh-parasmal-jain-co-ahmedabad-1-to-4-years-221124506500
Data Analyst,IntouchCX,2-3 Yrs,Not Disclosed,Hyderabad,2.7,2617  Reviews,3+ weeks ago,https://www.naukri.com/job-listings-data-analyst-24-7-intouch-hyderabad-2-to-3-years-221025507622
Data Analyst,Creoquad Hyderabad,1-3 Yrs,Not Disclosed,Hyderabad,N/A,N/A,3+ weeks ago,https://www.naukri.com/job-listings-data-analyst-creoquad-hyderabad-1-to-3-years-220925504876
Data Analyst,CC Staffing International,1-2 Yrs,Not Disclosed,"Kochi, Thrissur, Kozhikode, Thiruvananthapuram",N/A,N/A,3+ weeks ago,https://www.naukri.com/job-listings-data-analyst-cc-staffing-international-kochi-thrissur-kozhikode-thiruvananthapuram-1-to-2-years-220125501091
Data Analyst,Siyanda Techlogics,2-4 Yrs,Not Disclosed,Visakhapatnam,N/A,N/A,3+ weeks ago,https://www.naukri.com/job-listings-data-analyst-siyanda-techlogics-pvt-ltd-visakhapatnam-2-to-4-years-211124507361
Data Analyst,Thoucentric,5-10 Yrs,Not Disclosed,"Panipat, Yamunanagar, Faridabad, Sonipat, Gurugram, Hisar",3.7,153  Reviews,3+ weeks ago,https://www.naukri.com/job-listings-data-analyst-thoucentric-panipat-yamunanagar-faridabad-sonipat-gurugram-hisar-5-to-10-years-210625501464
Data Analyst,Intello Labs,1-2 Yrs,Not Disclosed,Gurugram,3.7,104  Reviews,3+ weeks ago,https://www.naukri.com/job-listings-data-analyst-intello-labs-private-limited-gurugram-1-to-2-years-210126503159
Quantitative Data Analyst,Zivanta Analytics,1-4 Yrs,Not Disclosed,Kolkata,4.1,9  Reviews,3+ weeks ago,https://www.naukri.com/job-listings-quantitative-data-analyst-zivanta-analytics-kolkata-1-to-4-years-201124501037
DATA ANALYST,Gemini Exports,2-5 Yrs,Not Disclosed,Mumbai,2.9,24  Reviews,3+ weeks ago,https://www.naukri.com/job-listings-data-analyst-gemini-exports-mumbai-2-to-5-years-200622501282
Data Analyst,Wynploy,1-3 Yrs,Not Disclosed,Pune,N/A,N/A,3+ weeks ago,https://www.naukri.com/job-listings-data-analyst-wynploy-pune-1-to-3-years-200226505644
Data Analyst,Logic Planet,3-5 Yrs,Not Disclosed,Nagpur,2.8,66  Reviews,3+ weeks ago,https://www.naukri.com/job-listings-data-analyst-logicplanet-it-services-nagpur-3-to-5-years-200226505345
Data Analyst,Cornerstone India,5-7 Yrs,Not Disclosed,Hyderabad,3.2,88  Reviews,3+ weeks ago,https://www.naukri.com/job-listings-data-analyst-cornerstone-india-hyderabad-5-to-7-years-200226500899
Data Analyst _P,Aumni Techworks,1-3 Yrs,Not Disclosed,Pune,4.0,29  Reviews,3+ weeks ago,https://www.naukri.com/job-listings-data-analyst-p-aumni-techworks-pune-1-to-3-years-200126500540
Data Analyst,Countrees Services And Technologies,3-6 Yrs,Not Disclosed,Chennai,N/A,N/A,3+ weeks ago,https://www.naukri.com/job-listings-data-analyst-countrees-services-and-technologies-pvt-ltd-chennai-3-to-6-years-200123500016
Data Analyst - Logistics Domain,Elevati Infotech,3-7 Yrs,Not Disclosed,Pune,4.5,13  Reviews,3+ weeks ago,https://www.naukri.com/job-listings-data-analyst-logistics-domain-elevati-infotech-pvt-ltd-pune-3-to-7-years-191124504983
Data Analyst,Nits Solutions,1-3 Yrs,Not Disclosed,Gurugram,3.1,74  Reviews,3+ weeks ago,https://www.naukri.com/job-listings-data-analyst-nits-solutions-pvt-ltd-gurugram-1-to-3-years-190624500933
Data Analyst,Contechub,1-3 Yrs,Not Disclosed,Jaipur,2.0,21  Reviews,3+ weeks ago,https://www.naukri.com/job-listings-data-analyst-contechub-jaipur-1-to-3-years-190525505465
Data Analyst,Contechub,1-3 Yrs,Not Disclosed,Jaipur,2.0,21  Reviews,3+ weeks ago,https://www.naukri.com/job-listings-data-analyst-contechub-jaipur-1-to-3-years-190525504392
Data Analysts,Asite Solutions,2-4 Yrs,Not Disclosed,Pune,3.1,65  Reviews,3+ weeks ago,https://www.naukri.com/job-listings-data-analysts-asite-solutions-pvt-ltd-pune-2-to-4-years-190326503815
Data Analyst,Stalwart Themius,5-7 Yrs,Not Disclosed,Ahmedabad,N/A,N/A,3+ weeks ago,https://www.naukri.com/job-listings-data-analyst-stalwart-themius-ahmedabad-5-to-7-years-190226503509
Data Analyst,Cornerstone,7-12 Yrs,Not Disclosed,Pune,3.3,185  Reviews,3+ weeks ago,https://www.naukri.com/job-listings-data-analyst-cornerstone-on-demand-pune-7-to-12-years-190226501887
Data Analyst,Prodware Solutions,3-8 Yrs,Not Disclosed,Mumbai,3.2,22  Reviews,3+ weeks ago,https://www.naukri.com/job-listings-data-analyst-prodware-solutions-private-limited-mumbai-3-to-8-years-181224502178
Data Analyst,Spectrum Filtration,2-5 Yrs,Not Disclosed,Kolkata,3.9,40  Reviews,3+ weeks ago,https://www.naukri.com/job-listings-data-analyst-spectrum-filtration-pvt-ltd-kolkata-2-to-5-years-180925501985
Data Analyst,Tanla Platforms,5-10 Yrs,Not Disclosed,Hyderabad,3.0,145  Reviews,3+ weeks ago,https://www.naukri.com/job-listings-data-analyst-tanla-solutions-ltd-hyderabad-5-to-10-years-180724502639
Data Analyst,PB Partners,2-3 Yrs,Not Disclosed,Gurugram,3.2,97  Reviews,3+ weeks ago,https://www.naukri.com/job-listings-data-analyst-pb-partners-gurugram-2-to-3-years-180325507362
Data Analyst,DXC Technology,3-5 Yrs,Not Disclosed,Noida,3.6,12153  Reviews,3+ weeks ago,https://www.naukri.com/job-listings-data-analyst-isoft-india-technologies-noida-3-to-5-years-171125501841
Data Analyst,COMPETENT SOFTWARE (CS),1-3 Yrs,Not Disclosed,Noida,3.2,316  Reviews,3+ weeks ago,https://www.naukri.com/job-listings-data-analyst-competent-software-noida-1-to-3-years-170925501984
Data Analyst,Kapgrow Corporate Advisory Services Pvt. Ltd,2-7 Yrs,Not Disclosed,Pune,1.1,2  Reviews,3+ weeks ago,https://www.naukri.com/job-listings-data-analyst-kapgrow-corporate-advisory-services-pvt-ltd-pune-2-to-7-years-170624503207
Data Analyst,Amrita Vishwa Vidyapeetham,1-3 Yrs,Not Disclosed,Kollam,3.7,222  Reviews,3+ weeks ago,https://www.naukri.com/job-listings-data-analyst-amrita-vishwa-vidyapeetham-kollam-1-to-3-years-170426503457
Cloud Data Analyst,Jefferies Financial Group,7-12 Yrs,Not Disclosed,Pune,2.2,9  Reviews,3+ weeks ago,https://www.naukri.com/job-listings-cloud-data-analyst-jefferies-group-llc-pune-7-to-12-years-170426500894
Data Analyst,HRS Group,3-8 Yrs,Not Disclosed,Mohali,3.1,41  Reviews,3+ weeks ago,https://www.naukri.com/job-listings-data-analyst-hrs-group-mohali-3-to-8-years-170326504827
Data Analyst,V-SEARCH EDUCATION & CONSULTANCY,1-4 Yrs,Not Disclosed,Bikaner,N/A,N/A,3+ weeks ago,https://www.naukri.com/job-listings-data-analyst-v-search-education-consultancy-bikaner-1-to-4-years-161224501781
Data Analyst,Little Genius Academy,1-3 Yrs,Not Disclosed,Vadodara,2.0,2  Reviews,3+ weeks ago,https://www.naukri.com/job-listings-data-analyst-janets-little-genius-vadodara-1-to-3-years-161224501669
Data Analyst,Infyni,3-4 Yrs,Not Disclosed,Gurugram,2.3,19  Reviews,3+ weeks ago,https://www.naukri.com/job-listings-data-analyst-infyni-gurugram-3-to-4-years-161224500763
DATA ANALYST For ESG & BRSR,Globetrend Climate Impact,2-3 Yrs,Not Disclosed,Gurugram,N/A,N/A,3+ weeks ago,https://www.naukri.com/job-listings-data-analyst-for-esg-brsr-globetrend-climate-impact-gurugram-2-to-3-years-160824500438
Data Analyst,Dentsu Webchutney,3-8 Yrs,Not Disclosed,Pune,2.9,32  Reviews,3+ weeks ago,https://www.naukri.com/job-listings-data-analyst-dentsu-inc-pune-3-to-8-years-160426504761
Data Analyst,Webmd Guru,2-4 Yrs,Not Disclosed,Mumbai,N/A,N/A,3+ weeks ago,https://www.naukri.com/job-listings-data-analyst-webmd-mumbai-2-to-4-years-160426501276
Data Analyst,Wizard Tech Admission Cell,1-4 Yrs,Not Disclosed,Chapra,N/A,N/A,3+ weeks ago,https://www.naukri.com/job-listings-data-analyst-wizardtech-admission-cell-chapra-1-to-4-years-160426501105
Data Analyst,Mittal Infocom,2-7 Yrs,Not Disclosed,Amod,4.1,14  Reviews,3+ weeks ago,https://www.naukri.com/job-listings-data-analyst-mittal-infocom-pvt-ltd-amod-2-to-7-years-151225503000
Data Analyst,Schwing Stetter,2-4 Yrs,Not Disclosed,Sriperumbudur,3.8,631  Reviews,3+ weeks ago,https://www.naukri.com/job-listings-data-analyst-schwing-stetter-india-pvt-ltd-sriperumbudur-2-to-4-years-151025503776
Data Analyst,Dbiz.ai,4-6 Yrs,Not Disclosed,Kochi,3.2,46  Reviews,3+ weeks ago,https://www.naukri.com/job-listings-data-analyst-dbiz-consulting-kochi-4-to-6-years-150126501792
data analyst,Deeporion Technologies,4-8 Yrs,Not Disclosed,Jaipur,3.3,23  Reviews,3+ weeks ago,https://www.naukri.com/job-listings-data-analyst-deeporion-technology-pvt-ltd-jaipur-4-to-8-years-141125502001
Data Analyst,ANR Software,2-5 Yrs,Not Disclosed,Noida,4.1,427  Reviews,3+ weeks ago,https://www.naukri.com/job-listings-data-analyst-anr-software-pvt-ltd-noida-2-to-5-years-141019500681
Data Analyst,Suntech Global,3-5 Yrs,Not Disclosed,"Kochi, Thrissur, Kozhikode, Thiruvananthapuram",3.5,4  Reviews,3+ weeks ago,https://www.naukri.com/job-listings-data-analyst-suntech-global-kochi-thrissur-kozhikode-thiruvananthapuram-3-to-5-years-140923501012
Reliability Data Analyst,Pinnacle Art,3-8 Yrs,Not Disclosed,Hyderabad,N/A,N/A,3+ weeks ago,https://www.naukri.com/job-listings-reliability-data-analyst-pinnacleart-hyderabad-3-to-8-years-140426501975
Data Analyst,Aldous Glare Tech & Energy,1-4 Yrs,Not Disclosed,Palakkad,3.7,2  Reviews,3+ weeks ago,https://www.naukri.com/job-listings-data-analyst-aldous-glare-tech-energy-palakkad-1-to-4-years-131124504846
Data Analyst,Bot Consulting,4-5 Yrs,Not Disclosed,Pune,4.7,4  Reviews,3+ weeks ago,https://www.naukri.com/job-listings-data-analyst-bot-consulting-pune-4-to-5-years-130525502199
Data Analyst,Aeries Technology,3-8 Yrs,Not Disclosed,Pune,3.1,403  Reviews,3+ weeks ago,https://www.naukri.com/job-listings-data-analyst-aeries-technology-group-pune-3-to-8-years-130326504420
Data Analyst (PowerBI),Pharmsight,1-2 Yrs,Not Disclosed,Gurugram,4.4,3  Reviews,3+ weeks ago,https://www.naukri.com/job-listings-data-analyst-powerbi-pharmsight-research-and-analytics-gurugram-1-to-2-years-130226503494
Data Analyst,Barclaycard Payments,3-5 Yrs,Not Disclosed,Pune,3.8,1165  Reviews,3+ weeks ago,https://www.naukri.com/job-listings-data-analyst-barclaycard-payments-pune-3-to-5-years-130226500334
Data Analyst,Robosoft Technologies,5-10 Yrs,Not Disclosed,Mumbai,3.4,328  Reviews,3+ weeks ago,https://www.naukri.com/job-listings-data-analyst-robosoft-technologies-pvt-ltd-mumbai-5-to-10-years-121224506087
DATA ANALYST,MBH Raw Pharma,1-4 Yrs,Not Disclosed,Thane,N/A,N/A,3+ weeks ago,https://www.naukri.com/job-listings-data-analyst-mbh-raw-pharma-thane-1-to-4-years-121224502239
Inviting Data Analysts,Fusemachines,10-15 Yrs,Not Disclosed,Pune,4.0,3  Reviews,3+ weeks ago,https://www.naukri.com/job-listings-inviting-data-analysts-fusemachines-pune-10-to-15-years-121125501795
Data Analyst,Linkcore Trading,1-6 Yrs,Not Disclosed,Chennai,N/A,N/A,3+ weeks ago,https://www.naukri.com/job-listings-data-analyst-linkcore-trading-private-limited-chennai-1-to-6-years-120325503133
Data Analyst,99plus It Solutions,3-5 Yrs,Not Disclosed,Vadodara,N/A,N/A,3+ weeks ago,https://www.naukri.com/job-listings-data-analyst-99plus-it-solutions-vadodara-3-to-5-years-120321500330
Data Analyst,Complete Open Source Solutions (COSS),3-5 Yrs,Not Disclosed,Hyderabad,N/A,N/A,3+ weeks ago,https://www.naukri.com/job-listings-data-analyst-complete-open-source-solutions-hyderabad-3-to-5-years-120225502402
Data Analyst,Estalvis Advisors,2-4 Yrs,Not Disclosed,Kolkata,N/A,N/A,3+ weeks ago,https://www.naukri.com/job-listings-data-analyst-estalvis-advisors-private-limited-kolkata-2-to-4-years-111225500113
Data Analyst,Drishtee Development And Communication,4-9 Yrs,Not Disclosed,Varanasi,3.9,31  Reviews,3+ weeks ago,https://www.naukri.com/job-listings-data-analyst-drishtee-varanasi-4-to-9-years-111024501903
Data Analyst,Cogniview,N/A,Unpaid ,Visakhapatnam,N/A,N/A,Starts in 1-3 months,https://www.naukri.com/job-listings-data-analyst-cogniview-visakhapatnam-1-to-3-years-110526503783
Data Analyst,Inficore Soft,2-4 Yrs,Not Disclosed,Patna,N/A,N/A,3+ weeks ago,https://www.naukri.com/job-listings-data-analyst-inficore-soft-patna-2-to-4-years-110326507435
Data Analyst,Aeries Technology,3-8 Yrs,Not Disclosed,Mumbai,3.1,403  Reviews,3+ weeks ago,https://www.naukri.com/job-listings-data-analyst-aeries-technology-group-mumbai-3-to-8-years-110326504488
Data Analyst,Adivid Technologies,1-4 Yrs,Not Disclosed,Kota,4.4,5  Reviews,3+ weeks ago,https://www.naukri.com/job-listings-data-analyst-adivid-technologies-private-limited-kota-1-to-4-years-110225503370
Data Analyst,Qvesta Technologies,1-3 Yrs,Not Disclosed,Coimbatore,N/A,N/A,3+ weeks ago,https://www.naukri.com/job-listings-data-analyst-qvesta-technologies-coimbatore-1-to-3-years-110225503006
Data Analyst,Diverse Lynx,1-5 Yrs,Not Disclosed,Hyderabad,3.4,389  Reviews,3+ weeks ago,https://www.naukri.com/job-listings-data-analyst-diverse-lynx-hyderabad-1-to-5-years-100523502959
Data Analyst,MAN TRUCK BUS,2-4 Yrs,Not Disclosed,Pune,2.4,276  Reviews,3+ weeks ago,https://www.naukri.com/job-listings-data-analyst-man-truck-bus-pune-2-to-4-years-100326500598
Data Analyst,Wissen Research,2-5 Yrs,Not Disclosed,Mohali,3.1,6  Reviews,3+ weeks ago,https://www.naukri.com/job-listings-data-analyst-wissen-research-private-limited-mohali-2-to-5-years-100325501624
Data Analyst,T&N Business Services,2-5 Yrs,Not Disclosed,Gurugram,4.7,163  Reviews,3+ weeks ago,https://www.naukri.com/job-listings-data-analyst-tn-business-services-private-limited-gurugram-2-to-5-years-091122500524
Data Analyst,Analytics Vidhya,1-3 Yrs,Not Disclosed,Gurugram,3.8,63  Reviews,3+ weeks ago,https://www.naukri.com/job-listings-data-analyst-analytics-vidhya-educon-pvt-ltd-gurugram-1-to-3-years-091025500308
"Data Analyst, AdTech/Omnichannel",Pulsepoint,3-5 Yrs,Not Disclosed,Mumbai,5.0,2  Reviews,3+ weeks ago,https://www.naukri.com/job-listings-data-analyst-adtech-omnichannel-pulsepoint-mumbai-3-to-5-years-090925502254
Data Analyst,Leanquality Solutions,1-2 Yrs,Not Disclosed,Pune,4.1,42  Reviews,3+ weeks ago,https://www.naukri.com/job-listings-data-analyst-leanquality-solutions-pune-1-to-2-years-090625503525
Data Analyst Logistics Domain,Elevati Infotech,3-7 Yrs,Not Disclosed,Pune,4.5,13  Reviews,3+ weeks ago,https://www.naukri.com/job-listings-data-analyst-logistics-domain-elevati-infotech-pvt-ltd-pune-3-to-7-years-090525501206
Data Analyst,Konceptogen Healthcare,2-5 Yrs,Not Disclosed,Pune,N/A,N/A,3+ weeks ago,https://www.naukri.com/job-listings-data-analyst-konceptogen-pune-2-to-5-years-090424500331
Data Analyst,Moris Media,2-3 Yrs,Not Disclosed,Noida,4.4,144  Reviews,3+ weeks ago,https://www.naukri.com/job-listings-data-analyst-moris-media-noida-2-to-3-years-090326501673
Data Analyst,Tactgen,3-8 Yrs,Not Disclosed,Madurai,N/A,N/A,3+ weeks ago,https://www.naukri.com/job-listings-data-analyst-tactgen-madurai-3-to-8-years-090125502812
Data Analyst,IDESLABS,6-10 Yrs,Not Disclosed,Hyderabad,3.8,23  Reviews,3+ weeks ago,https://www.naukri.com/job-listings-data-analyst-ideslabs-private-limited-hyderabad-6-to-10-years-071223501973
Data Analyst,VDart Software Services,5-7 Yrs,Not Disclosed,Tiruchirapalli,4.0,196  Reviews,3+ weeks ago,https://www.naukri.com/job-listings-data-analyst-vdartinc-tiruchirapalli-5-to-7-years-071125501911
Data Analyst,Aloola,4-9 Yrs,Not Disclosed,Surat,4.7,14  Reviews,3+ weeks ago,https://www.naukri.com/job-listings-data-analyst-aloola-tech-pvt-ltd-surat-4-to-9-years-071124500988
Data Analysts,Digicommerce Solutions,4-6 Yrs,Not Disclosed,Noida,4.6,137  Reviews,3+ weeks ago,https://www.naukri.com/job-listings-data-analysts-digicommerce-solution-llp-noida-4-to-6-years-070325502495
Data Analyst,Btree Systems (opc),5-10 Yrs,Not Disclosed,Chennai,4.3,13  Reviews,3+ weeks ago,https://www.naukri.com/job-listings-data-analyst-btree-systems-chennai-5-to-10-years-061123500260
Data Analyst,PSRTEK,7-12 Yrs,Not Disclosed,Chennai,4.3,50  Reviews,3+ weeks ago,https://www.naukri.com/job-listings-data-analyst-psr-tek-chennai-7-to-12-years-060426501923
Data Analyst,Indium Software,1-4 Yrs,Not Disclosed,Hyderabad,3.9,1372  Reviews,3+ weeks ago,https://www.naukri.com/job-listings-data-analyst-indium-software-hyderabad-1-to-4-years-060326505531
Data Analyst,Nexzu Mobility,1-6 Yrs,Not Disclosed,Pune,2.0,22  Reviews,3+ weeks ago,https://www.naukri.com/job-listings-data-analyst-nexzu-mobility-pune-1-to-6-years-060225506135
Sensing Data Analyst,Geoconsultants India Services,2-4 Yrs,Not Disclosed,Hyderabad,N/A,N/A,3+ weeks ago,https://www.naukri.com/job-listings-sensing-data-analyst-geoconsultants-india-services-hyderabad-2-to-4-years-051225502735
Data Analyst - Attribution,Numerator,1-4 Yrs,Not Disclosed,Vadodara,3.9,267  Reviews,3+ weeks ago,https://www.naukri.com/job-listings-data-analyst-attribution-numerator-vadodara-1-to-4-years-050825502597
Data Analyst,Bharatnxt,1-2 Yrs,Not Disclosed,Mumbai,4.6,11  Reviews,3+ weeks ago,https://www.naukri.com/job-listings-data-analyst-fcap-technologies-mumbai-1-to-2-years-050325500898
Data Analyst:,Azmarq,2-4 Yrs,Not Disclosed,Noida,5.0,7  Reviews,3+ weeks ago,https://www.naukri.com/job-listings-data-analyst-azmarq-technovation-pvt-ltd-noida-2-to-4-years-041124500593
Data Analyst,Techster It Services,1-3 Yrs,Not Disclosed,Chennai,N/A,N/A,3+ weeks ago,https://www.naukri.com/job-listings-data-analyst-techster-it-services-chennai-1-to-3-years-040925500244
Data Analyst,Diverse Lynx,8-15 Yrs,Not Disclosed,Kolkata,3.4,389  Reviews,3+ weeks ago,https://www.naukri.com/job-listings-data-analyst-diverse-lynx-kolkata-8-to-15-years-040825506151
Data Analyst,Bazaronweb,1-3 Yrs,Not Disclosed,Lucknow,N/A,N/A,3+ weeks ago,https://www.naukri.com/job-listings-data-analyst-bazaronweb-lucknow-1-to-3-years-040625503836
Data Analyst,Walbrosoft,2-7 Yrs,Not Disclosed,Nagpur,4.8,2  Reviews,3+ weeks ago,https://www.naukri.com/job-listings-data-analyst-walbrosoft-nagpur-2-to-7-years-040319502010
Data Analyst,Prudent Globaltech Solutions,7-12 Yrs,Not Disclosed,Hyderabad,4.1,5  Reviews,3+ weeks ago,https://www.naukri.com/job-listings-data-analyst-prudent-globaltech-solutions-private-limited-hyderabad-7-to-12-years-030625502356
Data Analyst,Diensten Tech,1-2 Yrs,Not Disclosed,Pune,2.9,97  Reviews,3+ weeks ago,https://www.naukri.com/job-listings-data-analyst-diensten-tech-limited-pune-1-to-2-years-030325500481
Data Analysts,Pratyaksha Medi Care,1-2 Yrs,Not Disclosed,Noida,N/A,N/A,3+ weeks ago,https://www.naukri.com/job-listings-data-analysts-pratyaksh-medical-care-noida-1-to-2-years-020524501260
Data Analyst,Synaptica Tech,1-3 Yrs,Not Disclosed,Hyderabad,N/A,N/A,3+ weeks ago,https://www.naukri.com/job-listings-data-analyst-synapticatech-hyderabad-1-to-3-years-020426509597
Data Analyst,Black Gambit Marketing & Technologies,1-3 Yrs,Not Disclosed,Pune,N/A,N/A,3+ weeks ago,https://www.naukri.com/job-listings-data-analyst-black-gambit-marketing-technologies-pune-1-to-3-years-020226500618
Data Analyst,Intuitive Apps,6-11 Yrs,Not Disclosed,Gurugram,2.7,6  Reviews,3+ weeks ago,https://www.naukri.com/job-listings-data-analyst-intuitive-apps-gurugram-6-to-11-years-011123500935
Data Analyst,MRO,3-5 Yrs,Not Disclosed,Pune,3.0,261  Reviews,3+ weeks ago,https://www.naukri.com/job-listings-data-analyst-figmd-pune-3-to-5-years-010720500537
Client Data Analyst,Xcellence It,16-26 Yrs,Not Disclosed,Surat,3.2,16  Reviews,3+ weeks ago,https://www.naukri.com/job-listings-client-data-analyst-xcellence-it-surat-16-to-26-years-010426505123
Data Analyst,HT Digital Streams,2-10 Yrs,Not Disclosed,Gurugram,2.7,46  Reviews,3 weeks ago,https://www.naukri.com/job-listings-data-analyst-ht-digital-streams-gurugram-2-to-10-years-250526016800
BA / Data Analyst,tekskills,10-18 Yrs,Not Disclosed,"Hybrid - Chennai, india",N/A,N/A,2 weeks ago,https://www.naukri.com/job-listings-ba-data-analyst-tekskills-chennai-india-10-to-18-years-290526920057
Data Analyst,Leading Client,6-9 Yrs,Not Disclosed,Hyderabad,N/A,N/A,2 weeks ago,https://www.naukri.com/job-listings-data-analyst-ideslabs-private-limited-hyderabad-6-to-9-years-280526926976
Data Analyst,Leading Client,6-10 Yrs,Not Disclosed,Hyderabad,N/A,N/A,2 weeks ago,https://www.naukri.com/job-listings-data-analyst-ideslabs-private-limited-hyderabad-6-to-10-years-280526913863
Data Analyst,Altimetrik,7-10 Yrs,Not Disclosed,"Hyderabad, Pune, Gurugram",N/A,N/A,3 weeks ago,https://www.naukri.com/job-listings-data-analyst-naukri-e-hire-campaign-hyderabad-pune-gurugram-7-to-10-years-200526036508
Data Analyst,Multinational Company,5-10 Yrs,Not Disclosed,Pune,N/A,N/A,2 weeks ago,https://www.naukri.com/job-listings-data-analyst-orcapod-consulting-services-pune-5-to-10-years-300526010058
Data Analyst,Han Digital Solution,1-2 Yrs,Not Disclosed,"Lakshadweep, Panaji, Dadra & Nagar Haveli, Nagar, North & Middle Andaman, Daman & Diu, New Delhi, Jammu",N/A,N/A,3+ weeks ago,https://www.naukri.com/job-listings-data-analyst-han-digital-solution-lakshadweep-panaji-dadra-nagar-haveli-nagar-north-middle-andaman-daman-diu-new-delhi-jammu-1-to-2-years-241125506140
Data Analyst,RIGHT STEP CONSULTING PRIVATE LIMITED,2-5 Yrs,Not Disclosed,Gurgaon,N/A,N/A,3+ weeks ago,https://www.naukri.com/job-listings-data-analyst-right-step-consulting-private-limited-gurgaon-2-to-5-years-090617500171
Data Analyst,MS Guide World,1-4 Yrs,Not Disclosed,Pune,N/A,N/A,3+ weeks ago,https://www.naukri.com/job-listings-data-analyst-ms-guide-world-pune-1-to-4-years-260225502829
Petrophysics Data Analyst-G&G Ops Specialist 5+ Yrs,Leading Client,5-10 Yrs,Not Disclosed,Hybrid - Ahmedabad,N/A,N/A,3 weeks ago,https://www.naukri.com/job-listings-petrophysics-data-analyst-g-g-ops-specialist-5-yrs-bcforward-india-technologies-private-limited-ahmedabad-5-to-10-years-250526923082
Petrophysics Data Analyst-G&G Ops Specialist 5+ Yrs,Leading Client,5-10 Yrs,Not Disclosed,Hybrid - Kolkata,N/A,N/A,3 weeks ago,https://www.naukri.com/job-listings-petrophysics-data-analyst-g-g-ops-specialist-5-yrs-bcforward-india-technologies-private-limited-kolkata-5-to-10-years-250526923080
Petrophysics Data Analyst-G&G Ops Specialist 5+ Yrs,Leading Client,5-10 Yrs,Not Disclosed,Hybrid - Chennai,N/A,N/A,3 weeks ago,https://www.naukri.com/job-listings-petrophysics-data-analyst-g-g-ops-specialist-5-yrs-bcforward-india-technologies-private-limited-chennai-5-to-10-years-250526923077
Petrophysics Data Analyst-G&G Ops Specialist 5+ Yrs,Leading Client,5-10 Yrs,Not Disclosed,Hybrid - Pune,N/A,N/A,3 weeks ago,https://www.naukri.com/job-listings-petrophysics-data-analyst-g-g-ops-specialist-5-yrs-bcforward-india-technologies-private-limited-pune-5-to-10-years-250526923074
Petrophysics Data Analyst-G&G Ops Specialist 5+ Yrs,Leading Client,5-10 Yrs,Not Disclosed,Hybrid - Hyderabad,N/A,N/A,3 weeks ago,https://www.naukri.com/job-listings-petrophysics-data-analyst-g-g-ops-specialist-5-yrs-bcforward-india-technologies-private-limited-hyderabad-5-to-10-years-250526923072
Petrophysics Data Analyst-G&G Ops Specialist 5+ Yrs,Leading Client,5-10 Yrs,Not Disclosed,Hybrid - Mumbai,N/A,N/A,3 weeks ago,https://www.naukri.com/job-listings-petrophysics-data-analyst-g-g-ops-specialist-5-yrs-bcforward-india-technologies-private-limited-mumbai-5-to-10-years-250526923069
Petrophysics Data Analyst-G&G Ops Specialist,Leading Client,5-10 Yrs,Not Disclosed,Hybrid - Ahmedabad,N/A,N/A,3 weeks ago,https://www.naukri.com/job-listings-petrophysics-data-analyst-g-g-ops-specialist-bcforward-india-technologies-private-limited-ahmedabad-5-to-10-years-250526923061
Petrophysics Data Analyst-G&G Ops Specialist,Leading Client,5-10 Yrs,Not Disclosed,Hybrid - Kolkata,N/A,N/A,3 weeks ago,https://www.naukri.com/job-listings-petrophysics-data-analyst-g-g-ops-specialist-bcforward-india-technologies-private-limited-kolkata-5-to-10-years-250526923057
Petrophysics Data Analyst-G&G Ops Specialist,Leading Client,5-10 Yrs,Not Disclosed,Hybrid - Chennai,N/A,N/A,3 weeks ago,https://www.naukri.com/job-listings-petrophysics-data-analyst-g-g-ops-specialist-bcforward-india-technologies-private-limited-chennai-5-to-10-years-250526923055
Petrophysics Data Analyst-G&G Ops Specialist,Leading Client,5-10 Yrs,Not Disclosed,Hybrid - Pune,N/A,N/A,3 weeks ago,https://www.naukri.com/job-listings-petrophysics-data-analyst-g-g-ops-specialist-bcforward-india-technologies-private-limited-pune-5-to-10-years-250526923054
Petrophysics Data Analyst-G&G Ops Specialist,Leading Client,5-10 Yrs,Not Disclosed,Hybrid - Hyderabad,N/A,N/A,3 weeks ago,https://www.naukri.com/job-listings-petrophysics-data-analyst-g-g-ops-specialist-bcforward-india-technologies-private-limited-hyderabad-5-to-10-years-250526923052
Petrophysics Data Analyst-G&G Ops Specialist,Leading Client,5-10 Yrs,Not Disclosed,Hybrid - Mumbai,N/A,N/A,3 weeks ago,https://www.naukri.com/job-listings-petrophysics-data-analyst-g-g-ops-specialist-bcforward-india-technologies-private-limited-mumbai-5-to-10-years-250526923050
"Data Analyst (Python,ML exp)",Han Digital Solution,1-2 Yrs,Not Disclosed,"Vijayawada, Visakhapatnam, Guntur, Nellore",N/A,N/A,3+ weeks ago,https://www.naukri.com/job-listings-data-analyst-python-ml-exp-han-digital-solution-vijayawada-visakhapatnam-guntur-nellore-1-to-2-years-221125501748
Data Analyst,Acme Services,2-5 Yrs,Not Disclosed,Mumbai,N/A,N/A,3+ weeks ago,https://www.naukri.com/job-listings-data-analyst-acme-services-mumbai-2-to-5-years-210223503347
Data Analyst,Acme Services,2-5 Yrs,Not Disclosed,Mumbai,N/A,N/A,3+ weeks ago,https://www.naukri.com/job-listings-data-analyst-acme-services-mumbai-2-to-5-years-210223503038
Data Analyst,eTeam Inc.,1-3 Yrs,Not Disclosed,Hyderabad,N/A,N/A,3+ weeks ago,https://www.naukri.com/job-listings-data-analyst-eteam-inc-hyderabad-1-to-3-years-180822501630
Data Analyst,Acme Services,2-6 Yrs,Not Disclosed,Mumbai,N/A,N/A,3+ weeks ago,https://www.naukri.com/job-listings-data-analyst-acme-services-mumbai-2-to-6-years-170423500122
data analyst,Disha Consultants,4-8 Yrs,Not Disclosed,Jaipur,N/A,N/A,3+ weeks ago,https://www.naukri.com/job-listings-data-analyst-disha-consultants-jaipur-4-to-8-years-141221500865
Data Analyst,eTeam Inc.,1-3 Yrs,Not Disclosed,Pune,N/A,N/A,3+ weeks ago,https://www.naukri.com/job-listings-data-analyst-eteam-inc-pune-1-to-3-years-120822500215
Data Analyst,Nath Outsourcing Solutions,1-3 Yrs,Not Disclosed,Mohali,N/A,N/A,3+ weeks ago,https://www.naukri.com/job-listings-data-analyst-nath-outsourcing-solutions-mohali-1-to-3-years-111219502175
Data Analyst,Right Step Consulting,2-5 Yrs,Not Disclosed,Gurugram,N/A,N/A,3+ weeks ago,https://www.naukri.com/job-listings-data-analyst-right-step-consulting-gurugram-2-to-5-years-110417501439
Data Analyst,RIGHT STEP CONSULTING PRIVATE LIMITED,3-6 Yrs,Not Disclosed,"Delhi, Gurgaon",N/A,N/A,3+ weeks ago,https://www.naukri.com/job-listings-data-analyst-right-step-consulting-private-limited-delhi-gurgaon-3-to-6-years-110417501247
Data Analyst,Xpheno,4-8 Yrs,Not Disclosed,Mumbai,N/A,N/A,3+ weeks ago,https://www.naukri.com/job-listings-data-analyst-xpheno-mumbai-4-to-8-years-100123500117
Data Governance Analyst,Alstom,4-7 Yrs,Not Disclosed,Bengaluru,3.7,3353  Reviews,3 weeks ago,https://www.naukri.com/job-listings-data-governance-analyst-alstom-transport-india-ltd-bengaluru-4-to-7-years-250526934567
Data Catalog Analyst,Alstom,3-6 Yrs,Not Disclosed,Bengaluru,3.7,3353  Reviews,3+ weeks ago,https://www.naukri.com/job-listings-data-catalog-analyst-alstom-transport-india-ltd-bengaluru-3-to-6-years-180526925324
Supplier Data Maintenance Analyst,Gratitude India,1-4 Yrs,6-7 Lacs PA ,"Hyderabad, Pune, Bengaluru",N/A,N/A,2 weeks ago,https://www.naukri.com/job-listings-supplier-data-maintenance-analyst-gratitude-india-hyderabad-pune-bengaluru-1-to-4-years-010626013543
Data Governance Analyst,Careernet,4-7 Yrs,Not Disclosed,Bengaluru,N/A,N/A,3 weeks ago,https://www.naukri.com/job-listings-data-governance-analyst-careernet-bengaluru-4-to-7-years-220526027406
"GRC Analyst - Data Governance ,Compliance",GSPANN,3-5 Yrs,Not Disclosed,Hyderabad,4.0,562  Reviews,2 weeks ago,https://www.naukri.com/job-listings-grc-analyst-data-governance-compliance-gspann-hyderabad-3-to-5-years-010626005730
Data Scientist and Vertex AI_Senior Analyst,Clarice Technologie,3-7 Yrs,Not Disclosed,Aurangabad,3.4,1303  Reviews,3+ weeks ago,https://www.naukri.com/job-listings-data-scientist-and-vertex-ai-senior-analyst-clarice-technologie-aurangabad-3-to-7-years-301225500450
Data Scientist and Vertex AI_Senior Analyst,Clarice Technologie,3-7 Yrs,Not Disclosed,Pune,3.4,1303  Reviews,3+ weeks ago,https://www.naukri.com/job-listings-data-scientist-and-vertex-ai-senior-analyst-clarice-technologie-pune-3-to-7-years-301225500449
Data Scientist and Vertex AI_Senior Analyst,Clarice Technologie,3-7 Yrs,Not Disclosed,Nashik,3.4,1303  Reviews,3+ weeks ago,https://www.naukri.com/job-listings-data-scientist-and-vertex-ai-senior-analyst-clarice-technologie-nashik-3-to-7-years-301225500448
Data Scientist and Vertex AI_Senior Analyst,Clarice Technologie,3-7 Yrs,Not Disclosed,Thane,3.4,1303  Reviews,3+ weeks ago,https://www.naukri.com/job-listings-data-scientist-and-vertex-ai-senior-analyst-clarice-technologie-thane-3-to-7-years-301225500447
Data Scientist and Vertex AI_Senior Analyst,Clarice Technologie,3-7 Yrs,Not Disclosed,Nagpur,3.4,1303  Reviews,3+ weeks ago,https://www.naukri.com/job-listings-data-scientist-and-vertex-ai-senior-analyst-clarice-technologie-nagpur-3-to-7-years-301225500446
Data Scientist and Vertex AI_Senior Analyst,Clarice Technologie,3-7 Yrs,Not Disclosed,Mumbai,3.4,1303  Reviews,3+ weeks ago,https://www.naukri.com/job-listings-data-scientist-and-vertex-ai-senior-analyst-clarice-technologie-mumbai-3-to-7-years-161225501154
Analyst Data Governance & Mgmt,AMERICAN EXPRESS,1-7 Yrs,Not Disclosed,Gurugram,4.1,3924  Reviews,2 weeks ago,https://www.naukri.com/job-listings-analyst-data-governance-mgmt-american-express-india-gurugram-1-to-7-years-290526501522
Data Engineer / Analyst,Naghavi Fintech,2-5 Yrs,Not Disclosed,Bengaluru,N/A,N/A,3+ weeks ago,https://www.naukri.com/job-listings-data-engineer-analyst-naghavi-fintech-bengaluru-2-to-5-years-260724502899
SC S4 Data Readiness Analyst - Contract,Shell Pvt Ltd,4-8 Yrs,Not Disclosed,Chennai,3.9,2770  Reviews,3+ weeks ago,https://www.naukri.com/job-listings-sc-s4-data-readiness-analyst-contract-shell-pvt-ltd-chennai-4-to-8-years-130526501684
Data Analyst-ETL | data warehousing| Informatica - Hyderabad,Infosys,3-5 Yrs,Not Disclosed,Hyderabad,3.5,49475  Reviews,3 weeks ago,https://www.naukri.com/job-listings-data-analyst-etl-data-warehousing-informatica-hyderabad-infosys-hyderabad-3-to-5-years-200526043580
Opening For Data Analyst | ETL | Informatica - Hyderabad,Infosys,3-5 Yrs,Not Disclosed,Hyderabad,3.5,49475  Reviews,2 weeks ago,https://www.naukri.com/job-listings-opening-for-data-analyst-etl-informatica-hyderabad-infosys-hyderabad-3-to-5-years-200526043437
Data Analyst-ETL | data warehousing| data modeling - Hyderabad,Infosys,5-8 Yrs,Not Disclosed,Hyderabad,3.5,49475  Reviews,3+ weeks ago,https://www.naukri.com/job-listings-data-analyst-etl-data-warehousing-data-modeling-hyderabad-infosys-hyderabad-5-to-8-years-170526000094
Data Analyst-ETL | data warehousing| data modeling - Hyderabad,Infosys,3-5 Yrs,Not Disclosed,Hyderabad,3.5,49475  Reviews,3+ weeks ago,https://www.naukri.com/job-listings-data-analyst-etl-data-warehousing-data-modeling-hyderabad-infosys-hyderabad-3-to-5-years-170526000093
Opening For Data Analyst | ETL | Informatica - Hyderabad,Infosys,5-8 Yrs,Not Disclosed,Hyderabad,3.5,49475  Reviews,3+ weeks ago,https://www.naukri.com/job-listings-opening-for-data-analyst-etl-informatica-hyderabad-infosys-hyderabad-5-to-8-years-170526000075
Opening For Data Analyst | ETL | Informatica - Hyderaad,Infosys,3-8 Yrs,Not Disclosed,Hyderabad,3.5,49475  Reviews,3 weeks ago,https://www.naukri.com/job-listings-opening-for-data-analyst-etl-informatica-hyderaad-infosys-hyderabad-3-to-8-years-110526033173
"Analyst, Data Interchange and Development",Magna International,3-8 Yrs,Not Disclosed,Bengaluru,3.8,883  Reviews,3+ weeks ago,https://www.naukri.com/job-listings-analyst-data-interchange-and-development-magna-steyr-bengaluru-3-to-8-years-130426503426
"Analyst, Electronical Data Interchange",Levi Strauss,3-4 Yrs,Not Disclosed,Bengaluru,4.2,571  Reviews,3 weeks ago,https://www.naukri.com/job-listings-analyst-electronical-data-interchange-levi-strauss-co-bengaluru-3-to-4-years-250526501864
Analyst - Data Governance,Continental,3-5 Yrs,Not Disclosed,Bengaluru,3.7,637  Reviews,3+ weeks ago,https://www.naukri.com/job-listings-analyst-data-governance-continental-corporation-bengaluru-3-to-5-years-111225500417
Data Analysts & Data Scientists,Entiovi,2-6 Yrs,Not Disclosed,Kolkata,3.2,11  Reviews,5 days ago,https://www.naukri.com/job-listings-data-analysts-data-scientists-entiovi-technologies-kolkata-2-to-6-years-110626501987
Data Visualisation Analyst,Pulsus Healthtech,1-4 Yrs,Not Disclosed,Hyderabad,3.2,438  Reviews,3+ weeks ago,https://www.naukri.com/job-listings-data-visualisation-analyst-pulsus-group-hyderabad-1-to-4-years-181125504673
Data Ops DQ Analyst,Barclays,1-7 Yrs,Not Disclosed,Noida,3.8,1165  Reviews,3+ weeks ago,https://www.naukri.com/job-listings-data-ops-dq-analyst-barclays-shared-services-noida-1-to-7-years-181125503637
Data & Backend Analyst,Backrock Studios,0-2 Yrs,Not Disclosed,Bengaluru,N/A,N/A,3+ weeks ago,https://www.naukri.com/job-listings-data-backend-analyst-backrock-studios-bengaluru-0-to-2-years-230326505250
Specialist- Data & Planning Analyst,Nordex Group,2-5 Yrs,Not Disclosed,Chennai,1.1,2  Reviews,3 weeks ago,https://www.naukri.com/job-listings-specialist-data-planning-analyst-nordex-se-chennai-2-to-5-years-260526501042
Data Automation Analyst,TMF Group,4-9 Yrs,Not Disclosed,Pune,3.8,365  Reviews,3+ weeks ago,https://www.naukri.com/job-listings-data-automation-analyst-tmf-services-india-private-limited-pune-4-to-9-years-130526502778
Data Integration Analyst,SAS Research and  Developement (India) Pvt Ltd,3-8 Yrs,Not Disclosed,Pune,4.2,209  Reviews,3+ weeks ago,https://www.naukri.com/job-listings-data-integration-analyst-sas-research-and-developement-india-pvt-ltd-pune-3-to-8-years-230426503178
GCP Data Scientist_Senior Analyst,Clarice Technologie,4-8 Yrs,Not Disclosed,Aurangabad,3.4,1303  Reviews,3+ weeks ago,https://www.naukri.com/job-listings-gcp-data-scientist-senior-analyst-clarice-technologie-aurangabad-4-to-8-years-301225500435
GCP Data Scientist_Senior Analyst,Clarice Technologie,4-8 Yrs,Not Disclosed,Pune,3.4,1303  Reviews,3+ weeks ago,https://www.naukri.com/job-listings-gcp-data-scientist-senior-analyst-clarice-technologie-pune-4-to-8-years-301225500434
GCP Data Scientist_Senior Analyst,Clarice Technologie,4-8 Yrs,Not Disclosed,Nashik,3.4,1303  Reviews,3+ weeks ago,https://www.naukri.com/job-listings-gcp-data-scientist-senior-analyst-clarice-technologie-nashik-4-to-8-years-301225500433
GCP Data Scientist_Senior Analyst,Clarice Technologie,4-8 Yrs,Not Disclosed,Thane,3.4,1303  Reviews,3+ weeks ago,https://www.naukri.com/job-listings-gcp-data-scientist-senior-analyst-clarice-technologie-thane-4-to-8-years-301225500432
GCP Data Scientist_Senior Analyst,Clarice Technologie,4-8 Yrs,Not Disclosed,Nagpur,3.4,1303  Reviews,3+ weeks ago,https://www.naukri.com/job-listings-gcp-data-scientist-senior-analyst-clarice-technologie-nagpur-4-to-8-years-301225500431
Analyst - Data Integration,Ansell,7-10 Yrs,Not Disclosed,Mumbai,3.6,48  Reviews,3+ weeks ago,https://www.naukri.com/job-listings-analyst-data-integration-ansell-medical-products-pvt-ltd-mumbai-7-to-10-years-230326502620
CAE and Data driven analyst For Complete Vehicle,BMW Techworks India,2-6 Yrs,Not Disclosed,Pune,3.1,83  Reviews,3+ weeks ago,https://www.naukri.com/job-listings-cae-and-data-driven-analyst-for-complete-vehicle-bmw-techworks-india-private-limited-pune-2-to-6-years-220426501401
Data Governance Analyst,Data Economy,3-8 Yrs,Not Disclosed,Hyderabad,4.0,81  Reviews,3+ weeks ago,https://www.naukri.com/job-listings-data-governance-analyst-dataeconomy-hyderabad-3-to-8-years-200226505568
Data informatics Analyst,Ivtree It Solutions,4-7 Yrs,Not Disclosed,Hyderabad,3.9,10  Reviews,3+ weeks ago,https://www.naukri.com/job-listings-data-informatics-analyst-ivtree-hyderabad-4-to-7-years-170326503122
GCP Data Scientist_Senior Analyst,Clarice Technologie,4-8 Yrs,Not Disclosed,Mumbai,3.4,1303  Reviews,3+ weeks ago,https://www.naukri.com/job-listings-gcp-data-scientist-senior-analyst-clarice-technologie-mumbai-4-to-8-years-161225501138
Analyst - Data Integration,Ansell,7-10 Yrs,Not Disclosed,Navi Mumbai,3.6,48  Reviews,3+ weeks ago,https://www.naukri.com/job-listings-analyst-data-integration-ansell-medical-products-pvt-ltd-navi-mumbai-7-to-10-years-160326502189
Analyst (LCMS Data Interpretation),TUV SUD South Asia,2-6 Yrs,Not Disclosed,Kolkata,4.0,1406  Reviews,3+ weeks ago,https://www.naukri.com/job-listings-analyst-lcms-data-interpretation-tuv-sud-ltd-kolkata-2-to-6-years-160226501365
Data Reconciliation Analyst,IDESLABS,5-10 Yrs,Not Disclosed,Chennai,3.8,23  Reviews,3+ weeks ago,https://www.naukri.com/job-listings-data-reconciliation-analyst-ideslabs-private-limited-chennai-5-to-10-years-141025502382
Analyst (GC-MS Data Intrepretation),TUV SUD South Asia,3-7 Yrs,Not Disclosed,Kolkata,4.0,1406  Reviews,3+ weeks ago,https://www.naukri.com/job-listings-analyst-gc-ms-data-intrepretation-tuv-sud-ltd-kolkata-3-to-7-years-130226500916
Knowledge Analyst Data Curation & Classification,Sia Partners,2-5 Yrs,Not Disclosed,Mumbai,4.5,5  Reviews,3+ weeks ago,https://www.naukri.com/job-listings-knowledge-analyst-data-curation-classification-sia-partners-mumbai-2-to-5-years-090925503261
Analyst Data Integration,Ansell,2-7 Yrs,Not Disclosed,Mumbai,3.6,48  Reviews,3+ weeks ago,https://www.naukri.com/job-listings-analyst-data-integration-ansell-medical-products-pvt-ltd-mumbai-2-to-7-years-250326503886
Python Data Analyst / Data Engineer,Velocitai Digital,1-5 Yrs,Not Disclosed,Gurugram,2.8,46  Reviews,1 day ago,https://www.naukri.com/job-listings-python-data-analyst-data-engineer-velocitai-digital-gurugram-1-to-5-years-150626500987
Data Analyst/Engineer,BMW Techworks India,2-5 Yrs,Not Disclosed,Bengaluru,3.1,83  Reviews,3+ weeks ago,https://www.naukri.com/job-listings-data-analyst-engineer-bmw-techworks-india-private-limited-bengaluru-2-to-5-years-110526500941
Data Analyst with Low Code,Overture Rede,1-3 Yrs,Not Disclosed,Ahmedabad,3.8,32  Reviews,3+ weeks ago,https://www.naukri.com/job-listings-data-analyst-with-low-code-overture-rede-pvt-ltd-ahmedabad-1-to-3-years-170924500780
Data-Analyst,Venus Jewel,2-3 Yrs,Not Disclosed,Mumbai,4.3,3  Reviews,3+ weeks ago,https://www.naukri.com/job-listings-data-analyst-venus-jewel-mumbai-2-to-3-years-091024502580
Data Analyst,GNRC Medishop,2-3 Yrs,Not Disclosed,Guwahati,3.8,36  Reviews,2 weeks ago,https://www.naukri.com/job-listings-data-analyst-gnrc-medishop-guwahati-2-to-3-years-280526010872
Data Analyst,ICP Solutions,4-6 Yrs,Not Disclosed,Hyderabad(Madhapur),4.3,17  Reviews,3+ weeks ago,https://www.naukri.com/job-listings-data-analyst-icp-solutions-hyderabad-4-to-6-years-180526028550
Data Analyst,Indmax It Services,1-2 Yrs,Not Disclosed,Hyderabad,3.7,58  Reviews,2 weeks ago,https://www.naukri.com/job-listings-data-analyst-indmax-it-services-hyderabad-1-to-2-years-140526031500
Data Analyst,Leading Client,1-3 Yrs,Not Disclosed,"Coimbatore, R G Street",N/A,N/A,2 weeks ago,https://www.naukri.com/job-listings-data-analyst-goodwill-management-services-coimbatore-r-g-street-1-to-3-years-290526912565
NTT DATA Hiring Dispute / Chargeback Analyst,"NTT DATA, Inc.",1-5 Yrs,Not Disclosed,Gurugram,3.9,3556  Reviews,2 weeks ago,https://www.naukri.com/job-listings-ntt-data-hiring-dispute-chargeback-analyst-ntt-data-inc-gurugram-1-to-5-years-180326017751
Sr Business Analytics Analyst - Data Analyst,Blue Yonder,5-7 Yrs,Not Disclosed,Bengaluru,3.5,696  Reviews,5 days ago,https://www.naukri.com/job-listings-sr-business-analytics-analyst-data-analyst-jda-software-bengaluru-5-to-7-years-110626504223
Business Analyst & Data Analyst,Rashmi Chourasiya,0 Yrs,4-5 Lacs PA ,"Pune, Bengaluru",N/A,N/A,3 days ago,https://www.naukri.com/job-listings-business-analyst-data-analyst-rashmi-chourasiya-pune-bengaluru-0-to-0-years-130626014185
Data Scientist/Analyst,Varaisys,3-8 Yrs,Not Disclosed,Noida,3.7,27  Reviews,3+ weeks ago,https://www.naukri.com/job-listings-data-scientist-analyst-varaisys-pvt-ltd-noida-3-to-8-years-060226502626
Functional Analyst - Data,Kyndryl,5-9 Yrs,Not Disclosed,Bengaluru,3.9,3930  Reviews,3 weeks ago,https://www.naukri.com/job-listings-functional-analyst-data-kyndryl-bengaluru-5-to-9-years-220526503145
Data Analyst / Data Scientist,USHA International,4-7 Yrs,Not Disclosed,Gurugram,4.0,1776  Reviews,2 weeks ago,https://www.naukri.com/job-listings-data-analyst-data-scientist-usha-international-gurugram-4-to-7-years-300526013852
Senior Executive - Data Analyst,Startek,0-3 Yrs,Not Disclosed,Hosur,3.0,9648  Reviews,3+ weeks ago,https://www.naukri.com/job-listings-senior-executive-data-analyst-startek-hosur-0-to-3-years-180526500371
Intern - Business Data Analyst,Jodo,N/A,Unpaid ,Bengaluru,3.7,145  Reviews,Starts in 1-3 months,https://www.naukri.com/job-listings-intern-business-data-analyst-jodopay-com-bengaluru-0-to-1-years-151025501755
Data Analyst / Engineer,Kyndryl,4-7 Yrs,Not Disclosed,Bengaluru,3.9,3930  Reviews,1 day ago,https://www.naukri.com/job-listings-data-analyst-engineer-kyndryl-bengaluru-4-to-7-years-150626501696
"Senior Data Analyst, Business Insights",Cielo Talent,4-7 Yrs,12-16 Lacs PA ,Hybrid - Bengaluru(Manayata Tech Park),N/A,N/A,Few hours ago,https://www.naukri.com/job-listings-senior-data-analyst-business-insights-cielo-talent-bengaluru-4-to-7-years-160626032046
Data Analysts (Senior/Analyst/Associate),FedEx,0-3 Yrs,Not Disclosed,Mumbai,4.0,1396  Reviews,3+ weeks ago,https://www.naukri.com/job-listings-data-analysts-senior-analyst-associate-fedex-express-mumbai-0-to-3-years-091225502995
Functional Analyst - Data,Kyndryl,5-9 Yrs,Not Disclosed,Chennai,3.9,3930  Reviews,3 weeks ago,https://www.naukri.com/job-listings-functional-analyst-data-kyndryl-chennai-5-to-9-years-260526501340
Data Privacy Analyst,Tactgen,8-10 Yrs,Not Disclosed,Madurai,N/A,N/A,3+ weeks ago,https://www.naukri.com/job-listings-data-privacy-analyst-tactgen-madurai-8-to-10-years-090125501458
Data Scientist_Senior Analyst,Clarice Technologie,4-7 Yrs,Not Disclosed,Aurangabad,3.4,1303  Reviews,3+ weeks ago,https://www.naukri.com/job-listings-data-scientist-senior-analyst-clarice-technologie-aurangabad-4-to-7-years-301225500445
Data Scientist_Senior Analyst,Clarice Technologie,4-7 Yrs,Not Disclosed,Pune,3.4,1303  Reviews,3+ weeks ago,https://www.naukri.com/job-listings-data-scientist-senior-analyst-clarice-technologie-pune-4-to-7-years-301225500444
Data Scientist_Senior Analyst,Clarice Technologie,4-7 Yrs,Not Disclosed,Nashik,3.4,1303  Reviews,3+ weeks ago,https://www.naukri.com/job-listings-data-scientist-senior-analyst-clarice-technologie-nashik-4-to-7-years-301225500443
Data Scientist_Senior Analyst,Clarice Technologie,4-7 Yrs,Not Disclosed,Thane,3.4,1303  Reviews,3+ weeks ago,https://www.naukri.com/job-listings-data-scientist-senior-analyst-clarice-technologie-thane-4-to-7-years-301225500442
Data Scientist_Senior Analyst,Clarice Technologie,4-7 Yrs,Not Disclosed,Nagpur,3.4,1303  Reviews,3+ weeks ago,https://www.naukri.com/job-listings-data-scientist-senior-analyst-clarice-technologie-nagpur-4-to-7-years-301225500441
Data Scientist_Senior Analyst,Clarice Technologie,4-7 Yrs,Not Disclosed,Mumbai,3.4,1303  Reviews,3+ weeks ago,https://www.naukri.com/job-listings-data-scientist-senior-analyst-clarice-technologie-mumbai-4-to-7-years-161225501147
Data Analyst / Engineer,Kyndryl,4-7 Yrs,Not Disclosed,"Hyderabad, Gurugram, Chennai, Bengaluru",3.9,3930  Reviews,4 days ago,https://www.naukri.com/job-listings-data-analyst-engineer-kyndryl-hyderabad-gurugram-chennai-bengaluru-4-to-7-years-120626501041
Power BI Data Analyst / Engineer,Tata Consultancy Services,5-10 Yrs,Not Disclosed,"Hyderabad, Chennai, Bengaluru",3.3,115896  Reviews,2 weeks ago,https://www.naukri.com/job-listings-power-bi-data-analyst-engineer-tata-consultancy-services-hyderabad-chennai-bengaluru-5-to-10-years-010626001406
Senior Business and Data Analyst,Xoxoday,3-6 Yrs,Not Disclosed,Bengaluru,3.8,136  Reviews,6 days ago,https://www.naukri.com/job-listings-senior-business-and-data-analyst-xoxoday-bengaluru-3-to-6-years-100626507004
Analyst Data Governance,Leading Client,4-9 Yrs,Not Disclosed,Thane,N/A,N/A,3+ weeks ago,https://www.naukri.com/job-listings-analyst-data-governance-quotient-consultancy-thane-4-to-9-years-150526910633
Analyst Data Governance,Leading Client,4-9 Yrs,Not Disclosed,Navi Mumbai,N/A,N/A,3+ weeks ago,https://www.naukri.com/job-listings-analyst-data-governance-quotient-consultancy-navi-mumbai-4-to-9-years-150526910630
Data Loss Prevention-SOC Analyst,Client of Athena Bharat Jobs,4-7 Yrs,4-9 Lacs PA ,Hyderabad,N/A,N/A,3+ weeks ago,https://www.naukri.com/job-listings-data-loss-prevention-soc-analyst-athena-bharatjobs-hyderabad-4-to-7-years-180526014626
Business Data Analyst,Schneider Electric,3-7 Yrs,Not Disclosed,Bengaluru,4.1,5267  Reviews,3 weeks ago,https://www.naukri.com/job-listings-business-data-analyst-schneider-electric-bengaluru-3-to-7-years-210526015685
Project Management Office PMO Business & Data Analyst,Infineon,5-8 Yrs,Not Disclosed,Bengaluru,3.6,288  Reviews,3+ weeks ago,https://www.naukri.com/job-listings-project-management-office-pmo-business-data-analyst-infineon-technologies-pvt-ltd-bengaluru-5-to-8-years-280126505416
Business and Data Analyst,Connecting Dot Consultancy,0-2 Yrs,Not Disclosed,Kolkata,N/A,N/A,3+ weeks ago,https://www.naukri.com/job-listings-business-and-data-analyst-connecting-dot-consultancy-kolkata-0-to-2-years-080925502295
DATA ANALYST/ SCIENTIST,Mid Town Software,2-6 Yrs,Not Disclosed,Mohali,2.2,32  Reviews,3+ weeks ago,https://www.naukri.com/job-listings-data-analyst-scientist-mid-town-software-mohali-2-to-6-years-190224502046
Data Analyst / Data Scientist,Data U Technologies,2-5 Yrs,Not Disclosed,Nagpur,N/A,N/A,3+ weeks ago,https://www.naukri.com/job-listings-data-analyst-data-scientist-data-u-technologies-nagpur-2-to-5-years-140526503394
Data Analyst / Engineer,Kyndryl,4-7 Yrs,Not Disclosed,Chennai,3.9,3930  Reviews,1 day ago,https://www.naukri.com/job-listings-data-analyst-engineer-kyndryl-chennai-4-to-7-years-150626501698
Data Analyst / Engineer,Kyndryl,4-7 Yrs,Not Disclosed,Hyderabad,3.9,3930  Reviews,1 day ago,https://www.naukri.com/job-listings-data-analyst-engineer-kyndryl-hyderabad-4-to-7-years-150626501697
Online Data Analyst - Marathi_TELUS Digital,TELUS Digital,0-5 Yrs,Not Disclosed,Remote,3.5,1960  Reviews,3 weeks ago,https://www.naukri.com/job-listings-online-data-analyst-marathi-telus-digital-telus-digital-bengaluru-0-to-5-years-040325916690
Data Analyst/ Data Engineer,Creditaccess Grameen,3-5 Yrs,Not Disclosed,Bengaluru,3.9,1333  Reviews,3+ weeks ago,https://www.naukri.com/job-listings-data-analyst-data-engineer-creditaccess-grameen-bengaluru-3-to-5-years-231225502571
Senior Business Data Analyst,GurgaonHire,10-15 Yrs,15-25 Lacs PA (Including Variable: 10.0%) ,"Hyderabad, Pune, Gurugram",N/A,N/A,Few hours ago,https://www.naukri.com/job-listings-senior-business-data-analyst-gurgaon-hire-hyderabad-pune-gurugram-10-to-15-years-160626025979
Senior Manager - Data Analyst / Business Intelligence,Leading Client,12-15 Yrs,Not Disclosed,Hyderabad,N/A,N/A,1 day ago,https://www.naukri.com/job-listings-senior-manager-data-analyst-business-intelligence-golden-opportunities-hyderabad-12-to-15-years-150626919429
Senior Business Data Analyst,Nthinsight,3-8 Yrs,Not Disclosed,Bengaluru,4.1,3  Reviews,3+ weeks ago,https://www.naukri.com/job-listings-senior-business-data-analyst-nthinsight-technologies-bengaluru-3-to-8-years-070624501562
"Senior Data Analyst, Marketing",Metropolis Technologies,6-11 Yrs,Not Disclosed,Bengaluru,N/A,N/A,4 days ago,https://www.naukri.com/job-listings-senior-data-analyst-marketing-metropolis-technologies-bengaluru-6-to-11-years-120626504025
Data Analyst/Data Engineer,Arohak Technologies,10-20 Yrs,Not Disclosed,Hyderabad,4.0,8  Reviews,4 days ago,https://www.naukri.com/job-listings-data-analyst-data-engineer-arohak-technologies-hyderabad-10-to-20-years-120626024716
Data Analyst/PowerBI Engineer,Proarch Technology Services,3-6 Yrs,Not Disclosed,Hyderabad,3.4,2  Reviews,1 week ago,https://www.naukri.com/job-listings-data-analyst-powerbi-engineer-proarch-technology-services-hyderabad-3-to-6-years-090626501001
"Data Engineer / Data Analyst | SQL, Power BI & Data Warehousing",Synechron,5-10 Yrs,Not Disclosed,Pune,3.4,3794  Reviews,1 week ago,https://www.naukri.com/job-listings-data-engineer-data-analyst-sql-power-bi-data-warehousing-synechron-technologies-pvt-ltd-pune-5-to-10-years-080626912501
Drug Data Analyst - P&P,TATA 1 MG,0-2 Yrs,Not Disclosed,Gurugram,3.6,1683  Reviews,1 week ago,https://www.naukri.com/job-listings-drug-data-analyst-p-p-1mg-gurugram-0-to-2-years-090626500059
Sr . Executive Data Analyst,Xpand,0-3 Yrs,Not Disclosed,Mumbai,1.0,2  Reviews,3+ weeks ago,https://www.naukri.com/job-listings-sr-executive-data-analyst-xpand-mumbai-0-to-3-years-190225502628
Senior Executive / Assistant Manager - Data Analyst,Akasa Air,0-3 Yrs,Not Disclosed,Mumbai,3.2,176  Reviews,3+ weeks ago,https://www.naukri.com/job-listings-senior-executive-assistant-manager-data-analyst-akasa-air-mumbai-0-to-3-years-060326503175
Business Data Analyst,Persistent,8-12 Yrs,Not Disclosed,Pune,3.6,5122  Reviews,5 days ago,https://www.naukri.com/job-listings-business-data-analyst-persistent-pune-8-to-12-years-110626021463
Data Analyst / MIS Executive,RUDRA ANLYTICS,3-8 Yrs,Not Disclosed,Pune,4.0,12  Reviews,3+ weeks ago,https://www.naukri.com/job-listings-data-analyst-mis-executive-rudra-anlytics-pune-3-to-8-years-140526501850
Senior Data Analyst (Powerapps Developer+ Power Automate),AtkinsRéalis,3-8 Yrs,Not Disclosed,Bengaluru,3.7,1411  Reviews,2 weeks ago,https://www.naukri.com/job-listings-senior-data-analyst-powerapps-developer-power-automate-atkins-global-bengaluru-3-to-8-years-010626504011
Senior Analyst - Data Analysis,Tesco,2-4 Yrs,Not Disclosed,Bengaluru,3.6,1524  Reviews,1 week ago,https://www.naukri.com/job-listings-senior-analyst-data-analysis-tesco-polska-bengaluru-2-to-4-years-080626502481
Senior -Finance Data Analyst- FDI- Commercial,EY,3-6 Yrs,Not Disclosed,Bengaluru,3.4,14833  Reviews,2 weeks ago,https://www.naukri.com/job-listings-senior-finance-data-analyst-fdi-commercial-ernst-young-bengaluru-3-to-6-years-010626505300
"Data Analyst Fresher , Data Analytics",Apex Engineering Solutions,0-1 Yrs,5.5-8 Lacs PA ,"Hyderabad, Bengaluru, Delhi / NCR",N/A,N/A,Today,https://www.naukri.com/job-listings-data-analyst-fresher-data-analytics-apex-engineering-solutions-hyderabad-bengaluru-delhi-ncr-0-to-1-years-130526041157
data analyst/technical support/customer service_WORLD Largest BRAND!,ONLINE FASHION BRAND,0-5 Yrs,1-4 Lacs PA ,Bengaluru(Shivaji Nagar),N/A,N/A,Today,https://www.naukri.com/job-listings-data-analyst-technical-support-customer-service-world-largest-brand-adviserjob-com-bengaluru-0-to-5-years-120526011304
Business Data Analyst,Avertis Infotech,7-9 Yrs,Not Disclosed,Hybrid - Mumbai,5.0,5  Reviews,3 weeks ago,https://www.naukri.com/job-listings-business-data-analyst-avertis-infotech-mumbai-7-to-9-years-220526033134
Business Data Analyst,Impelsys,7-12 Yrs,Not Disclosed,Hybrid - Bengaluru,3.0,297  Reviews,3 weeks ago,https://www.naukri.com/job-listings-business-data-analyst-impelsys-bengaluru-7-to-12-years-200526044500
Business and Data Analyst Lead Analyst,Careernet,5-8 Yrs,Not Disclosed,Hyderabad,N/A,N/A,3 weeks ago,https://www.naukri.com/job-listings-business-and-data-analyst-lead-analyst-careernet-hyderabad-5-to-8-years-260526030915
Business Data Analyst (Ai/ML Engineer),APM Terminals,4-6 Yrs,Not Disclosed,Bengaluru,4.3,230  Reviews,3+ weeks ago,https://www.naukri.com/job-listings-business-data-analyst-ai-ml-engineer-apm-terminal-sport-india-bengaluru-4-to-6-years-100426502520
Senior Data Analyst,Ujjivan Small Finance Bank,3-5 Yrs,Not Disclosed,Bengaluru,4.0,7749  Reviews,2 weeks ago,https://www.naukri.com/job-listings-senior-data-analyst-ujjivan-financial-services-ltd-bengaluru-3-to-5-years-010626921624
Senior Data Analyst (Oracle HCM)- Contractual,EY,4-7 Yrs,15-22.5 Lacs PA ,Hybrid - Bengaluru,3.4,14833  Reviews,2 weeks ago,https://www.naukri.com/job-listings-senior-data-analyst-oracle-hcm-contractual-ey-bengaluru-4-to-7-years-290526007567
Staff Systems engineer - Sr. Data Analyst,TE Connectivity,8-10 Yrs,Not Disclosed,Bengaluru,4.1,1357  Reviews,2 weeks ago,https://www.naukri.com/job-listings-staff-systems-engineer-sr-data-analyst-te-connectivity-india-private-limited-bengaluru-8-to-10-years-270526932153
Senior Data Analyst,Alstom,8-13 Yrs,Not Disclosed,Bengaluru,3.7,3353  Reviews,3+ weeks ago,https://www.naukri.com/job-listings-senior-data-analyst-alstom-transport-india-ltd-bengaluru-8-to-13-years-180526917298
Senior Data Analyst - SQL Server DBA,Optum,5-10 Yrs,Not Disclosed,Hyderabad,4.0,8091  Reviews,Today,https://www.naukri.com/job-listings-senior-data-analyst-sql-server-dba-optum-global-solutions-india-private-limited-hyderabad-5-to-10-years-160626916895
Senior Data Analyst,NNE,8-13 Yrs,Not Disclosed,Bengaluru,3.5,173  Reviews,1 day ago,https://www.naukri.com/job-listings-senior-data-analyst-nne-pharmaplan-bengaluru-8-to-13-years-150626502897
Senior Data Analyst,Larsen & Toubro (L&T),15-22 Yrs,Not Disclosed,Bengaluru,3.9,24177  Reviews,2 weeks ago,https://www.naukri.com/job-listings-senior-data-analyst-larsen-toubro-l-t-bengaluru-15-to-22-years-270526021883
Senior Data Analyst,Larsen & Toubro (L&T),10-18 Yrs,Not Disclosed,Bengaluru,3.9,24177  Reviews,3 weeks ago,https://www.naukri.com/job-listings-senior-data-analyst-larsen-toubro-l-t-bengaluru-10-to-18-years-200526034078
Senior Master Data Analyst - SCM,Hitachi Energy,8-12 Yrs,Not Disclosed,Bengaluru,4.0,1075  Reviews,3+ weeks ago,https://www.naukri.com/job-listings-senior-master-data-analyst-scm-hitachi-energy-bengaluru-8-to-12-years-130526501661
Data Analyst/Engineer,Matchpoint Solutions,1-4 Yrs,Not Disclosed,"Warangal, Hyderabad, Nizamabad",3.2,19  Reviews,3+ weeks ago,https://www.naukri.com/job-listings-data-analyst-engineer-match-point-solutions-warangal-hyderabad-nizamabad-1-to-4-years-070426502630
Internship Junior Data Analyst,Rezultize,0-1 Yrs,Not Disclosed,"Kolkata, Mumbai, New Delhi, Hyderabad, Pune, Chennai, Bengaluru",N/A,N/A,3+ weeks ago,https://www.naukri.com/job-listings-internship-junior-data-analyst-rezultize-kolkata-mumbai-new-delhi-hyderabad-pune-chennai-bengaluru-0-to-1-years-241224503390
Senior Analyst Business Intelligence Data Analyst,Artex Risk Solutions,6-9 Yrs,Not Disclosed,Pune,N/A,N/A,3+ weeks ago,https://www.naukri.com/job-listings-senior-analyst-business-intelligence-data-analyst-artex-risk-solutions-pune-6-to-9-years-310126502628
MIS/ Data Analyst Intern,InLane Technologies,N/A,"15,000/month ",Bengaluru,N/A,N/A,Starts in 1-3 months,https://www.naukri.com/job-listings-mis-data-analyst-intern-inlane-technologies-bengaluru-0-to-1-years-190526011659
Senior Business and Data Analyst,Semtech Corporation,5-10 Yrs,Not Disclosed,"Hyderabad, Pune",3.6,7  Reviews,3+ weeks ago,https://www.naukri.com/job-listings-senior-business-and-data-analyst-semtech-advanced-systems-india-pvt-ltd-hyderabad-pune-5-to-10-years-010525503831
Senior Analyst Business Intelligence Data Analyst,Gallagher,6-9 Yrs,Not Disclosed,Pune,3.6,2688  Reviews,3+ weeks ago,https://www.naukri.com/job-listings-senior-analyst-business-intelligence-data-analyst-gallagher-pune-6-to-9-years-310126501802
Sr. Business Analyst Data Analyst,Jean Martin Systems,3-4 Yrs,Not Disclosed,Mumbai,3.9,26  Reviews,3+ weeks ago,https://www.naukri.com/job-listings-sr-business-analyst-data-analyst-jean-martin-systems-india-pvt-ltd-mumbai-3-to-4-years-091225504030
Business Data Analyst II,Motorola Solutions,4-9 Yrs,Not Disclosed,Gurugram,3.9,208  Reviews,3+ weeks ago,https://www.naukri.com/job-listings-business-data-analyst-ii-motorola-solutions-gurugram-4-to-9-years-210426502384
Business Data Analyst II,Motorola Solutions,4-9 Yrs,Not Disclosed,Gurugram,3.9,208  Reviews,3+ weeks ago,https://www.naukri.com/job-listings-business-data-analyst-ii-motorola-solutions-gurugram-4-to-9-years-210426502383
Business & Data Analyst,Dailyhunt,1-3 Yrs,Not Disclosed,Bengaluru,3.4,74  Reviews,2 weeks ago,https://www.naukri.com/job-listings-business-data-analyst-dailyhunt-bengaluru-1-to-3-years-170426021621
Senior Data Analyst,Regalix,2-5 Yrs,Not Disclosed,Bengaluru(Banaswadi),2.6,555  Reviews,3 weeks ago,https://www.naukri.com/job-listings-senior-data-analyst-regalix-bengaluru-2-to-5-years-210526024644
Senior Data Analyst,Jones Lang LaSalle (JLL),6-7 Yrs,Not Disclosed,Bengaluru,4.1,6528  Reviews,3+ weeks ago,https://www.naukri.com/job-listings-senior-data-analyst-jones-lang-lasalle-bengaluru-6-to-7-years-240226503422
Senior Data Analyst,Crisil,4-8 Yrs,Not Disclosed,Pune,3.5,1966  Reviews,3+ weeks ago,https://www.naukri.com/job-listings-senior-data-analyst-crisil-pune-4-to-8-years-210226501326
Data Analyst Intern,ARP Investments,N/A,Unpaid ,"Kolkata, Mumbai, New Delhi, Hyderabad, Pune, Chennai, Bengaluru",N/A,N/A,Starts in 1-3 months,https://www.naukri.com/job-listings-data-analyst-intern-arp-investments-kolkata-mumbai-new-delhi-hyderabad-pune-chennai-bengaluru-0-to-2-years-300724502261
Data Analyst - AI Projects,Kintellect Partners Llp,0-2 Yrs,Not Disclosed,Bengaluru,N/A,N/A,3+ weeks ago,https://www.naukri.com/job-listings-data-analyst-ai-projects-kintellect-partners-llp-bengaluru-0-to-2-years-090426500673
Data Analyst - AI Projects,Kintellect Partners Llp,0-2 Yrs,Not Disclosed,Bengaluru,N/A,N/A,3+ weeks ago,https://www.naukri.com/job-listings-data-analyst-ai-projects-kintellect-partners-llp-bengaluru-0-to-2-years-090426500672
Assistant Data Analyst/ ML Engineer,PNB MetLife,2-6 Yrs,9-16 Lacs PA ,Gurugram,3.3,3933  Reviews,1 week ago,https://www.naukri.com/job-listings-assistant-data-analyst-ml-engineer-pnb-metlife-gurugram-2-to-6-years-030626017218
Data Analyst Trainee:[Required],Gigafactor Solutions,N/A,Unpaid ,Bengaluru,N/A,N/A,Starts in 1-3 months,https://www.naukri.com/job-listings-data-analyst-trainee-required-gigafactor-solutions-bengaluru-0-to-4-years-300126501868
Data Analyst Trainee,Gigafactor Solutions,N/A,Unpaid ,Bengaluru,N/A,N/A,Starts in 1-3 months,https://www.naukri.com/job-listings-data-analyst-trainee-gigafactor-solutions-bengaluru-0-to-4-years-300126501867
Data Analyst Intern,Allen Digital,N/A,Unpaid ,Bengaluru,3.5,95  Reviews,Starts in 1-3 months,https://www.naukri.com/job-listings-data-analyst-intern-allen-digital-pvt-ltd-bengaluru-0-to-1-years-210226500406
Lead Data Analyst - Azure Databricks and Healthcare Domain,Optum,10-15 Yrs,Not Disclosed,Bengaluru,4.0,8091  Reviews,Today,https://www.naukri.com/job-listings-lead-data-analyst-azure-databricks-and-healthcare-domain-optum-global-solutions-india-private-limited-bengaluru-10-to-15-years-160626917005
Data Analyst Intern,Grexa AI,N/A,Unpaid ,"Mumbai, Navi Mumbai",4.3,21  Reviews,Starts in 1-3 months,https://www.naukri.com/job-listings-data-analyst-intern-grexa-ai-mumbai-navi-mumbai-0-to-1-years-160626503293
Data Analyst - Power BI,Prowesstics It Services,0-7 Yrs,Not Disclosed,Chennai,3.9,23  Reviews,Today,https://www.naukri.com/job-listings-data-analyst-power-bi-prowesstics-it-services-chennai-0-to-7-years-160626022981
Analyst - Data Analysis,Tesco,1-2 Yrs,Not Disclosed,Bengaluru,3.6,1524  Reviews,1 day ago,https://www.naukri.com/job-listings-analyst-data-analysis-tesco-polska-bengaluru-1-to-2-years-150626502747
Data Analysis & Engineering Intern,Artpark,N/A,Unpaid ,Bengaluru,4.4,10  Reviews,Starts in 1-3 months,https://www.naukri.com/job-listings-data-analysis-engineering-intern-artpark-bengaluru-0-to-1-years-130426501469
Data Analyst Intern,Codemonk,N/A,Unpaid ,Bengaluru,4.0,38  Reviews,Starts in 1-3 months,https://www.naukri.com/job-listings-data-analyst-intern-codemonk-bengaluru-0-to-1-years-300925505149
Data Analyst Remote Intern,Gigafactor Solutions,N/A,Unpaid ,Bengaluru,N/A,N/A,Starts in 1-3 months,https://www.naukri.com/job-listings-data-analyst-remote-intern-gigafactor-solutions-bengaluru-0-to-1-years-300126501866
AI - Data Analyst - Intern,Futureacad,0-5 Yrs,Not Disclosed,Bengaluru,N/A,N/A,3+ weeks ago,https://www.naukri.com/job-listings-ai-data-analyst-intern-futureacad-bengaluru-0-to-5-years-200226505606
Technical Business Analyst / Data Analyst,PURVIEW,7-12 Yrs,10-20 Lacs PA ,"Hybrid - Hyderabad, Pune, Bengaluru",N/A,N/A,2 weeks ago,https://www.naukri.com/job-listings-technical-business-analyst-data-analyst-purview-services-hyderabad-pune-bengaluru-7-to-12-years-280526926814
Business System Analyst/Data Analyst - Azure Data Factory -SQL,Krazy Mantra It,7-10 Yrs,Not Disclosed,"Pune, Chennai, Bengaluru",3.7,93  Reviews,3+ weeks ago,https://www.naukri.com/job-listings-business-system-analyst-data-analyst-azure-data-factory-sql-krazy-mantra-group-of-companies-pune-chennai-bengaluru-7-to-10-years-220425502779
Business & Data Analyst,Anokhi Tv,2-7 Yrs,Not Disclosed,Bengaluru,N/A,N/A,3+ weeks ago,https://www.naukri.com/job-listings-business-data-analyst-anoki-bengaluru-2-to-7-years-090625504853
Urgently Hiring- Data Analyst - PL Business-Bangalore -HO,Shadowfax Technologies,1-5 Yrs,1-5 Lacs PA ,Bengaluru,3.5,2024  Reviews,3+ weeks ago,https://www.naukri.com/job-listings-urgently-hiring-data-analyst-pl-business-bangalore-shadowfax-technologies-bengaluru-1-to-5-years-010526020984
Business data analyst,Han Digital Solution,2-6 Yrs,Not Disclosed,Bengaluru,N/A,N/A,3+ weeks ago,https://www.naukri.com/job-listings-business-data-analyst-han-digital-solution-bengaluru-2-to-6-years-010426503491
Business Data Analyst Data & Analytics,Candescent,2-5 Yrs,Not Disclosed,Bengaluru,3.4,15  Reviews,3+ weeks ago,https://www.naukri.com/job-listings-business-data-analyst-data-analytics-candescent-bengaluru-2-to-5-years-010426502704
Data Scientist/Technical Analyst,Maruti Suzuki,4-9 Yrs,Not Disclosed,Gurugram,4.1,9634  Reviews,3+ weeks ago,https://www.naukri.com/job-listings-data-scientist-technical-analyst-maruti-suzuki-india-limited-gurugram-4-to-9-years-110825500383
"Senior Data Analyst (SQL, ETL & Big Data)",CMM Level 5 IT Company,5-7 Yrs,Not Disclosed,Bengaluru,N/A,N/A,Few hours ago,https://www.naukri.com/job-listings-senior-data-analyst-sql-etl-big-data-experis-bengaluru-5-to-7-years-160626026461
Sr. Data Analyst (Data Analytics / Data Modelling Role),Xoriant,9-14 Yrs,10-20 Lacs PA ,Hybrid - Pune,4.0,2345  Reviews,1 week ago,https://www.naukri.com/job-listings-sr-data-analyst-data-analytics-data-modelling-role-xoriant-pune-9-to-14-years-090626031493
Hiring For Senior Data Analyst,Cognizant,5-10 Yrs,Not Disclosed,Hyderabad,3.7,62198  Reviews,1 week ago,https://www.naukri.com/job-listings-hiring-for-senior-data-analyst-cognizant-hyderabad-5-to-10-years-080626016186
"Data Analyst Fresher , Data Analytics",Apex Engineering Solutions,0-1 Yrs,5.5-8 Lacs PA ,"Kolkata, Pune, Chennai",N/A,N/A,Today,https://www.naukri.com/job-listings-data-analyst-fresher-data-analytics-apex-engineering-solutions-kolkata-pune-chennai-0-to-1-years-140526038042
Data Analyst / Developer,Anand Engineering Products,3-6 Yrs,Not Disclosed,Tiruchirapalli,3.2,135  Reviews,3+ weeks ago,https://www.naukri.com/job-listings-data-analyst-developer-anand-engineering-products-tiruchirapalli-3-to-6-years-190526503167
Fresh/BA/Data analyst/Data science,a client of insight - permanent position,0-3 Yrs,Not Disclosed,Pune,N/A,N/A,Today,https://www.naukri.com/job-listings-fresh-ba-data-analyst-data-science-insight-consultancy-services-pune-0-to-3-years-150626009650
Data Analyst (Punjabi Speaker - India),Peroptyx,0-5 Yrs,Not Disclosed,Remote,3.2,15  Reviews,4 days ago,https://www.naukri.com/job-listings-data-analyst-punjabi-speaker-india-peroptyx-amritsar-0-to-5-years-120626025177
Data Analyst (Marathi Speaker - India),Peroptyx,0-5 Yrs,Not Disclosed,Remote,3.2,15  Reviews,4 days ago,https://www.naukri.com/job-listings-data-analyst-marathi-speaker-india-peroptyx-pune-0-to-5-years-120626025167
Data Analyst Intern,Nutrabay,N/A,Unpaid ,Gurugram,4.5,58  Reviews,Starts in 1-3 months,https://www.naukri.com/job-listings-data-analyst-intern-nutrabay-gurugram-0-to-1-years-110626504955
Product Data Analyst,TE Connectivity,5-10 Yrs,Not Disclosed,Bengaluru,4.1,1357  Reviews,6 days ago,https://www.naukri.com/job-listings-product-data-analyst-te-connectivity-india-private-limited-bengaluru-5-to-10-years-100626929949
Data Analyst - Kannada Speaker (India),Peroptyx,0-5 Yrs,Not Disclosed,Remote,3.2,15  Reviews,6 days ago,https://www.naukri.com/job-listings-data-analyst-kannada-speaker-india-peroptyx-karnataka-0-to-5-years-100626021131
Data Analyst (Gujarati Speaker - India),Peroptyx,0-5 Yrs,Not Disclosed,Remote,3.2,15  Reviews,6 days ago,https://www.naukri.com/job-listings-data-analyst-speaker-india-peroptyx-vadodara-0-to-5-years-100626021098
"Lead Data Analyst (Azure, Databricks, Python, Story Telling)",Optum,10-15 Yrs,Not Disclosed,Bengaluru,4.0,8091  Reviews,1 week ago,https://www.naukri.com/job-listings-lead-data-analyst-azure-databricks-python-story-telling-optum-bengaluru-10-to-15-years-070526021121
Forecasting Analyst / Data Scientist,Locus IT Services Pvt Ltd,2-7 Yrs,Not Disclosed,Bengaluru,4.7,20  Reviews,3+ weeks ago,https://www.naukri.com/job-listings-forecasting-analyst-data-scientist-locus-it-services-private-limited-bengaluru-2-to-7-years-171122502641
Senior Data Analyst,Avantor,5-10 Yrs,Not Disclosed,"Pune, Coimbatore",3.6,349  Reviews,3 weeks ago,https://www.naukri.com/job-listings-senior-data-analyst-avantor-performance-materials-india-private-limited-pune-coimbatore-5-to-10-years-220526917987
Senior Data Analyst (AI & Advanced Analytics),Nephroplus,8-13 Yrs,Not Disclosed,Bengaluru,3.8,702  Reviews,4 days ago,https://www.naukri.com/job-listings-senior-data-analyst-ai-advanced-analytics-nephrocare-health-services-pvt-ltd-bengaluru-8-to-13-years-120626501750
Celonis Consultant - Sr.Data Analyst,Saint Gobain,5-10 Yrs,Not Disclosed,"Navi Mumbai, Mumbai (All Areas)",3.8,2159  Reviews,2 weeks ago,https://www.naukri.com/job-listings-celonis-consultant-sr-data-analyst-saint-gobain-navi-mumbai-mumbai-all-areas-5-to-10-years-270526018560
Senior Data Analyst,Lloyds Technology Centre India,6-12 Yrs,Not Disclosed,Hyderabad,3.5,268  Reviews,3+ weeks ago,https://www.naukri.com/job-listings-senior-data-analyst-lloyds-technology-centre-india-hyderabad-6-to-12-years-150526505294
Senior Data Analyst (Advance SQL + Python),US MNC (analytics),4-9 Yrs,15-27.5 Lacs PA ,"Hybrid - Hyderabad, Bengaluru",N/A,N/A,3 days ago,https://www.naukri.com/job-listings-senior-data-analyst-advance-sql-python-aspyra-hr-services-hyderabad-bengaluru-4-to-9-years-130626005583
Senior Data Analyst,CMM Level 5 IT Company,5-10 Yrs,Not Disclosed,Bengaluru,N/A,N/A,5 days ago,https://www.naukri.com/job-listings-senior-data-analyst-experis-bengaluru-5-to-10-years-110626014999
Senior Data Analyst,Black Box,5-8 Yrs,5-11 Lacs PA ,Bengaluru,2.9,296  Reviews,5 days ago,https://www.naukri.com/job-listings-senior-data-analyst-black-box-bengaluru-5-to-8-years-110626000237
Senior Data Analyst,Okta,3-5 Yrs,Not Disclosed,Bengaluru,2.3,28  Reviews,6 days ago,https://www.naukri.com/job-listings-senior-data-analyst-okta-identity-india-private-limited-bengaluru-3-to-5-years-100626930467
Senior Data Analyst,Success Booster,15-22 Yrs,Not Disclosed,Bengaluru,N/A,N/A,6 days ago,https://www.naukri.com/job-listings-senior-data-analyst-success-booster-bengaluru-15-to-22-years-100626037615
Senior Data Analyst-2,Mastercard,6-9 Yrs,Not Disclosed,Pune,3.8,1017  Reviews,1 week ago,https://www.naukri.com/job-listings-senior-data-analyst-2-mastercard-india-services-private-limited-pune-6-to-9-years-030626918221
Senior Data Analyst,Grid Dynamics,12-17 Yrs,Not Disclosed,Bengaluru,3.1,116  Reviews,3+ weeks ago,https://www.naukri.com/job-listings-senior-data-analyst-grid-dynamics-bengaluru-12-to-17-years-020326501139
Senior Data Analyst Cost Control,SYSTRA,12-16 Yrs,Not Disclosed,Ahmedabad,4.0,535  Reviews,2 weeks ago,https://www.naukri.com/job-listings-senior-data-analyst-cost-control-systra-india-ahmedabad-12-to-16-years-290526502621
Senior Associate - Data Analyst (CITCO),Acuity Knowledge Partners,5-8 Yrs,Not Disclosed,Gurugram,3.1,1490  Reviews,3 weeks ago,https://www.naukri.com/job-listings-senior-associate-data-analyst-citco-acuity-knowledge-partners-gurugram-5-to-8-years-260526506235
Senior Associate - Data Analyst (CEPRES),Acuity Knowledge Partners,5-8 Yrs,Not Disclosed,Gurugram,3.1,1490  Reviews,3 weeks ago,https://www.naukri.com/job-listings-senior-associate-data-analyst-cepres-acuity-knowledge-partners-gurugram-5-to-8-years-260526506234
Senior Associate - Data Analyst Performance System,Acuity Knowledge Partners,5-8 Yrs,Not Disclosed,Gurugram,3.1,1490  Reviews,3 weeks ago,https://www.naukri.com/job-listings-senior-associate-data-analyst-performance-system-acuity-knowledge-partners-gurugram-5-to-8-years-260526506232
Senior Healthcare Research and Data Analyst,Clarivate,5-10 Yrs,Not Disclosed,Bengaluru,3.7,861  Reviews,3 weeks ago,https://www.naukri.com/job-listings-senior-healthcare-research-and-data-analyst-clarivate-analytics-india-private-limited-bengaluru-5-to-10-years-250526912281
HR Senior Data Analyst,Hitachi Digital Services,4-7 Yrs,Not Disclosed,Hyderabad,3.5,790  Reviews,3+ weeks ago,https://www.naukri.com/job-listings-hr-senior-data-analyst-hitachi-digital-services-hyderabad-4-to-7-years-220525505931
HR Senior Data Analyst,Hitachi Digital Services,3-7 Yrs,Not Disclosed,Hyderabad,3.5,790  Reviews,3+ weeks ago,https://www.naukri.com/job-listings-hr-senior-data-analyst-hitachi-digital-services-hyderabad-3-to-7-years-220525505930
HR Senior Data Analyst,Hitachi,3-7 Yrs,Not Disclosed,Hyderabad,3.8,804  Reviews,3+ weeks ago,https://www.naukri.com/job-listings-hr-senior-data-analyst-hitachi-ltd-hyderabad-3-to-7-years-220525504229
Financial Data Analyst / Senior Financial Data Analyst,PIERIAN,7-9 Yrs,Not Disclosed,Bengaluru,3.3,543  Reviews,6 days ago,https://www.naukri.com/job-listings-financial-data-analyst-senior-financial-data-analyst-pierian-services-bengaluru-7-to-9-years-100626503601
Senior Data Analyst I - Survey Programming,Nielsen Sports,4-6 Yrs,Not Disclosed,Mumbai,3.8,224  Reviews,3+ weeks ago,https://www.naukri.com/job-listings-senior-data-analyst-i-survey-programming-nielsen-sports-mumbai-4-to-6-years-090426500567
Senior Data Analyst Data Analytics,Baker Tilly Dhc,3-8 Yrs,Not Disclosed,Bengaluru,2.2,70  Reviews,3+ weeks ago,https://www.naukri.com/job-listings-senior-data-analyst-data-analytics-baker-tilly-dhc-bengaluru-3-to-8-years-070526502171
Data Analyst (Associate/Analyt/Senior),FedEx,1-4 Yrs,Not Disclosed,Mumbai,4.0,1396  Reviews,3+ weeks ago,https://www.naukri.com/job-listings-data-analyst-associate-analyt-senior-fedex-express-mumbai-1-to-4-years-091225502994
Data Analyst (Associate/Analyt/Senior),FedEx,2-5 Yrs,Not Disclosed,Mumbai,4.0,1396  Reviews,3+ weeks ago,https://www.naukri.com/job-listings-data-analyst-associate-analyt-senior-fedex-express-mumbai-2-to-5-years-091225502991
"Senior Associate, Data Analysis & Visualization",Alcon Laboratories,4-6 Yrs,Not Disclosed,Bengaluru,3.8,588  Reviews,3+ weeks ago,https://www.naukri.com/job-listings-senior-associate-data-analysis-visualization-alcon-laboratories-india-pvt-ltd-bengaluru-4-to-6-years-010526501793
SMI Data Analyst 1,RSM US in India,4-7 Yrs,Not Disclosed,Bengaluru,3.4,382  Reviews,4 days ago,https://www.naukri.com/job-listings-smi-data-analyst-1-rsm-india-bengaluru-4-to-7-years-120626501377
Lead- Data Analysis,Tesco,4-7 Yrs,Not Disclosed,Bengaluru,3.6,1524  Reviews,1 week ago,https://www.naukri.com/job-listings-lead-data-analysis-tesco-polska-bengaluru-4-to-7-years-080626502478
Data Analyst Intern,360DigiTMG,N/A,"18,000/month ",Hyderabad,4.1,108  Reviews,Starts in 1-3 months,https://www.naukri.com/job-listings-data-analyst-intern-360digitmg-hyderabad-0-to-2-years-080626501825
Data Analyst II,FedEx,5-10 Yrs,Not Disclosed,Bengaluru,4.0,1396  Reviews,1 week ago,https://www.naukri.com/job-listings-data-analyst-ii-fedex-express-bengaluru-5-to-10-years-050626502641
Data Analyst (Punjabi Speaker - India),Peroptyx,0-5 Yrs,Not Disclosed,Remote,3.2,15  Reviews,2 weeks ago,https://www.naukri.com/job-listings-data-analyst-punjabi-speaker-india-peroptyx-ludhiana-0-to-5-years-020626027814
Test Data Analyst,Tata Consultancy Services,5-10 Yrs,Not Disclosed,"Hyderabad, Pune(Pune Nashik Highway), Bengaluru",3.3,115896  Reviews,2 weeks ago,https://www.naukri.com/job-listings-test-data-analyst-tata-consultancy-services-hyderabad-pune-bengaluru-5-to-10-years-020626008528
Manager - Data Analyst- FDI-Commercial,EY,5-8 Yrs,Not Disclosed,Bengaluru,3.4,14833  Reviews,2 weeks ago,https://www.naukri.com/job-listings-manager-data-analyst-fdi-commercial-ernst-young-bengaluru-5-to-8-years-010626503773
Junior Data Analyst,Neev Advisory Research & Consultancy Services,0-2 Yrs,Not Disclosed,Gurugram,N/A,N/A,3+ weeks ago,https://www.naukri.com/job-listings-junior-data-analyst-neev-advisory-research-consultancy-services-gurugram-0-to-2-years-150125503377
Junior Data Engineer / Data Analyst - INFOOBJECTS,360DigiTMG,0-1 Yrs,Not Disclosed,Jaipur,4.1,108  Reviews,3+ weeks ago,https://www.naukri.com/job-listings-junior-data-engineer-data-analyst-infoobjects-360digitmg-jaipur-0-to-1-years-180825504107
MIS Execitive/DATA Analyst -Kundli Sonipat,COSMETIC,1-6 Yrs,1.5-3.5 Lacs PA ,Sonipat(Kundli),N/A,N/A,3 weeks ago,https://www.naukri.com/job-listings-mis-execitive-data-analyst-kundli-sonipat-balaji-placement-service-sonipat-1-to-6-years-220526023416
Data Analyst-Entry Operator /Customer Support Executive (LPG Operation,LPG Distributor,0-2 Yrs,"50,000-1.5 Lacs PA ","Hybrid - Kolkata, Howrah, South Twenty Four Parganas",4.6,5  Reviews,3+ weeks ago,https://www.naukri.com/job-listings-data-analyst-entry-operator-customer-support-executive-lpg-operation-lpg-distributor-kolkata-howrah-south-twenty-four-parganas-0-to-2-years-150526026095
Data Analyst (Operations & Business Intelligence),Competitive Crackers,1-6 Yrs,Not Disclosed,"Kochi, Kakinada",N/A,N/A,1 week ago,https://www.naukri.com/job-listings-data-analyst-operations-business-intelligence-competitive-cracker-kochi-kakinada-1-to-6-years-080626501908
Executive - Sales MIS & Data Analyst,Manipal Hospitals,2-6 Yrs,Not Disclosed,Pune(Kharadi),4.0,2169  Reviews,3 weeks ago,https://www.naukri.com/job-listings-executive-sales-mis-data-analyst-manipal-hospitals-pune-2-to-6-years-250526004826
Sr Data Analyst,ACL Digital,2-7 Yrs,Not Disclosed,Bengaluru,3.6,904  Reviews,1 week ago,https://www.naukri.com/job-listings-sr-data-analyst-acl-digital-bengaluru-2-to-7-years-050626503645
Senior Data Analyst (Advance SQL + Python),US MNC (analytics),4-9 Yrs,15-27.5 Lacs PA ,"Hybrid - Hyderabad, Bengaluru",N/A,N/A,1 week ago,https://www.naukri.com/job-listings-senior-data-analyst-advance-sql-python-aspyra-hr-services-hyderabad-bengaluru-4-to-9-years-050626021434
Senior QA/QC Data Analyst - Virtual Drive - 13th June 26,CDM Smith,5-9 Yrs,Not Disclosed,"Hybrid - Pune, Chennai, Bengaluru",3.6,195  Reviews,1 week ago,https://www.naukri.com/job-listings-senior-qa-qc-data-analyst-virtual-drive-13th-june-26-cdm-smith-pune-chennai-bengaluru-5-to-9-years-040626034696
Senior Reinsurance Data Analyst,Assurant Automotive Warranty Solutions,6-10 Yrs,Not Disclosed,"Hybrid - Hyderabad, Gurugram, Bengaluru",4.0,25  Reviews,1 week ago,https://www.naukri.com/job-listings-senior-reinsurance-data-analyst-assurant-automotive-warranty-solutions-hyderabad-gurugram-bengaluru-6-to-10-years-040626023906
Sr. Data Analyst,Earnin,4-9 Yrs,Not Disclosed,Bengaluru,N/A,N/A,1 week ago,https://www.naukri.com/job-listings-sr-data-analyst-earnin-bengaluru-4-to-9-years-030626502116
Sr Advanced Data Analyst,Sparta Systems,2-6 Yrs,Not Disclosed,Bengaluru,4.1,13  Reviews,2 weeks ago,https://www.naukri.com/job-listings-sr-advanced-data-analyst-spartasystems-bengaluru-2-to-6-years-020626501430
Senior Data Analyst at An IT Service Company,Talentzo Delhi,10-12 Yrs,14-20 Lacs PA ,Remote,N/A,N/A,2 weeks ago,https://www.naukri.com/job-listings-senior-data-analyst-at-an-it-service-company-talentzo-delhi-bengaluru-10-to-12-years-020626018127
Senior Data Analyst - AI,Target,5-7 Yrs,0-20 Lacs PA ,Bengaluru,4.0,935  Reviews,2 weeks ago,https://www.naukri.com/job-listings-senior-data-analyst-ai-target-bengaluru-5-to-7-years-010626013102
Senior Data Analyst,BMC Software,8-13 Yrs,Not Disclosed,Pune,3.9,618  Reviews,3 weeks ago,https://www.naukri.com/job-listings-senior-data-analyst-bmc-software-india-private-limited-pune-8-to-13-years-210526923466
Data Analyst - Senior Engineer,Iris Software,3-5 Yrs,Not Disclosed,Noida,3.7,1916  Reviews,3 weeks ago,https://www.naukri.com/job-listings-data-analyst-senior-engineer-iris-software-technologies-private-limited-noida-3-to-5-years-210526923105
Opening For Sr. Data Analyst with Fareportal,Fareportal,3-6 Yrs,Not Disclosed,Gurugram,3.0,848  Reviews,3 weeks ago,https://www.naukri.com/job-listings-opening-for-sr-data-analyst-with-fareportal-fareportal-gurugram-3-to-6-years-210526025980
Senior/Lead Data Analyst with Python and Power BI,Smart Soc Solutions,4-9 Yrs,Not Disclosed,Hybrid - Bengaluru,3.4,105  Reviews,1 week ago,https://www.naukri.com/job-listings-senior-lead-data-analyst-with-python-and-power-bi-smart-soc-solutions-bengaluru-4-to-9-years-210526015016
Senior Data Analyst,Mastercard,7-12 Yrs,Not Disclosed,Navi Mumbai,3.8,1017  Reviews,3 weeks ago,https://www.naukri.com/job-listings-senior-data-analyst-mastercard-india-services-private-limited-navi-mumbai-7-to-12-years-200526937777
Senior Data Analyst,PayU,5-10 Yrs,Not Disclosed,Mumbai,3.3,587  Reviews,3+ weeks ago,https://www.naukri.com/job-listings-senior-data-analyst-payu-india-mumbai-5-to-10-years-011025504051
Data Analysis Traineeship ly Professional,Gigafactor Solutions,N/A,Unpaid ,Pune,N/A,N/A,Starts in 1-3 months,https://www.naukri.com/job-listings-data-analysis-traineeship-ly-professional-gigafactor-solutions-pune-0-to-1-years-290126507734
Intern - Data Analyst,Visit Health,0-1 Yrs,Not Disclosed,Gurugram,3.1,136  Reviews,3+ weeks ago,https://www.naukri.com/job-listings-intern-data-analyst-visit-health-gurugram-0-to-1-years-290126506895
Data Analyst Intern,Sage Software,N/A,Unpaid ,"Mumbai, Navi Mumbai",N/A,N/A,Starts in 1-3 months,https://www.naukri.com/job-listings-data-analyst-intern-sage-software-and-solutions-pvt-ltd-mumbai-navi-mumbai-0-to-5-years-280526505216
Full Stack Developer / QA Automation / Data Analyst Trainee,Nirvesh Enterprises,N/A,Unpaid ,Hyderabad,N/A,N/A,Starts in 1-3 months,https://www.naukri.com/job-listings-full-stack-developer-qa-automation-data-analyst-trainee-nirvesh-enterprises-hyderabad-0-to-3-years-280526504315
Data Analyst (Punjabi Speaker - India),Peroptyx,0-5 Yrs,Not Disclosed,Remote,3.2,15  Reviews,2 weeks ago,https://www.naukri.com/job-listings-data-analyst-punjabi-speaker-india-peroptyx-jalandhar-0-to-5-years-270526027598
Associate Manager Data Analyst - Data Bricks,Optum,6-11 Yrs,Not Disclosed,Hyderabad,4.0,8091  Reviews,Today,https://www.naukri.com/job-listings-associate-manager-data-analyst-data-bricks-optum-global-solutions-india-private-limited-hyderabad-6-to-11-years-160626917050
Healthcare Research & Data Analyst,Clarivate,2-4 Yrs,Not Disclosed,Bengaluru,3.7,861  Reviews,Today,https://www.naukri.com/job-listings-healthcare-research-data-analyst-clarivate-analytics-india-private-limited-bengaluru-2-to-4-years-160626917049
Master Data Analyst,Flex,3-8 Yrs,Not Disclosed,Chennai,3.9,2731  Reviews,Few hours ago,https://www.naukri.com/job-listings-master-data-analyst-flex-chennai-3-to-8-years-160626502845
Data Analyst with Power BI,Tata Consultancy Services,4-8 Yrs,Not Disclosed,"Gurugram, Delhi / NCR",3.3,115896  Reviews,Few hours ago,https://www.naukri.com/job-listings-data-analyst-with-power-bi-tata-consultancy-services-gurugram-delhi-ncr-4-to-8-years-160626032188
Healthcare Research & Data Analyst,Clarivate,2-4 Yrs,Not Disclosed,Bengaluru,3.7,861  Reviews,1 day ago,https://www.naukri.com/job-listings-healthcare-research-data-analyst-clarivate-analytics-india-private-limited-bengaluru-2-to-4-years-150626933082
Advanced Data Analyst,NNE,6-11 Yrs,Not Disclosed,Bengaluru,3.5,173  Reviews,1 day ago,https://www.naukri.com/job-listings-advanced-data-analyst-nne-pharmaplan-bengaluru-6-to-11-years-150626503697
Pricing Implementation Analyst - Data Analyst - I,FedEx,1-4 Yrs,Not Disclosed,Pune,4.0,1396  Reviews,1 day ago,https://www.naukri.com/job-listings-pricing-implementation-analyst-data-analyst-i-fedex-express-pune-1-to-4-years-150626503063
Data Analyst Intern,Csk Technologies,N/A,Unpaid ,Noida,4.5,10  Reviews,Starts in 1-3 months,https://www.naukri.com/job-listings-data-analyst-intern-csk-technologies-opc-pvt-ltd-noida-0-to-1-years-060526500342
Manager - Data Analysis,Diageo,5-10 Yrs,Not Disclosed,Bengaluru,3.8,1232  Reviews,3+ weeks ago,https://www.naukri.com/job-listings-manager-data-analysis-diageo-bengaluru-5-to-10-years-010526502431
Data Analyst / Web Researcher,Myvirtualdesks,0-3 Yrs,Not Disclosed,Pune,N/A,N/A,3+ weeks ago,https://www.naukri.com/job-listings-data-analyst-web-researcher-myvirtualdesks-pune-0-to-3-years-311023502433
Data Analyst Intern,Cloud Counselage,N/A,Unpaid ,Mumbai,4.6,38  Reviews,Starts in 1-3 months,https://www.naukri.com/job-listings-data-analyst-intern-cloud-counselage-pvt-ltd-mumbai-0-to-1-years-301225507774
Data Analysis Intern,Clear Quant,N/A,Unpaid ,Ahmedabad,5.0,2  Reviews,Starts in 1-3 months,https://www.naukri.com/job-listings-data-analysis-intern-clearquant-ahmedabad-0-to-1-years-290425504274
Data Analyst Associate,Mhtechin,N/A,Unpaid ,Pune,4.2,43  Reviews,Starts in 1-3 months,https://www.naukri.com/job-listings-data-analyst-associate-mhtechin-pune-0-to-2-years-281025502399
Data Analyst (Associate),Aumni Techworks,0-3 Yrs,Not Disclosed,Pune,4.0,29  Reviews,3+ weeks ago,https://www.naukri.com/job-listings-data-analyst-associate-aumni-techworks-pune-0-to-3-years-270625505381
Data Analysis Volunteer,Connectfor,0-3 Yrs,Not Disclosed,Ahmedabad,3.4,2  Reviews,3+ weeks ago,https://www.naukri.com/job-listings-data-analysis-volunteer-connectfor-ahmedabad-0-to-3-years-240925507759
Statistical Data Analyst,ams OSRAM Group,0-1 Yrs,Not Disclosed,Lucknow,3.2,121  Reviews,3+ weeks ago,https://www.naukri.com/job-listings-statistical-data-analyst-ams-lucknow-0-to-1-years-240725501694
Data Analyst/BI Associate,Mypaisaa,0-2 Yrs,2.25-4.5 Lacs PA ,Hyderabad,4.4,26  Reviews,3 weeks ago,https://www.naukri.com/job-listings-data-analyst-bi-associate-mypaisaa-hyderabad-0-to-2-years-200526041161
Data Analyst Intern,Makunai Global Technologies,N/A,Unpaid ,Noida,3.6,60  Reviews,Starts in 1-3 months,https://www.naukri.com/job-listings-data-analyst-intern-makunai-global-technologies-noida-0-to-2-years-171125501231
Legal & Integrity Operations Developer & Data Analyst,Hitachi Energy,1-5 Yrs,Not Disclosed,Bengaluru,4.0,1075  Reviews,3+ weeks ago,https://www.naukri.com/job-listings-legal-integrity-operations-developer-data-analyst-hitachi-energy-bengaluru-1-to-5-years-171024500680
Intern - Data Analyst,BOT Vfx,N/A,Unpaid ,"Madurai, Tiruppur, Salem, Chennai, Tiruchirapalli, Coimbatore",4.3,36  Reviews,Starts in 1-3 months,https://www.naukri.com/job-listings-intern-data-analyst-bot-vfx-india-private-limited-madurai-tiruppur-salem-chennai-tiruchirapalli-coimbatore-0-to-1-years-170326503872
Data Analyst Intern,Thoughtcoders,N/A,Unpaid ,Ballia,3.9,10  Reviews,Starts in 1-3 months,https://www.naukri.com/job-listings-data-analyst-intern-thoughtcoders-ballia-0-to-3-years-110624502893
Data Analyst Advanced Analytics,Perceptive Analytics,0-3 Yrs,Not Disclosed,Hyderabad,4.3,14  Reviews,3+ weeks ago,https://www.naukri.com/job-listings-data-analyst-advanced-analytics-perceptive-analytics-hyderabad-0-to-3-years-100622500775
Data Analyst - Intern,Claight Corporation Expert Market Research,0-1 Yrs,Not Disclosed,Noida,4.1,15  Reviews,3+ weeks ago,https://www.naukri.com/job-listings-data-analyst-intern-claight-corporation-expert-market-research-noida-0-to-1-years-100325502618
Data Analyst Intern,Analytics Vidhya,N/A,Unpaid ,Gurugram,3.8,63  Reviews,Starts in 1-3 months,https://www.naukri.com/job-listings-data-analyst-intern-analytics-vidhya-educon-pvt-ltd-gurugram-0-to-1-years-071025503534
Trainee Data Analyst,Global Survey,0-1 Yrs,Not Disclosed,Noida,3.8,10  Reviews,3+ weeks ago,https://www.naukri.com/job-listings-trainee-data-analyst-global-survey-solutions-noida-0-to-1-years-051224504780
Associate Data Analyst,Global Survey,0-3 Yrs,Not Disclosed,Noida,3.8,10  Reviews,3+ weeks ago,https://www.naukri.com/job-listings-associate-data-analyst-global-survey-solutions-noida-0-to-3-years-051224504776
Clinical Data Analyst I,Clinztech Research Solutions,0-2 Yrs,Not Disclosed,Hyderabad,4.6,21  Reviews,3+ weeks ago,https://www.naukri.com/job-listings-clinical-data-analyst-i-clinztech-hyderabad-0-to-2-years-030426505692
Global Data Analyst - Contract,Hitachi Energy,3-8 Yrs,Not Disclosed,Bengaluru,4.0,1075  Reviews,3+ weeks ago,https://www.naukri.com/job-listings-global-data-analyst-contract-hitachi-energy-bengaluru-3-to-8-years-030326502575
Data Analyst-Fresher,Skill Hive Hub,0-2 Yrs,Not Disclosed,Visakhapatnam,N/A,N/A,3+ weeks ago,https://www.naukri.com/job-listings-data-analyst-fresher-skill-hive-hub-visakhapatnam-0-to-2-years-010526501163
Sr Analyst- Women's Economic Empowerment (MIS and Data Analyst)),IPE Global,6-11 Yrs,Not Disclosed,Chennai,3.9,384  Reviews,3+ weeks ago,https://www.naukri.com/job-listings-sr-analyst-women-s-economic-empowerment-mis-and-data-analyst-ipe-global-pvt-ltd-chennai-6-to-11-years-250326501717
Senior Business Systems Analyst (AI / Data Products),Nephroplus,8-12 Yrs,Not Disclosed,Bengaluru,3.8,702  Reviews,4 days ago,https://www.naukri.com/job-listings-senior-business-systems-analyst-ai-data-products-nephrocare-health-services-pvt-ltd-bengaluru-8-to-12-years-120626501751
Project Research Scientist I Non Medical (Senior Data Analyst),Community Empowerment Lab,1-3 Yrs,Not Disclosed,Varanasi,2.5,12  Reviews,2 weeks ago,https://www.naukri.com/job-listings-project-research-scientist-i-non-medical-senior-data-analyst-community-empowrement-lab-varanasi-1-to-3-years-280526501951
Data Analyst/Business Analyst,Luthra Group Company,5-8 Yrs,Not Disclosed,Surat(Palsana),4.1,201  Reviews,2 weeks ago,https://www.naukri.com/job-listings-data-analyst-business-analyst-luthra-group-company-surat-5-to-8-years-290526022825
ServiceNow Business Data Analyst / ServiceNow Business Analyst,Quadrant Technologies,5-10 Yrs,6-16 Lacs PA ,Hybrid - Pune,3.8,367  Reviews,2 weeks ago,https://www.naukri.com/job-listings-servicenow-business-data-analyst-servicenow-business-analyst-quadrant-technologies-pune-5-to-10-years-280526022243
"Data Analyst (Business Intelligence,Python,Machine Learning,Power BI )",FIS,4-8 Yrs,Not Disclosed,Gurugram,3.8,6643  Reviews,2 weeks ago,https://www.naukri.com/job-listings-data-analyst-business-intelligence-python-machine-learning-power-bi-fis-global-business-solutions-india-pvt-ltd-gurugram-4-to-8-years-270526928124
MIS Senior Executive Data Analyst,Lytegen,6-11 Yrs,Not Disclosed,Chandigarh,N/A,N/A,3+ weeks ago,https://www.naukri.com/job-listings-mis-senior-executive-data-analyst-lytegen-chandigarh-6-to-11-years-270226501976
"Advisor, Business & Data Analysis",Cigna Medical Group,6-10 Yrs,Not Disclosed,Hyderabad,3.0,43  Reviews,3 weeks ago,https://www.naukri.com/job-listings-advisor-business-data-analysis-cigna-medical-group-hyderabad-6-to-10-years-220526500860
Data Analyst/ Business Analyst,Rezo.ai,4-5 Yrs,Not Disclosed,Noida,3.3,6  Reviews,3 weeks ago,https://www.naukri.com/job-listings-data-analyst-business-analyst-rezo-ai-noida-4-to-5-years-130526014188
Project Research Scientist I Non Medical (Senior Data Analyst),Community Empowerment Lab,1-3 Yrs,Not Disclosed,Lucknow,2.5,12  Reviews,3+ weeks ago,https://www.naukri.com/job-listings-project-research-scientist-i-non-medical-senior-data-analyst-community-empowrement-lab-lucknow-1-to-3-years-030225500988
MIS/Senior Executive - Data Analyst,Lytegen,6-11 Yrs,Not Disclosed,Nagar,N/A,N/A,3+ weeks ago,https://www.naukri.com/job-listings-mis-senior-executive-data-analyst-lytegen-nagar-6-to-11-years-020326503234
Data Analyst / Business Analyst,RIGHT STEP CONSULTING PRIVATE LIMITED,2-3 Yrs,Not Disclosed,Gurgaon,N/A,N/A,3+ weeks ago,https://www.naukri.com/job-listings-data-analyst-business-analyst-right-step-consulting-private-limited-gurgaon-2-to-3-years-300617501344
Data Analyst - Business Development,Magenta Ev Solutions,5-10 Yrs,Not Disclosed,Navi Mumbai,3.5,69  Reviews,3+ weeks ago,https://www.naukri.com/job-listings-data-analyst-business-development-magenta-ev-navi-mumbai-5-to-10-years-240226506060
Business analyst + data analyst + sql,Han Digital Solution,2-5 Yrs,Not Disclosed,"Mumbai, Nagpur, Thane, Nashik, Pune, Aurangabad",N/A,N/A,3+ weeks ago,https://www.naukri.com/job-listings-business-analyst-data-analyst-sql-han-digital-solution-mumbai-nagpur-thane-nashik-pune-aurangabad-2-to-5-years-221125501741
Technical Business Analyst / Lead Data Analyst,Optimum Solutions,8-13 Yrs,Not Disclosed,Chennai,3.2,670  Reviews,3 weeks ago,https://www.naukri.com/job-listings-technical-business-analyst-lead-data-analyst-optimum-solutions-chennai-8-to-13-years-220526032218
Business Data Analyst,Acme Services,1-5 Yrs,Not Disclosed,Mumbai,N/A,N/A,3+ weeks ago,https://www.naukri.com/job-listings-business-data-analyst-acme-services-mumbai-1-to-5-years-210223503103
Business System Owner Data Analyst - Salesforce Service Cloud,Sanofi,3-8 Yrs,Not Disclosed,Hyderabad,4.0,1611  Reviews,3 weeks ago,https://www.naukri.com/job-listings-business-system-owner-data-analyst-salesforce-service-cloud-sanofi-healthcare-india-private-limited-hyderabad-3-to-8-years-200526937623
TMI Group - Data Analyst/Business Analyst,360DigiTMG,5-8 Yrs,Not Disclosed,Hyderabad,4.1,108  Reviews,3+ weeks ago,https://www.naukri.com/job-listings-tmi-group-data-analyst-business-analyst-360digitmg-hyderabad-5-to-8-years-180825502651
Business Analyst - Payments & Card Lifecycle Management-Data Migration,Synechron,13-18 Yrs,Not Disclosed,"Pune, Bengaluru",3.4,3794  Reviews,1 week ago,https://www.naukri.com/job-listings-business-analyst-payments-card-lifecycle-management-data-migration-synechron-technologies-pvt-ltd-pune-bengaluru-13-to-18-years-080626916234
Data Scientist - Senior Analyst,EY,3-7 Yrs,Not Disclosed,Hybrid - Bengaluru,3.4,14833  Reviews,1 week ago,https://www.naukri.com/job-listings-data-scientist-senior-analyst-ey-bengaluru-3-to-7-years-080626036388
Business Research- Data Analyst,Avalon Global Research,2-3 Yrs,Not Disclosed,Mumbai,2.6,59  Reviews,3+ weeks ago,https://www.naukri.com/job-listings-business-research-data-analyst-agr-knowledge-services-mumbai-2-to-3-years-030125505419
Data Analyst Business Insights,Intigniz Solutions,2-5 Yrs,Not Disclosed,Chennai,5.0,4  Reviews,3+ weeks ago,https://www.naukri.com/job-listings-data-analyst-business-insights-intigniz-solutions-chennai-2-to-5-years-280225500365
Data Analyst - Business Development,Magenta Ev Solutions,5-10 Yrs,Not Disclosed,Mumbai,3.5,69  Reviews,3+ weeks ago,https://www.naukri.com/job-listings-data-analyst-business-development-magenta-ev-mumbai-5-to-10-years-200226500020
Senior Data Analyst,Brillius,4-8 Yrs,Not Disclosed,"Kolkata, Mumbai, New Delhi, Hyderabad, Pune, Chennai, Bengaluru",4.0,2  Reviews,3+ weeks ago,https://www.naukri.com/job-listings-senior-data-analyst-brillius-kolkata-mumbai-new-delhi-hyderabad-pune-chennai-bengaluru-4-to-8-years-281024502443
Senior Data Analyst,Leading Client,3-8 Yrs,Not Disclosed,Bengaluru,N/A,N/A,2 weeks ago,https://www.naukri.com/job-listings-senior-data-analyst-ideslabs-private-limited-bengaluru-3-to-8-years-280526927582
Senior Data Analyst -Predictive Analytics & Forecasting,Kaufman Rossin,5-8 Yrs,Not Disclosed,Bengaluru,4.0,13  Reviews,2 weeks ago,https://www.naukri.com/job-listings-senior-data-analyst-predictive-analytics-forecasting-kaufman-rossin-bengaluru-5-to-8-years-280526503362
Senior Data Analyst,Times World Information Technology,5-10 Yrs,Not Disclosed,"Kolkata, Mumbai, New Delhi, Hyderabad, Pune, Chennai, Bengaluru",N/A,N/A,3+ weeks ago,https://www.naukri.com/job-listings-senior-data-analyst-times-world-information-technology-kolkata-mumbai-new-delhi-hyderabad-pune-chennai-bengaluru-5-to-10-years-220525503708
Senior Data Analyst,Lifesight,2-7 Yrs,Not Disclosed,Bengaluru,2.8,19  Reviews,3+ weeks ago,https://www.naukri.com/job-listings-senior-data-analyst-lifesight-bengaluru-2-to-7-years-300426500639
Senior Data Analyst,Dentsu Webchutney,5-7 Yrs,Not Disclosed,Bengaluru,2.9,32  Reviews,3+ weeks ago,https://www.naukri.com/job-listings-senior-data-analyst-dentsu-inc-bengaluru-5-to-7-years-300326500783
Senior Data Analyst,Sigmoid Analytics,3-6 Yrs,Not Disclosed,Bengaluru,3.8,314  Reviews,3+ weeks ago,https://www.naukri.com/job-listings-senior-data-analyst-sigmoid-bengaluru-3-to-6-years-251125502450
Sr Data Analyst,Trintech,3-7 Yrs,Not Disclosed,Bengaluru,4.5,15  Reviews,3+ weeks ago,https://www.naukri.com/job-listings-sr-data-analyst-trintech-bengaluru-3-to-7-years-220525505941
Senior Data Analyst,ACL Digital,10-15 Yrs,Not Disclosed,Bengaluru,3.6,904  Reviews,3 weeks ago,https://www.naukri.com/job-listings-senior-data-analyst-acl-digital-bengaluru-10-to-15-years-210526502280
Senior Data Analyst,Cheq Digital,2-7 Yrs,Not Disclosed,Bengaluru,2.4,2  Reviews,3+ weeks ago,https://www.naukri.com/job-listings-senior-data-analyst-cheq-digital-private-limited-bengaluru-2-to-7-years-190526502936
Senior Data Analyst,Robosoft Technologies,5-10 Yrs,Not Disclosed,Bengaluru,3.4,328  Reviews,3+ weeks ago,https://www.naukri.com/job-listings-senior-data-analyst-robosoft-technologies-pvt-ltd-bengaluru-5-to-10-years-180526502441
Sr.Data Analyst,Onemagnify,5-10 Yrs,Not Disclosed,Chennai,4.2,33  Reviews,Few hours ago,https://www.naukri.com/job-listings-sr-data-analyst-onemagnify-chennai-5-to-10-years-160626503291
Senior Data Analyst,Edenred,3-8 Yrs,Not Disclosed,Mumbai,3.0,76  Reviews,Today,https://www.naukri.com/job-listings-senior-data-analyst-edenred-india-pvt-ltd-mumbai-3-to-8-years-160626500931
Senior Data Analyst,Imerys,3-6 Yrs,6-8 Lacs PA ,Hyderabad,3.7,171  Reviews,1 day ago,https://www.naukri.com/job-listings-senior-data-analyst-imerys-hyderabad-3-to-6-years-150626009433
Senior Data Analyst,Masai School,3-7 Yrs,Not Disclosed,Bengaluru,4.2,231  Reviews,3+ weeks ago,https://www.naukri.com/job-listings-senior-data-analyst-masai-school-bengaluru-3-to-7-years-150526501776
Senior Data Analyst - CSA,Havas Media,3-8 Yrs,Not Disclosed,Bengaluru,3.2,89  Reviews,3+ weeks ago,https://www.naukri.com/job-listings-senior-data-analyst-csa-havas-media-india-pvt-ltd-bengaluru-3-to-8-years-110526502923
Senior Data Analyst,ti Steps,3-6 Yrs,5-10 Lacs PA ,Chennai,3.9,18  Reviews,Today,https://www.naukri.com/job-listings-senior-data-analyst-ti-steps-chennai-3-to-6-years-050126015713
Senior Data Analyst,Certifyos,5-7 Yrs,Not Disclosed,Bengaluru,2.9,23  Reviews,3+ weeks ago,https://www.naukri.com/job-listings-senior-data-analyst-certifyos-bengaluru-5-to-7-years-290126511073
"Senior Data Analyst, Product Analytics",Thomson Reuters,5-10 Yrs,Not Disclosed,Bengaluru,3.7,1922  Reviews,3+ weeks ago,https://www.naukri.com/job-listings-senior-data-analyst-product-analytics-sureprep-india-pvt-ltd-bengaluru-5-to-10-years-290126509890
Sr. Data Analyst,Databricks,2-7 Yrs,Not Disclosed,Bengaluru,2.8,38  Reviews,3+ weeks ago,https://www.naukri.com/job-listings-sr-data-analyst-databricks-bengaluru-2-to-7-years-270226503234
Senior Data Analyst,Pice App,3-8 Yrs,Not Disclosed,Bengaluru,3.5,2  Reviews,3+ weeks ago,https://www.naukri.com/job-listings-senior-data-analyst-pice-bengaluru-3-to-8-years-250725503894
Senior Data Analyst,PVH,4-6 Yrs,Not Disclosed,Bengaluru,4.1,105  Reviews,3 weeks ago,https://www.naukri.com/job-listings-senior-data-analyst-pvh-bengaluru-4-to-6-years-250526503139
"Senior Associate, Data Analysis",Kyndryl,6-14 Yrs,Not Disclosed,Bengaluru,3.9,3930  Reviews,3 weeks ago,https://www.naukri.com/job-listings-senior-associate-data-analysis-kyndryl-bengaluru-6-to-14-years-250526501779
Senior Data Analyst,Flexera Software,5-10 Yrs,Not Disclosed,Bengaluru,3.9,100  Reviews,3+ weeks ago,https://www.naukri.com/job-listings-senior-data-analyst-flexera-software-bengaluru-5-to-10-years-240426502778
Senior Data Analyst,Hevo Technologies,5-8 Yrs,Not Disclosed,Bengaluru,4.0,58  Reviews,3+ weeks ago,https://www.naukri.com/job-listings-senior-data-analyst-hevo-technologies-india-private-limited-bengaluru-5-to-8-years-240426500511
Senior Data Analyst (Power BI),tsworks,5-8 Yrs,Not Disclosed,Bengaluru,5.0,3  Reviews,3+ weeks ago,https://www.naukri.com/job-listings-senior-data-analyst-power-bi-tsworks-bengaluru-5-to-8-years-230925505758
Senior Data Analyst,Revenera,5-10 Yrs,Not Disclosed,Bengaluru,N/A,N/A,3+ weeks ago,https://www.naukri.com/job-listings-senior-data-analyst-revenera-bengaluru-5-to-10-years-230525502305
Sr. Sourcing Data Analyst,JCPenney,4-9 Yrs,Not Disclosed,Bengaluru,3.8,260  Reviews,3 weeks ago,https://www.naukri.com/job-listings-sr-sourcing-data-analyst-jcpenney-india-bengaluru-4-to-9-years-220526502961
Senior Data Analyst,Aziro,5-8 Yrs,Not Disclosed,Hybrid - Bengaluru,3.6,231  Reviews,3 weeks ago,https://www.naukri.com/job-listings-senior-data-analyst-aziro-bengaluru-5-to-8-years-220526022495
Sr Staff Data Analyst - Quality,Leading Client,7-12 Yrs,Not Disclosed,Bengaluru,N/A,N/A,3+ weeks ago,https://www.naukri.com/job-listings-sr-staff-data-analyst-quality-talent21-management-shared-services-pvt-ltd-bengaluru-7-to-12-years-190526925796
Sr. Associate - Content Data Analyst (Metadata & Ops),Amgen Inc,5-9 Yrs,Not Disclosed,Hyderabad,2.8,166  Reviews,1 day ago,https://www.naukri.com/job-listings-sr-associate-content-data-analyst-metadata-ops-amgen-inc-hyderabad-5-to-9-years-150626938303
Sr. Associate - Content Data Analyst (Global Strategy & Metrics),Amgen Inc,5-9 Yrs,Not Disclosed,Hyderabad,2.8,166  Reviews,1 day ago,https://www.naukri.com/job-listings-sr-associate-content-data-analyst-global-strategy-metrics-amgen-inc-hyderabad-5-to-9-years-150626938302
Sr. Associate HR Data Analysis,Amgen Inc,12-17 Yrs,Not Disclosed,Hyderabad,2.8,166  Reviews,1 day ago,https://www.naukri.com/job-listings-sr-associate-hr-data-analysis-amgen-inc-hyderabad-12-to-17-years-150626938282
Senior Data Analyst,Noora Health,1-2 Yrs,Not Disclosed,"Hubli, Mangaluru, Mysuru, Bengaluru, Belgaum",4.2,11  Reviews,3+ weeks ago,https://www.naukri.com/job-listings-senior-data-analyst-noora-health-hubli-mangaluru-mysuru-bengaluru-belgaum-1-to-2-years-130226500927
Senior Data Analyst,Xpheno,3-6 Yrs,Not Disclosed,Bengaluru,N/A,N/A,3+ weeks ago,https://www.naukri.com/job-listings-senior-data-analyst-xpheno-bengaluru-3-to-6-years-100123500195
Senior Data Analyst,ADA Global,2-4 Yrs,Not Disclosed,Bengaluru,4.0,6  Reviews,3+ weeks ago,https://www.naukri.com/job-listings-senior-data-analyst-ada-global-bengaluru-2-to-4-years-070426502238
Sr Data Analyst,Target,5-8 Yrs,Not Disclosed,Bengaluru,4.0,935  Reviews,3+ weeks ago,https://www.naukri.com/job-listings-sr-data-analyst-target-corporation-india-pvt-ltd-bengaluru-5-to-8-years-060326500576
Senior Data Analyst,Brickwork Ratings (BWR),5-7 Yrs,Not Disclosed,Bengaluru,3.4,153  Reviews,3+ weeks ago,https://www.naukri.com/job-listings-senior-data-analyst-brickworks-ratings-bengaluru-5-to-7-years-051124502526
Senior Data Analyst II,Elsevier,3-8 Yrs,Not Disclosed,Bengaluru,3.6,189  Reviews,3+ weeks ago,https://www.naukri.com/job-listings-senior-data-analyst-ii-reed-elsevier-india-a-part-of-relx-india-pvt-ltd-bengaluru-3-to-8-years-050326501536
Senior Data Analyst III,Elsevier,3-8 Yrs,Not Disclosed,Bengaluru,3.6,189  Reviews,3+ weeks ago,https://www.naukri.com/job-listings-senior-data-analyst-iii-reed-elsevier-india-a-part-of-relx-india-pvt-ltd-bengaluru-3-to-8-years-050326501534
Lead/ Senior Data Analyst (Power BI),tsworks,7-10 Yrs,Not Disclosed,Bengaluru,5.0,3  Reviews,3+ weeks ago,https://www.naukri.com/job-listings-lead-senior-data-analyst-power-bi-tsworks-bengaluru-7-to-10-years-020525500150
"Sr. Data Analyst, Payments",Circle Internet Tech,8-13 Yrs,Not Disclosed,Bengaluru,N/A,N/A,3+ weeks ago,https://www.naukri.com/job-listings-sr-data-analyst-payments-circle-internet-financial-bengaluru-8-to-13-years-020426504733
Senior Cyber security Data Analyst,Becton Dickinson,5-10 Yrs,Not Disclosed,Bengaluru,3.9,618  Reviews,3+ weeks ago,https://www.naukri.com/job-listings-senior-cyber-security-data-analyst-bd-bengaluru-5-to-10-years-251125504660
Senior Manager Data Analyst,Fidelity International,12-15 Yrs,Not Disclosed,Bengaluru,3.5,784  Reviews,3 weeks ago,https://www.naukri.com/job-listings-senior-manager-data-analyst-fil-india-business-and-research-services-private-limited-bengaluru-12-to-15-years-250526913531
Senior Cyber security Data Analyst,Becton Dickinson,5-10 Yrs,Not Disclosed,Bengaluru,3.9,618  Reviews,3+ weeks ago,https://www.naukri.com/job-listings-senior-cyber-security-data-analyst-bd-bengaluru-5-to-10-years-230326501173
Sr. Engineer Data Analyst,Estalvis Advisors,2-3 Yrs,Not Disclosed,Bengaluru,N/A,N/A,3 weeks ago,https://www.naukri.com/job-listings-sr-engineer-data-analyst-estalvis-advisors-private-limited-bengaluru-2-to-3-years-220526501277
Data Analyst II,Thermo Fisher Scientific,5-10 Yrs,Not Disclosed,Bengaluru,3.8,1075  Reviews,2 weeks ago,https://www.naukri.com/job-listings-data-analyst-ii-thermo-fisher-scientific-india-pvt-ltd-bengaluru-5-to-10-years-270526502533
Data Analyst Intern,Impactiva,N/A,"12,000/month ",Chennai,3.9,29  Reviews,Starts within 1 month,https://www.naukri.com/job-listings-data-analyst-intern-impactiva-chennai-0-to-1-years-250526014207
"Data Analyst(Python,ETL,SQL)",Virtusa,9-14 Yrs,20-35 Lacs PA ,"Hyderabad, Chennai, Bengaluru",3.7,6200  Reviews,3 weeks ago,https://www.naukri.com/job-listings-data-analyst-python-etl-sql-virtusa-hyderabad-chennai-bengaluru-9-to-14-years-220526021458
Healthcare Data Analyst,Hoffmann La Roche,2-5 Yrs,Not Disclosed,Hyderabad,5.0,2  Reviews,5 days ago,https://www.naukri.com/job-listings-healthcare-data-analyst-hoffmann-la-roche-hyderabad-2-to-5-years-110626501799
Drug Data Analyst,TATA 1 MG,1-4 Yrs,1.5-2.5 Lacs PA ,Gurugram,3.6,1683  Reviews,5 days ago,https://www.naukri.com/job-listings-drug-data-analyst-tata-1-mg-gurugram-1-to-4-years-110626023450
Lead Data Analyst,Crisil,4-8 Yrs,Not Disclosed,Pune,3.5,1966  Reviews,3+ weeks ago,https://www.naukri.com/job-listings-lead-data-analyst-crisil-pune-4-to-8-years-210226501325
Data Analyst Lead,Lam Research,7-12 Yrs,Not Disclosed,Bengaluru,3.7,361  Reviews,3+ weeks ago,https://www.naukri.com/job-listings-data-analyst-lead-lam-research-bengaluru-7-to-12-years-130326502476
Data Analyst Lead,Lam Research,7-9 Yrs,Not Disclosed,Bengaluru,3.7,361  Reviews,3+ weeks ago,https://www.naukri.com/job-listings-data-analyst-lead-lam-research-bengaluru-7-to-9-years-090326500155
Analyst-Data Science,AMERICAN EXPRESS,0-2 Yrs,Not Disclosed,"Gurugram, Manesar",4.1,3924  Reviews,1 day ago,https://www.naukri.com/job-listings-analyst-data-science-american-express-india-gurugram-manesar-0-to-2-years-150626501275
Data Analyst Senior Executive,TALENTPULL AND INFRASTRUCTURE PRIVATE LIMITED,2-5 Yrs,5-10 Lacs PA ,Noida,N/A,N/A,3 days ago,https://www.naukri.com/job-listings-data-analyst-senior-executive-talentpull-and-infrastructure-noida-2-to-5-years-100626009724
Sr Business Analyst - (AI) Data systems,TATA 1 MG,2-4 Yrs,Not Disclosed,Gurugram,3.6,1683  Reviews,2 weeks ago,https://www.naukri.com/job-listings-sr-business-analyst-ai-data-systems-1mg-gurugram-2-to-4-years-290526508548
"Business Analyst, Data And Digital Solutions",Hsbc,1-5 Yrs,Not Disclosed,Bengaluru,3.8,6122  Reviews,3+ weeks ago,https://www.naukri.com/job-listings-business-analyst-data-and-digital-solutions-hsbc-electronic-data-processing-india-pvt-ltd-bengaluru-1-to-5-years-181225502158
Business Analyst-Data,Capco,7-12 Yrs,Not Disclosed,Bengaluru,3.8,698  Reviews,3+ weeks ago,https://www.naukri.com/job-listings-business-analyst-data-capco-technologies-pvt-ltd-bengaluru-7-to-12-years-180526505629
Associate Business Analyst Data & Reporting,JPMorgan Chase Bank,1-7 Yrs,Not Disclosed,Mumbai,3.8,7940  Reviews,1 day ago,https://www.naukri.com/job-listings-associate-business-analyst-data-reporting-jp-morgan-and-chase-mumbai-1-to-7-years-150626501458
Sr. Data Analyst,Colgate Palmolive,1-6 Yrs,Not Disclosed,Mumbai,4.0,1016  Reviews,2 weeks ago,https://www.naukri.com/job-listings-sr-data-analyst-colgate-palmolive-mumbai-1-to-6-years-310526003847
Senior Data Analyst (Data Governance),SG Analytics,3-6 Yrs,Not Disclosed,Remote,2.5,697  Reviews,3 weeks ago,https://www.naukri.com/job-listings-senior-data-analyst-data-governance-sg-analytics-pune-3-to-6-years-200526016066
Senior Data Analyst - ML,Ensocode Software Solutions,3-5 Yrs,12-18 Lacs PA ,Noida,3.3,2  Reviews,Just now,https://www.naukri.com/job-listings-senior-data-analyst-ml-ensocode-software-solutions-noida-3-to-5-years-160626033357
Sr. Data Analyst,Lumenore,3-6 Yrs,Not Disclosed,Pune,1.3,6  Reviews,4 days ago,https://www.naukri.com/job-listings-sr-data-analyst-lumenore-pune-3-to-6-years-120626505271
Senior Data Analyst - Revenue Ops,Arcadia,5-10 Yrs,Not Disclosed,Chennai,3.5,69  Reviews,6 days ago,https://www.naukri.com/job-listings-senior-data-analyst-revenue-ops-arcadia-chennai-5-to-10-years-100626505981
Senior Data Analyst - Revenue Ops,Arcadia,5-10 Yrs,Not Disclosed,Chennai,3.5,69  Reviews,6 days ago,https://www.naukri.com/job-listings-senior-data-analyst-revenue-ops-arcadia-chennai-5-to-10-years-100626505900
Senior Data Analyst,Adtech Corp,5-10 Yrs,Not Disclosed,Hyderabad,4.4,50  Reviews,1 week ago,https://www.naukri.com/job-listings-senior-data-analyst-adtech-corp-hyderabad-5-to-10-years-090626503668
Senior Data Analyst- Technical Lead,Comviva Technology,4-5 Yrs,Not Disclosed,Mumbai,2.8,1023  Reviews,3+ weeks ago,https://www.naukri.com/job-listings-senior-data-analyst-technical-lead-comviva-technologies-limited-mumbai-4-to-5-years-311225501802
Senior Staff Data Analyst,Stryker,12-17 Yrs,Not Disclosed,Gurugram,3.9,472  Reviews,2 weeks ago,https://www.naukri.com/job-listings-senior-staff-data-analyst-stryker-global-technology-center-pvt-ltd-gurugram-12-to-17-years-280526923325
Senior Data Analyst,Valeo,3-6 Yrs,Not Disclosed,Chennai,3.9,1478  Reviews,3+ weeks ago,https://www.naukri.com/job-listings-senior-data-analyst-valeo-india-pvt-ltd-chennai-3-to-6-years-270424500984
Senior Data Analysts,Pratibha Analytics,3-8 Yrs,Not Disclosed,Hyderabad,N/A,N/A,3+ weeks ago,https://www.naukri.com/job-listings-senior-data-analysts-pratibha-analytics-hyderabad-3-to-8-years-161017502335
Senior Audit Data Analyst,Hubbell,2-5 Yrs,Not Disclosed,Kochi,4.2,98  Reviews,5 days ago,https://www.naukri.com/job-listings-senior-audit-data-analyst-hubbell-incorporated-kochi-2-to-5-years-110626504448
Senior Financial Data Analyst,Simcorp,4-6 Yrs,Not Disclosed,Noida,3.9,74  Reviews,1 week ago,https://www.naukri.com/job-listings-senior-financial-data-analyst-simcorp-noida-4-to-6-years-090626502784
ACN -Industry-Health-Platforms EPIC Data - Delivery Senior Analyst,Accenture,3-6 Yrs,Not Disclosed,Bengaluru,3.7,74540  Reviews,1 day ago,https://www.naukri.com/job-listings-acn-industry-health-platforms-epic-data-delivery-senior-analyst-accenture-solutions-pvt-ltd-bengaluru-3-to-6-years-150626935768
"Data Engineering, Management & Governance Sr. Analyst",Accenture,5-8 Yrs,Not Disclosed,Bengaluru,3.7,74540  Reviews,1 day ago,https://www.naukri.com/job-listings-data-engineering-management-governance-sr-analyst-accenture-solutions-pvt-ltd-bengaluru-5-to-8-years-150626937002
Clinical Data Svs Sr Analyst,Accenture,5-8 Yrs,Not Disclosed,Bengaluru,3.7,74540  Reviews,1 day ago,https://www.naukri.com/job-listings-clinical-data-svs-sr-analyst-accenture-solutions-pvt-ltd-bengaluru-5-to-8-years-150626936702
Clinical Data Svs Sr Analyst,Accenture,5-8 Yrs,Not Disclosed,Bengaluru,3.7,74540  Reviews,1 day ago,https://www.naukri.com/job-listings-clinical-data-svs-sr-analyst-accenture-solutions-pvt-ltd-bengaluru-5-to-8-years-150626935970
Clinical Data Svs Sr Analyst,Accenture,5-8 Yrs,Not Disclosed,Bengaluru,3.7,74540  Reviews,1 day ago,https://www.naukri.com/job-listings-clinical-data-svs-sr-analyst-accenture-solutions-pvt-ltd-bengaluru-5-to-8-years-150626935599
Clinical Data Svs Sr Analyst,Accenture,5-10 Yrs,Not Disclosed,Bengaluru,3.7,74540  Reviews,1 day ago,https://www.naukri.com/job-listings-clinical-data-svs-sr-analyst-accenture-solutions-pvt-ltd-bengaluru-5-to-10-years-150626932123
Clinical Data Svs Sr Analyst,Accenture,5-8 Yrs,Not Disclosed,Bengaluru,3.7,74540  Reviews,1 day ago,https://www.naukri.com/job-listings-clinical-data-svs-sr-analyst-accenture-solutions-pvt-ltd-bengaluru-5-to-8-years-150626931910
Senior Analyst –Master Data Management,Trafigura,0-5 Yrs,Not Disclosed,Mumbai,3.2,163  Reviews,1 week ago,https://www.naukri.com/job-listings-senior-analyst-master-data-management-trafigura-mumbai-0-to-5-years-030626028968
data analyst (Banking domain) - US MNC (Analytics),US MNC (analytics),3-8 Yrs,15-30 Lacs PA ,"Hybrid - Pune, Gurugram, Bengaluru",N/A,N/A,1 day ago,https://www.naukri.com/job-listings-data-analyst-banking-domain-us-mnc-analytics-aspyra-hr-services-pune-gurugram-bengaluru-3-to-8-years-150626002077
data analyst / Data analytics - US MNC (Analytics),US MNC (analytics),3-6 Yrs,15-25 Lacs PA ,"Hybrid - Gurugram, Bengaluru",N/A,N/A,1 day ago,https://www.naukri.com/job-listings-data-analyst-data-analytics-us-mnc-analytics-aspyra-hr-services-gurugram-bengaluru-3-to-6-years-150626002072
Data Analyst For Internal Audit (Thane)- on Third Party payroll,UPL Limited,1-5 Yrs,3-5 Lacs PA ,Thane,4.1,3241  Reviews,1 week ago,https://www.naukri.com/job-listings-data-analyst-for-internal-audit-thane-on-third-party-payroll-upl-limited-thane-1-to-5-years-260326029541
Advanced Data Analyst -MDM Developer,Sparta Systems,10-15 Yrs,Not Disclosed,Bengaluru,4.1,13  Reviews,1 day ago,https://www.naukri.com/job-listings-advanced-data-analyst-mdm-developer-spartasystems-bengaluru-10-to-15-years-150626500541
Data Analyst (Advance SQL),US MNC (analytics),3-8 Yrs,15-30 Lacs PA ,Hybrid - Bengaluru,N/A,N/A,1 day ago,https://www.naukri.com/job-listings-data-analyst-advance-sql-aspyra-hr-services-bengaluru-3-to-8-years-150626039688
Lead data analyst / data analytics-- US MNC (Analytics),US MNC (analytics),5-10 Yrs,25-40 Lacs PA ,"Hybrid - Hyderabad, Chennai, Bengaluru",N/A,N/A,1 day ago,https://www.naukri.com/job-listings-lead-data-analyst-data-analytics-us-mnc-analytics-aspyra-hr-services-hyderabad-chennai-bengaluru-5-to-10-years-150626002083
Data Analyst Power BI,Persistent,6-11 Yrs,Not Disclosed,Pune,3.6,5122  Reviews,1 week ago,https://www.naukri.com/job-listings-data-analyst-power-bi-persistent-pune-6-to-11-years-090626030942
Data Analyst Healthcare,Persistent,6-11 Yrs,Not Disclosed,Pune,3.6,5122  Reviews,1 week ago,https://www.naukri.com/job-listings-data-analyst-healthcare-persistent-pune-6-to-11-years-090626029762
AM- Internal Auditors (Process + Data Analyst),Paytm,2-6 Yrs,Not Disclosed,Noida,3.2,9456  Reviews,1 week ago,https://www.naukri.com/job-listings-am-internal-auditors-process-data-analyst-one97-communications-limited-noida-2-to-6-years-080626933338
Sap Master Data Analyst,Ecolab Global Services,6-8 Yrs,10-15 Lacs PA ,Hybrid - Bengaluru,3.4,234  Reviews,1 week ago,https://www.naukri.com/job-listings-sap-master-data-analyst-ecolab-global-services-bengaluru-6-to-8-years-080626035428
CRM Data Analyst and Administrator- Marketing,Smith And Howard Global Services,3-7 Yrs,Not Disclosed,Bengaluru,N/A,N/A,1 week ago,https://www.naukri.com/job-listings-crm-data-analyst-and-administrator-marketing-smith-and-howard-global-services-bengaluru-3-to-7-years-080626013231
Associate - Transformation and Data Analysis,JPMorgan Chase Bank,5-10 Yrs,Not Disclosed,Mumbai,3.8,7940  Reviews,2 weeks ago,https://www.naukri.com/job-listings-associate-transformation-and-data-analysis-jp-morgan-and-chase-mumbai-5-to-10-years-020626501564
Senior Business Analyst and Data Scientist,Ruby Consulting,7-10 Yrs,Not Disclosed,Mumbai,N/A,N/A,3+ weeks ago,https://www.naukri.com/job-listings-senior-business-analyst-and-data-scientist-ruby-consulting-mumbai-7-to-10-years-280426500256
Senior Executive / Executive Data Analyst,A client of L K Saddi Associates,3-5 Yrs,6-8 Lacs PA ,Mumbai(Andheri),N/A,N/A,1 week ago,https://www.naukri.com/job-listings-senior-executive-executive-data-analyst-l-k-saddi-associates-mumbai-3-to-5-years-190226025004
Senior Business Analyst  Advanced Analytics & Data Science,Texlon,8-12 Yrs,Not Disclosed,"Hybrid - Noida, Bengaluru",2.1,14  Reviews,2 weeks ago,https://www.naukri.com/job-listings-senior-business-analyst-advanced-analytics-data-science-texlon-noida-bengaluru-8-to-12-years-290526017232
"Sr Business Analyst, Cyber and Data Resilience",Kroll,5-10 Yrs,Not Disclosed,Bengaluru,3.5,241  Reviews,3 weeks ago,https://www.naukri.com/job-listings-sr-business-analyst-cyber-and-data-resilience-kroll-associates-india-pvt-ltd-bengaluru-5-to-10-years-220526500483
Senior Business Analyst - Data & Reporting,Visa Consolidated Support Services India,3-5 Yrs,Not Disclosed,Bengaluru,3.5,22  Reviews,3+ weeks ago,https://www.naukri.com/job-listings-senior-business-analyst-data-reporting-visa-consolidated-support-services-india-pvt-ltd-bengaluru-3-to-5-years-190526926023
Senior Business Analyst - Data Engineering,Innover Digital,5-10 Yrs,Not Disclosed,Bengaluru,4.3,298  Reviews,3+ weeks ago,https://www.naukri.com/job-listings-senior-business-analyst-data-engineering-innover-digital-bengaluru-5-to-10-years-300425501351
"Data Business Analyst - Business Analyst (Finance,Risk)",Photon,5-10 Yrs,Not Disclosed,"Kolkata, Mumbai, New Delhi, Hyderabad, Pune, Chennai, Bengaluru",4.0,2659  Reviews,3+ weeks ago,https://www.naukri.com/job-listings-data-business-analyst-business-analyst-finance-risk-photon-infotech-p-ltd-kolkata-mumbai-new-delhi-hyderabad-pune-chennai-bengaluru-5-to-10-years-310525501997
AM/DM - Data Analyst / Data Scientist / Digital Project Lead,Maruti Suzuki,3-9 Yrs,Not Disclosed,Gurugram,4.1,9634  Reviews,3+ weeks ago,https://www.naukri.com/job-listings-am-dm-data-analyst-data-scientist-digital-project-lead-maruti-suzuki-india-limited-gurugram-3-to-9-years-060825503215
Senior Data Analyst-Commercial,Careerist Management Consultant,5-10 Yrs,Not Disclosed,Navi Mumbai,N/A,N/A,2 weeks ago,https://www.naukri.com/job-listings-senior-data-analyst-commercial-careerist-management-consultants-navi-mumbai-5-to-10-years-140426023164
Senior Data Analyst,Lloyds Offshore Global Services,6-12 Yrs,Not Disclosed,Hyderabad,N/A,N/A,1 week ago,https://www.naukri.com/job-listings-senior-data-analyst-lloyds-offshore-global-services-private-limited-hyderabad-6-to-12-years-080626502627
Senior Data Analyst,Groundtruth,7-10 Yrs,Not Disclosed,Remote,3.3,70  Reviews,1 week ago,https://www.naukri.com/job-listings-senior-data-analyst-groundtruth-gurugram-7-to-10-years-080626035145
Senior Data Analyst,Premium,2-6 Yrs,2-7 Lacs PA ,Mumbai,N/A,N/A,1 week ago,https://www.naukri.com/job-listings-senior-data-analyst-mumbai-2-to-6-years-040626030268
Senior Data Analyst,Sia Partners,5-8 Yrs,Not Disclosed,Mumbai,4.5,5  Reviews,1 week ago,https://www.naukri.com/job-listings-senior-data-analyst-sia-partners-mumbai-5-to-8-years-030626502617
Senior Data Analyst,Treis Solutions,5-6 Yrs,Not Disclosed,Gurugram,N/A,N/A,2 weeks ago,https://www.naukri.com/job-listings-senior-data-analyst-treis-solutions-gurugram-5-to-6-years-010626007741
Senior Financial Data Analyst,Simcorp,4-6 Yrs,Not Disclosed,Noida,3.9,74  Reviews,1 week ago,https://www.naukri.com/job-listings-senior-financial-data-analyst-simcorp-noida-4-to-6-years-080626500819
Clinical Data Svs Sr Analyst,Accenture,5-8 Yrs,Not Disclosed,Bengaluru,3.7,74540  Reviews,4 days ago,https://www.naukri.com/job-listings-clinical-data-svs-sr-analyst-accenture-solutions-pvt-ltd-bengaluru-5-to-8-years-120626906152
Analyst,eClerx,0-2 Yrs,Not Disclosed,Navi Mumbai,3.1,6420  Reviews,3 weeks ago,https://www.naukri.com/job-listings-analyst-eclerx-navi-mumbai-0-to-2-years-170426016576
Analyst,eClerx,0-2 Yrs,Not Disclosed,Navi Mumbai,3.1,6420  Reviews,3+ weeks ago,https://www.naukri.com/job-listings-analyst-eclerx-services-ltd-navi-mumbai-0-to-2-years-160426035911
Healthcare Data Analyst,Wissen Infotech,3-5 Yrs,9-13 Lacs PA ,"Hybrid - Pune, Gurugram, Bengaluru",3.5,686  Reviews,1 week ago,https://www.naukri.com/job-listings-healthcare-data-analyst-wissen-infotech-pune-gurugram-bengaluru-3-to-5-years-090626033622
Data Analyst / Reporting Analyst (Gurgaon),Delhivery,1-6 Yrs,4-7 Lacs PA ,Gurugram,3.8,7937  Reviews,2 weeks ago,https://www.naukri.com/job-listings-data-analyst-reporting-analyst-gurgaon-delhivery-gurugram-1-to-6-years-290526007914
Data Analyst- SAS Developer,Aaptatt,4-6 Yrs,10-15 Lacs PA ,"Hybrid - Pune, Chennai, Bengaluru",4.5,9  Reviews,1 day ago,https://www.naukri.com/job-listings-data-analyst-sas-developer-aaptatt-pune-chennai-bengaluru-4-to-6-years-130526022290
Data Analyst Manager,Amway,5-7 Yrs,Not Disclosed,Gurugram,4.1,572  Reviews,2 weeks ago,https://www.naukri.com/job-listings-data-analyst-manager-amway-gurugram-5-to-7-years-290526020243
Associate Manager Data Analyst,Optum,7-12 Yrs,Not Disclosed,Hybrid - Gurugram,4.0,8091  Reviews,3 weeks ago,https://www.naukri.com/job-listings-associate-manager-data-analyst-optum-gurugram-7-to-12-years-260526036055
HR Data Analyst,DMart,2-5 Yrs,Not Disclosed,Mumbai,3.9,6254  Reviews,3 weeks ago,https://www.naukri.com/job-listings-hr-data-analyst-dmart-mumbai-2-to-5-years-260526025176
"Specialist For Digitalization,Service Charging,Data Analysis with SQL",Chemical & Mineral Industries,3-5 Yrs,Not Disclosed,Hyderabad,N/A,N/A,3 weeks ago,https://www.naukri.com/job-listings-specialist-for-digitalization-service-charging-data-analysis-with-sql-careernet-hyderabad-3-to-5-years-200526044874
National Pricing Data Analysts,Smith Nephew,5-10 Yrs,10-16 Lacs PA ,Pune,4.1,253  Reviews,Today,https://www.naukri.com/job-listings-national-pricing-data-analysts-smith-nephew-pune-5-to-10-years-160626024215
Associate Data Analyst,Dow Chemical International Private Limited,2-7 Yrs,Not Disclosed,Mumbai,3.5,476  Reviews,3+ weeks ago,https://www.naukri.com/job-listings-associate-data-analyst-dow-chemical-international-pvt-ltd-mumbai-2-to-7-years-160126502777
"Supply Chain Master Data Analyst, SAP MDM, Material Master B'lore 3+yr",White Horse Manpower Consultancy,3-8 Yrs,4-5.5 Lacs PA ,Bengaluru,N/A,N/A,1 day ago,https://www.naukri.com/job-listings-supply-chain-master-data-analyst-sap-mdm-material-master-b-lore-3-yr-white-horse-manpower-consultancy-bengaluru-3-to-8-years-150626009731
SMI Data Analyst 1,RSM US in India,4-8 Yrs,Not Disclosed,Bengaluru,3.4,382  Reviews,4 days ago,https://www.naukri.com/job-listings-smi-data-analyst-1-rsm-delivery-center-india-private-limited-bengaluru-4-to-8-years-120626916081
Data Analyst ( 1 Year Contract),Quicken Software Development,5-10 Yrs,Not Disclosed,Hybrid - Bengaluru(Bellandur),3.6,6  Reviews,4 days ago,https://www.naukri.com/job-listings-data-analyst-1-year-contract-quicken-software-development-bengaluru-5-to-10-years-120626006596
Manager Software Engineering-Data Engineering/Data Analysis,Caterpillar Inc,6-10 Yrs,Not Disclosed,Bengaluru,4.1,1708  Reviews,3+ weeks ago,https://www.naukri.com/job-listings-manager-software-engineering-data-engineering-data-analysis-caterpillar-brazil-bengaluru-6-to-10-years-311025508608
Data Analyst II - Survey Programming,Nielsen Sports,3-8 Yrs,Not Disclosed,Mumbai,3.8,224  Reviews,3+ weeks ago,https://www.naukri.com/job-listings-data-analyst-ii-survey-programming-nielsen-sports-mumbai-3-to-8-years-300326500136
Team Lead Data Analyst,Startek,2-6 Yrs,Not Disclosed,Hosur,3.0,9648  Reviews,3+ weeks ago,https://www.naukri.com/job-listings-team-lead-data-analyst-startek-hosur-2-to-6-years-290126508772
Data Analysis Professional,Ace Digital Infotech,3-8 Yrs,Not Disclosed,Mumbai,2.9,36  Reviews,3+ weeks ago,https://www.naukri.com/job-listings-data-analysis-professional-acedigital-infotech-mumbai-3-to-8-years-140525501800
"Data Analyst (Reports, ROI, Insights)",Skillkrafter Academy,1-4 Yrs,Not Disclosed,Noida,3.0,2  Reviews,3+ weeks ago,https://www.naukri.com/job-listings-data-analyst-reports-roi-insights-skillkrafter-academy-noida-1-to-4-years-130226506094
BI Data Analyst - Tableau developer,Saviynt,2-7 Yrs,Not Disclosed,Bengaluru,2.5,106  Reviews,3+ weeks ago,https://www.naukri.com/job-listings-bi-data-analyst-tableau-developer-saviynt-bengaluru-2-to-7-years-080825500321
Lead Data Analyst,Ipsos,3-6 Yrs,Not Disclosed,Bengaluru,3.1,413  Reviews,3+ weeks ago,https://www.naukri.com/job-listings-lead-data-analyst-ipsos-research-private-ltd-bengaluru-3-to-6-years-010224500516
Data Operations Analyst Intern,Instawork,N/A,Unpaid ,Bengaluru,2.9,21  Reviews,Starts in 1-3 months,https://www.naukri.com/job-listings-data-operations-analyst-intern-instawork-bengaluru-0-to-2-years-150626502726
Analyst/Consultant - Data Engineer - Azure (INDM),Blue Altair,3-4 Yrs,Not Disclosed,Pune,3.8,21  Reviews,3+ weeks ago,https://www.naukri.com/job-listings-analyst-consultant-data-engineer-azure-indm-blue-altair-pune-3-to-4-years-130825501055
Junior Data Analyst,ISS Corporate Solutions,1-3 Yrs,Not Disclosed,Mumbai,N/A,N/A,3+ weeks ago,https://www.naukri.com/job-listings-junior-data-analyst-iss-corporate-solutions-mumbai-1-to-3-years-300426503631
Junior Data Analyst - Financial Services v2.0,Orange Pet Nutrition,3-5 Yrs,Not Disclosed,Pune,4.2,38  Reviews,2 weeks ago,https://www.naukri.com/job-listings-junior-data-analyst-financial-services-v2-0-orange-pet-nutrition-pune-3-to-5-years-280526501416
"Executive- Data Analyst, Platforms",Macquarie,3-6 Yrs,Not Disclosed,Gurugram,3.1,526  Reviews,1 day ago,https://www.naukri.com/job-listings-executive-data-analyst-platforms-macquarie-global-services-pvt-ltd-gurugram-3-to-6-years-150626503749
Data Analyst & Executive Assistant  | Remote | Diversity,Construction Equipment Refurbishment,1-4 Yrs,Not Disclosed,Remote,N/A,N/A,2 days ago,https://www.naukri.com/job-listings-data-analyst-executive-assistant-remote-diversity-wikilabs-india-raipur-1-to-4-years-140626002443
MIS Executive / Data Analyst,RCI Logistics,3-5 Yrs,4-6 Lacs PA ,Hyderabad,2.4,43  Reviews,1 week ago,https://www.naukri.com/job-listings-mis-executive-data-analyst-rci-logistics-pvt-ltd-hyderabad-3-to-5-years-030626023955
Sr Data Analyst,HMH Technology Private Limited,3-4 Yrs,Not Disclosed,Pune,4.6,28  Reviews,2 weeks ago,https://www.naukri.com/job-listings-sr-data-analyst-houghton-mifflin-harcourt-technology-private-limit-ed-pune-3-to-4-years-290526904198
Senior Data Analyst,Dentsu Webchutney,3-6 Yrs,Not Disclosed,Madhuban,2.9,32  Reviews,2 weeks ago,https://www.naukri.com/job-listings-senior-data-analyst-dentsu-inc-madhuban-3-to-6-years-280526505792
Senior Data Analyst,Hireflex Global,8-13 Yrs,Not Disclosed,Hybrid - Hyderabad,N/A,N/A,2 weeks ago,https://www.naukri.com/job-listings-senior-data-analyst-hireflex-global-hyderabad-8-to-13-years-280526021862
Sr Data Analyst,MOL Information Technology India Pvt Ltd,5-7 Yrs,Not Disclosed,Kolkata,3.4,210  Reviews,2 weeks ago,https://www.naukri.com/job-listings-sr-data-analyst-mol-information-technology-india-pvt-ltd-kolkata-5-to-7-years-270526505626
Senior Data Analyst,Digit88,6-8 Yrs,15-25 Lacs PA ,Pune,3.7,27  Reviews,2 weeks ago,https://www.naukri.com/job-listings-senior-data-analyst-digit88-pune-6-to-8-years-270526023432
Senior Data Analyst,Route Mobile (RML),1-5 Yrs,Not Disclosed,Mumbai,3.4,124  Reviews,3 weeks ago,https://www.naukri.com/job-listings-senior-data-analyst-routesms-solutions-ltd-mumbai-1-to-5-years-250526503355
Sr. Data Analyst,CSB Bank,8-13 Yrs,Not Disclosed,Mumbai,3.2,1929  Reviews,3+ weeks ago,https://www.naukri.com/job-listings-sr-data-analyst-csb-bank-mumbai-8-to-13-years-220426502816
Senior Data Analyst,TechAffinity,6-10 Yrs,Not Disclosed,Hybrid - Chennai,4.3,51  Reviews,3+ weeks ago,https://www.naukri.com/job-listings-senior-data-analyst-techaffinity-chennai-6-to-10-years-210525032590
Senior Data Analyst,Innoppl,5-8 Yrs,Not Disclosed,Chennai,4.2,14  Reviews,3+ weeks ago,https://www.naukri.com/job-listings-senior-data-analyst-innoppl-inc-chennai-5-to-8-years-210426502712
Senior Data Analyst (Power BI),Netstratum,5-10 Yrs,Not Disclosed,Kochi,4.4,13  Reviews,3+ weeks ago,https://www.naukri.com/job-listings-senior-data-analyst-power-bi-netstratum-kochi-5-to-10-years-210426500750
Senior Data Analyst,Claight Corporation Expert Market Research,2-3 Yrs,Not Disclosed,Noida,4.1,15  Reviews,3+ weeks ago,https://www.naukri.com/job-listings-senior-data-analyst-claight-corporation-expert-market-research-noida-2-to-3-years-190225502484
Senior Data Analyst,Robosoft Technologies,5-10 Yrs,Not Disclosed,Mumbai,3.4,328  Reviews,3+ weeks ago,https://www.naukri.com/job-listings-senior-data-analyst-robosoft-technologies-pvt-ltd-mumbai-5-to-10-years-180526502442
Senior Data Analyst Graph & Data Quality,anblicks,5-8 Yrs,Not Disclosed,Hyderabad,4.1,90  Reviews,3+ weeks ago,https://www.naukri.com/job-listings-senior-data-analyst-graph-data-quality-anblicks-hyderabad-5-to-8-years-180226501233
Senior Data Analyst I,LexisNexis Risk Solutions,6-11 Yrs,Not Disclosed,Mumbai,N/A,N/A,3+ weeks ago,https://www.naukri.com/job-listings-senior-data-analyst-i-lexisnexis-risk-solutions-mumbai-6-to-11-years-120226503270
Senior Data Analyst II,LexisNexis Risk Solutions,8-13 Yrs,Not Disclosed,Mumbai,N/A,N/A,3+ weeks ago,https://www.naukri.com/job-listings-senior-data-analyst-ii-lexisnexis-risk-solutions-mumbai-8-to-13-years-120226503219
Sr . Data Analyst,Assetmonk,2-5 Yrs,Not Disclosed,Chennai,4.4,8  Reviews,3+ weeks ago,https://www.naukri.com/job-listings-sr-data-analyst-assetmonk-chennai-2-to-5-years-100226503308
Sr Data Analyst (Senior Data Engineer),Franklin templeton asset management (india)pvt,4-7 Yrs,Not Disclosed,Hyderabad,3.8,800  Reviews,3+ weeks ago,https://www.naukri.com/job-listings-sr-data-analyst-senior-data-engineer-franklin-templeton-asset-management-india-pvt-hyderabad-4-to-7-years-060526503234
Senior Data Analyst,Global Survey,1-5 Yrs,Not Disclosed,Noida,3.8,10  Reviews,3+ weeks ago,https://www.naukri.com/job-listings-senior-data-analyst-global-survey-solutions-noida-1-to-5-years-051224504774
Senior Data Analyst,Seth Anandram Jaipuria School Ghaziabad,3-6 Yrs,Not Disclosed,Ghaziabad,4.4,124  Reviews,3+ weeks ago,https://www.naukri.com/job-listings-senior-data-analyst-seth-anandram-jaipuria-school-ghaziabad-ghaziabad-3-to-6-years-031024500177
Sr. Data Analyst,Dentsu Webchutney,2-7 Yrs,Not Disclosed,"Pune, Madhubani",2.9,32  Reviews,3+ weeks ago,https://www.naukri.com/job-listings-sr-data-analyst-dentsu-inc-pune-madhubani-2-to-7-years-020326504923
Senior Data Analyst,VWR International,3-8 Yrs,Not Disclosed,Coimbatore,3.6,165  Reviews,3+ weeks ago,https://www.naukri.com/job-listings-senior-data-analyst-vwr-lab-product-pvt-ltd-coimbatore-3-to-8-years-020326501057
Senior Data Analyst,Cognitio Analytics,2-7 Yrs,10-15 Lacs PA ,Chennai,N/A,N/A,2 weeks ago,https://www.naukri.com/job-listings-senior-data-analyst-vipsa-talent-solutions-chennai-2-to-7-years-010626024210
Sr. Data Analyst,Cloud Counselage,4-7 Yrs,Not Disclosed,Mumbai,4.6,38  Reviews,3+ weeks ago,https://www.naukri.com/job-listings-sr-data-analyst-cloud-counselage-pvt-ltd-mumbai-4-to-7-years-301225508203
Senior Data Analyst,Zypp,1-3 Yrs,Not Disclosed,Gurugram,4.0,468  Reviews,3+ weeks ago,https://www.naukri.com/job-listings-senior-data-analyst-zypp-mobycy-gurugram-1-to-3-years-301024509817
Senior Data Analyst,Genesys,5-10 Yrs,Not Disclosed,Chennai,4.0,97  Reviews,3+ weeks ago,https://www.naukri.com/job-listings-senior-data-analyst-genesys-india-chennai-5-to-10-years-300126506789
Senior Data Analyst,Thomson Reuters,6-8 Yrs,Not Disclosed,Hyderabad,3.7,1922  Reviews,3+ weeks ago,https://www.naukri.com/job-listings-senior-data-analyst-sureprep-india-pvt-ltd-hyderabad-6-to-8-years-300126506689
Senior Data Analyst - CDLM,Circle K,5-10 Yrs,Not Disclosed,Gurugram,3.0,46  Reviews,2 weeks ago,https://www.naukri.com/job-listings-senior-data-analyst-cdlm-circle-k-stores-inc-gurugram-5-to-10-years-290526506969
Lead I - Sr Tariff Analyst /Data Analyst,UST,6-8 Yrs,Not Disclosed,Pune,3.7,5781  Reviews,2 weeks ago,https://www.naukri.com/job-listings-lead-i-sr-tariff-analyst-data-analyst-ust-pune-6-to-8-years-290526504178
Senior Data Analyst,Certifyos,5-7 Yrs,Not Disclosed,Ahmedabad,2.9,23  Reviews,3+ weeks ago,https://www.naukri.com/job-listings-senior-data-analyst-certifyos-ahmedabad-5-to-7-years-290126511078
Senior Data Analyst,Certifyos,5-7 Yrs,Not Disclosed,Hyderabad,2.9,23  Reviews,3+ weeks ago,https://www.naukri.com/job-listings-senior-data-analyst-certifyos-hyderabad-5-to-7-years-290126511077
Senior Data Analyst,Certifyos,5-7 Yrs,Not Disclosed,Mumbai,2.9,23  Reviews,3+ weeks ago,https://www.naukri.com/job-listings-senior-data-analyst-certifyos-mumbai-5-to-7-years-290126511076
Senior Data Analyst,Certifyos,5-7 Yrs,Not Disclosed,Chennai,2.9,23  Reviews,3+ weeks ago,https://www.naukri.com/job-listings-senior-data-analyst-certifyos-chennai-5-to-7-years-290126511075
Senior Data Analyst,Priority Technology Holdings,3-7 Yrs,Not Disclosed,Chandigarh,3.6,95  Reviews,3+ weeks ago,https://www.naukri.com/job-listings-senior-data-analyst-priority-technology-holdings-chandigarh-3-to-7-years-280126507289
Senior Data Analyst I,Elsevier,6-11 Yrs,Not Disclosed,Chennai,3.6,189  Reviews,3+ weeks ago,https://www.naukri.com/job-listings-senior-data-analyst-i-reed-elsevier-india-a-part-of-relx-india-pvt-ltd-chennai-6-to-11-years-280126507120
Senior Data Analyst II,Elsevier,8-13 Yrs,Not Disclosed,Chennai,3.6,189  Reviews,3+ weeks ago,https://www.naukri.com/job-listings-senior-data-analyst-ii-reed-elsevier-india-a-part-of-relx-india-pvt-ltd-chennai-8-to-13-years-280126507030
Senior Data Analyst,Databeat,1-6 Yrs,Not Disclosed,Hyderabad,3.3,26  Reviews,3+ weeks ago,https://www.naukri.com/job-listings-senior-data-analyst-databeat-hyderabad-1-to-6-years-261125500588
Senior Marketing Data Analyst,Sarvaha Systems,3-8 Yrs,Not Disclosed,Pune,4.5,34  Reviews,3 weeks ago,https://www.naukri.com/job-listings-senior-marketing-data-analyst-sarvaha-pune-3-to-8-years-250526927770
Senior Data Analyst - Gpay,Han Digital Solution,6-11 Yrs,Not Disclosed,"Vijayawada, Visakhapatnam, Guntur, Nellore",N/A,N/A,3+ weeks ago,https://www.naukri.com/job-listings-senior-data-analyst-gpay-han-digital-solution-vijayawada-visakhapatnam-guntur-nellore-6-to-11-years-241125507412
Sr . Data Analyst,Demandbase,5-8 Yrs,Not Disclosed,Pune,3.6,37  Reviews,3+ weeks ago,https://www.naukri.com/job-listings-sr-data-analyst-demandmatrix-pune-5-to-8-years-240321500360
"Sr. Data Analyst, Payments",Circle Internet Tech,8-13 Yrs,Not Disclosed,Mumbai,N/A,N/A,3+ weeks ago,https://www.naukri.com/job-listings-sr-data-analyst-payments-circle-internet-financial-mumbai-8-to-13-years-230326502635
Sr Data Analyst (Rohith POC),Han Digital Solution,6-8 Yrs,Not Disclosed,Hyderabad,N/A,N/A,3+ weeks ago,https://www.naukri.com/job-listings-sr-data-analyst-rohith-poc-han-digital-solution-hyderabad-6-to-8-years-221125500761
Sr. Data Analyst with Data Visualization,IDESLABS,5-8 Yrs,Not Disclosed,Hyderabad,3.8,23  Reviews,3+ weeks ago,https://www.naukri.com/job-listings-sr-data-analyst-with-data-visualization-ideslabs-private-limited-hyderabad-5-to-8-years-211125501059
Senior Data Analyst,Pearlsoft Technology,4-9 Yrs,Not Disclosed,Chennai,4.0,5  Reviews,3+ weeks ago,https://www.naukri.com/job-listings-senior-data-analyst-pearlsoft-technology-chennai-4-to-9-years-201123500503
"Senior Specialist, Data Analyst & BI",BNYMellonInternationalOperations(India) PrivateLim ited,6-11 Yrs,Not Disclosed,Pune,3.6,5361  Reviews,3 weeks ago,https://www.naukri.com/job-listings-senior-specialist-data-analyst-bi-bnymelloninternationaloperations-india-privatelim-ited-pune-6-to-11-years-200526504097
Sr. Data Analyst,MAN TRUCK BUS,4-6 Yrs,Not Disclosed,Pune,2.4,276  Reviews,3+ weeks ago,https://www.naukri.com/job-listings-sr-data-analyst-man-truck-bus-pune-4-to-6-years-200326504691
Senior Data Analyst,Logic Planet,6-8 Yrs,Not Disclosed,Mumbai,2.8,66  Reviews,3+ weeks ago,https://www.naukri.com/job-listings-senior-data-analyst-logicplanet-it-services-mumbai-6-to-8-years-200226505083
Senior Web Data Analyst,Growexx,5-10 Yrs,Not Disclosed,Ahmedabad,2.8,67  Reviews,3+ weeks ago,https://www.naukri.com/job-listings-senior-web-data-analyst-growexx-ahmedabad-5-to-10-years-190126501591
Senior Data Analyst,Certifyos,5-7 Yrs,Not Disclosed,Pune,2.9,23  Reviews,3+ weeks ago,https://www.naukri.com/job-listings-senior-data-analyst-certifyos-pune-5-to-7-years-190126500622
Senior FinOps Data Analyst,Anaplan,4-5 Yrs,Not Disclosed,Gurugram,3.1,9  Reviews,3+ weeks ago,https://www.naukri.com/job-listings-senior-finops-data-analyst-anaplan-inc-gurugram-4-to-5-years-190126500571
Sr. Data Analyst,GForce Consulting Solutions,3-7 Yrs,Not Disclosed,Gurugram,N/A,N/A,3+ weeks ago,https://www.naukri.com/job-listings-sr-data-analyst-gforce-consulting-solutions-gurugram-3-to-7-years-170523501150
Senior Data Analyst,Analytix Data Services,3-5 Yrs,Not Disclosed,Jaipur,N/A,N/A,3+ weeks ago,https://www.naukri.com/job-listings-senior-data-analyst-analytix-data-services-jaipur-3-to-5-years-170426503467
Senior Financial Data Analyst,Simcorp,5-10 Yrs,Not Disclosed,Noida,3.9,74  Reviews,3+ weeks ago,https://www.naukri.com/job-listings-senior-financial-data-analyst-simcorp-noida-5-to-10-years-170326504762
Senior Data Analyst,Qubiqon,3-7 Yrs,Not Disclosed,Kochi,4.2,16  Reviews,3+ weeks ago,https://www.naukri.com/job-listings-senior-data-analyst-qubiqon-kochi-3-to-7-years-170326501559
Senior Data Analyst,Neev Advisory Research & Consultancy Services,3-8 Yrs,Not Disclosed,Gurugram,N/A,N/A,3+ weeks ago,https://www.naukri.com/job-listings-senior-data-analyst-neev-advisory-research-consultancy-services-gurugram-3-to-8-years-150125503382
Senior Data Analyst (User Behavior Analysis - Android Apps),Appsmartz,2-5 Yrs,Not Disclosed,Ahmedabad,4.2,37  Reviews,3+ weeks ago,https://www.naukri.com/job-listings-senior-data-analyst-user-behavior-analysis-android-apps-appsmartz-ahmedabad-2-to-5-years-131025502079
Sr. Data Analyst,Bharat Wire Ropes,4-7 Yrs,Not Disclosed,Mumbai,3.6,310  Reviews,3+ weeks ago,https://www.naukri.com/job-listings-sr-data-analyst-bharat-wire-ropes-mumbai-4-to-7-years-130226505060
Sr . Data Analyst / Data Manager,Kritikal Securescan,3-8 Yrs,Not Disclosed,Noida,3.0,2  Reviews,3+ weeks ago,https://www.naukri.com/job-listings-sr-data-analyst-data-manager-kritikal-securescan-pvt-ltd-noida-3-to-8-years-120825503471
Senior Data Analyst/ Data Analyst,Dynata,5-10 Yrs,Not Disclosed,Hyderabad,4.0,113  Reviews,3+ weeks ago,https://www.naukri.com/job-listings-senior-data-analyst-data-analyst-dynata-hyderabad-5-to-10-years-120326502505
Senior Data Analyst,Beinex,3-5 Yrs,Not Disclosed,Kochi,2.2,59  Reviews,3+ weeks ago,https://www.naukri.com/job-listings-senior-data-analyst-beinex-consulting-kochi-3-to-5-years-120324502406
Sr. Data Analyst,Dentsu Webchutney,2-7 Yrs,Not Disclosed,Mandapeta,2.9,32  Reviews,3+ weeks ago,https://www.naukri.com/job-listings-sr-data-analyst-dentsu-inc-mandapeta-2-to-7-years-110326506829
"Sr. Data Analyst, Enterprise Analytics & BI",Pulsepoint,4-6 Yrs,Not Disclosed,Mumbai,5.0,2  Reviews,3+ weeks ago,https://www.naukri.com/job-listings-sr-data-analyst-enterprise-analytics-bi-pulsepoint-mumbai-4-to-6-years-100426502893
Sr Data Analyst HR Reporting,MAN TRUCK BUS,3-5 Yrs,Not Disclosed,Pune,2.4,276  Reviews,3+ weeks ago,https://www.naukri.com/job-listings-sr-data-analyst-hr-reporting-man-truck-bus-pune-3-to-5-years-100326500635
Senior Data Analyst,Insightse,1-2 Yrs,Not Disclosed,Kochi,4.6,2  Reviews,3+ weeks ago,https://www.naukri.com/job-listings-senior-data-analyst-insightse-kochi-1-to-2-years-091220500003
Senior Data Analyst - SQL,Decisiontree Analytics & Services,3-8 Yrs,Not Disclosed,Gurugram,4.2,22  Reviews,3+ weeks ago,https://www.naukri.com/job-listings-senior-data-analyst-sql-decisiontree-analytics-and-services-private-limited-gurugram-3-to-8-years-080925501107
Sr.Data Analyst,Devlats,6-11 Yrs,Not Disclosed,Pune,4.4,2  Reviews,3+ weeks ago,https://www.naukri.com/job-listings-sr-data-analyst-devlats-pune-6-to-11-years-070526502955
Sr . BI & Data Analyst,Praxis Consultants,5-10 Yrs,Not Disclosed,Hyderabad,3.7,9  Reviews,3+ weeks ago,https://www.naukri.com/job-listings-sr-bi-data-analyst-praxis-consutants-hyderabad-5-to-10-years-070526501568
Senior Data Analyst,Robosoft Technologies,5-10 Yrs,Not Disclosed,Kozhikode,3.4,328  Reviews,3+ weeks ago,https://www.naukri.com/job-listings-senior-data-analyst-robosoft-technologies-pvt-ltd-kozhikode-5-to-10-years-070526501531
Udemy - Sr Data Analyst - Tableau & Databricks,Jade Global,1-3 Yrs,Not Disclosed,Pune,3.4,388  Reviews,3+ weeks ago,https://www.naukri.com/job-listings-udemy-sr-data-analyst-tableau-databricks-jade-global-software-pvt-ltd-pune-1-to-3-years-050925504135
Senior Data Analyst,Innovant,5-10 Yrs,Not Disclosed,Pune,N/A,N/A,3+ weeks ago,https://www.naukri.com/job-listings-senior-data-analyst-innovant-ai-pune-5-to-10-years-041125500244
Senior Data Analyst/ Data Analyst,Dynata,5-10 Yrs,Not Disclosed,Noida,4.0,113  Reviews,3+ weeks ago,https://www.naukri.com/job-listings-senior-data-analyst-data-analyst-dynata-noida-5-to-10-years-020326505100
Sr. Data Analyst\/Data Manager,Vehant Technologies,3-8 Yrs,Not Disclosed,Noida,3.9,156  Reviews,3+ weeks ago,https://www.naukri.com/job-listings-sr-data-analyst-data-manager-vehant-technologies-private-limited-noida-3-to-8-years-010825502334
Senior Web Data Analyst,Growexx,5-10 Yrs,Not Disclosed,Ahmedabad,2.8,67  Reviews,3+ weeks ago,https://www.naukri.com/job-listings-senior-web-data-analyst-growexx-ahmedabad-5-to-10-years-300925500353
Senior Associate Data Analyst,Epsilon Data Management,2-5 Yrs,Not Disclosed,Pune,3.6,890  Reviews,3+ weeks ago,https://www.naukri.com/job-listings-senior-associate-data-analyst-epsilon-asia-group-of-companies-pune-2-to-5-years-240225502638
Sr. Financial Master Data Analyst,Warner Bros. Discovery,5-10 Yrs,Not Disclosed,Hyderabad,3.7,171  Reviews,3+ weeks ago,https://www.naukri.com/job-listings-sr-financial-master-data-analyst-warner-bros-discovery-hyderabad-5-to-10-years-200126508877
Lead Data Analyst/Senior Data Annotator,Garudauav,4-9 Yrs,Not Disclosed,Noida,3.7,18  Reviews,3+ weeks ago,https://www.naukri.com/job-listings-lead-data-analyst-senior-data-annotator-garudauav-soft-solutions-pvt-ltd-noida-4-to-9-years-170625502222
Sr. QC Data Analyst - Data Quality & Methods,Numerator,3-10 Yrs,Not Disclosed,Vadodara,3.9,267  Reviews,3+ weeks ago,https://www.naukri.com/job-listings-sr-qc-data-analyst-data-quality-methods-numerator-vadodara-3-to-10-years-080825502807
"Data Eng, Mgmt & Governance Sr Analyst",Accenture,5-8 Yrs,Not Disclosed,Bengaluru,3.7,74540  Reviews,1 week ago,https://www.naukri.com/job-listings-data-eng-mgmt-governance-sr-analyst-accenture-solutions-pvt-ltd-bengaluru-5-to-8-years-080626933125
"Data Eng, Mgmt & Governance Sr Analyst",Accenture,4-9 Yrs,Not Disclosed,Bengaluru,3.7,74540  Reviews,1 week ago,https://www.naukri.com/job-listings-data-eng-mgmt-governance-sr-analyst-accenture-solutions-pvt-ltd-bengaluru-4-to-9-years-080626930788
"Data Eng, Mgmt & Governance Sr Analyst",Accenture,5-8 Yrs,Not Disclosed,Bengaluru,3.7,74540  Reviews,1 week ago,https://www.naukri.com/job-listings-data-eng-mgmt-governance-sr-analyst-accenture-solutions-pvt-ltd-bengaluru-5-to-8-years-080626930577
"Data Eng, Mgmt & Governance Sr Analyst",Accenture,5-8 Yrs,Not Disclosed,Bengaluru,3.7,74540  Reviews,1 week ago,https://www.naukri.com/job-listings-data-eng-mgmt-governance-sr-analyst-accenture-solutions-pvt-ltd-bengaluru-5-to-8-years-080626923488
Senior Researcher Data Analysis and Quality Assurance,Neerman,2-5 Yrs,Not Disclosed,Mumbai,3.7,7  Reviews,3+ weeks ago,https://www.naukri.com/job-listings-senior-researcher-data-analysis-and-quality-assurance-neerman-mumbai-2-to-5-years-070725502430
"Data Eng, Mgmt & Governance Sr Analyst",Accenture,5-8 Yrs,Not Disclosed,Bengaluru,3.7,74540  Reviews,1 week ago,https://www.naukri.com/job-listings-data-eng-mgmt-governance-sr-analyst-accenture-solutions-pvt-ltd-bengaluru-5-to-8-years-040626931041
"Data Eng, Mgmt & Governance Sr Analyst",Accenture,5-8 Yrs,Not Disclosed,Bengaluru,3.7,74540  Reviews,1 week ago,https://www.naukri.com/job-listings-data-eng-mgmt-governance-sr-analyst-accenture-solutions-pvt-ltd-bengaluru-5-to-8-years-040626930669
Sr. Associate - GIS and Data Analysis,Bharatcares,2-3 Yrs,Not Disclosed,Ahmedabad,3.8,6  Reviews,3+ weeks ago,https://www.naukri.com/job-listings-sr-associate-gis-and-data-analysis-bharatcares-ahmedabad-2-to-3-years-030624503348
Clinical Data Svs Sr Analyst,Accenture,5-8 Yrs,Not Disclosed,Bengaluru,3.7,74540  Reviews,1 week ago,https://www.naukri.com/job-listings-clinical-data-svs-sr-analyst-accenture-solutions-pvt-ltd-bengaluru-5-to-8-years-080626931009
Data Analyst,Hire Techly Solutions,0-2 Yrs,3.75-6.5 Lacs PA ,"Hybrid - Hyderabad, Pune, Bengaluru",N/A,N/A,1 week ago,https://www.naukri.com/job-listings-data-analyst-hire-techly-solutions-hyderabad-pune-bengaluru-0-to-2-years-060626007090
Data Analyst | Remote Opportunity,Golden Management Services,0-2 Yrs,3.5-6.5 Lacs PA ,Remote,N/A,N/A,1 week ago,https://www.naukri.com/job-listings-data-analyst-remote-opportunity-najuk-salar-shahabadi-pune-0-to-2-years-090626018538
Data Analyst ( Chinese Language Expert ),S&P Global Market Intelligence,3-6 Yrs,Not Disclosed,"Hyderabad, Gurugram",4.0,3177  Reviews,2 weeks ago,https://www.naukri.com/job-listings-data-analyst-chinese-language-expert-sp-capital-iq-india-pvt-ltd-hyderabad-gurugram-3-to-6-years-270526927894
Data Analyst Lead,Credence Resource Management,8-12 Yrs,Not Disclosed,Pune,3.1,815  Reviews,3+ weeks ago,https://www.naukri.com/job-listings-data-analyst-lead-credence-resource-management-pvt-ltd-pune-8-to-12-years-300426502403
Data Analyst II,Dun & Bradstreet,4-7 Yrs,5-12 Lacs PA ,Hybrid - Hyderabad,3.0,447  Reviews,2 weeks ago,https://www.naukri.com/job-listings-data-analyst-ii-dun-bradstreet-hyderabad-4-to-7-years-280526018248
Finance Data Analyst,Zensar,3-6 Yrs,Not Disclosed,Pune,3.7,3030  Reviews,2 weeks ago,https://www.naukri.com/job-listings-finance-data-analyst-zensar-technologies-pune-3-to-6-years-270526500954
Healthcare Data Analyst,Persistent,7-11 Yrs,Not Disclosed,Pune,3.6,5122  Reviews,3+ weeks ago,https://www.naukri.com/job-listings-healthcare-data-analyst-persistent-pune-7-to-11-years-150526015059
Manager - Compliance - Data Analyst - Housing - Compliance,Tata Capital,2-6 Yrs,Not Disclosed,Mumbai,4.0,5797  Reviews,4 days ago,https://www.naukri.com/job-listings-manager-compliance-data-analyst-housing-compliance-tata-capital-ltd-mumbai-2-to-6-years-120626504732
Procurement & Sourcing Data Analyst - Power BI,Chain Iq Asia Pacific,3-7 Yrs,Not Disclosed,"Mumbai, Navi Mumbai",2.6,48  Reviews,4 days ago,https://www.naukri.com/job-listings-procurement-sourcing-data-analyst-power-bi-chain-iq-asia-pacific-mumbai-navi-mumbai-3-to-7-years-120626503532
Human Resources/People-Data Analyst(Power BI),Resmed,3-8 Yrs,Not Disclosed,Bengaluru,4.2,117  Reviews,1 week ago,https://www.naukri.com/job-listings-human-resources-people-data-analyst-power-bi-resmed-bengaluru-3-to-8-years-100426005467
Data Analyst 1 (Female Candidates Only),Credit Saison India,1-5 Yrs,Not Disclosed,Hybrid - Bengaluru,3.6,277  Reviews,1 week ago,https://www.naukri.com/job-listings-data-analyst-1-female-candidates-only-credit-saison-india-bengaluru-1-to-5-years-080626022170
Supply Chain Data Analyst,3M India,7-12 Yrs,Not Disclosed,Bengaluru,3.9,649  Reviews,1 week ago,https://www.naukri.com/job-listings-supply-chain-data-analyst-3m-india-limited-bengaluru-7-to-12-years-050626502920
Customer Data Analyst,Efftronics Systems,5-10 Yrs,Not Disclosed,Mangalagiri,3.0,300  Reviews,3+ weeks ago,https://www.naukri.com/job-listings-customer-data-analyst-efftronics-systems-pvt-ltd-mangalagiri-5-to-10-years-050226502586
Sas Data Analyst (Insurance Analytics),US MNC (analytics),5-10 Yrs,15-25 Lacs PA ,"Hybrid - Gurugram, Bengaluru, Delhi / NCR",N/A,N/A,1 week ago,https://www.naukri.com/job-listings-sas-data-analyst-insurance-analytics-aspyra-hr-services-gurugram-bengaluru-delhi-ncr-5-to-10-years-040626022634
"HR Systems Specialist, Data Analyst",Astellas Pharma,3-8 Yrs,Not Disclosed,Bengaluru,3.0,25  Reviews,2 weeks ago,https://www.naukri.com/job-listings-hr-systems-specialist-data-analyst-astellas-pharma-bengaluru-3-to-8-years-020626500905
Product Data Analyst,Indium Software,2-5 Yrs,12-15 Lacs PA ,Hybrid - Bengaluru,3.9,1372  Reviews,2 weeks ago,https://www.naukri.com/job-listings-product-data-analyst-indium-software-bengaluru-2-to-5-years-020626009102
"Data Analyst Lead, RevOps",Payoneer,4-8 Yrs,Not Disclosed,Bengaluru,3.7,10  Reviews,2 weeks ago,https://www.naukri.com/job-listings-data-analyst-lead-revops-payoneer-bengaluru-4-to-8-years-010626505201
Data Analyst 1,Flobiz A Unit Of Valorem Stack,1-3 Yrs,Not Disclosed,Bengaluru,3.4,169  Reviews,2 weeks ago,https://www.naukri.com/job-listings-data-analyst-1-flobiz-a-unit-of-valorem-stack-bengaluru-1-to-3-years-010626501502
Lead Data Analyst,Target,3-9 Yrs,Not Disclosed,Bengaluru,4.0,935  Reviews,2 weeks ago,https://www.naukri.com/job-listings-lead-data-analyst-target-corporation-india-pvt-ltd-bengaluru-3-to-9-years-010626501389
Financial Data Analysis,Black and white Business Solution,1-3 Yrs,1-4 Lacs PA ,Bengaluru,N/A,N/A,2 weeks ago,https://www.naukri.com/job-listings-financial-data-analysis-black-and-white-business-solutions-bengaluru-1-to-3-years-010626027332
"Data Analyst -SQL, Python",Indium Software,2-5 Yrs,12-15 Lacs PA ,"Hybrid - Hyderabad, Bengaluru",3.9,1372  Reviews,2 weeks ago,https://www.naukri.com/job-listings-data-analyst-sql-python-indium-software-hyderabad-bengaluru-2-to-5-years-010626007441
GPM Data Analysis Specialist LVS,ABB,5-10 Yrs,Not Disclosed,Nashik,4.0,3452  Reviews,3 weeks ago,https://www.naukri.com/job-listings-gpm-data-analysis-specialist-lvs-abb-india-limited-nashik-5-to-10-years-210526922894
Product Marketing Data Analyst,Beckman Coulter,3-7 Yrs,Not Disclosed,"Mumbai, Nagpur, Thane, Nashik, Pune, Aurangabad",3.4,203  Reviews,3 weeks ago,https://www.naukri.com/job-listings-product-marketing-data-analyst-beckman-coulter-india-pvt-ltd-mumbai-nagpur-thane-nashik-pune-aurangabad-3-to-7-years-210526505324
Associate - Financial Data Analysis,Crisil,1-4 Yrs,Not Disclosed,Mumbai,3.5,1966  Reviews,3+ weeks ago,https://www.naukri.com/job-listings-associate-financial-data-analysis-crisil-mumbai-1-to-4-years-190326502742
Data Analyst Lead,Wartsila,8-13 Yrs,Not Disclosed,Navi Mumbai,4.0,298  Reviews,6 days ago,https://www.naukri.com/job-listings-data-analyst-lead-wartsila-india-ltd-navi-mumbai-8-to-13-years-100626506809
Lead data analyst / data analytics-- US MNC (Analytics),US MNC (analytics),5-10 Yrs,25-40 Lacs PA ,"Hybrid - Hyderabad, Chennai, Bengaluru",N/A,N/A,1 week ago,https://www.naukri.com/job-listings-lead-data-analyst-data-analytics-us-mnc-analytics-aspyra-hr-services-hyderabad-chennai-bengaluru-5-to-10-years-040626022679
Analyst-Data Science,AMERICAN EXPRESS,0-2 Yrs,Not Disclosed,Manesar,4.1,3924  Reviews,2 weeks ago,https://www.naukri.com/job-listings-analyst-data-science-american-express-india-manesar-0-to-2-years-290526500800
Junior Data Analyst,Brickwork Ratings (BWR),2-3 Yrs,Not Disclosed,Bengaluru,3.4,153  Reviews,3+ weeks ago,https://www.naukri.com/job-listings-junior-data-analyst-brickworks-ratings-bengaluru-2-to-3-years-150425501289
MIS & Data Analyst Trainer,ICA Edu Skills,1-3 Yrs,2-3 Lacs PA ,Kolkata,3.8,650  Reviews,6 days ago,https://www.naukri.com/job-listings-mis-data-analyst-trainer-ica-edu-skills-kolkata-1-to-3-years-100626025676
Data & Business analyst-Hyderabad only,PwC Service Delivery Center,5-9 Yrs,Not Disclosed,Hyderabad,3.3,12897  Reviews,3 weeks ago,https://www.naukri.com/job-listings-data-business-analyst-hyderabad-only-pwc-service-delivery-center-hyderabad-5-to-9-years-180326000265
Senior Analyst/Data Scientist-GenAI,Tiger Analytics,4-9 Yrs,Not Disclosed,"Hybrid - Hyderabad, Chennai, Bengaluru",3.7,1007  Reviews,3 weeks ago,https://www.naukri.com/job-listings-senior-analyst-data-scientist-genai-tiger-analytics-hyderabad-chennai-bengaluru-4-to-9-years-011125009365
Business Analyst Data Modelling-Associate,PwC Service Delivery Center,1-4 Yrs,Not Disclosed,Kolkata,3.3,12897  Reviews,3+ weeks ago,https://www.naukri.com/job-listings-business-analyst-data-modelling-associate-pricewaterhouse-coopers-service-delivery-center-kolkata-kolkata-1-to-4-years-260224500350
MIS Executive cum Data Analyst,Nano Mag Technologies,2-5 Yrs,Not Disclosed,Mumbai,3.5,20  Reviews,3+ weeks ago,https://www.naukri.com/job-listings-mis-executive-data-analyst-nano-mag-technologies-mumbai-2-to-5-years-220925504390
MIS Executive/Data Analyst,Shuddhi Ayurveda Hospital,1-4 Yrs,Not Disclosed,Jaipur,5.0,4  Reviews,3+ weeks ago,https://www.naukri.com/job-listings-mis-executive-data-analyst-shuddhi-jaipur-1-to-4-years-080525504543
"Data Eng, Mgmt & Governance Sr Analyst",Accenture,5-8 Yrs,Not Disclosed,Bengaluru,3.7,74540  Reviews,3 weeks ago,https://www.naukri.com/job-listings-data-eng-mgmt-governance-sr-analyst-accenture-solutions-pvt-ltd-bengaluru-5-to-8-years-250526933833
"Data Eng, Mgmt & Governance Sr Analyst",Accenture,5-8 Yrs,Not Disclosed,Bengaluru,3.7,74540  Reviews,3 weeks ago,https://www.naukri.com/job-listings-data-eng-mgmt-governance-sr-analyst-accenture-solutions-pvt-ltd-bengaluru-5-to-8-years-220526923901
Senior Data Engineering Analyst,Optum,4-9 Yrs,Not Disclosed,Hyderabad,4.0,8091  Reviews,Today,https://www.naukri.com/job-listings-senior-data-engineering-analyst-optum-global-solutions-india-private-limited-hyderabad-4-to-9-years-160626916981
"Senior Data Mapping Analyst, Servicing Transaction Mgmt",Ocwen Financial Corporation,4-9 Yrs,Not Disclosed,Bengaluru,3.8,1163  Reviews,3+ weeks ago,https://www.naukri.com/job-listings-senior-data-mapping-analyst-servicing-transaction-mgmt-ocwen-financial-solutions-pvt-ltd-bengaluru-4-to-9-years-070526500816
Clinical Data Svs Sr Analyst,Accenture,5-10 Yrs,Not Disclosed,Bengaluru,3.7,74540  Reviews,3 weeks ago,https://www.naukri.com/job-listings-clinical-data-svs-sr-analyst-accenture-solutions-pvt-ltd-bengaluru-5-to-10-years-250526933627
Clinical Data Svs Sr Analyst,Accenture,5-8 Yrs,Not Disclosed,Bengaluru,3.7,74540  Reviews,3+ weeks ago,https://www.naukri.com/job-listings-clinical-data-svs-sr-analyst-accenture-solutions-pvt-ltd-bengaluru-5-to-8-years-190526920005
Clinical Data Svs Sr Analyst,Accenture,5-10 Yrs,Not Disclosed,Bengaluru,3.7,74540  Reviews,3+ weeks ago,https://www.naukri.com/job-listings-clinical-data-svs-sr-analyst-accenture-solutions-pvt-ltd-bengaluru-5-to-10-years-180526921324
Senior Sales Data Governance Analyst,Russell Investments,0-4 Yrs,Not Disclosed,Mumbai,3.6,62  Reviews,3+ weeks ago,https://www.naukri.com/job-listings-senior-sales-data-governance-analyst-russell-investments-mumbai-0-to-4-years-170426501877
Senior Data Engineering Analyst,Optum,3-8 Yrs,Not Disclosed,Hyderabad,4.0,8091  Reviews,Today,https://www.naukri.com/job-listings-senior-data-engineering-analyst-optum-global-solutions-india-private-limited-hyderabad-3-to-8-years-160626917000
Senior Data Engineering Analyst,Optum,3-8 Yrs,Not Disclosed,Hyderabad,4.0,8091  Reviews,Today,https://www.naukri.com/job-listings-senior-data-engineering-analyst-optum-global-solutions-india-private-limited-hyderabad-3-to-8-years-160626916864
Clinical Data Svs Sr Analyst,Accenture,5-10 Yrs,Not Disclosed,Mumbai,3.7,74540  Reviews,1 day ago,https://www.naukri.com/job-listings-clinical-data-svs-sr-analyst-accenture-solutions-pvt-ltd-mumbai-5-to-10-years-150626929077
Senior Data Quality Analyst,NNE,8-13 Yrs,Not Disclosed,Bengaluru,3.5,173  Reviews,1 day ago,https://www.naukri.com/job-listings-senior-data-quality-analyst-nne-pharmaplan-bengaluru-8-to-13-years-150626503984
Clinical Data Svs Sr Analyst,Accenture,5-8 Yrs,Not Disclosed,Bengaluru,3.7,74540  Reviews,3 weeks ago,https://www.naukri.com/job-listings-clinical-data-svs-sr-analyst-accenture-solutions-pvt-ltd-bengaluru-5-to-8-years-250526931011
Benefits data Administration - Senior Analyst,Tata Consultancy Services,2-5 Yrs,Not Disclosed,Bengaluru,3.3,115896  Reviews,3 weeks ago,https://www.naukri.com/job-listings-benefits-data-administration-senior-analyst-tata-consultancy-services-bengaluru-2-to-5-years-200526035470
Clinical Data Svs Sr Analyst,Accenture,5-8 Yrs,Not Disclosed,Bengaluru,3.7,74540  Reviews,3+ weeks ago,https://www.naukri.com/job-listings-clinical-data-svs-sr-analyst-accenture-solutions-pvt-ltd-bengaluru-5-to-8-years-190526919980
Big Data Analyst,Ceresight,3-8 Yrs,Not Disclosed,"Kolkata, Mumbai, New Delhi, Hyderabad, Pune, Chennai, Bengaluru",N/A,N/A,3+ weeks ago,https://www.naukri.com/job-listings-big-data-analyst-ceresight-kolkata-mumbai-new-delhi-hyderabad-pune-chennai-bengaluru-3-to-8-years-270519502384
Data Analyst - SQL & Tableau,Leading Client,2-5 Yrs,Not Disclosed,"Pune, Chennai, Bengaluru",N/A,N/A,3 weeks ago,https://www.naukri.com/job-listings-data-analyst-sql-tableau-talent-corner-hr-services-pvt-ltd-pune-chennai-bengaluru-2-to-5-years-260526928142
Data Analyst - Healthcare,Leading Client,2-5 Yrs,Not Disclosed,"Mumbai, Hyderabad, Bengaluru",N/A,N/A,3 weeks ago,https://www.naukri.com/job-listings-data-analyst-healthcare-talent-corner-hr-services-pvt-ltd-mumbai-hyderabad-bengaluru-2-to-5-years-260526928138
Data Analyst (Power BI & Azure Databricks),Bridgestone - Global Capability Center,4-7 Yrs,Not Disclosed,Hybrid - Bengaluru,4.0,693  Reviews,3 weeks ago,https://www.naukri.com/job-listings-data-analyst-power-bi-azure-databricks-bridgestone-global-capability-center-bengaluru-4-to-7-years-250526007034
Product/Data Analyst,Toonsutra,2-5 Yrs,Not Disclosed,"Kolkata, Mumbai, New Delhi, Hyderabad, Pune, Chennai, Bengaluru",5.0,2  Reviews,3+ weeks ago,https://www.naukri.com/job-listings-product-data-analyst-toonsutra-kolkata-mumbai-new-delhi-hyderabad-pune-chennai-bengaluru-2-to-5-years-240225503440
Sas Data Analyst (Insurance Analytics),US MNC (analytics),5-10 Yrs,15-25 Lacs PA ,"Hybrid - Gurugram, Bengaluru, Delhi / NCR",N/A,N/A,3 weeks ago,https://www.naukri.com/job-listings-sas-data-analyst-insurance-analytics-aspyra-hr-services-gurugram-bengaluru-delhi-ncr-5-to-10-years-220526027787
AVP Data Analyst,Synchrony,6-12 Yrs,Not Disclosed,"Kolkata, Hyderabad, Bengaluru",4.2,1242  Reviews,3 weeks ago,https://www.naukri.com/job-listings-avp-data-analyst-synchrony-kolkata-hyderabad-bengaluru-6-to-12-years-200526040445
Lead Data Analyst- R01552322,brillio-2,8-11 Yrs,Not Disclosed,Bengaluru,3.3,1342  Reviews,3+ weeks ago,https://www.naukri.com/job-listings-lead-data-analyst-r01552322-brillio-2-bengaluru-8-to-11-years-190526500393
Flight Operations Data Analyst,Premium Aerotec,4-9 Yrs,Not Disclosed,Bengaluru,N/A,N/A,3+ weeks ago,https://www.naukri.com/job-listings-flight-operations-data-analyst-aerotec-bengaluru-4-to-9-years-300426500661
Data Analyst - Omnichannel Analytics,Leading Client,2-7 Yrs,Not Disclosed,Hybrid - Bengaluru,N/A,N/A,2 weeks ago,https://www.naukri.com/job-listings-data-analyst-omnichannel-analytics-tekskills-india-private-limited-bengaluru-2-to-7-years-290526917573
Cyber Security Data Security or Data Analyst,Suviksan Technologies,5-10 Yrs,Not Disclosed,Bengaluru,5.0,6  Reviews,3+ weeks ago,https://www.naukri.com/job-listings-cyber-security-data-security-or-data-analyst-suviksan-technologies-bengaluru-5-to-10-years-260924503062
Data Analyst Risk & Compliance,Nium India,3-6 Yrs,Not Disclosed,Bengaluru,3.3,151  Reviews,3 weeks ago,https://www.naukri.com/job-listings-data-analyst-risk-compliance-nium-bengaluru-3-to-6-years-260526504699
Lead Data Analyst,Letstransport,5-8 Yrs,Not Disclosed,"Bengaluru, Bengaluru",3.6,310  Reviews,3 weeks ago,https://www.naukri.com/job-listings-lead-data-analyst-letstransport-bengaluru-bengaluru-5-to-8-years-250526927200
Technical Data Analyst,Premium Aerotec,5-10 Yrs,Not Disclosed,Bengaluru,N/A,N/A,3 weeks ago,https://www.naukri.com/job-listings-technical-data-analyst-aerotec-bengaluru-5-to-10-years-250526502398
Technical Data Analyst,Premium Aerotec,3-8 Yrs,Not Disclosed,Bengaluru,N/A,N/A,3 weeks ago,https://www.naukri.com/job-listings-technical-data-analyst-aerotec-bengaluru-3-to-8-years-250526502397
Technical Data Analyst - AMM,Premium Aerotec,3-8 Yrs,Not Disclosed,Bengaluru,N/A,N/A,3 weeks ago,https://www.naukri.com/job-listings-technical-data-analyst-amm-aerotec-bengaluru-3-to-8-years-250526502205
Customer Data Analyst,EUROPEAN MNC,3-8 Yrs,Not Disclosed,"Hybrid - New Delhi, Bengaluru, Mumbai (All Areas)",N/A,N/A,3 weeks ago,https://www.naukri.com/job-listings-customer-data-analyst-emergeus-staffing-solution-new-delhi-bengaluru-mumbai-all-areas-3-to-8-years-230526002576
SAP PLM Data Analyst,Federal Soft Systems,10-20 Yrs,Not Disclosed,"Hybrid - Hyderabad, Bengaluru",N/A,N/A,3 weeks ago,https://www.naukri.com/job-listings-sap-plm-data-analyst-federal-soft-systems-hyderabad-bengaluru-10-to-20-years-220526015714
Lead Data Analyst Cloud FinOps,News Technology Services,5-10 Yrs,Not Disclosed,Hybrid - Bengaluru,3.9,73  Reviews,3 weeks ago,https://www.naukri.com/job-listings-lead-data-analyst-cloud-finops-news-technology-services-bengaluru-5-to-10-years-200526033038
Data Analyst (Power BI Developer),"Our Client is an AI Company, data engineering, and business consulting firm. Headquartered in Blr",6-10 Yrs,10-17 Lacs PA ,"Hybrid - Hyderabad, Bengaluru, Delhi / NCR",N/A,N/A,3 weeks ago,https://www.naukri.com/job-listings-data-analyst-power-bi-developer-bellfast-management-hyderabad-bengaluru-delhi-ncr-6-to-10-years-200526014327
Data Analyst / Reporting Specialist,Gaea Technologies,3-5 Yrs,Not Disclosed,Bengaluru,4.4,6  Reviews,3+ weeks ago,https://www.naukri.com/job-listings-data-analyst-reporting-specialist-gaea-technologies-bengaluru-3-to-5-years-190526016092
Product Data Analyst,Yugabyte,1-4 Yrs,Not Disclosed,Bengaluru,3.4,18  Reviews,3+ weeks ago,https://www.naukri.com/job-listings-product-data-analyst-yugabytedb-bengaluru-1-to-4-years-180526503344
Global Data Analyst,IQVIA,2-5 Yrs,6-9 Lacs PA ,Hybrid - Kochi,N/A,N/A,1 day ago,https://www.naukri.com/job-listings-global-data-analyst-pri-india-it-services-kochi-2-to-5-years-150626006237
Assistant Data Analysis Manager,Sterling Tools (STL),7-12 Yrs,Not Disclosed,Faridabad,4.5,756  Reviews,1 day ago,https://www.naukri.com/job-listings-assistant-data-analysis-manager-sterling-tools-stl-faridabad-7-to-12-years-150626005034
Supply Chain Management Data Analyst,Squircle IT,3-5 Yrs,Not Disclosed,Bengaluru,N/A,N/A,3+ weeks ago,https://www.naukri.com/job-listings-supply-chain-management-data-analyst-squircle-it-consulting-services-pvt-ltd-bengaluru-3-to-5-years-140126502324
Technical Data Analyst - IPC,Premium Aerotec,5-10 Yrs,Not Disclosed,Bengaluru,N/A,N/A,3+ weeks ago,https://www.naukri.com/job-listings-technical-data-analyst-ipc-aerotec-bengaluru-5-to-10-years-130426503333
LEAD DATA ANALYST - Python,Happiest Minds Technologies,8-10 Yrs,Not Disclosed,Bengaluru,3.4,1467  Reviews,3+ weeks ago,https://www.naukri.com/job-listings-lead-data-analyst-python-happiest-minds-technologies-pvt-ltd-bengaluru-8-to-10-years-120526501169
Internal Audit Data Analyst Supervisor,Onsemi Vietnam,10-15 Yrs,Not Disclosed,Bengaluru,3.4,39  Reviews,3+ weeks ago,https://www.naukri.com/job-listings-internal-audit-data-analyst-supervisor-onsemi-vietnam-bengaluru-10-to-15-years-090426502401
Data Analyst BI Developer,Align Technology,2-4 Yrs,Not Disclosed,Bengaluru,2.9,82  Reviews,3+ weeks ago,https://www.naukri.com/job-listings-data-analyst-bi-developer-align-technology-bengaluru-2-to-4-years-301024502643
Power BI Data Analysts,Clifyx Technology,2-6 Yrs,Not Disclosed,Bengaluru,3.3,31  Reviews,3+ weeks ago,https://www.naukri.com/job-listings-power-bi-data-analysts-clifyx-technology-bengaluru-2-to-6-years-280725502902
Data Analyst- SAS,eTeam Inc.,4-5 Yrs,Not Disclosed,Bengaluru,N/A,N/A,3+ weeks ago,https://www.naukri.com/job-listings-data-analyst-sas-eteam-inc-bengaluru-4-to-5-years-250822501076
CRM Data Analyst and Administrator Marketing,Gratuity Consulting Services,3-6 Yrs,Not Disclosed,Bengaluru,N/A,N/A,3+ weeks ago,https://www.naukri.com/job-listings-crm-data-analyst-and-administrator-marketing-gratuity-consulting-bengaluru-3-to-6-years-240426504055
Data Analysis Professional,Kyndryl,1-6 Yrs,Not Disclosed,Bengaluru,3.9,3930  Reviews,3 weeks ago,https://www.naukri.com/job-listings-data-analysis-professional-kyndryl-bengaluru-1-to-6-years-200526502425
Credit Risk Data Analyst,Booking Holdings,3-6 Yrs,Not Disclosed,Hybrid - Bengaluru,2.8,64  Reviews,3 weeks ago,https://www.naukri.com/job-listings-credit-risk-data-analyst-booking-holdings-bengaluru-3-to-6-years-200526020069
Sales and Data Analyst,Cloudthat Technologies,1-3 Yrs,Not Disclosed,Bengaluru,4.0,147  Reviews,3+ weeks ago,https://www.naukri.com/job-listings-sales-and-data-analyst-cloudthat-technologies-pvt-ltd-bengaluru-1-to-3-years-190925500725
Data Analyst with Advanced Tableau,Technix India Solutions,3-8 Yrs,Not Disclosed,Bengaluru,2.6,8  Reviews,3+ weeks ago,https://www.naukri.com/job-listings-data-analyst-with-advanced-tableau-technix-india-p-limited-bengaluru-3-to-8-years-190423500201
Supply Chain Data Analyst,LLP S3bglobal Technologies,5-8 Yrs,Not Disclosed,Bengaluru,3.5,7  Reviews,3+ weeks ago,https://www.naukri.com/job-listings-supply-chain-data-analyst-s3b-global-bengaluru-5-to-8-years-180425504936
Product Data Analyst,Thence: The Product Success Company,2-5 Yrs,Not Disclosed,Bengaluru,4.0,71  Reviews,3+ weeks ago,https://www.naukri.com/job-listings-product-data-analyst-thence-the-product-success-company-bengaluru-2-to-5-years-180226503949
Associate Data Analyst,Swiss Re,1-3 Yrs,Not Disclosed,Bengaluru,3.8,362  Reviews,3+ weeks ago,https://www.naukri.com/job-listings-associate-data-analyst-swiss-re-bengaluru-1-to-3-years-171225504481
Data Analyst For Social Media,Alliance University,1-3 Yrs,Not Disclosed,Bengaluru,3.6,148  Reviews,3+ weeks ago,https://www.naukri.com/job-listings-data-analyst-for-social-media-alliance-university-bengaluru-1-to-3-years-141124502516
Principal Data Analyst,Scopely,6-11 Yrs,Not Disclosed,Bengaluru,4.9,4  Reviews,3+ weeks ago,https://www.naukri.com/job-listings-principal-data-analyst-scopely-bengaluru-6-to-11-years-130426501955
Sales Data Analyst,Quarks Technosoft,2-5 Yrs,Not Disclosed,Bengaluru,3.6,146  Reviews,3+ weeks ago,https://www.naukri.com/job-listings-sales-data-analyst-quarks-bengaluru-2-to-5-years-130326505389
Data Analyst Quality-Assurance,Acsen Agriscience,2-4 Yrs,Not Disclosed,Bengaluru,3.3,34  Reviews,3+ weeks ago,https://www.naukri.com/job-listings-data-analyst-quality-assurance-acsen-agriscience-bengaluru-2-to-4-years-110725504383
Data Analyst with Advanced Tableau,Technix India Solutions,3-5 Yrs,Not Disclosed,Bengaluru,2.6,8  Reviews,3+ weeks ago,https://www.naukri.com/job-listings-data-analyst-with-advanced-tableau-technix-technology-bengaluru-3-to-5-years-100424501081
Data Analyst II,Xpheno,3-5 Yrs,Not Disclosed,Bengaluru,N/A,N/A,3+ weeks ago,https://www.naukri.com/job-listings-data-analyst-ii-xpheno-bengaluru-3-to-5-years-100123500080
Lead Data Analyst,Sparta Systems,5-10 Yrs,Not Disclosed,Bengaluru,4.1,13  Reviews,3+ weeks ago,https://www.naukri.com/job-listings-lead-data-analyst-spartasystems-bengaluru-5-to-10-years-090426502093
Marketing Data Analyst First Advantage,First Advantage,3-6 Yrs,Not Disclosed,Bengaluru,3.4,792  Reviews,3+ weeks ago,https://www.naukri.com/job-listings-marketing-data-analyst-first-advantage-first-advantage-bengaluru-3-to-6-years-060326500781
R & D Intern - Data Analysis,Micromatic Grinding Technologies,1-6 Yrs,Not Disclosed,Bengaluru,4.0,184  Reviews,3+ weeks ago,https://www.naukri.com/job-listings-r-d-intern-data-analysis-micromatic-grinding-technologies-ltd-bengaluru-1-to-6-years-051124503781
Data Analyst Team Lead/Manager,Tekminders,5-9 Yrs,Not Disclosed,Bengaluru,4.2,21  Reviews,3+ weeks ago,https://www.naukri.com/job-listings-data-analyst-team-lead-manager-tekminders-it-services-international-bengaluru-5-to-9-years-031125503398
Data Analyst / Bioinformatic Analyst Multi-Parameter Flow Cytometry,Prayoga Lifesciences Inc,1-5 Yrs,Not Disclosed,Bengaluru,4.5,5  Reviews,3+ weeks ago,https://www.naukri.com/job-listings-data-analyst-bioinformatic-analyst-multi-parameter-flow-cytometry-prayoga-lifesciences-inc-bengaluru-1-to-5-years-030725503888
Power BI (Data Analyst) Consultant,Seven N Consulting,2-4 Yrs,Not Disclosed,Bengaluru,3.8,27  Reviews,3+ weeks ago,https://www.naukri.com/job-listings-power-bi-data-analyst-consultant-seven-n-consulting-pvt-ltd-bengaluru-2-to-4-years-020226500507
Junior Data Analyst Customer Support,Wintree Tech Private Limited,1-4 Yrs,2.75-5 Lacs PA ,Mumbai(Malad West),N/A,N/A,5 days ago,https://www.naukri.com/job-listings-junior-data-analyst-customer-support-wintree-tech-private-limited-mumbai-1-to-4-years-110626027154
Data Analyst/Data Entry Executive,Protean Staffing Pvt Ltd,3-5 Yrs,1-5 Lacs PA ,Chennai,N/A,N/A,1 week ago,https://www.naukri.com/job-listings-data-analyst-data-entry-executive-protean-staffing-chennai-3-to-5-years-030626014933
Senior Business Analyst - Clinical Data Foundation,Amgen Inc,9-12 Yrs,Not Disclosed,Hyderabad,2.8,166  Reviews,3 weeks ago,https://www.naukri.com/job-listings-senior-business-analyst-clinical-data-foundation-amgen-inc-hyderabad-9-to-12-years-250526935276
Senior Business Analyst,Data Marshall,9-12 Yrs,12-15 Lacs PA ,Hyderabad,3.2,262  Reviews,3 weeks ago,https://www.naukri.com/job-listings-senior-business-analyst-data-marshall-hyderabad-9-to-12-years-200526027841
Senior Business Systems Analyst / Data Product Manager,"Cittabase Solutions Pvt Ltd.,",5-8 Yrs,Not Disclosed,Chennai,4.2,18  Reviews,3+ weeks ago,https://www.naukri.com/job-listings-senior-business-systems-analyst-data-product-manager-cittabase-solutions-pvt-ltd-chennai-5-to-8-years-121225501729
DE&A - Core - Advanced Data Engineering - Business Analyst,Zensar,10-15 Yrs,Not Disclosed,Pune,3.7,3030  Reviews,3+ weeks ago,https://www.naukri.com/job-listings-de-a-core-advanced-data-engineering-business-analyst-zensar-technologies-pune-10-to-15-years-140526501469
Business Analyst - Data warehouse renewal,Mizuho Global Services,15-24 Yrs,Not Disclosed,Chennai(Perungudi),3.1,68  Reviews,4 days ago,https://www.naukri.com/job-listings-business-analyst-data-warehouse-renewal-mizuho-global-services-chennai-15-to-24-years-120626020821
MIS Executive (Data Analyst),Infosystem Consulting,3-5 Yrs,4-5.5 Lacs PA ,Ahmedabad,N/A,N/A,3+ weeks ago,https://www.naukri.com/job-listings-mis-executive-data-analyst-infosystem-consulting-ahmedabad-3-to-5-years-160526017848
Data Scientist (Software Delivery Analyst - Optimus AI),Mckinsey & Company,1-5 Yrs,Not Disclosed,"Hybrid - Gurugram, Bengaluru",3.8,737  Reviews,3 weeks ago,https://www.naukri.com/job-listings-data-scientist-software-delivery-analyst-optimus-ai-mckinsey-company-gurugram-bengaluru-1-to-5-years-090226029210
Senior Analyst - Data Engineering,LatentView,3-6 Yrs,Not Disclosed,Bengaluru,3.4,316  Reviews,5 days ago,https://www.naukri.com/job-listings-senior-analyst-data-engineering-latentview-bengaluru-3-to-6-years-110626500968
Clinical Data Svs Sr Analyst,Accenture,5-8 Yrs,Not Disclosed,Mumbai,3.7,74540  Reviews,4 days ago,https://www.naukri.com/job-listings-clinical-data-svs-sr-analyst-accenture-solutions-pvt-ltd-mumbai-5-to-8-years-120626906105
We'r Hiring For Top MNC - Finance Data Analyst,Top MNC,1-6 Yrs,5-8 Lacs PA ,"Kolkata, Thane, Chennai",N/A,N/A,6 days ago,https://www.naukri.com/job-listings-we-r-hiring-for-top-mnc-finance-data-analyst-navayuga-consultancy-kolkata-thane-chennai-1-to-6-years-100626015387
"Python & Tableau Developer (Data Analysis, Dashboard & Automation)",A1 Human Wealth Management,5-6 Yrs,Not Disclosed,Kolkata,N/A,N/A,1 week ago,https://www.naukri.com/job-listings-python-tableau-developer-data-analysis-dashboard-automation-a1-human-wealth-management-kolkata-5-to-6-years-090626505213
National Pricing Data Analysts,Smith & Nephew,4-7 Yrs,Not Disclosed,Pune,3.6,5  Reviews,3 weeks ago,https://www.naukri.com/job-listings-national-pricing-data-analysts-smith-nephew-pune-4-to-7-years-250526502261
Data Analyst - Advanced Analytics,Clearview Healthcare Partners,1-4 Yrs,Not Disclosed,Hybrid - Gurugram,N/A,N/A,1 week ago,https://www.naukri.com/job-listings-data-analyst-advanced-analytics-clearview-healthcare-partners-gurugram-1-to-4-years-160426013303
Engineering _Data Analyst,Net Connect,2-5 Yrs,Not Disclosed,Hyderabad,3.1,635  Reviews,3 days ago,https://www.naukri.com/job-listings-engineering-data-analyst-net-connect-hyderabad-2-to-5-years-130626010559
Lead- Data analyst,Leading Client,5-10 Yrs,Not Disclosed,Hyderabad,N/A,N/A,5 days ago,https://www.naukri.com/job-listings-lead-data-analyst-golden-opportunities-pvt-ltd-hyderabad-5-to-10-years-110626926372
"Data Analyst III, Global Complaint Vigilance Systems and Trending",Kenvue Brands LLC,6-8 Yrs,Not Disclosed,Mumbai,3.6,179  Reviews,5 days ago,https://www.naukri.com/job-listings-data-analyst-iii-global-complaint-vigilance-systems-and-trending-kenvue-brands-llc-mumbai-6-to-8-years-110626504107
Data Analyst (Azure Data Platform & Power BI),Sunbrilo Technology,6-11 Yrs,Not Disclosed,Pune,4.1,55  Reviews,5 days ago,https://www.naukri.com/job-listings-data-analyst-azure-data-platform-power-bi-sunbrilo-technology-pune-6-to-11-years-110626020438
Healthcare Data Analyst,Inficore Soft,2-4 Yrs,Not Disclosed,Patna,N/A,N/A,6 days ago,https://www.naukri.com/job-listings-healthcare-data-analyst-inficore-soft-patna-2-to-4-years-100626507110
Advanced Analytics Data Analyst,Castrol,5-10 Yrs,Not Disclosed,Pune,4.3,539  Reviews,6 days ago,https://www.naukri.com/job-listings-advanced-analytics-data-analyst-castrol-india-limited-pune-5-to-10-years-100626503594
Product Marketing Data Analyst,Quantrix,1-4 Yrs,Not Disclosed,"Mumbai, Nagpur, Thane, Nashik, Pune, Aurangabad",N/A,N/A,6 days ago,https://www.naukri.com/job-listings-product-marketing-data-analyst-quantrix-mumbai-nagpur-thane-nashik-pune-aurangabad-1-to-4-years-100626503148
Data Analysis Analyst,Sunovaa Tech,1-3 Yrs,"70,000-2.25 Lacs PA ",Pune(Hinjawadi Village),N/A,N/A,6 days ago,https://www.naukri.com/job-listings-data-analysis-analyst-sunovaa-tech-pune-1-to-3-years-100626020327
Risk Data Analyst,PURVIEW,6-11 Yrs,11-21 Lacs PA ,Hybrid - Hyderabad,N/A,N/A,6 days ago,https://www.naukri.com/job-listings-risk-data-analyst-purview-services-hyderabad-6-to-11-years-100626018627
Lead Financial Data Analyst,Simcorp,6-11 Yrs,Not Disclosed,Noida,3.9,74  Reviews,1 week ago,https://www.naukri.com/job-listings-lead-financial-data-analyst-simcorp-noida-6-to-11-years-090626502785
Lead Data Analyst Marketing,Rarr Technologies,6-8 Yrs,Not Disclosed,Gurugram,4.2,37  Reviews,1 week ago,https://www.naukri.com/job-listings-lead-data-analyst-marketing-rarr-technologies-gurugram-6-to-8-years-090626500728
Lead Data Analyst,Surya Food  Agro Limited,5-10 Yrs,Not Disclosed,Noida,3.0,147  Reviews,1 week ago,https://www.naukri.com/job-listings-lead-data-analyst-surya-food-agro-limited-noida-5-to-10-years-090626022766
Marketing Data Analyst,Sage Publications India Pvt Ltd,3-4 Yrs,Not Disclosed,Gurugram,3.1,153  Reviews,3+ weeks ago,https://www.naukri.com/job-listings-marketing-data-analyst-sage-publications-india-pvt-ltd-gurugram-3-to-4-years-060526503340
Manager Software Engineering-Data Engineering/Data Analysis,Caterpillar Inc,6-10 Yrs,Not Disclosed,Chennai,4.1,1708  Reviews,3+ weeks ago,https://www.naukri.com/job-listings-manager-software-engineering-data-engineering-data-analysis-caterpillar-brazil-chennai-6-to-10-years-311025508607
Engineering Data Analyst Lead,Wartsila,8-10 Yrs,Not Disclosed,Mumbai,4.0,298  Reviews,3+ weeks ago,https://www.naukri.com/job-listings-engineering-data-analyst-lead-wartsila-india-ltd-mumbai-8-to-10-years-290925501824
Engineering Data Analyst Lead,Wartsila,8-13 Yrs,Not Disclosed,Mumbai,4.0,298  Reviews,3+ weeks ago,https://www.naukri.com/job-listings-engineering-data-analyst-lead-wartsila-india-ltd-mumbai-8-to-13-years-290126509104
Data Analyst Lead,Wartsila,8-13 Yrs,Not Disclosed,Mumbai,4.0,298  Reviews,3+ weeks ago,https://www.naukri.com/job-listings-data-analyst-lead-wartsila-india-ltd-mumbai-8-to-13-years-280825503897
Data Analyst - Technical Data PM,Nihilent,10-15 Yrs,Not Disclosed,Pune,3.2,669  Reviews,3+ weeks ago,https://www.naukri.com/job-listings-data-analyst-technical-data-pm-nihilent-technologies-pvt-ltd-pune-10-to-15-years-210325501664
Engineering Data Analyst Lead,Wartsila,8-13 Yrs,Not Disclosed,Mumbai,4.0,298  Reviews,3+ weeks ago,https://www.naukri.com/job-listings-engineering-data-analyst-lead-wartsila-india-ltd-mumbai-8-to-13-years-200126502156
Engineering Data Analyst Lead,Wartsila,8-13 Yrs,Not Disclosed,Mumbai,4.0,298  Reviews,3+ weeks ago,https://www.naukri.com/job-listings-engineering-data-analyst-lead-wartsila-india-ltd-mumbai-8-to-13-years-200126502128
Data Analyst For Product Control Onsite,Aranca,3-5 Yrs,Not Disclosed,Mumbai,3.4,166  Reviews,3+ weeks ago,https://www.naukri.com/job-listings-data-analyst-for-product-control-onsite-aranca-mumbai-3-to-5-years-070126500710
S&C Global Network - AI - Data Strategy - Analyst,Accenture,2-5 Yrs,Not Disclosed,Bengaluru,3.7,74540  Reviews,1 day ago,https://www.naukri.com/job-listings-s-c-global-network-ai-data-strategy-analyst-accenture-solutions-pvt-ltd-bengaluru-2-to-5-years-150626930399
Clinical data SVS Analyst,Accenture,3-5 Yrs,Not Disclosed,Bengaluru,3.7,74540  Reviews,1 day ago,https://www.naukri.com/job-listings-clinical-data-svs-analyst-accenture-solutions-pvt-ltd-bengaluru-3-to-5-years-150626936908
Clinical Data Svs Analyst,Accenture,3-5 Yrs,Not Disclosed,Bengaluru,3.7,74540  Reviews,1 day ago,https://www.naukri.com/job-listings-clinical-data-svs-analyst-accenture-solutions-pvt-ltd-bengaluru-3-to-5-years-150626936082
Clinical Data Svs Analyst,Accenture,3-5 Yrs,Not Disclosed,Bengaluru,3.7,74540  Reviews,1 day ago,https://www.naukri.com/job-listings-clinical-data-svs-analyst-accenture-solutions-pvt-ltd-bengaluru-3-to-5-years-150626916180
Clinical Data Svs Analyst,Accenture,3-5 Yrs,Not Disclosed,Bengaluru,3.7,74540  Reviews,1 day ago,https://www.naukri.com/job-listings-clinical-data-svs-analyst-accenture-solutions-pvt-ltd-bengaluru-3-to-5-years-150626915989
Clinical Data Svs Analyst,Accenture,3-5 Yrs,Not Disclosed,Bengaluru,3.7,74540  Reviews,1 day ago,https://www.naukri.com/job-listings-clinical-data-svs-analyst-accenture-solutions-pvt-ltd-bengaluru-3-to-5-years-150626915982
Walk-in || Data Collection Analyst,Stats Systems India,N/A,Not Disclosed,N/A,3.3,198  Reviews,Few hours ago,https://www.naukri.com/job-listings-data-collection-analyst-stats-systems-india-chennai-0-to-0-years-070526016947
Data Research Analyst,Juego Studio,0-2 Yrs,Not Disclosed,Bengaluru,4.1,134  Reviews,3+ weeks ago,https://www.naukri.com/job-listings-data-research-analyst-juego-studio-pvt-ltd-bengaluru-0-to-2-years-300824500908
Data Quality Analyst,Finbox,0-1 Yrs,Not Disclosed,Bengaluru,3.5,30  Reviews,3+ weeks ago,https://www.naukri.com/job-listings-data-quality-analyst-finbox-bengaluru-0-to-1-years-120126501721
Junior Data Analyst - Financial Services v2.0,JSW Energy Limited,3-6 Yrs,Not Disclosed,Ratnagiri,4.1,757  Reviews,2 weeks ago,https://www.naukri.com/job-listings-junior-data-analyst-financial-services-v2-0-jsw-energy-limited-ratnagiri-3-to-6-years-010626503236
Junior Data Analyst - Financial Services v2.0,Midland Microfin,2-4 Yrs,Not Disclosed,Patna,3.5,452  Reviews,2 weeks ago,https://www.naukri.com/job-listings-junior-data-analyst-financial-services-v2-0-midland-microfin-patna-2-to-4-years-010626501968
Senior Analyst- MIS and Data Management,IPE Global,8-10 Yrs,Not Disclosed,Chennai,3.9,384  Reviews,Today,https://www.naukri.com/job-listings-senior-analyst-mis-and-data-management-ipe-global-chennai-8-to-10-years-060326015685
Data Scientist,Biocube,0-3 Yrs,Not Disclosed,Noida,2.3,23  Reviews,3+ weeks ago,https://www.naukri.com/job-listings-data-scientist-biocube-noida-0-to-3-years-151025503604
MIS & Data Analysis Professional,Achiievers Quick Gold Loan,2-4 Yrs,Not Disclosed,Kolkata,4.3,9  Reviews,3+ weeks ago,https://www.naukri.com/job-listings-mis-data-analysis-professional-achiievers-quick-gold-loan-kolkata-2-to-4-years-100125503929
Executive Assistant cum Data Analyst,DSRP Enterprises,3-5 Yrs,Not Disclosed,Navi Mumbai,N/A,N/A,2 weeks ago,https://www.naukri.com/job-listings-executive-assistant-data-analyst-dsrp-enterprises-navi-mumbai-3-to-5-years-020626025677
Executive - Data Analyst,Xerago B2B,2-4 Yrs,Not Disclosed,Chennai,N/A,N/A,3+ weeks ago,https://www.naukri.com/job-listings-executive-data-analyst-xerago-b2b-chennai-2-to-4-years-230224500781
MIS / Data Analyst,Ardorcomm Media,1-3 Yrs,Not Disclosed,Pune,3.5,8  Reviews,3+ weeks ago,https://www.naukri.com/job-listings-mis-data-analyst-ardorcomm-media-pvt-ltd-pune-1-to-3-years-180825502080
Business Analyst Data Engineering & Analytics,Calix,3-8 Yrs,Not Disclosed,Bengaluru,3.9,151  Reviews,3+ weeks ago,https://www.naukri.com/job-listings-business-analyst-data-engineering-analytics-calix-bengaluru-3-to-8-years-280426501082
Data Loss Prevention - Business Analyst,IT Solutions Company,5-8 Yrs,15-20 Lacs PA ,Remote,N/A,N/A,3 weeks ago,https://www.naukri.com/job-listings-data-loss-prevention-business-analyst-crew-kraftorz-bengaluru-5-to-8-years-210526010430
"Business Analyst, Cyber and Data Resilience",Kroll,2-7 Yrs,Not Disclosed,Bengaluru,3.5,241  Reviews,3+ weeks ago,https://www.naukri.com/job-listings-business-analyst-cyber-and-data-resilience-kroll-associates-india-pvt-ltd-bengaluru-2-to-7-years-050526500710
IT Applications & Data Business Analysis Analyst II,Alorica,3-6 Yrs,Not Disclosed,Bengaluru,3.0,889  Reviews,3+ weeks ago,https://www.naukri.com/job-listings-it-applications-data-business-analysis-analyst-ii-alorica-india-private-limited-bengaluru-3-to-6-years-260226506357
Business Analyst - Reference Data,Millennium Management,3-8 Yrs,Not Disclosed,Bengaluru,2.5,53  Reviews,3+ weeks ago,https://www.naukri.com/job-listings-business-analyst-reference-data-millennium-management-llc-bengaluru-3-to-8-years-130226505354
Business Analyst- Data AI,Iflowtech Solutions,6-12 Yrs,Not Disclosed,Bengaluru,N/A,N/A,3+ weeks ago,https://www.naukri.com/job-listings-business-analyst-data-ai-iflowtech-solutions-bengaluru-6-to-12-years-040526501752
Data Engineer,Accenture,2-4 Yrs,Not Disclosed,Bengaluru,3.7,74540  Reviews,1 day ago,https://www.naukri.com/job-listings-data-engineer-accenture-solutions-pvt-ltd-bengaluru-2-to-4-years-150626935650
SAP Business Analyst Data Migrations,Trelleborg,5-10 Yrs,Not Disclosed,Bengaluru,3.8,297  Reviews,3+ weeks ago,https://www.naukri.com/job-listings-sap-business-analyst-data-migrations-trelleborg-sealing-solutions-bengaluru-5-to-10-years-210325505173
Business Analyst- Data,Iflowtech Solutions,6-12 Yrs,Not Disclosed,Bengaluru,N/A,N/A,3+ weeks ago,https://www.naukri.com/job-listings-business-analyst-data-iflowtech-solutions-bengaluru-6-to-12-years-040526500636
NTT DATA : Hiring : Senior KYC Compliance Analyst,"NTT DATA, Inc.",7-10 Yrs,Not Disclosed,"Mumbai, Chennai",3.9,3556  Reviews,2 weeks ago,https://www.naukri.com/job-listings-ntt-data-hiring-senior-kyc-compliance-analyst-ntt-data-inc-mumbai-chennai-7-to-10-years-010626002269
Clinical Data Svs Sr Analyst,Accenture,5-8 Yrs,Not Disclosed,Hyderabad,3.7,74540  Reviews,1 week ago,https://www.naukri.com/job-listings-clinical-data-svs-sr-analyst-accenture-solutions-pvt-ltd-hyderabad-5-to-8-years-080626927253
Clinical Data Svs Sr Analyst,Accenture,5-8 Yrs,Not Disclosed,Mumbai,3.7,74540  Reviews,1 week ago,https://www.naukri.com/job-listings-clinical-data-svs-sr-analyst-accenture-solutions-pvt-ltd-mumbai-5-to-8-years-040626919045
Data and Reporting Senior Analyst,EY,6-7 Yrs,Not Disclosed,Kochi,3.4,14833  Reviews,1 week ago,https://www.naukri.com/job-listings-data-and-reporting-senior-analyst-ernst-young-kochi-6-to-7-years-030626501928
Reference Data - Senior Analyst/ Associate Process Manager,eClerx,2-7 Yrs,Not Disclosed,Chandigarh,3.1,6420  Reviews,1 week ago,https://www.naukri.com/job-listings-reference-data-senior-analyst-associate-process-manager-eclerx-chandigarh-2-to-7-years-030626019909
Data Analyst- Advanced Analytics,Client of EDGE,1-2 Yrs,Not Disclosed,Gurugram,N/A,N/A,1 week ago,https://www.naukri.com/job-listings-data-analyst-advanced-analytics-edge-executive-search-gurugram-1-to-2-years-080626026695
Hiring Data Analyst Lead,Motivity Labs,7-11 Yrs,Not Disclosed,Hyderabad,3.0,128  Reviews,1 week ago,https://www.naukri.com/job-listings-hiring-data-analyst-lead-motivity-labs-hyderabad-7-to-11-years-300326038421
Hiring Data Analyst Lead,Motivity Labs,7-12 Yrs,Not Disclosed,Hyderabad,3.0,128  Reviews,1 day ago,https://www.naukri.com/job-listings-hiring-data-analyst-lead-motivity-labs-hyderabad-7-to-12-years-280124001247
Manager - Data Analyst,Guidehouse,10-15 Yrs,Not Disclosed,Chennai,3.6,981  Reviews,1 week ago,https://www.naukri.com/job-listings-manager-data-analyst-guidehouse-chennai-10-to-15-years-080626503795
IoT Data Analysis Professional,Segula Technologies India,5-10 Yrs,Not Disclosed,Chennai,3.4,306  Reviews,1 week ago,https://www.naukri.com/job-listings-iot-data-analysis-professional-segula-technologies-india-pvt-ltd-chennai-5-to-10-years-080626503053
Spanish Language Specialist | Data Analyst,Other MNC,1-6 Yrs,4-9 Lacs PA ,Mumbai,N/A,N/A,1 week ago,https://www.naukri.com/job-listings-spanish-language-specialist-data-analyst-navayuga-consultancy-mumbai-1-to-6-years-080626029703
Associate Data Analyst,Ignitho,1-3 Yrs,Not Disclosed,Hybrid - Chennai,3.2,49  Reviews,1 week ago,https://www.naukri.com/job-listings-associate-data-analyst-ignitho-chennai-1-to-3-years-080626016650
Technical Data Analyst,Clearwater Analytics,5-10 Yrs,Not Disclosed,Mumbai,2.6,168  Reviews,1 week ago,https://www.naukri.com/job-listings-technical-data-analyst-clear-water-analytics-mumbai-5-to-10-years-040626500384
CRM Data Analyst - Marketing and Communications,Avontix,2-5 Yrs,1-4.5 Lacs PA ,Hyderabad,3.4,240  Reviews,1 week ago,https://www.naukri.com/job-listings-crm-data-analyst-marketing-and-communications-avontix-hyderabad-2-to-5-years-030626029595
Data Analysis Consultant,Great Place to Work,6-9 Yrs,5-12 Lacs PA ,Hybrid - Mumbai(Lower Parel),3.6,46  Reviews,1 week ago,https://www.naukri.com/job-listings-data-analysis-consultant-great-place-to-work-mumbai-6-to-9-years-030626016654
DATA ANALYST - STRATEGY AND ANALYTICS WING,Mendine Pharmaceuticals,2-7 Yrs,Not Disclosed,Kolkata,4.5,121  Reviews,2 weeks ago,https://www.naukri.com/job-listings-data-analyst-strategy-and-analytics-wing-mendine-pharmaceuticals-pvt-ltd-kolkata-2-to-7-years-020626501943
Data Analyst Production Planning (Fresher),360DigiTMG,3-5 Yrs,Not Disclosed,Hyderabad,4.1,108  Reviews,2 weeks ago,https://www.naukri.com/job-listings-data-analyst-production-planning-fresher-360digitmg-hyderabad-3-to-5-years-020626500741
"Lead Data Analyst - SQL, Python (Remote, UK Shift)",Indium Software,4-9 Yrs,16-20 Lacs PA ,Remote,3.9,1372  Reviews,2 weeks ago,https://www.naukri.com/job-listings-lead-data-analyst-sql-python-remote-uk-shift-indium-software-hyderabad-4-to-9-years-010626010021
Hiring For Data Analyst/Agile Delivery & Web Analytics | Remote,HighSpring India LLP,6-10 Yrs,Not Disclosed,Remote,3.1,1015  Reviews,2 weeks ago,https://www.naukri.com/job-listings-hiring-for-data-analyst-agile-delivery-web-analytics-remote-highspring-india-llp-gurugram-6-to-10-years-010626007860
Data Analyst  Adobe Analytics & Agile Delivery -7M contract- UK shift,HighSpring India LLP,6-10 Yrs,Not Disclosed,Remote,3.1,1015  Reviews,2 weeks ago,https://www.naukri.com/job-listings-data-analyst-adobe-analytics-agile-delivery-7m-contract-uk-shift-highspring-india-llp-gurugram-6-to-10-years-010626006856
Data Science and AI Analyst,Hewlett Packard Enterprise,2-3 Yrs,Not Disclosed,Bengaluru,4.0,4678  Reviews,4 days ago,https://www.naukri.com/job-listings-data-science-and-ai-analyst-hewlett-packard-enterprise-bengaluru-2-to-3-years-120626503852
GCR - Data CoE - Advanced Analyst,EY,2-7 Yrs,Not Disclosed,Bengaluru,3.4,14833  Reviews,5 days ago,https://www.naukri.com/job-listings-gcr-data-coe-advanced-analyst-ernst-young-bengaluru-2-to-7-years-110626502739
ACN GN Banking Data Transformation Analyst,Accenture,4-8 Yrs,Not Disclosed,Bengaluru,3.7,74540  Reviews,1 week ago,https://www.naukri.com/job-listings-acn-gn-banking-data-transformation-analyst-accenture-solutions-pvt-ltd-bengaluru-4-to-8-years-090626930114
ANALYST DATA & INSIGHTS,TE Connectivity,6-11 Yrs,Not Disclosed,Bengaluru,4.1,1357  Reviews,6 days ago,https://www.naukri.com/job-listings-analyst-data-insights-te-connectivity-india-private-limited-bengaluru-6-to-11-years-100626936417
Junior Data Analyst - Financial Services v2.0,Aadhar Housing Finance,2-5 Yrs,Not Disclosed,Neyveli,4.0,1957  Reviews,2 weeks ago,https://www.naukri.com/job-listings-junior-data-analyst-financial-services-v2-0-aadhar-housing-finance-limited-neyveli-2-to-5-years-290526508129
Junior Data Analyst,Goda Agro Tech,N/A,Unpaid ,Mumbai,2.0,4  Reviews,Starts in 1-3 months,https://www.naukri.com/job-listings-junior-data-analyst-goda-agrotech-mumbai-2-to-7-years-150526505300
Junior - Data Analyst| Thane,CSB Bank,5-10 Yrs,Not Disclosed,Thane,3.2,1929  Reviews,3+ weeks ago,https://www.naukri.com/job-listings-junior-data-analyst-thane-csb-bank-thane-5-to-10-years-130526500989
Data Scientist-Artificial Intelligence,IBM,12-17 Yrs,Not Disclosed,Hyderabad,3.9,26038  Reviews,6 days ago,https://www.naukri.com/job-listings-data-scientist-artificial-intelligence-ibm-hyderabad-12-to-17-years-100626015853
MIS/Data Entry Analyst,TD Synnex,0-4 Yrs,Not Disclosed,Mumbai,3.8,12  Reviews,3+ weeks ago,https://www.naukri.com/job-listings-mis-data-entry-analyst-td-synnex-mumbai-0-to-4-years-170725503956
Data / Business Analyst  ALM / BSM,Leading IT Software Company,8-13 Yrs,18-33 Lacs PA ,"Hybrid - Gurugram, Chennai, Bengaluru",N/A,N/A,2 weeks ago,https://www.naukri.com/job-listings-data-business-analyst-alm-bsm-lib-cap-infotech-gurugram-chennai-bengaluru-8-to-13-years-280526031485
"Data Eng, Mgmt & Governance Sr Analyst",Accenture,5-8 Yrs,Not Disclosed,Kolkata,3.7,74540  Reviews,3 weeks ago,https://www.naukri.com/job-listings-data-eng-mgmt-governance-sr-analyst-accenture-solutions-pvt-ltd-kolkata-5-to-8-years-250526927931
"Data Eng, Mgmt & Governance Sr Analyst",Accenture,5-10 Yrs,Not Disclosed,Kolkata,3.7,74540  Reviews,3 weeks ago,https://www.naukri.com/job-listings-data-eng-mgmt-governance-sr-analyst-accenture-solutions-pvt-ltd-kolkata-5-to-10-years-200526939893
Senior Analyst - Data Science,LatentView,4-7 Yrs,Not Disclosed,"Madurai, Tiruppur, Salem, Chennai, Tiruchirapalli, Coimbatore",3.4,316  Reviews,Few hours ago,https://www.naukri.com/job-listings-senior-analyst-data-science-latentview-madurai-tiruppur-salem-chennai-tiruchirapalli-coimbatore-4-to-7-years-160626504636
Reference Data - Senior Analyst/Associate Process Manager,eClerx,2-7 Yrs,Not Disclosed,"Chandigarh, Pune",3.1,6420  Reviews,2 weeks ago,https://www.naukri.com/job-listings-reference-data-senior-analyst-associate-process-manager-eclerx-chandigarh-pune-2-to-7-years-270526039933
Senior Analyst - Data Engineering,LatentView,4-7 Yrs,Not Disclosed,Bengaluru,3.4,316  Reviews,3 weeks ago,https://www.naukri.com/job-listings-senior-analyst-data-engineering-latentview-bengaluru-4-to-7-years-260526500673
"Data Eng, Mgmt & Governance Sr. Analyst",Accenture,5-8 Yrs,Not Disclosed,Navi Mumbai,3.7,74540  Reviews,3 weeks ago,https://www.naukri.com/job-listings-data-eng-mgmt-governance-sr-analyst-accenture-solutions-pvt-ltd-navi-mumbai-5-to-8-years-250526921907
Senior Analyst - Data Science,LatentView,3-8 Yrs,Not Disclosed,Chennai,3.4,316  Reviews,Few hours ago,https://www.naukri.com/job-listings-senior-analyst-data-science-latentview-chennai-3-to-8-years-160626504637
Data Science Senior Analyst,Cigna Medical Group,3-6 Yrs,Not Disclosed,Bengaluru,3.0,43  Reviews,4 days ago,https://www.naukri.com/job-listings-data-science-senior-analyst-cigna-medical-group-bengaluru-3-to-6-years-120626503519
Sr Analyst - Data Science:,Cardinal Health,3-5 Yrs,Not Disclosed,Hybrid - Bengaluru(C V Raman Nagar),4.3,331  Reviews,5 days ago,https://www.naukri.com/job-listings-sr-analyst-data-science-cardinal-health-bengaluru-3-to-5-years-110626018529
Sr Analyst - Data Science,Cardinal Health,3-5 Yrs,Not Disclosed,Hybrid - Bengaluru(C V Raman Nagar),4.3,331  Reviews,1 week ago,https://www.naukri.com/job-listings-sr-analyst-data-science-cardinal-health-bengaluru-3-to-5-years-090626025654
Senior Analyst - Data Engineering,Microland,3-8 Yrs,Not Disclosed,Bengaluru,3.5,1958  Reviews,3+ weeks ago,https://www.naukri.com/job-listings-senior-analyst-data-engineering-microland-limited-bengaluru-3-to-8-years-090226500846
Senior Analyst - Data Engineering,Microland,3-7 Yrs,Not Disclosed,Bengaluru,3.5,1958  Reviews,3+ weeks ago,https://www.naukri.com/job-listings-senior-analyst-data-engineering-microland-limited-bengaluru-3-to-7-years-071125501019
Senior Analyst - Data Engineering,Microland,3-7 Yrs,Not Disclosed,Bengaluru,3.5,1958  Reviews,3+ weeks ago,https://www.naukri.com/job-listings-senior-analyst-data-engineering-microland-limited-bengaluru-3-to-7-years-071125501018
Sr. Analyst - Data Engineering ( DE1 ),Microland,3-7 Yrs,Not Disclosed,Bengaluru,3.5,1958  Reviews,3+ weeks ago,https://www.naukri.com/job-listings-sr-analyst-data-engineering-de1-microland-limited-bengaluru-3-to-7-years-070526500107
Data Science Research Senior Analyst,Accenture,2-4 Yrs,Not Disclosed,Hyderabad,3.7,74540  Reviews,3 weeks ago,https://www.naukri.com/job-listings-data-science-research-senior-analyst-accenture-solutions-pvt-ltd-hyderabad-2-to-4-years-220526924084
Senior Analyst - Data Engineering,LatentView,4-7 Yrs,Not Disclosed,Bengaluru,3.4,316  Reviews,3 weeks ago,https://www.naukri.com/job-listings-senior-analyst-data-engineering-latentview-bengaluru-4-to-7-years-220526503961
Clinical Data Svs Sr Analyst,Accenture,5-8 Yrs,Not Disclosed,Mumbai,3.7,74540  Reviews,3+ weeks ago,https://www.naukri.com/job-listings-clinical-data-svs-sr-analyst-accenture-solutions-pvt-ltd-mumbai-5-to-8-years-190526922671
Clinical Data Svs Sr Analyst,Accenture,5-8 Yrs,Not Disclosed,Mumbai,3.7,74540  Reviews,3+ weeks ago,https://www.naukri.com/job-listings-clinical-data-svs-sr-analyst-accenture-solutions-pvt-ltd-mumbai-5-to-8-years-190526922502
Hiring For Finance- Reference Data- Senior Analyst And APM,eClerx,2-7 Yrs,1-6 Lacs PA ,Chandigarh,3.1,6420  Reviews,3+ weeks ago,https://www.naukri.com/job-listings-hiring-for-finance-reference-data-senior-analyst-and-apm-eclerx-chandigarh-2-to-7-years-190526037573
Data Analytics Senior Analyst,Salesforce,2-5 Yrs,Not Disclosed,Hyderabad,3.9,1177  Reviews,3+ weeks ago,https://www.naukri.com/job-listings-data-analytics-senior-analyst-salesforce-hyderabad-2-to-5-years-120226501272
Data Measurement & Reporting Senior Analyst,Cigna Medical Group,8-13 Yrs,Not Disclosed,Bengaluru,3.0,43  Reviews,5 days ago,https://www.naukri.com/job-listings-data-measurement-reporting-senior-analyst-cigna-medical-group-bengaluru-8-to-13-years-110626502523
Senior Solution Analyst - Cloud & Data Center,Microland,3-7 Yrs,Not Disclosed,Bengaluru,3.5,1958  Reviews,3+ weeks ago,https://www.naukri.com/job-listings-senior-solution-analyst-cloud-data-center-microland-limited-bengaluru-3-to-7-years-180925501688
Senior Solution Analyst - Cloud & Data Center,Microland,3-7 Yrs,Not Disclosed,Bengaluru,3.5,1958  Reviews,3+ weeks ago,https://www.naukri.com/job-listings-senior-solution-analyst-cloud-data-center-microland-limited-bengaluru-3-to-7-years-180925501687
Sr Analyst I Data Engineering,DXC Technology,8-10 Yrs,Not Disclosed,Chennai,3.6,12153  Reviews,3+ weeks ago,https://www.naukri.com/job-listings-sr-analyst-i-data-engineering-dxc-technology-chennai-8-to-10-years-150126501111
Financial Data Analyst,Confidential,1-6 Yrs,4-8 Lacs PA ,"Kolkata, Thane, Chennai",N/A,N/A,1 week ago,https://www.naukri.com/job-listings-financial-data-analyst-workforce-management-consultancy-kolkata-thane-chennai-1-to-6-years-080626002571
"Lead, Data Analyst",Kyndryl,7-12 Yrs,Not Disclosed,Noida,3.9,3930  Reviews,2 weeks ago,https://www.naukri.com/job-listings-lead-data-analyst-kyndryl-noida-7-to-12-years-290526505605
Big Data Analyst - Coimbatore,Symbiosis Management Consultants,5-8 Yrs,Not Disclosed,Coimbatore,N/A,N/A,3 weeks ago,https://www.naukri.com/job-listings-big-data-analyst-coimbatore-symbiosis-management-consultants-coimbatore-5-to-8-years-231225022393
Data Analyst Lead,Mako It Lab,4-7 Yrs,Not Disclosed,Chennai,4.6,22  Reviews,3+ weeks ago,https://www.naukri.com/job-listings-data-analyst-lead-mako-it-lab-chennai-4-to-7-years-220426501599
Jr. Data Analyst,Cloud Counselage,N/A,Unpaid ,Mumbai,4.6,38  Reviews,Starts in 1-3 months,https://www.naukri.com/job-listings-jr-data-analyst-cloud-counselage-pvt-ltd-mumbai-1-to-2-years-301225507900
Global Commercial Data Analyst,Lonza,4-7 Yrs,Not Disclosed,Hyderabad,3.8,38  Reviews,3+ weeks ago,https://www.naukri.com/job-listings-global-commercial-data-analyst-lonza-india-pvt-ltd-hyderabad-4-to-7-years-300426501450
Hr Data Analyst,Tekskills India,2-7 Yrs,Not Disclosed,Mumbai,N/A,N/A,2 weeks ago,https://www.naukri.com/job-listings-hr-data-analyst-tekskills-mumbai-2-to-7-years-290526921806
Hr Data Analyst,Tekskills India,2-7 Yrs,Not Disclosed,Navi Mumbai,N/A,N/A,2 weeks ago,https://www.naukri.com/job-listings-hr-data-analyst-tekskills-navi-mumbai-2-to-7-years-290526921802
Technical Data Analyst-Dot Net,TekWissen,8-13 Yrs,Not Disclosed,"Hyderabad, Vadodara",N/A,N/A,2 weeks ago,https://www.naukri.com/job-listings-technical-data-analyst-dot-net-tekwissen-hyderabad-vadodara-8-to-13-years-290526505111
Data Analyst- PowerBI+ SQL(Life Insurance/P&C Domain) Immediate Joiner,IT Service and Consulting,5-9 Yrs,Not Disclosed,Hybrid - Gurugram,N/A,N/A,2 weeks ago,https://www.naukri.com/job-listings-data-analyst-powerbi-sql-life-insurance-p-c-domain-immediate-joiner-winfort-gurugram-5-to-9-years-290526024966
Associate Data Analyst,Satva Offshore Services,2-6 Yrs,Not Disclosed,Ahmedabad,N/A,N/A,2 weeks ago,https://www.naukri.com/job-listings-associate-data-analyst-karyanitya-services-india-ahmedabad-2-to-6-years-290526012029
Lead Data Analyst,Dotsolved Systems,9-14 Yrs,Not Disclosed,Chennai,3.6,38  Reviews,2 weeks ago,https://www.naukri.com/job-listings-lead-data-analyst-dotsolved-systems-chennai-9-to-14-years-290526002981
"Data Analyst, Operations (IP & Legal Compliance)",Roblox,7-12 Yrs,Not Disclosed,Gurugram,4.3,6  Reviews,3+ weeks ago,https://www.naukri.com/job-listings-data-analyst-operations-ip-legal-compliance-roblox-gurugram-7-to-12-years-290426505252
Banking Data Analyst (Marketing Analyst),Leading Client,6-8 Yrs,Not Disclosed,Hyderabad,N/A,N/A,2 weeks ago,https://www.naukri.com/job-listings-banking-data-analyst-marketing-analyst-ideslabs-private-limited-hyderabad-6-to-8-years-280526921268
Master Data Analyst,Leading Client,2-4 Yrs,Not Disclosed,Hyderabad,N/A,N/A,2 weeks ago,https://www.naukri.com/job-listings-master-data-analyst-nextenti-tech-private-limited-hyderabad-2-to-4-years-280526920984
Data Analyst- PowerBI+ SQL,Winfort,4-7 Yrs,Not Disclosed,"Hybrid - New Delhi, Gurugram, Delhi / NCR",N/A,N/A,2 weeks ago,https://www.naukri.com/job-listings-data-analyst-powerbi-sql-winfort-new-delhi-gurugram-delhi-ncr-4-to-7-years-280526019947
Sales Analyst - (Data Analyst),RPM Global Business Capability Center,4-9 Yrs,Not Disclosed,Coimbatore,2.4,16  Reviews,2 weeks ago,https://www.naukri.com/job-listings-sales-analyst-data-analyst-rpm-global-business-capability-center-coimbatore-4-to-9-years-270526020286
Assistant Manager - Data Analyst,Guidehouse,7-12 Yrs,Not Disclosed,Chennai,3.6,981  Reviews,3+ weeks ago,https://www.naukri.com/job-listings-assistant-manager-data-analyst-guidehouse-chennai-7-to-12-years-270326506087
Data Analyst Professional,Krazy Mantra It,7-10 Yrs,Not Disclosed,"Hyderabad, Pune",3.7,93  Reviews,3+ weeks ago,https://www.naukri.com/job-listings-data-analyst-professional-krazy-mantra-group-of-companies-hyderabad-pune-7-to-10-years-270325504524
Test Data Analyst,The It Mind Services,7-10 Yrs,Not Disclosed,Chennai,4.1,17  Reviews,3+ weeks ago,https://www.naukri.com/job-listings-test-data-analyst-the-it-mind-chennai-7-to-10-years-270126504896
Data Analyst-HR,Arohan,3-7 Yrs,6.5-12 Lacs PA ,Kolkata,3.9,1015  Reviews,3 weeks ago,https://www.naukri.com/job-listings-data-analyst-hr-arohan-kolkata-3-to-7-years-260526035863
Associate Data Analyst,Pramerica Life Insurance,1-3 Yrs,Not Disclosed,Gurugram,3.7,965  Reviews,3+ weeks ago,https://www.naukri.com/job-listings-associate-data-analyst-dhfl-pramarica-life-insurance-company-gurugram-1-to-3-years-251125502320
Data Analyst Lead - Python / SQL / Advance Excel,Jero Technologies,5-10 Yrs,Not Disclosed,"Mumbai, Pune, Delhi / NCR",N/A,N/A,3 weeks ago,https://www.naukri.com/job-listings-data-analyst-lead-python-sql-advance-excel-jero-technologies-mumbai-pune-delhi-ncr-5-to-10-years-220526924797
Clinical Data Analyst,Talentico Consultancy Services,2-6 Yrs,Not Disclosed,Pune,N/A,N/A,2 weeks ago,https://www.naukri.com/job-listings-clinical-data-analyst-talentico-consultancy-services-pune-2-to-6-years-220526029651
Supply Chain Data Analyst,Forever New,1-4 Yrs,Not Disclosed,Gurugram,4.0,127  Reviews,3+ weeks ago,https://www.naukri.com/job-listings-supply-chain-data-analyst-forever-new-clothing-pty-ltd-gurugram-1-to-4-years-220324501122
"Data Analyst, Cross Reference",Global Industrial,3-5 Yrs,Not Disclosed,Mumbai,3.7,10  Reviews,3 weeks ago,https://www.naukri.com/job-listings-data-analyst-cross-reference-global-industrial-mumbai-3-to-5-years-200526504050
"Data Analyst II, RM - AMER",Criteo,4-9 Yrs,Not Disclosed,Gurugram,4.3,21  Reviews,3 weeks ago,https://www.naukri.com/job-listings-data-analyst-ii-rm-amer-criteo-gurugram-4-to-9-years-200526503018
Assistant Vice President (Data Analyst),US MNC (analytics),7-12 Yrs,30-45 Lacs PA ,"Hybrid - Noida, New Delhi, Gurugram",N/A,N/A,3 weeks ago,https://www.naukri.com/job-listings-assistant-vice-president-data-analyst-aspyra-hr-services-noida-new-delhi-gurugram-7-to-12-years-200526031050
Data Analyst - Power BI,Ecotech IT Solutions,5-10 Yrs,10-20 Lacs PA ,Pune,N/A,N/A,2 weeks ago,https://www.naukri.com/job-listings-data-analyst-power-bi-fabric-pune-5-to-10-years-200426007998
Data Analyst - Logistics Operations,Magenta Ev Solutions,8-10 Yrs,Not Disclosed,Mumbai,3.5,69  Reviews,3+ weeks ago,https://www.naukri.com/job-listings-data-analyst-logistics-operations-magenta-ev-mumbai-8-to-10-years-200226500045
Data Analysis Professional,VS2 Digital,4-7 Yrs,Not Disclosed,Ghaziabad,N/A,N/A,3+ weeks ago,https://www.naukri.com/job-listings-data-analysis-professional-vs2-digital-private-limited-ghaziabad-4-to-7-years-200225503759
Big Data Analyst - Coimbatore,Flexi Careers India,5-10 Yrs,Not Disclosed,Coimbatore,N/A,N/A,3+ weeks ago,https://www.naukri.com/job-listings-big-data-analyst-coimbatore-flexi-careers-india-coimbatore-5-to-10-years-190526038432
Supply Chain Data Analyst,Nextracker,4-6 Yrs,Not Disclosed,Hyderabad,4.2,69  Reviews,3+ weeks ago,https://www.naukri.com/job-listings-supply-chain-data-analyst-nextracker-inc-hyderabad-4-to-6-years-190326502878
IT Risk and Security Engineer (Data Analyst),Dtcc,4-9 Yrs,Not Disclosed,Hyderabad,3.7,113  Reviews,3+ weeks ago,https://www.naukri.com/job-listings-it-risk-and-security-engineer-data-analyst-dtcc-hyderabad-4-to-9-years-180526917662
Technical Data Analyst,bp,3-6 Yrs,9-15 Lacs PA ,Pune,3.7,736  Reviews,2 weeks ago,https://www.naukri.com/job-listings-technical-data-analyst-bp-pune-3-to-6-years-170426027805
HR Data Analyst,Highway Roop Precision Technologies,3-6 Yrs,7-10 Lacs PA ,Gurugram,4.0,23  Reviews,3+ weeks ago,https://www.naukri.com/job-listings-hr-data-analyst-highway-roop-precision-technologies-gurugram-3-to-6-years-160526009916
Hiring Lead Data Analyst,TechAffinity,5-8 Yrs,Not Disclosed,Hybrid - Chennai,4.3,51  Reviews,3+ weeks ago,https://www.naukri.com/job-listings-hiring-lead-data-analyst-techaffinity-chennai-5-to-8-years-160426020676
Data Analyst - Supply Chain (IN),World Courier,3-8 Yrs,Not Disclosed,Pune,4.6,5  Reviews,3+ weeks ago,https://www.naukri.com/job-listings-data-analyst-supply-chain-in-world-courier-pune-3-to-8-years-130526502177
Product Data Analyst,Yugabyte,1-4 Yrs,Not Disclosed,Mumbai,3.4,18  Reviews,3+ weeks ago,https://www.naukri.com/job-listings-product-data-analyst-yugabytedb-mumbai-1-to-4-years-130526500134
Call Center Data Analyst,Lytegen,4-6 Yrs,Not Disclosed,Mohali,N/A,N/A,3+ weeks ago,https://www.naukri.com/job-listings-call-center-data-analyst-lytegen-mohali-4-to-6-years-130226504318
Base Data Analyst,Integrichain,1-4 Yrs,Not Disclosed,Pune,3.5,71  Reviews,3+ weeks ago,https://www.naukri.com/job-listings-base-data-analyst-integrichain-pune-1-to-4-years-100426503088
"Data Analyst Lead, RevOps",Payoneer,4-8 Yrs,Not Disclosed,Gurugram,3.7,10  Reviews,3+ weeks ago,https://www.naukri.com/job-listings-data-analyst-lead-revops-payoneer-gurugram-4-to-8-years-100426502109
"Data Analyst - Web Scraping, Data Engineering & Automation",India's topmost FMCG Conglomerate,2-7 Yrs,10-12 Lacs PA ,Kolkata,N/A,N/A,1 week ago,https://www.naukri.com/job-listings-data-analyst-web-scraping-data-engineering-automation-options-india-group-kolkata-2-to-7-years-100426022857
Supply Chain Data Analyst,Nextracker,3-5 Yrs,Not Disclosed,Hyderabad,4.2,69  Reviews,3+ weeks ago,https://www.naukri.com/job-listings-supply-chain-data-analyst-nextracker-inc-hyderabad-3-to-5-years-090126501806
Associate Data Analyst,PIT Solutions,1-4 Yrs,Not Disclosed,Thiruvananthapuram,3.8,230  Reviews,3+ weeks ago,https://www.naukri.com/job-listings-associate-data-analyst-pit-solutions-pvt-ltd-thiruvananthapuram-1-to-4-years-080526500380
Data Analyst and Engineering,Wohlig Technology,3-5 Yrs,Not Disclosed,Mumbai,2.6,43  Reviews,3+ weeks ago,https://www.naukri.com/job-listings-data-analyst-and-engineering-wohlig-transformations-mumbai-3-to-5-years-080126503223
Data analyst and data Science trainer,D-Tech Point,1-2 Yrs,Not Disclosed,Pune,4.7,6  Reviews,1 week ago,https://www.naukri.com/job-listings-data-analyst-and-data-science-trainer-d-tech-point-pune-1-to-2-years-060626009033
Data Analyst Procurement & Sourcing Analytics,Owens & Minor,5-8 Yrs,Not Disclosed,Pune,3.6,58  Reviews,3+ weeks ago,https://www.naukri.com/job-listings-data-analyst-procurement-sourcing-analytics-owens-minor-pune-5-to-8-years-060526504545
Financial Data Analyst,Simcorp,2-4 Yrs,Not Disclosed,Noida,3.9,74  Reviews,3+ weeks ago,https://www.naukri.com/job-listings-financial-data-analyst-simcorp-noida-2-to-4-years-060526504314
Medical Data Analyst,Exxat Systems,2-5 Yrs,Not Disclosed,Vadodara,3.5,96  Reviews,3+ weeks ago,https://www.naukri.com/job-listings-medical-data-analyst-exxat-vadodara-2-to-5-years-060526501830
Data Analysis Professional,cWebConsultants,5-10 Yrs,Not Disclosed,Mohali,1.0,2  Reviews,3+ weeks ago,https://www.naukri.com/job-listings-data-analysis-professional-cwebconsultants-mohali-5-to-10-years-060426500636
Data Analysis Professional,Agpulse Analytica,1-4 Yrs,Not Disclosed,Ghaziabad,N/A,N/A,3+ weeks ago,https://www.naukri.com/job-listings-data-analysis-professional-agpulse-analytica-ghaziabad-1-to-4-years-060325504665
Data Analyst - Finance,Databeat,2-5 Yrs,Not Disclosed,Hyderabad,3.3,26  Reviews,3+ weeks ago,https://www.naukri.com/job-listings-data-analyst-finance-databeat-hyderabad-2-to-5-years-050326500230
Data Analyst || IT Company in Gurgaon || 5 Days Working,IT Company,3-6 Yrs,6-8.5 Lacs PA ,Gurugram,N/A,N/A,1 week ago,https://www.naukri.com/job-listings-data-analyst-it-company-in-gurgaon-5-days-working-good-hr-services-gurugram-3-to-6-years-040626031299
Data Analyst: Remote Job IT company,Steno House,2-7 Yrs,6-10 Lacs PA ,Remote,N/A,N/A,1 week ago,https://www.naukri.com/job-listings-data-analyst-remote-it-company-steno-house-noida-2-to-7-years-040626023032
Associate Data Analyst,UPS Supply Chain Solutions (UPS SCS),4-8 Yrs,Not Disclosed,Chennai,3.6,894  Reviews,3+ weeks ago,https://www.naukri.com/job-listings-associate-data-analyst-ups-pvt-ltd-chennai-4-to-8-years-021225506376
Data Analyst Trainer (Part Time Onsite),Weltec,3-6 Yrs,Not Disclosed,"Ahmedabad, Vadodara",5.0,2  Reviews,2 weeks ago,https://www.naukri.com/job-listings-data-analyst-trainer-part-time-onsite-weltec-ahmedabad-vadodara-3-to-6-years-020626023004
Data Analyst Team Lead,Cloud Counselage,4-7 Yrs,Not Disclosed,Mumbai,4.6,38  Reviews,3+ weeks ago,https://www.naukri.com/job-listings-data-analyst-team-lead-cloud-counselage-pvt-ltd-mumbai-4-to-7-years-301225508010
Pre Sales Data Analyst,Verdantis,2-7 Yrs,Not Disclosed,Mumbai,3.6,25  Reviews,3+ weeks ago,https://www.naukri.com/job-listings-pre-sales-data-analyst-verdantis-mumbai-2-to-7-years-300126501365
Associate Data Analyst,BRR Softwares Systems,1-3 Yrs,Not Disclosed,Hyderabad,5.0,2  Reviews,3+ weeks ago,https://www.naukri.com/job-listings-associate-data-analyst-brrsoftwares-systems-private-limited-hyderabad-1-to-3-years-281024502275
Data Analyst (SAP Analytics Cloud),Expound Technivo,3-7 Yrs,Not Disclosed,Mumbai,4.2,107  Reviews,3+ weeks ago,https://www.naukri.com/job-listings-data-analyst-sap-analytics-cloud-expound-technivo-pvt-ltd-mumbai-3-to-7-years-280924502095
Data Analyst Lead,Amnet Digital,6-11 Yrs,Not Disclosed,Hyderabad,3.2,73  Reviews,3+ weeks ago,https://www.naukri.com/job-listings-data-analyst-lead-amnet-digital-hyderabad-6-to-11-years-280725500935
Data Analyst - Technology,Vayaa Systems,1-3 Yrs,Not Disclosed,Hyderabad,N/A,N/A,3+ weeks ago,https://www.naukri.com/job-listings-data-analyst-technology-vayaa-systems-hyderabad-1-to-3-years-280618500165
Data Analyst - ETL-Big Data-GCP,Leading Client,6-11 Yrs,Not Disclosed,Gurugram,N/A,N/A,2 weeks ago,https://www.naukri.com/job-listings-data-analyst-etl-big-data-gcp-bcforward-india-technologies-private-limited-gurugram-6-to-11-years-280526915171
Warehouse Data Analyst,Paras Spices,2-6 Yrs,Not Disclosed,Ludhiana,3.6,149  Reviews,2 weeks ago,https://www.naukri.com/job-listings-warehouse-data-analyst-paras-spices-pvt-ltd-ludhiana-2-to-6-years-280526501918
Data Analysis & Reporting Professional,Yeshshree Press Comps,5-6 Yrs,Not Disclosed,Aurangabad,3.6,143  Reviews,3+ weeks ago,https://www.naukri.com/job-listings-data-analysis-reporting-professional-yeshshree-press-comps-pvt-ltd-aurangabad-5-to-6-years-270326501179
Data Analysis & Reporting,Century Enka,3-5 Yrs,Not Disclosed,Jhagadia,4.1,274  Reviews,3+ weeks ago,https://www.naukri.com/job-listings-data-analysis-reporting-century-enka-jhagadia-3-to-5-years-270326500877
AI Engineer Data Analyst,Meru Software,2-5 Yrs,Not Disclosed,Hyderabad,N/A,N/A,3+ weeks ago,https://www.naukri.com/job-listings-ai-engineer-data-analyst-meru-software-pvt-ltd-hyderabad-2-to-5-years-270226504529
Data Analyst/ Power BI Developer,Ethiqual Global,3-5 Yrs,6.5-8 Lacs PA ,Pune,3.0,14  Reviews,3 weeks ago,https://www.naukri.com/job-listings-data-analyst-power-bi-developer-ethiqual-global-pune-3-to-5-years-250526009171
Lean Process Data Analysts,Han Digital Solution,2-6 Yrs,Not Disclosed,"Lakshadweep, Chandigarh, Daman & Diu, New Delhi, Jammu",N/A,N/A,3+ weeks ago,https://www.naukri.com/job-listings-lean-process-data-analysts-han-digital-solution-lakshadweep-chandigarh-daman-diu-new-delhi-jammu-2-to-6-years-241125505278
Warehouse Data Analyst,Organic India,2-5 Yrs,Not Disclosed,Lucknow,N/A,N/A,3+ weeks ago,https://www.naukri.com/job-listings-warehouse-data-analyst-organic-india-private-limited-lucknow-2-to-5-years-240326505395
Finance Platform Solutions Data Analyst,Macquarie,5-10 Yrs,Not Disclosed,Gurugram,3.1,526  Reviews,3+ weeks ago,https://www.naukri.com/job-listings-finance-platform-solutions-data-analyst-macquarie-global-services-pvt-ltd-gurugram-5-to-10-years-230326502107
Data Analyst Digital Marketing,Han Digital Solution,2-6 Yrs,Not Disclosed,"Warangal, Hyderabad, Nizamabad",N/A,N/A,3+ weeks ago,https://www.naukri.com/job-listings-data-analyst-digital-marketing-han-digital-solution-warangal-hyderabad-nizamabad-2-to-6-years-221125501117
Lead Data Analyst,Enculture,8-10 Yrs,Not Disclosed,Pune,4.5,5  Reviews,3+ weeks ago,https://www.naukri.com/job-listings-lead-data-analyst-enculture-pune-8-to-10-years-220725503250
Data Analyst (Master Data Mangement),Sunbrilo Technology,6-11 Yrs,Not Disclosed,Hybrid - Pune(Shivaji Nagar),4.1,55  Reviews,3 weeks ago,https://www.naukri.com/job-listings-data-analyst-master-data-mangement-sunbrilo-technology-pune-6-to-11-years-220526022842
Data Analyst - Manager (Fixed Term Contract),FedEx,10-20 Yrs,Not Disclosed,Pune,4.0,1396  Reviews,3 weeks ago,https://www.naukri.com/job-listings-data-analyst-manager-fixed-term-contract-fedex-pune-10-to-20-years-210526007099
SAP Data Analyst,Lumasense Technologies,3-5 Yrs,Not Disclosed,Pune,N/A,N/A,3+ weeks ago,https://www.naukri.com/job-listings-sap-data-analyst-lumasense-technologies-formerly-luxtron-pune-3-to-5-years-190126502872
Clinical Data Analyst (CDA),Endpoint Data Analytics,2-7 Yrs,Not Disclosed,Hyderabad,3.8,2  Reviews,3+ weeks ago,https://www.naukri.com/job-listings-clinical-data-analyst-cda-endpoint-data-analytics-hyderabad-2-to-7-years-180925501080
Data Analyst - Advanced Analytics,Clearview Healthcare Partners,1-3 Yrs,Not Disclosed,Gurugram,N/A,N/A,3+ weeks ago,https://www.naukri.com/job-listings-data-analyst-advanced-analytics-clearview-healthcare-partners-gurugram-1-to-3-years-171225503258
Data Analyst - E-Commerce Operations,Color Papers,1-3 Yrs,Not Disclosed,Thane,4.6,20  Reviews,3+ weeks ago,https://www.naukri.com/job-listings-data-analyst-e-commerce-operations-color-papers-india-private-limited-thane-1-to-3-years-160326503908
Data Analyst Healthcare Domain,360DigiTMG,1-6 Yrs,Not Disclosed,Hyderabad,4.1,108  Reviews,3+ weeks ago,https://www.naukri.com/job-listings-data-analyst-healthcare-domain-360digitmg-hyderabad-1-to-6-years-151025503946
Data Analyst (Associate Level),ICG Medical,1-6 Yrs,Not Disclosed,Gurugram,2.3,122  Reviews,3+ weeks ago,https://www.naukri.com/job-listings-data-analyst-associate-level-icg-medical-india-pvt-ltd-gurugram-1-to-6-years-150526502468
Clinical Data Analyst I,Clinztech Research Solutions,1-5 Yrs,Not Disclosed,Hyderabad,4.6,21  Reviews,3+ weeks ago,https://www.naukri.com/job-listings-clinical-data-analyst-i-clinztech-hyderabad-1-to-5-years-140725504003
Data Analyst Intern,Evoastra Ventures,1-4 Yrs,Not Disclosed,Hyderabad,4.2,18  Reviews,3+ weeks ago,https://www.naukri.com/job-listings-data-analyst-intern-evoastra-ventures-pvt-ltd-hyderabad-1-to-4-years-140725503496
Specialist- Data Analyst Service,Nordex Engineering And Technology,4-9 Yrs,Not Disclosed,Chennai,2.8,17  Reviews,3+ weeks ago,https://www.naukri.com/job-listings-specialist-data-analyst-service-nordex-engineering-technology-private-limited-chennai-4-to-9-years-130426501801
Databricks Tech Lead/Data Analyst/ Engineer/,Han Digital Solution,10-12 Yrs,Not Disclosed,Chennai,N/A,N/A,3+ weeks ago,https://www.naukri.com/job-listings-databricks-tech-lead-data-analyst-engineer-han-digital-solution-chennai-10-to-12-years-130126502651
Data Analysis & Report Writing Professional,Aim Research and Consultancy,1-4 Yrs,Not Disclosed,Ahmedabad,N/A,N/A,3+ weeks ago,https://www.naukri.com/job-listings-data-analysis-report-writing-professional-aim-research-and-consultancy-ahmedabad-1-to-4-years-130125502968
Big Data Analyst,R3coder,1-6 Yrs,Not Disclosed,Ahmedabad,N/A,N/A,3+ weeks ago,https://www.naukri.com/job-listings-big-data-analyst-r3coder-ahmedabad-1-to-6-years-120719500622
Lead Data Analyst - Power BI,Bot Consulting,5-8 Yrs,Not Disclosed,Jaipur,4.7,4  Reviews,3+ weeks ago,https://www.naukri.com/job-listings-lead-data-analyst-power-bi-bot-consulting-jaipur-5-to-8-years-120625504514
Data Analysis and Data Visualization Application Developer,Alegra Labs,3-6 Yrs,Not Disclosed,Guwahati,4.8,5  Reviews,3+ weeks ago,https://www.naukri.com/job-listings-data-analysis-and-data-visualization-application-developer-alegra-labs-guwahati-3-to-6-years-111022501759
Clinical Data Analyst III,Clinztech Research Solutions,4-6 Yrs,Not Disclosed,Hyderabad,4.6,21  Reviews,3+ weeks ago,https://www.naukri.com/job-listings-clinical-data-analyst-iii-clinztech-hyderabad-4-to-6-years-110725500677
Data Analyst/Content Writer Specialist,Sunderella,2-5 Yrs,Not Disclosed,Mysuru,N/A,N/A,3+ weeks ago,https://www.naukri.com/job-listings-data-analyst-content-writer-specialist-sunderella-mysuru-2-to-5-years-110623500005
Data Analyst-Fresher,Cogniview,4-9 Yrs,Not Disclosed,Hyderabad,N/A,N/A,3+ weeks ago,https://www.naukri.com/job-listings-data-analyst-fresher-cogniview-hyderabad-4-to-9-years-110526504398
"Program Assistant Data Analysis, Academic Grading, Program Management",OP Jindal University (OPJU),2-7 Yrs,Not Disclosed,Sonipat,3.8,109  Reviews,3+ weeks ago,https://www.naukri.com/job-listings-program-assistant-data-analysis-academic-grading-program-management-op-jindal-university-sonipat-2-to-7-years-090226503971
Data Analyst Trainee,Jasp Information Solutions,3-6 Yrs,Not Disclosed,Visakhapatnam,2.7,11  Reviews,3+ weeks ago,https://www.naukri.com/job-listings-data-analyst-trainee-jasp-labs-india-pvt-ltd-visakhapatnam-3-to-6-years-081124502912
Data Analyst Trainee,Jasp Information Solutions,2-4 Yrs,Not Disclosed,Visakhapatnam,2.7,11  Reviews,3+ weeks ago,https://www.naukri.com/job-listings-data-analyst-trainee-jasp-labs-india-pvt-ltd-visakhapatnam-2-to-4-years-081124502825
Product Analyst/Data Analyst,Impact Guru,1-4 Yrs,Not Disclosed,Mumbai,3.5,436  Reviews,3+ weeks ago,https://www.naukri.com/job-listings-product-analyst-data-analyst-impact-guru-mumbai-1-to-4-years-080224500658
Research Associate Data Analysis and Quality Assurance,Neerman,1-4 Yrs,Not Disclosed,Mumbai,3.7,7  Reviews,3+ weeks ago,https://www.naukri.com/job-listings-research-associate-data-analysis-and-quality-assurance-neerman-mumbai-1-to-4-years-070725502426
R Programming Trainer (for data analysis),Aryavart Institute Of Technology,2-5 Yrs,Not Disclosed,Supaul,2.0,2  Reviews,3+ weeks ago,https://www.naukri.com/job-listings-r-programming-trainer-for-data-analysis-aryavart-institute-of-technology-supaul-2-to-5-years-060924501490
Excel For Data Analysis Trainer,Aryavart Institute Of Technology,2-5 Yrs,Not Disclosed,Supaul,2.0,2  Reviews,3+ weeks ago,https://www.naukri.com/job-listings-excel-for-data-analysis-trainer-aryavart-institute-of-technology-supaul-2-to-5-years-060924501463
Data Analysis Trainer,Aryavart Institute Of Technology,2-5 Yrs,Not Disclosed,Supaul,2.0,2  Reviews,3+ weeks ago,https://www.naukri.com/job-listings-data-analysis-trainer-aryavart-institute-of-technology-supaul-2-to-5-years-060924501462
Data Analyst (SQL Tableau ),Overture Rede,3-6 Yrs,Not Disclosed,Chennai,3.8,32  Reviews,3+ weeks ago,https://www.naukri.com/job-listings-data-analyst-sql-tableau-overture-rede-pvt-ltd-chennai-3-to-6-years-060924500507
LEAD DATA ANALYST - AWS,Happiest Minds Technologies,8-12 Yrs,Not Disclosed,Pune,3.4,1467  Reviews,3+ weeks ago,https://www.naukri.com/job-listings-lead-data-analyst-aws-happiest-minds-technologies-pvt-ltd-pune-8-to-12-years-060526500481
Data Analyst-Fresher,Synaptica Tech,4-9 Yrs,Not Disclosed,Hyderabad,N/A,N/A,3+ weeks ago,https://www.naukri.com/job-listings-data-analyst-fresher-synapticatech-hyderabad-4-to-9-years-060426501806
Fair Functional Analyst Data Analyst,Vivid Techno Solutions,5-7 Yrs,Not Disclosed,Mumbai,N/A,N/A,3+ weeks ago,https://www.naukri.com/job-listings-fair-functional-analyst-data-analyst-vivid-techno-solutions-pty-ltd-mumbai-5-to-7-years-060226505472
AM- BLA Data Analyst,Securens Systems,3-6 Yrs,Not Disclosed,Mumbai,3.9,246  Reviews,3+ weeks ago,https://www.naukri.com/job-listings-am-bla-data-analyst-securens-systems-pvt-ltd-mumbai-3-to-6-years-050226503574
Associate Data Analyst,Talentas Technology,1-2 Yrs,Not Disclosed,Hyderabad,3.1,11  Reviews,3+ weeks ago,https://www.naukri.com/job-listings-associate-data-analyst-talentas-technology-private-limited-hyderabad-1-to-2-years-041022500913
Data Analyst - SquareOne Insights,Squareone Insights,2-7 Yrs,Not Disclosed,Mumbai,4.0,29  Reviews,3+ weeks ago,https://www.naukri.com/job-listings-data-analyst-squareone-insights-squareone-insights-mumbai-2-to-7-years-040925502287
Advanced Data Analyst,Sidel,2-4 Yrs,Not Disclosed,Pune,3.7,150  Reviews,3+ weeks ago,https://www.naukri.com/job-listings-advanced-data-analyst-sidel-pune-2-to-4-years-040825506330
Associate Internal Audit and Data Analysis,Ruby Consulting,5-10 Yrs,Not Disclosed,Jaipur,N/A,N/A,3+ weeks ago,https://www.naukri.com/job-listings-associate-internal-audit-and-data-analysis-ruby-consulting-jaipur-5-to-10-years-040526502324
SAP Master Data Analyst _Poonam,Iflowtech Solutions,3-8 Yrs,Not Disclosed,Hyderabad,N/A,N/A,3+ weeks ago,https://www.naukri.com/job-listings-sap-master-data-analyst-poonam-iflowtech-solutions-hyderabad-3-to-8-years-040526501330
Clinical Data Analyst III,Clinztech Research Solutions,4-6 Yrs,Not Disclosed,Hyderabad,4.6,21  Reviews,3+ weeks ago,https://www.naukri.com/job-listings-clinical-data-analyst-iii-clinztech-hyderabad-4-to-6-years-030426505693
Data Analysis Professional,Rishi Fibc Solutions,2-7 Yrs,Not Disclosed,Mysuru,3.7,104  Reviews,3+ weeks ago,https://www.naukri.com/job-listings-data-analysis-professional-rishi-fibc-solutions-pvt-ltd-mysuru-2-to-7-years-020424500966
Safety data analyst (Pharmacovigilance),Clinnovo Research Labs,1-2 Yrs,Not Disclosed,Hyderabad,4.4,11  Reviews,3+ weeks ago,https://www.naukri.com/job-listings-safety-data-analyst-pharmacovigilance-clinnovo-research-labs-private-limited-hyderabad-1-to-2-years-020226500322
Specialist - Data Analyst (Main Converter),Nordex Engineering And Technology,5-10 Yrs,Not Disclosed,Chennai,2.8,17  Reviews,3+ weeks ago,https://www.naukri.com/job-listings-specialist-data-analyst-main-converter-nordex-engineering-technology-private-limited-chennai-5-to-10-years-011225502909
Data Analyst - French,Numerator,1-4 Yrs,Not Disclosed,Vadodara,3.9,267  Reviews,3+ weeks ago,https://www.naukri.com/job-listings-data-analyst-french-numerator-vadodara-1-to-4-years-010825504430
Data Analyst - Attribution (French),Numerator,1-4 Yrs,Not Disclosed,Vadodara,3.9,267  Reviews,3+ weeks ago,https://www.naukri.com/job-listings-data-analyst-attribution-french-numerator-vadodara-1-to-4-years-010825504429
QC Data Analyst - Production Validation,Numerator,2-9 Yrs,Not Disclosed,Vadodara,3.9,267  Reviews,3+ weeks ago,https://www.naukri.com/job-listings-qc-data-analyst-production-validation-numerator-vadodara-2-to-9-years-010825503755
Data Quality Analyst,Moxie Systems Inc,0-2 Yrs,Not Disclosed,Hyderabad,N/A,N/A,1 week ago,https://www.naukri.com/job-listings-data-quality-analyst-moxie-systems-inc-hyderabad-0-to-2-years-080626502232
Data Research Analyst,fluid.live,0-2 Yrs,Not Disclosed,Pune(Kalyani Nagar),4.3,25  Reviews,1 week ago,https://www.naukri.com/job-listings-data-research-analyst-fluid-live-pune-0-to-2-years-080626013945
Data & Analytics Governance Analyst,Careernet,5-7 Yrs,Not Disclosed,Bengaluru,N/A,N/A,1 week ago,https://www.naukri.com/job-listings-data-analytics-governance-analyst-careernet-bengaluru-5-to-7-years-030626021023
Lead Data Management Analyst,Wells Fargo,8-13 Yrs,Not Disclosed,Bengaluru,3.6,8839  Reviews,1 week ago,https://www.naukri.com/job-listings-lead-data-management-analyst-wells-fargo-international-solutions-private-ltd-bengaluru-8-to-13-years-080626933309
Associate List Analyst,Data Axle Solutions,0-2 Yrs,Not Disclosed,Pune,3.7,89  Reviews,1 week ago,https://www.naukri.com/job-listings-associate-list-analyst-data-axle-pune-0-to-2-years-050626503189
Analyst Data & Insights III,TE Connectivity,5-10 Yrs,Not Disclosed,Bengaluru,4.1,1357  Reviews,1 week ago,https://www.naukri.com/job-listings-analyst-data-insights-iii-te-connectivity-india-private-limited-bengaluru-5-to-10-years-030626928199
Clinical Data Svs Analyst,Accenture,3-5 Yrs,Not Disclosed,Bengaluru,3.7,74540  Reviews,2 weeks ago,https://www.naukri.com/job-listings-clinical-data-svs-analyst-accenture-solutions-pvt-ltd-bengaluru-3-to-5-years-020626920392
"Lead Analyst Supplier Data Management, US (Spanish)",Oracle,3-8 Yrs,5-12 Lacs PA ,Hybrid - Bengaluru,3.3,6612  Reviews,2 weeks ago,https://www.naukri.com/job-listings-lead-analyst-supplier-data-management-us-spanish-oracle-bengaluru-3-to-8-years-010626004208
S&C Global Network - AI - Retail - Consultant - Data Scientist,Accenture,3-7 Yrs,Not Disclosed,Gurugram,3.7,74540  Reviews,1 week ago,https://www.naukri.com/job-listings-s-c-global-network-ai-retail-consultant-data-scientist-accenture-solutions-pvt-ltd-gurugram-3-to-7-years-080626922606
Junior Data Engineer/Analyst (Python),360DigiTMG,0-1 Yrs,Not Disclosed,Chennai,4.1,108  Reviews,3+ weeks ago,https://www.naukri.com/job-listings-junior-data-engineer-analyst-python-360digitmg-chennai-0-to-1-years-180825504110
Business Analyst- Data Governance,Kemin Industries,1-3 Yrs,Not Disclosed,Chennai,4.2,108  Reviews,1 week ago,https://www.naukri.com/job-listings-business-analyst-data-governance-kemin-industries-inc-chennai-1-to-3-years-080626501809
Business Analyst Financial Markets & Fixed Income Data Processing,Sisco Jobs,3-5 Yrs,Not Disclosed,Chennai,3.2,7  Reviews,1 week ago,https://www.naukri.com/job-listings-business-analyst-financial-markets-fixed-income-data-processing-sisco-jobs-chennai-3-to-5-years-030626504599
"Senior Analyst, Big Data Analytics & Engineering",Mastercard,5-9 Yrs,Not Disclosed,Vadodara,3.8,1017  Reviews,2 weeks ago,https://www.naukri.com/job-listings-senior-analyst-big-data-analytics-engineering-mastercard-india-services-private-limited-vadodara-5-to-9-years-270526932839
"Senior Analyst, Data Strategy",Mastercard,4-7 Yrs,Not Disclosed,Gurugram,3.8,1017  Reviews,3 weeks ago,https://www.naukri.com/job-listings-senior-analyst-data-strategy-mastercard-india-services-private-limited-gurugram-4-to-7-years-200526937808
Data Center Server & Storage Senior Analyst,Bunge,4-9 Yrs,Not Disclosed,Mohali,3.9,778  Reviews,1 week ago,https://www.naukri.com/job-listings-data-center-server-storage-senior-analyst-bunge-mohali-4-to-9-years-090626500611
"Senior Analyst, Data Quality Programs",Mastercard,5-8 Yrs,Not Disclosed,Gurugram,3.8,1017  Reviews,3 weeks ago,https://www.naukri.com/job-listings-senior-analyst-data-quality-programs-mastercard-india-services-private-limited-gurugram-5-to-8-years-200526937599
Market Risk Data Analytics - Senior Quantitative Analyst,Crisil,5-13 Yrs,Not Disclosed,Pune,3.5,1966  Reviews,3+ weeks ago,https://www.naukri.com/job-listings-market-risk-data-analytics-senior-quantitative-analyst-crisil-pune-5-to-13-years-160226503107
Senior Analyst - Data Engineering,LatentView,4-6 Yrs,Not Disclosed,Chennai,3.4,316  Reviews,5 days ago,https://www.naukri.com/job-listings-senior-analyst-data-engineering-latentview-chennai-4-to-6-years-110626500961
Data Governance Senior Financial Analyst,Kenvue Brands LLC,2-5 Yrs,Not Disclosed,Bengaluru,3.6,179  Reviews,2 weeks ago,https://www.naukri.com/job-listings-data-governance-senior-financial-analyst-kenvue-brands-llc-bengaluru-2-to-5-years-010626504867
Senior Data Quality Analyst,Crisil,5-8 Yrs,Not Disclosed,Pune,3.5,1966  Reviews,3+ weeks ago,https://www.naukri.com/job-listings-senior-data-quality-analyst-crisil-pune-5-to-8-years-100326501163
Risk Data Management - Senior Risk Analyst,Crisil,5-7 Yrs,Not Disclosed,Pune,3.5,1966  Reviews,3+ weeks ago,https://www.naukri.com/job-listings-risk-data-management-senior-risk-analyst-crisil-pune-5-to-7-years-081025503230
Analyst,eClerx,0-2 Yrs,Not Disclosed,Navi Mumbai,3.1,6420  Reviews,3+ weeks ago,https://www.naukri.com/job-listings-analyst-eclerx-services-ltd-navi-mumbai-0-to-2-years-241225026003
Analyst,eClerx,0-2 Yrs,Not Disclosed,Chandigarh,3.1,6420  Reviews,3+ weeks ago,https://www.naukri.com/job-listings-analyst-eclerx-services-ltd-chandigarh-0-to-2-years-200126041832
Vendor Master data analyst,Othain Software Services India,2-5 Yrs,Not Disclosed,Hyderabad(Mind Space),2.9,81  Reviews,2 weeks ago,https://www.naukri.com/job-listings-vendor-master-data-analyst-othain-software-services-india-hyderabad-2-to-5-years-270526013829
Urgent Need/Salesforce CRM-Data Analysis-SAP Hana (Must)/Gurgaon,Heavy Engineering Industry,4-8 Yrs,8-10 Lacs PA ,Gurugram,N/A,N/A,3+ weeks ago,https://www.naukri.com/job-listings-urgent-need-salesforce-crm-data-analysis-sap-hana-must-gurgaon-career-future-consultant-gurugram-4-to-8-years-180526014426
Lead Data Analyst (AMI Operations & SLA Analytics),Apraava Energy,5-10 Yrs,5-9 Lacs PA ,Jaipur,N/A,N/A,2 weeks ago,https://www.naukri.com/job-listings-lead-data-analyst-ami-operations-sla-analytics-vision-india-services-jaipur-5-to-10-years-270526013533
Data Research Analyst,Market Expertise,0-3 Yrs,Not Disclosed,Pune,3.6,13  Reviews,2 weeks ago,https://www.naukri.com/job-listings-data-research-analyst-market-expertise-pune-0-to-3-years-270526503471
ADM Data Operations Analyst,EY,1-3 Yrs,Not Disclosed,Bengaluru,3.4,14833  Reviews,3 weeks ago,https://www.naukri.com/job-listings-adm-data-operations-analyst-ernst-young-llp-bengaluru-1-to-3-years-260526927319
Engineering-L2 -Analyst-Data Governance,Goldman Sachs,2-7 Yrs,Not Disclosed,Bengaluru,3.3,1633  Reviews,3+ weeks ago,https://www.naukri.com/job-listings-engineering-l2-analyst-data-governance-goldman-sachs-bengaluru-2-to-7-years-230326501872
Data Science Analyst,Shell Pvt Ltd,2-4 Yrs,Not Disclosed,Bengaluru,3.9,2770  Reviews,3+ weeks ago,https://www.naukri.com/job-listings-data-science-analyst-shell-pvt-ltd-bengaluru-2-to-4-years-160226505130
S&C Global Network - AI - Data Strategy - Analyst,Accenture,2-5 Yrs,Not Disclosed,Gurugram,3.7,74540  Reviews,1 day ago,https://www.naukri.com/job-listings-s-c-global-network-ai-data-strategy-analyst-accenture-solutions-pvt-ltd-gurugram-2-to-5-years-150626932671
S&C Global Network - AI - Data Strategy â?? Analyst,Accenture,2-5 Yrs,Not Disclosed,Gurugram,3.7,74540  Reviews,1 day ago,https://www.naukri.com/job-listings-s-c-global-network-ai-data-strategy-analyst-accenture-solutions-pvt-ltd-gurugram-2-to-5-years-150626925907
S&C Global Network - AI - Data Strategy â?? Analyst,Accenture,2-5 Yrs,Not Disclosed,Gurugram,3.7,74540  Reviews,1 day ago,https://www.naukri.com/job-listings-s-c-global-network-ai-data-strategy-analyst-accenture-solutions-pvt-ltd-gurugram-2-to-5-years-150626925902
S&C Global Network - AI - Data Strategy â?? Analyst,Accenture,2-5 Yrs,Not Disclosed,Gurugram,3.7,74540  Reviews,1 day ago,https://www.naukri.com/job-listings-s-c-global-network-ai-data-strategy-analyst-accenture-solutions-pvt-ltd-gurugram-2-to-5-years-150626925900
Analyst-Data Analytics,AMERICAN EXPRESS,3-8 Yrs,Not Disclosed,"Gurugram, Manesar",4.1,3924  Reviews,1 day ago,https://www.naukri.com/job-listings-analyst-data-analytics-american-express-india-gurugram-manesar-3-to-8-years-150626501084
Data Research Analyst,Zipaworld Innovation,0-2 Yrs,Not Disclosed,Noida,3.1,30  Reviews,3+ weeks ago,https://www.naukri.com/job-listings-data-research-analyst-zipaworld-noida-0-to-2-years-010526500886
"Analyst II, Global Financial Data Operations",Kroll,0-2 Yrs,Not Disclosed,Mumbai,3.5,241  Reviews,3+ weeks ago,https://www.naukri.com/job-listings-analyst-ii-global-financial-data-operations-kroll-associates-india-pvt-ltd-mumbai-0-to-2-years-300725500329
AM Public Finance Data Tech - Analyst,Goldman Sachs,1-3 Yrs,Not Disclosed,Bengaluru,3.3,1633  Reviews,3+ weeks ago,https://www.naukri.com/job-listings-am-public-finance-data-tech-analyst-goldman-sachs-bengaluru-1-to-3-years-290126504073
Medical Data Entry Analyst,ARDEM Incorporated,0-2 Yrs,Not Disclosed,"Prayagraj, Varanasi, Ghaziabad, Kanpur, Lucknow, Agra",3.9,317  Reviews,3+ weeks ago,https://www.naukri.com/job-listings-medical-data-entry-analyst-ardem-incorporated-prayagraj-varanasi-ghaziabad-kanpur-lucknow-agra-0-to-2-years-170326503853
Data Testing - Cloud Analyst,Infosys,3-7 Yrs,Not Disclosed,Pune,3.5,49475  Reviews,1 day ago,https://www.naukri.com/job-listings-data-testing-cloud-analyst-infosys-limited-pune-3-to-7-years-150626937630
Data Testing- Cloud Analyst,Infosys,5-10 Yrs,Not Disclosed,Pune,3.5,49475  Reviews,1 day ago,https://www.naukri.com/job-listings-data-testing-cloud-analyst-infosys-limited-pune-5-to-10-years-150626937623
S&C GN - Data&AI - Life Sciences - Analyst,Accenture,2-7 Yrs,Not Disclosed,Gurugram,3.7,74540  Reviews,1 day ago,https://www.naukri.com/job-listings-s-c-gn-data-ai-life-sciences-analyst-accenture-solutions-pvt-ltd-gurugram-2-to-7-years-150626929196
S&C Global Network - AI - CDI - Data Science Analyst,Accenture,2-7 Yrs,Not Disclosed,Gurugram,3.7,74540  Reviews,1 day ago,https://www.naukri.com/job-listings-s-c-global-network-ai-cdi-data-science-analyst-accenture-solutions-pvt-ltd-gurugram-2-to-7-years-150626925763
"Analyst-Data Science (SQL, Python, GenAI)",AMERICAN EXPRESS,1-3 Yrs,Not Disclosed,"Gurugram, Manesar",4.1,3924  Reviews,1 day ago,https://www.naukri.com/job-listings-analyst-data-science-sql-python-genai-american-express-india-gurugram-manesar-1-to-3-years-150626501426
Asset & Wealth Management - PWM Data Engineering - Analyst,Goldman Sachs,1-2 Yrs,Not Disclosed,Bengaluru,3.3,1633  Reviews,3+ weeks ago,https://www.naukri.com/job-listings-asset-wealth-management-pwm-data-engineering-analyst-goldman-sachs-bengaluru-1-to-2-years-050526502026
Data Research Analyst,Renee Technologies Pune,0-2 Yrs,Not Disclosed,Pune,5.0,2  Reviews,3+ weeks ago,https://www.naukri.com/job-listings-data-research-analyst-renee-technologies-pune-0-to-2-years-040825506898
Associate Analyst I - Data Processing; Batch Operations,LPL Financial Holdings,0-1 Yrs,Not Disclosed,Hyderabad,1.4,4  Reviews,2 weeks ago,https://www.naukri.com/job-listings-associate-analyst-i-data-processing-batch-operations-lpl-financial-hyderabad-0-to-1-years-280526504356
"Lead Analyst, Supplier Data Management AMER ( Spanish )",Oracle,6-11 Yrs,Not Disclosed,Bengaluru,3.3,6612  Reviews,3 weeks ago,https://www.naukri.com/job-listings-lead-analyst-supplier-data-management-amer-spanish-oracle-india-pvt-ltd-bengaluru-6-to-11-years-250526501680
Lead Data Governance & Quality Analyst,Thomson Reuters,5-10 Yrs,Not Disclosed,Bengaluru,3.7,1922  Reviews,3+ weeks ago,https://www.naukri.com/job-listings-lead-data-governance-quality-analyst-thomson-reuters-india-pvt-ltd-bengaluru-5-to-10-years-250326509766
Analyst (Data Operations),"Biltrax Const, Data Research Insight",0-1 Yrs,Not Disclosed,Mumbai,1.9,6  Reviews,3+ weeks ago,https://www.naukri.com/job-listings-analyst-data-operations-biltrax-const-data-research-insight-mumbai-0-to-1-years-190925502561
AM Data Governance - Shared - Analyst,Goldman Sachs,1-3 Yrs,Not Disclosed,Bengaluru,3.3,1633  Reviews,3+ weeks ago,https://www.naukri.com/job-listings-am-data-governance-shared-analyst-goldman-sachs-bengaluru-1-to-3-years-150426503166
QA / Data Validation Analyst,Technix India Solutions,0-2 Yrs,Not Disclosed,Patna,2.6,8  Reviews,3+ weeks ago,https://www.naukri.com/job-listings-qa-data-validation-analyst-technix-technology-patna-0-to-2-years-101125500863
Senior Analyst - Data Scientist,Putnam Associates,1-2 Yrs,Not Disclosed,Gurugram,2.9,9  Reviews,3+ weeks ago,https://www.naukri.com/job-listings-senior-analyst-data-scientist-putnam-gurugram-1-to-2-years-020326502820
"Specialist IS Business Systems Analyst, R&D Data Catalyst Team",Amgen Inc,8-12 Yrs,Not Disclosed,Hyderabad,2.8,166  Reviews,2 weeks ago,https://www.naukri.com/job-listings-specialist-is-business-systems-analyst-r-d-data-catalyst-team-amgen-inc-hyderabad-8-to-12-years-290526921659
Business Analyst (Data Extraction),Leading Client,3-7 Yrs,Not Disclosed,Hyderabad,N/A,N/A,2 weeks ago,https://www.naukri.com/job-listings-business-analyst-data-extraction-ideslabs-private-limited-hyderabad-3-to-7-years-280526913931
Senior Analyst- Data Scientist,Sparix Global,6-11 Yrs,Not Disclosed,Noida,5.0,2  Reviews,3 weeks ago,https://www.naukri.com/job-listings-senior-analyst-data-scientist-sparix-global-private-limited-noida-6-to-11-years-260526503038
Data Management Associate (Business Analyst),Dtcc,4-9 Yrs,Not Disclosed,Chennai,3.7,113  Reviews,3 weeks ago,https://www.naukri.com/job-listings-data-management-associate-business-analyst-dtcc-chennai-4-to-9-years-250526912848
Senior Analyst- Data Scientist,Mindshare,3-8 Yrs,Not Disclosed,Gurugram,3.5,78  Reviews,3+ weeks ago,https://www.naukri.com/job-listings-senior-analyst-data-scientist-mindshare-india-pvt-ltd-gurugram-3-to-8-years-240326500780
Business Analyst/Data Modeller,Leading Client,6-9 Yrs,Not Disclosed,Hyderabad,N/A,N/A,2 weeks ago,https://www.naukri.com/job-listings-business-analyst-data-modeller-ideslabs-private-limited-hyderabad-6-to-9-years-280526928651
Business Analyst - Banking - Data & Reporting,ECS ME,5-7 Yrs,Not Disclosed,Hyderabad,4.3,131  Reviews,3+ weeks ago,https://www.naukri.com/job-listings-business-analyst-banking-data-reporting-ecs-me-llc-hyderabad-5-to-7-years-270126502121
Business Analyst,Data Marshall,7-12 Yrs,10-15 Lacs PA ,Hyderabad(Somajiguda),3.2,262  Reviews,3+ weeks ago,https://www.naukri.com/job-listings-business-analyst-data-marshall-hyderabad-7-to-12-years-190526032019
NLP - Senior Analyst / Data Scientist,360DigiTMG,2-6 Yrs,Not Disclosed,Hyderabad,4.1,108  Reviews,3+ weeks ago,https://www.naukri.com/job-listings-nlp-senior-analyst-data-scientist-360digitmg-hyderabad-2-to-6-years-180825504243
Data Science Business Analyst,Moofwd Technologies India,7-12 Yrs,Not Disclosed,Pune,4.0,96  Reviews,3+ weeks ago,https://www.naukri.com/job-listings-data-science-business-analyst-moofwd-technologies-india-pune-7-to-12-years-180526025645
BUSINESS ANALYST I - MASTER DATA,McCormick India,3-8 Yrs,Not Disclosed,Gurugram,4.4,73  Reviews,3+ weeks ago,https://www.naukri.com/job-listings-business-analyst-i-master-data-mccormick-gurugram-3-to-8-years-090426503966
Business Analyst (Pre-Sales) Client Data Profiling,Xcellence It,5-10 Yrs,Not Disclosed,Surat,3.2,16  Reviews,3+ weeks ago,https://www.naukri.com/job-listings-business-analyst-pre-sales-client-data-profiling-xcellence-it-surat-5-to-10-years-010426502672
Data Engineer,Accenture,2-4 Yrs,Not Disclosed,Pune,3.7,74540  Reviews,1 day ago,https://www.naukri.com/job-listings-data-engineer-accenture-solutions-pvt-ltd-pune-2-to-4-years-150626929000
Data Engineer,Accenture,2-4 Yrs,Not Disclosed,Navi Mumbai,3.7,74540  Reviews,1 day ago,https://www.naukri.com/job-listings-data-engineer-accenture-solutions-pvt-ltd-navi-mumbai-2-to-4-years-150626927449
Data Engineer,Intent Amplify,0-2 Yrs,Not Disclosed,Pune,4.1,36  Reviews,3+ weeks ago,https://www.naukri.com/job-listings-data-engineer-intent-amplify-pune-0-to-2-years-030426505703
Engineer - Data & AI,SLK Software,5-10 Yrs,Not Disclosed,Bengaluru,3.2,1422  Reviews,2 weeks ago,https://www.naukri.com/job-listings-engineer-data-ai-slk-software-services-private-limited-bengaluru-5-to-10-years-020626502915
Business Analyst,Data Infovision P,2-5 Yrs,Not Disclosed,"Panipat, Rewari, Chandigarh, Yamunanagar, Faridabad, Sonipat, Gurugram, Hisar",4.9,4  Reviews,3+ weeks ago,https://www.naukri.com/job-listings-business-analyst-data-infovision-p-panipat-rewari-chandigarh-yamunanagar-faridabad-sonipat-gurugram-hisar-2-to-5-years-290118500750
Data & Business Intelligence Analyst,UPS Supply Chain Solutions (UPS SCS),2-5 Yrs,Not Disclosed,Chennai,3.6,894  Reviews,3+ weeks ago,https://www.naukri.com/job-listings-data-business-intelligence-analyst-ups-pvt-ltd-chennai-2-to-5-years-220725502657
Business Analyst,Data Infovision P,1-2 Yrs,Not Disclosed,Rewari,4.9,4  Reviews,3+ weeks ago,https://www.naukri.com/job-listings-business-analyst-data-infovision-p-rewari-1-to-2-years-180221500975
Senior Associate Data Science Analyst,Equinix,5-10 Yrs,Not Disclosed,Bengaluru,3.2,132  Reviews,3+ weeks ago,https://www.naukri.com/job-listings-senior-associate-data-science-analyst-equinix-india-professional-services-private-limited-bengaluru-5-to-10-years-180526925468
Senior Data Science Analyst,LatentView,4-6 Yrs,Not Disclosed,Chennai,3.4,316  Reviews,1 week ago,https://www.naukri.com/job-listings-senior-data-science-analyst-latentview-chennai-4-to-6-years-050626018360
Senior Analyst - Customer Data Management,MUFG Bank,2-5 Yrs,Not Disclosed,Bengaluru,3.5,350  Reviews,3 weeks ago,https://www.naukri.com/job-listings-senior-analyst-customer-data-management-bank-of-tokyo-mitsubishi-ufj-ltd-bengaluru-2-to-5-years-200526503196
Senior Data Remediation Analyst,InfoVision Inc.,8-13 Yrs,Not Disclosed,Bengaluru,3.6,492  Reviews,3 weeks ago,https://www.naukri.com/job-listings-senior-data-remediation-analyst-infovision-inc-bengaluru-8-to-13-years-200526501655
"Senior Data Mapping Analyst, Servicing Transaction Management",Onity Group INC,3-7 Yrs,Not Disclosed,Hybrid - Bengaluru(Sarjapur  Road),3.8,1163  Reviews,3 weeks ago,https://www.naukri.com/job-listings-senior-data-mapping-analyst-servicing-transaction-management-onity-group-inc-bengaluru-3-to-7-years-200526036415
Sr Master Data Mgmt Analyst,ColumbiaSportswearCompany,6-9 Yrs,Not Disclosed,Bengaluru,3.4,54  Reviews,3+ weeks ago,https://www.naukri.com/job-listings-sr-master-data-mgmt-analyst-columbiasportswearcompany-bengaluru-6-to-9-years-200426501453
Sr Analyst - Data Science,Cardinal Health,3-5 Yrs,Not Disclosed,Hybrid - Bengaluru(C V Raman Nagar),4.3,331  Reviews,3+ weeks ago,https://www.naukri.com/job-listings-sr-analyst-data-science-cardinal-health-bengaluru-3-to-5-years-190526038143
Senior Analyst- Data Loss Prevention,MUFG Bank,3-8 Yrs,Not Disclosed,Bengaluru,3.5,350  Reviews,3+ weeks ago,https://www.naukri.com/job-listings-senior-analyst-data-loss-prevention-bank-of-tokyo-mitsubishi-ufj-ltd-bengaluru-3-to-8-years-180526504672
Data Operations Senior Analyst,Castrol,5-8 Yrs,Not Disclosed,Pune,4.3,539  Reviews,1 day ago,https://www.naukri.com/job-listings-data-operations-senior-analyst-castrol-india-limited-pune-5-to-8-years-150626503818
Senior Sustainability Data & MSM Support Analyst,H&mv Engineering,3-7 Yrs,Not Disclosed,Bengaluru,2.8,23  Reviews,3+ weeks ago,https://www.naukri.com/job-listings-senior-sustainability-data-msm-support-analyst-h-mv-engineering-bengaluru-3-to-7-years-140526504168
Data Management Strategy & Governance Senior Analyst,Cigna Medical Group,4-7 Yrs,Not Disclosed,Bengaluru,3.0,43  Reviews,3+ weeks ago,https://www.naukri.com/job-listings-data-management-strategy-governance-senior-analyst-cigna-medical-group-bengaluru-4-to-7-years-050526500486
Data Management Strategy & Governance Senior Analyst,Cigna Medical Group,4-7 Yrs,Not Disclosed,Bengaluru,3.0,43  Reviews,3+ weeks ago,https://www.naukri.com/job-listings-data-management-strategy-governance-senior-analyst-cigna-medical-group-bengaluru-4-to-7-years-050526500485
Data Management Strategy & Governance Senior Analyst,Cigna Medical Group,4-7 Yrs,Not Disclosed,Bengaluru,3.0,43  Reviews,3+ weeks ago,https://www.naukri.com/job-listings-data-management-strategy-governance-senior-analyst-cigna-medical-group-bengaluru-4-to-7-years-050526500484
Senior Energy Market Analyst (Data),Energy Exemplar,4-6 Yrs,Not Disclosed,Pune,3.2,63  Reviews,3+ weeks ago,https://www.naukri.com/job-listings-senior-energy-market-analyst-data-energy-exemplar-pune-4-to-6-years-031225503148
Senior Financial Analyst - Data Governance,Devploy Technologies,3-8 Yrs,6-16 Lacs PA ,Bengaluru,N/A,N/A,1 week ago,https://www.naukri.com/job-listings-senior-financial-analyst-data-governance-devploy-technologies-bengaluru-3-to-8-years-030626018398
"Senior Analyst, Data Science and Analytics",Transunion,N/A,Unpaid ,Bengaluru,3.5,702  Reviews,Starts in 1-3 months,https://www.naukri.com/job-listings-senior-analyst-data-science-and-analytics-transunion-bengaluru-2-to-6-years-290526500798
Sr Analyst - Data Science,Cardinal Drugs Ltd.,4-7 Yrs,Not Disclosed,Bengaluru,N/A,N/A,2 weeks ago,https://www.naukri.com/job-listings-sr-analyst-data-science-cardinal-drugs-ltd-bengaluru-4-to-7-years-280526502540
Senior Analyst - Data & Analytics,Pure Storage,8-13 Yrs,Not Disclosed,Bengaluru,2.7,40  Reviews,3 weeks ago,https://www.naukri.com/job-listings-senior-analyst-data-analytics-pure-storage-bengaluru-8-to-13-years-210526502877
Senior Analyst Referential data,Societe Generale Global Solution Centre,4-7 Yrs,Not Disclosed,Bengaluru,3.6,3173  Reviews,3+ weeks ago,https://www.naukri.com/job-listings-senior-analyst-referential-data-societe-generale-global-solution-centre-bengaluru-4-to-7-years-200126506300
Senior Data Center Lead - Lead Technical Support Analyst,Neev Group Of Companies,8-12 Yrs,Not Disclosed,Mumbai,4.5,2  Reviews,Today,https://www.naukri.com/job-listings-senior-data-center-lead-lead-technical-support-analyst-neev-group-of-companies-mumbai-8-to-12-years-160626501783
IDMC Data Governance Sr Tech Analyst,Haleon,10-15 Yrs,Not Disclosed,Bengaluru,3.5,453  Reviews,3+ weeks ago,https://www.naukri.com/job-listings-idmc-data-governance-sr-tech-analyst-haleon-bengaluru-10-to-15-years-130526501931
"Senior Analyst, Data Management",Kenvue Brands LLC,6-11 Yrs,Not Disclosed,Bengaluru,3.6,179  Reviews,3+ weeks ago,https://www.naukri.com/job-listings-senior-analyst-data-management-kenvue-brands-llc-bengaluru-6-to-11-years-110526502191
Senior Analyst-Data Engineer,Mindshare,3-4 Yrs,Not Disclosed,Bengaluru,3.5,78  Reviews,3+ weeks ago,https://www.naukri.com/job-listings-senior-analyst-data-engineer-mindshare-india-pvt-ltd-bengaluru-3-to-4-years-020426505335
"Senior Analyst Data And Reporting, Customer Operations",Vadvice Consulting Services,4-9 Yrs,Not Disclosed,Bengaluru,N/A,N/A,3+ weeks ago,https://www.naukri.com/job-listings-senior-analyst-data-and-reporting-customer-operations-vadvice-consulting-services-bengaluru-4-to-9-years-290724502742
"Senior Analyst, Data Interchange and Development",Magna International,14-16 Yrs,Not Disclosed,Bengaluru,3.8,883  Reviews,3+ weeks ago,https://www.naukri.com/job-listings-senior-analyst-data-interchange-and-development-magna-steyr-bengaluru-14-to-16-years-210325502066
Senior Analyst-Data Engineer,Mindshare,3-4 Yrs,Not Disclosed,Bengaluru,3.5,78  Reviews,3+ weeks ago,https://www.naukri.com/job-listings-senior-analyst-data-engineer-mindshare-india-pvt-ltd-bengaluru-3-to-4-years-180326502053
IDMC Data Quality Sr Analyst,Haleon,10-15 Yrs,Not Disclosed,Bengaluru,3.5,453  Reviews,3+ weeks ago,https://www.naukri.com/job-listings-idmc-data-quality-sr-analyst-haleon-bengaluru-10-to-15-years-130526501942
Sr Data Management Analyst,Sparta Systems,3-6 Yrs,Not Disclosed,Bengaluru,4.1,13  Reviews,3+ weeks ago,https://www.naukri.com/job-listings-sr-data-management-analyst-spartasystems-bengaluru-3-to-6-years-090426501543
Sr Data Management Analyst,Sparta Systems,3-6 Yrs,Not Disclosed,Bengaluru,4.1,13  Reviews,3+ weeks ago,https://www.naukri.com/job-listings-sr-data-management-analyst-spartasystems-bengaluru-3-to-6-years-090426501542
Data Analyst,Golden Management Services,0-2 Yrs,3.25-8.25 Lacs PA ,"Hybrid - Hyderabad, Pune, Bengaluru",N/A,N/A,3 weeks ago,https://www.naukri.com/job-listings-data-analyst-najuk-salar-shahabadi-hyderabad-pune-bengaluru-0-to-2-years-210526008764
Data Analyst,Golden Management Services,0-2 Yrs,3.5-8.5 Lacs PA ,"Hybrid - Hyderabad, Pune, Bengaluru",N/A,N/A,2 weeks ago,https://www.naukri.com/job-listings-data-analyst-najuk-salar-shahabadi-hyderabad-pune-bengaluru-0-to-2-years-290526013714
JRP/Chargeback Analyst - French Language - NTT DATA | Gurgaon,"NTT DATA, Inc.",2-5 Yrs,Not Disclosed,Gurugram,3.9,3556  Reviews,6 days ago,https://www.naukri.com/job-listings-jrp-chargeback-analyst-french-language-ntt-data-gurgaon-ntt-data-inc-gurugram-2-to-5-years-270326014754
Lead Analyst-GenAI Lead With Data Engineer,CGI,5-7 Yrs,16-20 Lacs PA ,Hybrid - Hyderabad,4.0,5499  Reviews,Today,https://www.naukri.com/job-listings-lead-analyst-genai-lead-with-data-engineer-cgi-hyderabad-5-to-7-years-160626021240
Data Analytics Analyst II,TP,1-5 Yrs,Not Disclosed,Gurugram,3.9,39209  Reviews,6 days ago,https://www.naukri.com/job-listings-data-analytics-analyst-ii-teleperformance-global-business-private-limited-gurugram-1-to-5-years-100626928438
Data Analytics Analyst I,TP,1-2 Yrs,Not Disclosed,Gurugram,3.9,39209  Reviews,6 days ago,https://www.naukri.com/job-listings-data-analytics-analyst-i-teleperformance-global-business-private-limited-gurugram-1-to-2-years-100626928380
NTT DATA | Banking Operations - Chargeback Analyst | Gurgaon,"NTT DATA, Inc.",2-4 Yrs,Not Disclosed,Gurugram,3.9,3556  Reviews,6 days ago,https://www.naukri.com/job-listings-ntt-data-banking-operations-chargeback-analyst-gurgaon-ntt-data-inc-gurugram-2-to-4-years-010626001245
Data Quality and Governance Analyst 1,Jones Lang LaSalle (JLL),2-7 Yrs,Not Disclosed,Bengaluru,4.1,6528  Reviews,3+ weeks ago,https://www.naukri.com/job-listings-data-quality-and-governance-analyst-1-jones-lang-lasalle-bengaluru-2-to-7-years-230426503474
Technical Analyst Data Engineer,Jones Lang LaSalle (JLL),5-10 Yrs,Not Disclosed,Bengaluru,4.1,6528  Reviews,3+ weeks ago,https://www.naukri.com/job-listings-technical-analyst-data-engineer-jones-lang-lasalle-bengaluru-5-to-10-years-160226503631
Data Quality and Governance Analyst 1,Jones Lang LaSalle (JLL),6-10 Yrs,Not Disclosed,Bengaluru,4.1,6528  Reviews,3+ weeks ago,https://www.naukri.com/job-listings-data-quality-and-governance-analyst-1-jones-lang-lasalle-bengaluru-6-to-10-years-140526503868
Data Engineer(Snowflakes) Analyst,Accenture,3-8 Yrs,Not Disclosed,Kochi,3.7,74540  Reviews,5 days ago,https://www.naukri.com/job-listings-data-engineer-snowflakes-analyst-accenture-solutions-pvt-ltd-kochi-3-to-8-years-110626925935
Data Engineer(Databricks) Analyst,Accenture,3-8 Yrs,Not Disclosed,Kochi,3.7,74540  Reviews,5 days ago,https://www.naukri.com/job-listings-data-engineer-databricks-analyst-accenture-solutions-pvt-ltd-kochi-3-to-8-years-110626925896
Data Quality and Governance Analyst-2,Jones Lang LaSalle (JLL),6-10 Yrs,Not Disclosed,Bengaluru,4.1,6528  Reviews,3+ weeks ago,https://www.naukri.com/job-listings-data-quality-and-governance-analyst-2-jones-lang-lasalle-bengaluru-6-to-10-years-070526502792
AI Data Solutions Analyst,Thermo Fisher Scientific,2-7 Yrs,Not Disclosed,Bengaluru,3.8,1075  Reviews,3+ weeks ago,https://www.naukri.com/job-listings-ai-data-solutions-analyst-thermo-fisher-scientific-india-pvt-ltd-bengaluru-2-to-7-years-050526500536
Data Scientist,Birlasoft,3-9 Yrs,Not Disclosed,Hyderabad,3.4,3822  Reviews,3+ weeks ago,https://www.naukri.com/job-listings-data-scientist-birlasoft-india-limited-hyderabad-3-to-9-years-140526504324
Data and AI Business Analyst,Acpl Exports,2-6 Yrs,Not Disclosed,Agra(Rambagh),2.7,25  Reviews,3+ weeks ago,https://www.naukri.com/job-listings-data-and-ai-business-analyst-acpl-exports-agra-2-to-6-years-150526019476
Senior Analyst - Data Science,LatentView,4-7 Yrs,Not Disclosed,"Madurai, Tiruppur, Salem, Chennai, Tiruchirapalli, Coimbatore",3.4,316  Reviews,2 weeks ago,https://www.naukri.com/job-listings-senior-analyst-data-science-latentview-madurai-tiruppur-salem-chennai-tiruchirapalli-coimbatore-4-to-7-years-270526501255
Sr Analyst - Data Engineering,LatentView,3-5 Yrs,Not Disclosed,Chennai,3.4,316  Reviews,2 weeks ago,https://www.naukri.com/job-listings-sr-analyst-data-engineering-latentview-chennai-3-to-5-years-290526508441
Sr Analyst - Data Science,LatentView,2-8 Yrs,Not Disclosed,Chennai,3.4,316  Reviews,2 weeks ago,https://www.naukri.com/job-listings-sr-analyst-data-science-latentview-chennai-2-to-8-years-270526505694
Senior Analyst - Data Science,LatentView,4-6 Yrs,Not Disclosed,Chennai,3.4,316  Reviews,3+ weeks ago,https://www.naukri.com/job-listings-senior-analyst-data-science-latentview-chennai-4-to-6-years-190526503803
Senior Lead Analyst - Data Management Bangalore,Imaginators Try Going Beyond,7-10 Yrs,15-19 Lacs PA ,Bengaluru,N/A,N/A,3+ weeks ago,https://www.naukri.com/job-listings-senior-lead-analyst-data-management-bangalore-imaginators-try-going-beyond-bengaluru-7-to-10-years-180526026680
Sr Analyst - Data Engineering,LatentView,3-5 Yrs,Not Disclosed,Chennai,3.4,316  Reviews,3+ weeks ago,https://www.naukri.com/job-listings-sr-analyst-data-engineering-latentview-chennai-3-to-5-years-150526501482
Senior Analyst - Financial Data Systems,Hersheys,3-5 Yrs,Not Disclosed,Mumbai,4.0,379  Reviews,3+ weeks ago,https://www.naukri.com/job-listings-senior-analyst-financial-data-systems-the-hershey-company-mumbai-3-to-5-years-130526501913
"Senior Analyst, Big Data Analytics & Engineering",Finicity,5-10 Yrs,Not Disclosed,Pune,3.6,116  Reviews,4 days ago,https://www.naukri.com/job-listings-senior-analyst-big-data-analytics-engineering-finicity-technologies-pvt-ltd-pune-5-to-10-years-120626503999
Senior Analyst Financial Data Systems Data and Reporting,Hersheys,3-5 Yrs,Not Disclosed,Mumbai,4.0,379  Reviews,3+ weeks ago,https://www.naukri.com/job-listings-senior-analyst-financial-data-systems-data-and-reporting-the-hershey-company-mumbai-3-to-5-years-110526501174
Data Analytics Analyst,WNS Holdings,4-8 Yrs,Not Disclosed,"Hybrid - Hyderabad, Pune, Bengaluru",3.3,15488  Reviews,Today,https://www.naukri.com/job-listings-data-analytics-analyst-wns-holdings-hyderabad-pune-bengaluru-4-to-8-years-160626022769
Data Quality Analyst,Crisil,6-10 Yrs,Not Disclosed,Mumbai,3.5,1966  Reviews,6 days ago,https://www.naukri.com/job-listings-data-quality-analyst-crisil-mumbai-6-to-10-years-100626503542
Data Quality Analyst,Crisil,6-10 Yrs,Not Disclosed,Mumbai,3.5,1966  Reviews,1 week ago,https://www.naukri.com/job-listings-data-quality-analyst-crisil-mumbai-6-to-10-years-090626024228
S&C Global Network - AI - Data Strategy â?? Analyst,Accenture,2-5 Yrs,Not Disclosed,Gurugram,3.7,74540  Reviews,1 week ago,https://www.naukri.com/job-listings-s-c-global-network-ai-data-strategy-analyst-accenture-solutions-pvt-ltd-gurugram-2-to-5-years-080626930870
S&C Global Network - AI - Data Strategy - Analyst,Accenture,2-5 Yrs,Not Disclosed,Gurugram,3.7,74540  Reviews,1 week ago,https://www.naukri.com/job-listings-s-c-global-network-ai-data-strategy-analyst-accenture-solutions-pvt-ltd-gurugram-2-to-5-years-080626923962
Specialist - Data Governance Analyst,Axis Max Life Insurance,5-10 Yrs,Not Disclosed,Gurugram,4.0,7357  Reviews,1 week ago,https://www.naukri.com/job-listings-specialist-data-governance-analyst-axis-max-life-insurance-limited-gurugram-5-to-10-years-050626503318
Senior Data Scientist- Machine Learning,Trinity Life Sciences,0-5 Yrs,Not Disclosed,Bengaluru,N/A,N/A,3+ weeks ago,https://www.naukri.com/job-listings-senior-data-scientist-machine-learning-trinity-life-sciences-bengaluru-0-to-5-years-210426502267
Data Science Analyst III,TP,1-5 Yrs,Not Disclosed,Thane,3.9,39209  Reviews,1 week ago,https://www.naukri.com/job-listings-data-science-analyst-iii-teleperformance-global-business-private-limited-thane-1-to-5-years-030626923815
Data Science Analyst I,TP,1-4 Yrs,Not Disclosed,Chennai,3.9,39209  Reviews,1 week ago,https://www.naukri.com/job-listings-data-science-analyst-i-teleperformance-global-business-private-limited-chennai-1-to-4-years-030626923755
Data Scientist - Collections,Applied Data Finance,1-3 Yrs,Not Disclosed,"Hyderabad, Chennai, Bengaluru",4.3,85  Reviews,2 weeks ago,https://www.naukri.com/job-listings-data-scientist-collections-applied-data-finance-hyderabad-chennai-bengaluru-1-to-3-years-290526917172
Data Scientist - Collections,Applied Data Finance,1-3 Yrs,Not Disclosed,"Hyderabad, Chennai, Bengaluru",4.3,85  Reviews,2 weeks ago,https://www.naukri.com/job-listings-data-scientist-collections-applied-data-finance-hyderabad-chennai-bengaluru-1-to-3-years-280526924405
Data Scientist - Diageo,Premium,4-9 Yrs,20-24 Lacs PA ,Bengaluru,N/A,N/A,3 weeks ago,https://www.naukri.com/job-listings-data-scientist-diageo-bengaluru-4-to-9-years-260526031367
Data Scientist,Requin Solutions,3-8 Yrs,Not Disclosed,Bengaluru,3.8,56  Reviews,3+ weeks ago,https://www.naukri.com/job-listings-data-scientist-requin-group-bengaluru-3-to-8-years-280625501254
Data Scientist,Fospe Software,2-6 Yrs,Not Disclosed,Bengaluru,N/A,N/A,3+ weeks ago,https://www.naukri.com/job-listings-data-scientist-fospe-software-pvt-ltd-bengaluru-2-to-6-years-260925504026
Data Scientist SLM/LLM,Han Digital Solution,1-2 Yrs,Not Disclosed,"Hubli, Mangaluru, Mysuru, Bengaluru, Belgaum",N/A,N/A,3+ weeks ago,https://www.naukri.com/job-listings-data-scientist-slm-llm-han-digital-solution-hubli-mangaluru-mysuru-bengaluru-belgaum-1-to-2-years-221125501368
ML/AI Data Scientists,TensorIoT Inc,3-7 Yrs,Not Disclosed,Bengaluru,2.5,6  Reviews,3+ weeks ago,https://www.naukri.com/job-listings-ml-ai-data-scientists-tensoriot-inc-bengaluru-3-to-7-years-131025501081
Data Scientist,Han Digital Solution,1-2 Yrs,Not Disclosed,Bengaluru,N/A,N/A,3+ weeks ago,https://www.naukri.com/job-listings-data-scientist-han-digital-solution-bengaluru-1-to-2-years-111225504782
Data Scientist,Diverse Lynx,4-5 Yrs,Not Disclosed,Bengaluru,3.4,389  Reviews,3+ weeks ago,https://www.naukri.com/job-listings-data-scientist-diverse-lynx-bengaluru-4-to-5-years-080925502370
Data Scientist,Pragya Health Technologies,2-6 Yrs,Not Disclosed,Bengaluru,3.8,10  Reviews,3+ weeks ago,https://www.naukri.com/job-listings-data-scientist-pragya-health-technologies-bengaluru-2-to-6-years-040624501636
Data Engineer,Accenture,2-4 Yrs,Not Disclosed,Chennai,3.7,74540  Reviews,1 week ago,https://www.naukri.com/job-listings-data-engineer-accenture-solutions-pvt-ltd-chennai-2-to-4-years-080626933078
Data Engineer,Accenture,2-4 Yrs,Not Disclosed,Chennai,3.7,74540  Reviews,1 week ago,https://www.naukri.com/job-listings-data-engineer-accenture-solutions-pvt-ltd-chennai-2-to-4-years-080626932134
Senior Data Acquisition Analyst,Amgen Inc,2-5 Yrs,Not Disclosed,Hyderabad,2.8,166  Reviews,1 week ago,https://www.naukri.com/job-listings-senior-data-acquisition-analyst-amgen-inc-hyderabad-2-to-5-years-080626912118
Operations - Investment Data Operations - Senior Analyst,KKR India Asset Finance,3-8 Yrs,Not Disclosed,Gurugram,2.7,9  Reviews,1 week ago,https://www.naukri.com/job-listings-operations-investment-data-operations-senior-analyst-kkr-india-financial-services-private-limited-gurugram-3-to-8-years-080626502811
Senior Analyst (Data Analytics and BI),Essex Lake Group,3-5 Yrs,Not Disclosed,Gurugram(Sector 30),3.3,32  Reviews,1 week ago,https://www.naukri.com/job-listings-senior-analyst-data-analytics-and-bi-essex-lake-group-gurugram-3-to-5-years-290526011836
"Sr. Analyst, Data Analytics",Mfsg Technologies (india),4-9 Yrs,Not Disclosed,Hyderabad,4.2,36  Reviews,1 week ago,https://www.naukri.com/job-listings-sr-analyst-data-analytics-mfsg-technologies-india-private-limited-hyderabad-4-to-9-years-040626503382
"Sr. Analyst, Data Science and Governance",Hubbell,3-8 Yrs,Not Disclosed,Kochi,4.2,98  Reviews,1 week ago,https://www.naukri.com/job-listings-sr-analyst-data-science-and-governance-hubbell-incorporated-kochi-3-to-8-years-030626502201
S&C Global Network - AI - Data Strategy  Analyst,Accenture,2-5 Yrs,Not Disclosed,Gurugram,3.7,74540  Reviews,3 weeks ago,https://www.naukri.com/job-listings-s-c-global-network-ai-data-strategy-analyst-accenture-solutions-pvt-ltd-gurugram-2-to-5-years-250526918425
Software Delivery Analyst (Data Science) - Supply Chain,Mckinsey & Company,2-4 Yrs,Not Disclosed,"Hybrid - Gurugram, Chennai",3.8,737  Reviews,3 weeks ago,https://www.naukri.com/job-listings-software-delivery-analyst-data-science-supply-chain-mckinsey-company-gurugram-chennai-2-to-4-years-250526003577
S&C Global Network - AI - Data Strategy â?? Analyst,Accenture,2-5 Yrs,Not Disclosed,Gurugram,3.7,74540  Reviews,3+ weeks ago,https://www.naukri.com/job-listings-s-c-global-network-ai-data-strategy-analyst-accenture-solutions-pvt-ltd-gurugram-2-to-5-years-180526918086
S&C Global Network - AI - Data Strategy â?? Analyst,Accenture,2-5 Yrs,Not Disclosed,Gurugram,3.7,74540  Reviews,3+ weeks ago,https://www.naukri.com/job-listings-s-c-global-network-ai-data-strategy-analyst-accenture-solutions-pvt-ltd-gurugram-2-to-5-years-180526918081
S&C Global Network - AI - Data Strategy â?? Analyst,Accenture,2-5 Yrs,Not Disclosed,Gurugram,3.7,74540  Reviews,3+ weeks ago,https://www.naukri.com/job-listings-s-c-global-network-ai-data-strategy-analyst-accenture-solutions-pvt-ltd-gurugram-2-to-5-years-180526918080
Data Science Analyst,Cigna Medical Group,2-5 Yrs,Not Disclosed,Bengaluru,3.0,43  Reviews,4 days ago,https://www.naukri.com/job-listings-data-science-analyst-cigna-medical-group-bengaluru-2-to-5-years-120626503518
Geospatial Physical Risk - AI Data Operations Analyst,MSCI Services,1-3 Yrs,Not Disclosed,Mumbai,3.6,387  Reviews,3+ weeks ago,https://www.naukri.com/job-listings-geospatial-physical-risk-ai-data-operations-analyst-msci-services-pvt-ltd-mumbai-1-to-3-years-120526502062
Data Validation Analyst,Top MNC,4-8 Yrs,3.25-7 Lacs PA ,"Hyderabad, Pune, Bengaluru",N/A,N/A,6 days ago,https://www.naukri.com/job-listings-data-validation-analyst-navayuga-consultancy-hyderabad-pune-bengaluru-4-to-8-years-100626035514
Analyst - Data Engineering,Microland,2-5 Yrs,Not Disclosed,Bengaluru,3.5,1958  Reviews,3+ weeks ago,https://www.naukri.com/job-listings-analyst-data-engineering-microland-limited-bengaluru-2-to-5-years-071125501060
Asset & Wealth Management - PWM Data Engineering - Analyst,Goldman Sachs,1-3 Yrs,Not Disclosed,Hyderabad,3.3,1633  Reviews,3+ weeks ago,https://www.naukri.com/job-listings-asset-wealth-management-pwm-data-engineering-analyst-goldman-sachs-hyderabad-1-to-3-years-060526503987
Data Science Assoc Analyst,Pepsico,2-4 Yrs,Not Disclosed,Hyderabad,4.0,3230  Reviews,3+ weeks ago,https://www.naukri.com/job-listings-data-science-assoc-analyst-pepsico-india-hyderabad-2-to-4-years-050925504634
Market Data Technical Analyst,Crisil,3-5 Yrs,Not Disclosed,Pune,3.5,1966  Reviews,1 week ago,https://www.naukri.com/job-listings-market-data-technical-analyst-crisil-pune-3-to-5-years-040626502108
"Research Analyst - Primary Market Research, Data Processing",Mastercard,5-10 Yrs,Not Disclosed,Gurugram,3.8,1017  Reviews,1 week ago,https://www.naukri.com/job-listings-research-analyst-primary-market-research-data-processing-mastercard-india-services-private-limited-gurugram-5-to-10-years-030626918205
FPA Analyst Data and Insights,Persistent,3-8 Yrs,Not Disclosed,Pune,3.6,5122  Reviews,1 week ago,https://www.naukri.com/job-listings-fpa-analyst-data-and-insights-persistent-pune-3-to-8-years-020626017092
Market Data Technical Analyst,Crisil,3-5 Yrs,Not Disclosed,Pune,3.5,1966  Reviews,2 weeks ago,https://www.naukri.com/job-listings-market-data-technical-analyst-crisil-pune-3-to-5-years-010626003359
Data Management Strategy & Governance Lead Analyst,Cigna Medical Group,10-15 Yrs,Not Disclosed,Bengaluru,3.0,43  Reviews,4 days ago,https://www.naukri.com/job-listings-data-management-strategy-governance-lead-analyst-cigna-medical-group-bengaluru-10-to-15-years-120626504043
Data Loss Prevention Analyst II,Bottom Line,2-5 Yrs,Not Disclosed,Bengaluru,3.4,146  Reviews,6 days ago,https://www.naukri.com/job-listings-data-loss-prevention-analyst-ii-bottomline-bengaluru-2-to-5-years-100626500746
Principal Analyst - Data Science,I-ray It Solutions,4-9 Yrs,Not Disclosed,Bengaluru,4.5,26  Reviews,3+ weeks ago,https://www.naukri.com/job-listings-principal-analyst-data-science-i-ray-it-solutions-private-limited-bengaluru-4-to-9-years-090725501679
Data Engineering Lead Analyst,Cigna Medical Group,8-13 Yrs,Not Disclosed,Bengaluru,3.0,43  Reviews,1 week ago,https://www.naukri.com/job-listings-data-engineering-lead-analyst-cigna-medical-group-bengaluru-8-to-13-years-090626500675
Analyst-Data Science,AMERICAN EXPRESS,2-7 Yrs,Not Disclosed,Manesar,4.1,3924  Reviews,3 weeks ago,https://www.naukri.com/job-listings-analyst-data-science-american-express-india-manesar-2-to-7-years-260526502717
"Analyst, Transformation and Data, GSTAR",DBS Bank,1-4 Yrs,Not Disclosed,Hyderabad,3.7,2641  Reviews,3 weeks ago,https://www.naukri.com/job-listings-analyst-transformation-and-data-gstar-dbs-bank-ltd-hyderabad-1-to-4-years-250526501500
"Analyst, Specialist,Data Engineer-Data Quality",DBS Bank,3-7 Yrs,Not Disclosed,Mumbai,3.7,2641  Reviews,3+ weeks ago,https://www.naukri.com/job-listings-analyst-specialist-data-engineer-data-quality-dbs-bank-ltd-mumbai-3-to-7-years-150526504307
People Data Operations Analyst,WPP,1-3 Yrs,Not Disclosed,Chennai,2.8,366  Reviews,3+ weeks ago,https://www.naukri.com/job-listings-people-data-operations-analyst-wpp-aunz-chennai-1-to-3-years-060526504116
Data Scientist NLP,Rm Web Technologies,2-5 Yrs,Not Disclosed,Hyderabad,N/A,N/A,5 days ago,https://www.naukri.com/job-listings-data-scientist-nlp-rm-web-solutions-pvt-ltd-hyderabad-2-to-5-years-110626504976
Data Scientist/Machine Learning Consultant,Infosys,9-13 Yrs,Not Disclosed,Bengaluru,3.5,49475  Reviews,3 weeks ago,https://www.naukri.com/job-listings-data-scientist-machine-learning-consultant-infosys-limited-bengaluru-9-to-13-years-210526923153
Data Scientist,Maruti Suzuki,4-9 Yrs,Not Disclosed,Gurugram,4.1,9634  Reviews,3+ weeks ago,https://www.naukri.com/job-listings-data-scientist-maruti-suzuki-india-limited-gurugram-4-to-9-years-010426504110
Data & AI Scientist,Lloyds Technology Centre India,4-6 Yrs,Not Disclosed,Hyderabad,3.5,268  Reviews,1 day ago,https://www.naukri.com/job-listings-data-ai-scientist-lloyds-technology-centre-india-hyderabad-4-to-6-years-150626502689
Data Engineer,Accenture,2-4 Yrs,Not Disclosed,Hyderabad,3.7,74540  Reviews,3 weeks ago,https://www.naukri.com/job-listings-data-engineer-accenture-solutions-pvt-ltd-hyderabad-2-to-4-years-250526924298
Data Engineer,Accenture,2-4 Yrs,Not Disclosed,Pune,3.7,74540  Reviews,3 weeks ago,https://www.naukri.com/job-listings-data-engineer-accenture-solutions-pvt-ltd-pune-2-to-4-years-250526922001
Data Engineer (GDC),Hitachi Digital Services,3-6 Yrs,Not Disclosed,Hyderabad,3.5,790  Reviews,3+ weeks ago,https://www.naukri.com/job-listings-data-engineer-gdc-hitachi-digital-services-hyderabad-3-to-6-years-161225500105
Data Engineer,Accenture,15-20 Yrs,Not Disclosed,Bengaluru,3.7,74540  Reviews,1 day ago,https://www.naukri.com/job-listings-data-engineer-accenture-solutions-pvt-ltd-bengaluru-15-to-20-years-150626936228
Data Engineer,Accenture,3-8 Yrs,Not Disclosed,Bengaluru,3.7,74540  Reviews,1 day ago,https://www.naukri.com/job-listings-data-engineer-accenture-solutions-pvt-ltd-bengaluru-3-to-8-years-150626936005
Data Engineer,Accenture,7-12 Yrs,Not Disclosed,Bengaluru,3.7,74540  Reviews,1 day ago,https://www.naukri.com/job-listings-data-engineer-accenture-solutions-pvt-ltd-bengaluru-7-to-12-years-150626933766
Data Engineer,Accenture,3-8 Yrs,Not Disclosed,Pune,3.7,74540  Reviews,1 day ago,https://www.naukri.com/job-listings-data-engineer-accenture-solutions-pvt-ltd-pune-3-to-8-years-150626928830
Data Engineer,Accenture,7-12 Yrs,Not Disclosed,Bengaluru,3.7,74540  Reviews,1 day ago,https://www.naukri.com/job-listings-data-engineer-accenture-solutions-pvt-ltd-bengaluru-7-to-12-years-150626916008
Senior Analyst- Supplier Master Data - Accounts Payable || Hybrid Mode,Consumer Entertainment & Technology Group,5-10 Yrs,16-17 Lacs PA ,Hybrid - Hyderabad,N/A,N/A,2 weeks ago,https://www.naukri.com/job-listings-senior-analyst-supplier-master-data-accounts-payable-hybrid-mode-v3-staffing-hyderabad-5-to-10-years-300526007295
Data Science Sr Analyst,Black & Veatch,7-12 Yrs,Not Disclosed,Pune,4.2,199  Reviews,3+ weeks ago,https://www.naukri.com/job-listings-data-science-sr-analyst-black-veatch-consulting-pune-7-to-12-years-300426501807
Senior Analyst Finance (Data & BI Reporting),Keywords Studios,1-5 Yrs,Not Disclosed,Gurugram,2.6,138  Reviews,3+ weeks ago,https://www.naukri.com/job-listings-senior-analyst-finance-data-bi-reporting-keywords-studios-gurugram-1-to-5-years-150426501299
"Senior Analyst, Data Science and Analytics(Credit Risk)",Transunion,3-8 Yrs,Not Disclosed,"Pune, Chennai",3.5,702  Reviews,2 weeks ago,https://www.naukri.com/job-listings-senior-analyst-data-science-and-analytics-credit-risk-transunion-pune-chennai-3-to-8-years-290526506991
"Senior Analyst, Data Science and Analytics",Transunion,N/A,Unpaid ,Pune,3.5,702  Reviews,Starts in 1-3 months,https://www.naukri.com/job-listings-senior-analyst-data-science-and-analytics-transunion-pune-2-to-6-years-280526505430
HIH - Data Engineering Senior Analyst,Cigna Medical Group,3-5 Yrs,Not Disclosed,Hyderabad,3.0,43  Reviews,3 weeks ago,https://www.naukri.com/job-listings-hih-data-engineering-senior-analyst-cigna-medical-group-hyderabad-3-to-5-years-260526503538
Senior Data Engineering Analyst,Mobile Programming,6-15 Yrs,Not Disclosed,Hyderabad,2.9,516  Reviews,3 weeks ago,https://www.naukri.com/job-listings-senior-data-engineering-analyst-mobile-programming-hyderabad-6-to-15-years-220526022088
"Senior Specialist, Data Management & Quantitative Analysis",BNYMellonInternationalOperations(India) PrivateLim ited,6-11 Yrs,Not Disclosed,Pune,3.6,5361  Reviews,3 weeks ago,https://www.naukri.com/job-listings-senior-specialist-data-management-quantitative-analysis-bnymelloninternationaloperations-india-privatelim-ited-pune-6-to-11-years-200526503222
"Senior Specialist, Data Management & Quantitative Analysis",BNYMellonInternationalOperations(India) PrivateLim ited,3-5 Yrs,Not Disclosed,Pune,3.6,5361  Reviews,3 weeks ago,https://www.naukri.com/job-listings-senior-specialist-data-management-quantitative-analysis-bnymelloninternationaloperations-india-privatelim-ited-pune-3-to-5-years-200526502634
"Senior Specialist, Data Management Analyst",BNYMellonInternationalOperations(India) PrivateLim ited,5-9 Yrs,Not Disclosed,Pune,3.6,5361  Reviews,3 weeks ago,https://www.naukri.com/job-listings-senior-specialist-data-management-analyst-bnymelloninternationaloperations-india-privatelim-ited-pune-5-to-9-years-200526502603
Senior Analyst - Data Modelling,enGen Global,5-8 Yrs,Not Disclosed,Hyderabad,3.8,867  Reviews,3+ weeks ago,https://www.naukri.com/job-listings-senior-analyst-data-modelling-thryve-digital-health-llp-hyderabad-5-to-8-years-190526924940
"Senior Analyst, Data Analytics",Wirewebs Digital Solutions,3-6 Yrs,Not Disclosed,Ahmedabad,N/A,N/A,3+ weeks ago,https://www.naukri.com/job-listings-senior-analyst-data-analytics-wirewebs-digital-solutions-ahmedabad-3-to-6-years-161020501038
Senior Data BI Analyst,Cbts,7-9 Yrs,Not Disclosed,Chennai,3.9,158  Reviews,3+ weeks ago,https://www.naukri.com/job-listings-senior-data-bi-analyst-cbts-chennai-7-to-9-years-150425500641
"Senior Analyst, Data Strategy",Finicity,2-6 Yrs,Not Disclosed,Gurugram,3.6,116  Reviews,3+ weeks ago,https://www.naukri.com/job-listings-senior-analyst-data-strategy-finicity-technologies-pvt-ltd-gurugram-2-to-6-years-090426501737
Senior Analyst - Data Science,Decisiontree Analytics & Services,2-4 Yrs,Not Disclosed,Gurugram,4.2,22  Reviews,3+ weeks ago,https://www.naukri.com/job-listings-senior-analyst-data-science-decisiontree-analytics-and-services-private-limited-gurugram-2-to-4-years-080925501382
"Sr. Analyst, Data Science and Analytics",Transunion,3-8 Yrs,Not Disclosed,Hyderabad,3.5,702  Reviews,3+ weeks ago,https://www.naukri.com/job-listings-sr-analyst-data-science-and-analytics-transunion-hyderabad-3-to-8-years-310326502604
"Senior Analyst, Global Financial Data Operations",Kroll,3-6 Yrs,Not Disclosed,Mumbai,3.5,241  Reviews,3+ weeks ago,https://www.naukri.com/job-listings-senior-analyst-global-financial-data-operations-kroll-associates-india-pvt-ltd-mumbai-3-to-6-years-280725502394
Sr Analyst (Data Science ),Aptia Group,2-5 Yrs,Not Disclosed,Mumbai,2.7,186  Reviews,3+ weeks ago,https://www.naukri.com/job-listings-sr-analyst-data-science-aptia-group-mumbai-2-to-5-years-241224503056
Senior Analyst-Data Engineer,Mindshare,3-4 Yrs,Not Disclosed,Gurugram,3.5,78  Reviews,3+ weeks ago,https://www.naukri.com/job-listings-senior-analyst-data-engineer-mindshare-india-pvt-ltd-gurugram-3-to-4-years-230326502525
Analyst & Sr. Analyst| Data processing | Mumbai | Immediate Joiner,Hiring Squad,1-5 Yrs,4-6 Lacs PA ,Mumbai(Goregaon East),N/A,N/A,3 weeks ago,https://www.naukri.com/job-listings-analyst-sr-analyst-data-processing-mumbai-immediate-joiner-hiring-squad-mumbai-1-to-5-years-220526015909
Senior Analyst ? Data Science and Artificial Intelligence,Samatrix Consulting,6-11 Yrs,Not Disclosed,Gurgaon,3.3,16  Reviews,3+ weeks ago,https://www.naukri.com/job-listings-senior-analyst-data-science-and-artificial-intelligence-samatrix-consulting-private-limited-gurgaon-6-to-11-years-210320500343
Senior Analyst - Data,Massmutual Global Business Services India,1-3 Yrs,Not Disclosed,Hyderabad,3.9,303  Reviews,3+ weeks ago,https://www.naukri.com/job-listings-senior-analyst-data-massmutual-global-business-services-india-llp-hyderabad-1-to-3-years-080925501653
"Senior Analyst, Data Science & Analytics",Transunion,3-8 Yrs,Not Disclosed,Pune,3.5,702  Reviews,3+ weeks ago,https://www.naukri.com/job-listings-senior-analyst-data-science-analytics-transunion-pune-3-to-8-years-010526500292
Analyst,Tresvista Financial Services,0-2 Yrs,Not Disclosed,Pune,2.3,481  Reviews,1 week ago,https://www.naukri.com/job-listings-analyst-tresvista-financial-services-pune-0-to-2-years-030626033698
Test Data & QA Support Analyst,Net Connect,6-10 Yrs,Not Disclosed,Bengaluru,3.1,635  Reviews,2 weeks ago,https://www.naukri.com/job-listings-test-data-qa-support-analyst-net-connect-bengaluru-6-to-10-years-010626030462
BI Analyst – Reporting & Data Quality,Covasant Technologies,5-8 Yrs,Not Disclosed,"Hyderabad, Bengaluru, Delhi / NCR",2.8,11  Reviews,1 week ago,https://www.naukri.com/job-listings-bi-analyst-reporting-data-quality-covasant-technologies-hyderabad-bengaluru-delhi-ncr-5-to-8-years-050626011050
Data Management Strategy & Governance Analyst,Cigna Medical Group,2-7 Yrs,Not Disclosed,Bengaluru,3.0,43  Reviews,2 weeks ago,https://www.naukri.com/job-listings-data-management-strategy-governance-analyst-cigna-medical-group-bengaluru-2-to-7-years-020626501318
Data Analytics Analyst,Movate Technologies,3-7 Yrs,Not Disclosed,"Hosur, Tumkur, Bengaluru",3.1,2676  Reviews,2 weeks ago,https://www.naukri.com/job-listings-data-analytics-analyst-movate-technologies-hosur-tumkur-bengaluru-3-to-7-years-010626022416
Product Data Management - Change Analyst,Agilent Technologies,8-13 Yrs,Not Disclosed,Gurugram,4.0,395  Reviews,3+ weeks ago,https://www.naukri.com/job-listings-product-data-management-change-analyst-agilent-technologies-pvt-ltd-gurugram-8-to-13-years-140526501473
Product Data Management-Change Analyst,Agilent Technologies,8-10 Yrs,Not Disclosed,Gurugram,4.0,395  Reviews,3+ weeks ago,https://www.naukri.com/job-listings-product-data-management-change-analyst-agilent-technologies-pvt-ltd-gurugram-8-to-10-years-020426505578
Data Center Technical Support Analyst (Junior Engineer),Neev Group Of Companies,4-7 Yrs,Not Disclosed,Mumbai,4.5,2  Reviews,Today,https://www.naukri.com/job-listings-data-center-technical-support-analyst-junior-engineer-neev-group-of-companies-mumbai-4-to-7-years-160626501737
ML - Data Scientist,Iris Software,5-7 Yrs,Not Disclosed,Noida,3.7,1916  Reviews,1 day ago,https://www.naukri.com/job-listings-ml-data-scientist-iris-software-technologies-private-limited-noida-5-to-7-years-150626922085
Data Scientist,Amgen Inc,5-8 Yrs,Not Disclosed,Hyderabad,2.8,166  Reviews,1 week ago,https://www.naukri.com/job-listings-data-scientist-amgen-inc-hyderabad-5-to-8-years-080626934234
SW Business Analysis Senior Analyst,Accenture,5-7 Yrs,Not Disclosed,Bengaluru,3.7,74540  Reviews,1 day ago,https://www.naukri.com/job-listings-sw-business-analysis-senior-analyst-accenture-solutions-pvt-ltd-bengaluru-5-to-7-years-150626914870
Data Engineer,Accenture,3-8 Yrs,Not Disclosed,Bengaluru,3.7,74540  Reviews,5 days ago,https://www.naukri.com/job-listings-data-engineer-accenture-solutions-pvt-ltd-bengaluru-3-to-8-years-110626926514
Data Engineer,Accenture,3-8 Yrs,Not Disclosed,Chennai,3.7,74540  Reviews,4 days ago,https://www.naukri.com/job-listings-data-engineer-accenture-solutions-pvt-ltd-chennai-3-to-8-years-120626918026
Data Engineer,Accenture,2-7 Yrs,Not Disclosed,Bengaluru,3.7,74540  Reviews,5 days ago,https://www.naukri.com/job-listings-data-engineer-accenture-solutions-pvt-ltd-bengaluru-2-to-7-years-110626926470
Data Engineer,Accenture,5-10 Yrs,Not Disclosed,Bengaluru,3.7,74540  Reviews,5 days ago,https://www.naukri.com/job-listings-data-engineer-accenture-solutions-pvt-ltd-bengaluru-5-to-10-years-110626926356
Data Engineer,Accenture,7-12 Yrs,Not Disclosed,Bengaluru,3.7,74540  Reviews,5 days ago,https://www.naukri.com/job-listings-data-engineer-accenture-solutions-pvt-ltd-bengaluru-7-to-12-years-110626926183
Data Engineer,Accenture,3-8 Yrs,Not Disclosed,Bengaluru,3.7,74540  Reviews,6 days ago,https://www.naukri.com/job-listings-data-engineer-accenture-solutions-pvt-ltd-bengaluru-3-to-8-years-100626924175
Data Engineer,Accenture,3-8 Yrs,Not Disclosed,Bengaluru,3.7,74540  Reviews,6 days ago,https://www.naukri.com/job-listings-data-engineer-accenture-solutions-pvt-ltd-bengaluru-3-to-8-years-100626924173
Data Engineer,Accenture,7-12 Yrs,Not Disclosed,Bengaluru,3.7,74540  Reviews,6 days ago,https://www.naukri.com/job-listings-data-engineer-accenture-solutions-pvt-ltd-bengaluru-7-to-12-years-100626923864
Data Engineer,Accenture,7-12 Yrs,Not Disclosed,Bengaluru,3.7,74540  Reviews,6 days ago,https://www.naukri.com/job-listings-data-engineer-accenture-solutions-pvt-ltd-bengaluru-7-to-12-years-100626923729
Data Engineer,Accenture,3-8 Yrs,Not Disclosed,Bengaluru,3.7,74540  Reviews,6 days ago,https://www.naukri.com/job-listings-data-engineer-accenture-solutions-pvt-ltd-bengaluru-3-to-8-years-100626923668
Data Engineer,Accenture,2-7 Yrs,Not Disclosed,Bengaluru,3.7,74540  Reviews,5 days ago,https://www.naukri.com/job-listings-data-engineer-accenture-solutions-pvt-ltd-bengaluru-2-to-7-years-110626926490
"Specialist Data Scientist, Actimize (AML Analyst)",NiCE,8-12 Yrs,Not Disclosed,Hybrid - Pune,3.6,656  Reviews,2 weeks ago,https://www.naukri.com/job-listings-specialist-data-scientist-actimize-aml-analyst-nice-pune-8-to-12-years-290526002612
Analyst,eClerx,0-2 Yrs,Not Disclosed,Chandigarh,3.1,6420  Reviews,1 week ago,https://www.naukri.com/job-listings-analyst-eclerx-chandigarh-0-to-2-years-300426026937
Data Operations Analyst,Yipitdata,1-2 Yrs,Not Disclosed,"Kolkata, Mumbai, New Delhi, Hyderabad, Pune, Chennai, Bengaluru",3.8,14  Reviews,3+ weeks ago,https://www.naukri.com/job-listings-data-operations-analyst-yipitdata-kolkata-mumbai-new-delhi-hyderabad-pune-chennai-bengaluru-1-to-2-years-120525501870
Lead Analyst - Credit Data Solutions (Data Management),First Citizens India,7-11 Yrs,Not Disclosed,Bengaluru,3.9,218  Reviews,3 weeks ago,https://www.naukri.com/job-listings-lead-analyst-credit-data-solutions-data-management-first-citizens-india-bengaluru-7-to-11-years-220526033745
Lead Analyst - Credit Data Solutions (Data Governance),First Citizens India,7-11 Yrs,Not Disclosed,Bengaluru,3.9,218  Reviews,3 weeks ago,https://www.naukri.com/job-listings-lead-analyst-credit-data-solutions-data-governance-first-citizens-india-bengaluru-7-to-11-years-210526015756
Analyst - Customer Data Management,MUFG Bank,1-4 Yrs,Not Disclosed,Bengaluru,3.5,350  Reviews,3 weeks ago,https://www.naukri.com/job-listings-analyst-customer-data-management-bank-of-tokyo-mitsubishi-ufj-ltd-bengaluru-1-to-4-years-200526503197
Data Protection Analyst,UST,3-5 Yrs,Not Disclosed,Thiruvananthapuram,3.7,5781  Reviews,1 day ago,https://www.naukri.com/job-listings-data-protection-analyst-ust-thiruvananthapuram-3-to-5-years-150626503779
Principal Image Analyst (Data Operations Lead),Galaxeye Space,5-10 Yrs,Not Disclosed,Bengaluru,3.4,17  Reviews,3+ weeks ago,https://www.naukri.com/job-listings-principal-image-analyst-data-operations-lead-galaxeye-space-bengaluru-5-to-10-years-120526503314
Data Support Analyst,MUFG Bank,2-4 Yrs,Not Disclosed,Bengaluru,3.5,350  Reviews,3+ weeks ago,https://www.naukri.com/job-listings-data-support-analyst-bank-of-tokyo-mitsubishi-ufj-ltd-bengaluru-2-to-4-years-070426500645
Master Data Management Analyst,Tekskills,6-10 Yrs,15-22.5 Lacs PA ,Bengaluru,N/A,N/A,2 weeks ago,https://www.naukri.com/job-listings-master-data-management-analyst-tekskills-bengaluru-6-to-10-years-290526918676
HR Analyst- Workday Data Administrator,RTX,3-5 Yrs,Not Disclosed,Bengaluru,3.8,1007  Reviews,3 weeks ago,https://www.naukri.com/job-listings-hr-analyst-workday-data-administrator-rtx-bengaluru-3-to-5-years-260526030300
Data Migration Analyst,Bayer Zydus Pharma,5-10 Yrs,Not Disclosed,Bengaluru,3.5,163  Reviews,3 weeks ago,https://www.naukri.com/job-listings-data-migration-analyst-bayer-zydus-pharma-bengaluru-5-to-10-years-250526502661
Associate Data Operations Analyst,Aeries Technology,5-6 Yrs,Not Disclosed,Bengaluru,3.1,403  Reviews,3+ weeks ago,https://www.naukri.com/job-listings-associate-data-operations-analyst-aeries-technology-group-bengaluru-5-to-6-years-220426500175
Data Quality Analyst II,Okta,3-8 Yrs,Not Disclosed,Bengaluru,2.3,28  Reviews,3 weeks ago,https://www.naukri.com/job-listings-data-quality-analyst-ii-okta-identity-india-private-limited-bengaluru-3-to-8-years-200526938006
Data Quality Analyst II,Reaology Lucknow,3-8 Yrs,Not Disclosed,Bengaluru,N/A,N/A,3 weeks ago,https://www.naukri.com/job-listings-data-quality-analyst-ii-okta-bengaluru-3-to-8-years-200526503924
"Analyst Reporting, Data Services",M3 Eu,5-8 Yrs,Not Disclosed,Bengaluru,N/A,N/A,3+ weeks ago,https://www.naukri.com/job-listings-analyst-reporting-data-services-m3-eu-ltd-bengaluru-5-to-8-years-170426500753
Information Security Analyst- Data Leakage,Squircle IT,3-5 Yrs,Not Disclosed,Bengaluru,N/A,N/A,3+ weeks ago,https://www.naukri.com/job-listings-information-security-analyst-data-leakage-squircle-it-consulting-services-pvt-ltd-bengaluru-3-to-5-years-140126502103
Master Data Management Analyst II,ColumbiaSportswearCompany,5-10 Yrs,Not Disclosed,Bengaluru,3.4,54  Reviews,3+ weeks ago,https://www.naukri.com/job-listings-master-data-management-analyst-ii-columbiasportswearcompany-bengaluru-5-to-10-years-120526501056
Data Migration Test Analyst,Two95 International,2-6 Yrs,Not Disclosed,Bengaluru,4.0,6  Reviews,3+ weeks ago,https://www.naukri.com/job-listings-data-migration-test-analyst-two95-international-inc-bengaluru-2-to-6-years-110526503610
Research Analyst --Data Operations,Findem,2-5 Yrs,Not Disclosed,Bengaluru,3.7,19  Reviews,3+ weeks ago,https://www.naukri.com/job-listings-research-analyst-data-operations-findem-bengaluru-2-to-5-years-110226502439
Data mapping and analysis Professional,Clifyx Technology,8-13 Yrs,Not Disclosed,Bengaluru,3.3,31  Reviews,3+ weeks ago,https://www.naukri.com/job-listings-data-mapping-and-analysis-professional-clifyx-technology-bengaluru-8-to-13-years-101125502551
"Data Science- Analyst, Search",eBay,3-7 Yrs,Not Disclosed,Bengaluru,N/A,N/A,3+ weeks ago,https://www.naukri.com/job-listings-data-science-analyst-search-ebay-bengaluru-3-to-7-years-100426502872
Technical Data Implementation Analyst,Gresham Technologies,3-8 Yrs,Not Disclosed,Bengaluru,3.7,9  Reviews,3+ weeks ago,https://www.naukri.com/job-listings-technical-data-implementation-analyst-gresham-bengaluru-3-to-8-years-080526501303
Master Data Management Analyst,Trafigura,3-8 Yrs,8-20 Lacs PA ,Mumbai,3.2,163  Reviews,1 week ago,https://www.naukri.com/job-listings-master-data-management-analyst-trafigura-mumbai-3-to-8-years-040626013552
Data Engineer Analyst,The Omnihire,2-3 Yrs,Not Disclosed,Bengaluru,N/A,N/A,3+ weeks ago,https://www.naukri.com/job-listings-data-engineer-analyst-the-omnihire-bengaluru-2-to-3-years-030426500342
Process Excellence Analyst - Data Excellence,Bill Gosling,2-5 Yrs,Not Disclosed,Bengaluru,3.5,818  Reviews,3+ weeks ago,https://www.naukri.com/job-listings-process-excellence-analyst-data-excellence-bill-gosling-outsourcing-bengaluru-2-to-5-years-010426502822
Data Operations Support Analyst Data Sync,Nephroplus,1-5 Yrs,Not Disclosed,Bengaluru,3.8,702  Reviews,2 weeks ago,https://www.naukri.com/job-listings-data-operations-support-analyst-data-sync-nephrocare-health-services-pvt-ltd-bengaluru-1-to-5-years-270526503204
IT Lead Technology Analyst - Data Migration Architect,Premium Aerotec,12-17 Yrs,Not Disclosed,Bengaluru,N/A,N/A,3+ weeks ago,https://www.naukri.com/job-listings-it-lead-technology-analyst-data-migration-architect-aerotec-bengaluru-12-to-17-years-240226503369
Senior Data Scientist- Machine Learning,Trinity Life Sciences,0-5 Yrs,Not Disclosed,Gurugram,N/A,N/A,3+ weeks ago,https://www.naukri.com/job-listings-senior-data-scientist-machine-learning-trinity-life-sciences-gurugram-0-to-5-years-230426501287
Data Governance Analyst II,Infomerica,2-5 Yrs,Not Disclosed,Bengaluru,3.3,117  Reviews,3 weeks ago,https://www.naukri.com/job-listings-data-governance-analyst-ii-infomerica-inc-bengaluru-2-to-5-years-210526506714
Data Support Analyst Expert Level,Pantheon Inc,5-8 Yrs,Not Disclosed,Bengaluru,3.5,11  Reviews,3+ weeks ago,https://www.naukri.com/job-listings-data-support-analyst-expert-level-pantheon-inc-bengaluru-5-to-8-years-191224501609
Data Science Actuarial Analyst,Swiss Re,1-4 Yrs,Not Disclosed,Bengaluru,3.8,362  Reviews,3+ weeks ago,https://www.naukri.com/job-listings-data-science-actuarial-analyst-swiss-re-bengaluru-1-to-4-years-190525506260
"Lead Analyst, Material Master Data",Kenvue Brands LLC,3-4 Yrs,Not Disclosed,Bengaluru,3.6,179  Reviews,3+ weeks ago,https://www.naukri.com/job-listings-lead-analyst-material-master-data-kenvue-brands-llc-bengaluru-3-to-4-years-170226502592
Technical Data programmer / analyst,Enfys Technologies,5-10 Yrs,Not Disclosed,Bengaluru,N/A,N/A,3+ weeks ago,https://www.naukri.com/job-listings-technical-data-programmer-analyst-enfys-technologies-bengaluru-5-to-10-years-050821500113
Data Scientist,Tanisha Systems,5-10 Yrs,18-30 Lacs PA ,"Hybrid - Noida, Pune, Bengaluru",2.8,111  Reviews,Few hours ago,https://www.naukri.com/job-listings-data-scientist-tanisha-systems-noida-pune-bengaluru-5-to-10-years-160626029676
Data Scientist,Amgen Inc,3-7 Yrs,Not Disclosed,Hyderabad,2.8,166  Reviews,3 weeks ago,https://www.naukri.com/job-listings-data-scientist-amgen-inc-hyderabad-3-to-7-years-250526935146
Data Scientist,Amgen Inc,3-7 Yrs,Not Disclosed,Hyderabad,2.8,166  Reviews,3 weeks ago,https://www.naukri.com/job-listings-data-scientist-amgen-inc-hyderabad-3-to-7-years-250526935010
Data Scientist I,Sparta Systems,0-5 Yrs,Not Disclosed,Bengaluru,4.1,13  Reviews,1 week ago,https://www.naukri.com/job-listings-data-scientist-i-spartasystems-bengaluru-0-to-5-years-040626501401
Data Scientist,Findability Sciences,4-9 Yrs,Not Disclosed,Nagar,3.1,37  Reviews,3+ weeks ago,https://www.naukri.com/job-listings-data-scientist-findability-sciences-nagar-4-to-9-years-260525500741
Data Scientists,Insync Analytics,1-2 Yrs,Not Disclosed,Mumbai,2.4,207  Reviews,3+ weeks ago,https://www.naukri.com/job-listings-data-scientists-insync-analytics-india-private-limited-mumbai-1-to-2-years-240725503974
Data Scientist,Edgevertise Service Lucknow,2-6 Yrs,Not Disclosed,Lucknow,N/A,N/A,3+ weeks ago,https://www.naukri.com/job-listings-data-scientist-edgevertise-service-lucknow-2-to-6-years-191125504568
Data Scientist,Digital Dogs Content And Media,5-8 Yrs,Not Disclosed,Mumbai,N/A,N/A,3+ weeks ago,https://www.naukri.com/job-listings-data-scientist-digital-dogs-content-and-media-mumbai-5-to-8-years-120724501394
Data Scientist,Sroniyan,5-10 Yrs,Not Disclosed,Jhansi,3.3,10  Reviews,3+ weeks ago,https://www.naukri.com/job-listings-data-scientist-sroniyan-jhansi-5-to-10-years-110724502775
Data Scientist,Zosto Technology,8-13 Yrs,Not Disclosed,Lucknow,2.4,8  Reviews,3+ weeks ago,https://www.naukri.com/job-listings-data-scientist-zosto-technology-private-limited-lucknow-8-to-13-years-090425502042
Data Scientist,Linkageit,3-6 Yrs,Not Disclosed,Mohali,N/A,N/A,3+ weeks ago,https://www.naukri.com/job-listings-data-scientist-linkage-it-mohali-3-to-6-years-080526501989
Data Scientist,Bumppy Media,2-6 Yrs,Not Disclosed,Noida,3.9,2  Reviews,3+ weeks ago,https://www.naukri.com/job-listings-data-scientist-bumppy-media-pvt-ltd-noida-2-to-6-years-070725500729
Data Scientist,IDESLABS,5-15 Yrs,Not Disclosed,Hyderabad,3.8,23  Reviews,3+ weeks ago,https://www.naukri.com/job-listings-data-scientist-ideslabs-private-limited-hyderabad-5-to-15-years-070324502344
Data Scientist,Tattva Foundation,1-7 Yrs,Not Disclosed,Lucknow,4.6,24  Reviews,3+ weeks ago,https://www.naukri.com/job-listings-data-scientist-tattvafoundation-lucknow-1-to-7-years-050925506585
Data scientist,Inginit,2-5 Yrs,Not Disclosed,Mumbai,4.4,7  Reviews,3+ weeks ago,https://www.naukri.com/job-listings-data-scientist-inginit-mumbai-2-to-5-years-020925501271
Data Scientist,Admini Boosting Productivity,2-5 Yrs,Not Disclosed,Siliguri,N/A,N/A,3+ weeks ago,https://www.naukri.com/job-listings-data-scientist-admini-boosting-productivity-siliguri-2-to-5-years-020725503606
Data and AI Scientist,Lloyds Technology Centre India,3-7 Yrs,Not Disclosed,Hyderabad,3.5,268  Reviews,2 weeks ago,https://www.naukri.com/job-listings-data-and-ai-scientist-lloyds-technology-centre-india-hyderabad-3-to-7-years-010626505039
DATA /MIS Analyst -ZOHO /CRM /BI -Pune / Vapi -WFO /Full time,Excelvana,2-6 Yrs,Not Disclosed,"Vapi, Pune",N/A,N/A,4 days ago,https://www.naukri.com/job-listings-data-mis-analyst-zoho-crm-bi-pune-vapi-wfo-full-time-excelvana-vapi-pune-2-to-6-years-120626013073
Business Analyst,MockWin,0-1 Yrs,Not Disclosed,"Hyderabad, Chennai, Bengaluru",N/A,N/A,1 day ago,https://www.naukri.com/job-listings-business-analyst-codinglimits-nellore-hyderabad-chennai-bengaluru-0-to-1-years-150626018036
Data Engineer,The Art Of Living Human Resources,4-8 Yrs,Not Disclosed,Bengaluru,N/A,N/A,3+ weeks ago,https://www.naukri.com/job-listings-data-engineer-the-art-of-living-human-resource-bengaluru-4-to-8-years-210226502009
Data Engineer,Accenture,2-4 Yrs,Not Disclosed,Bengaluru,3.7,74540  Reviews,1 week ago,https://www.naukri.com/job-listings-data-engineer-accenture-solutions-pvt-ltd-bengaluru-2-to-4-years-080626928014
Data Engineer,Accenture,3-8 Yrs,Not Disclosed,Bengaluru,3.7,74540  Reviews,1 week ago,https://www.naukri.com/job-listings-data-engineer-accenture-solutions-pvt-ltd-bengaluru-3-to-8-years-080626926917
Data Engineer,Seven N Consulting,1-2 Yrs,Not Disclosed,Bengaluru,3.8,27  Reviews,3+ weeks ago,https://www.naukri.com/job-listings-data-engineer-seven-n-consulting-pvt-ltd-bengaluru-1-to-2-years-290925501317
Data Engineer,Billions United,0-2 Yrs,Not Disclosed,Bengaluru,N/A,N/A,3+ weeks ago,https://www.naukri.com/job-listings-data-engineer-billions-united-bengaluru-0-to-2-years-250725500797
Data Engineer,Alstom,5-7 Yrs,Not Disclosed,Bengaluru,3.7,3353  Reviews,1 week ago,https://www.naukri.com/job-listings-data-engineer-alstom-transport-india-ltd-bengaluru-5-to-7-years-080626934039
Data Engineer,Accenture,2-4 Yrs,Not Disclosed,Bengaluru,3.7,74540  Reviews,1 week ago,https://www.naukri.com/job-listings-data-engineer-accenture-solutions-pvt-ltd-bengaluru-2-to-4-years-080626932093
Data Engineer,Accenture,2-4 Yrs,Not Disclosed,Bengaluru,3.7,74540  Reviews,1 week ago,https://www.naukri.com/job-listings-data-engineer-accenture-solutions-pvt-ltd-bengaluru-2-to-4-years-080626932034
Data Engineer,Accenture,3-8 Yrs,Not Disclosed,Bengaluru,3.7,74540  Reviews,1 week ago,https://www.naukri.com/job-listings-data-engineer-accenture-solutions-pvt-ltd-bengaluru-3-to-8-years-080626931335
Data Engineer,Accenture,3-8 Yrs,Not Disclosed,Bengaluru,3.7,74540  Reviews,1 week ago,https://www.naukri.com/job-listings-data-engineer-accenture-solutions-pvt-ltd-bengaluru-3-to-8-years-080626929320
Data Engineer,Accenture,2-4 Yrs,Not Disclosed,Bengaluru,3.7,74540  Reviews,2 weeks ago,https://www.naukri.com/job-listings-data-engineer-accenture-solutions-pvt-ltd-bengaluru-2-to-4-years-010626919178
Data Engineer,Accenture,5-10 Yrs,Not Disclosed,Bengaluru,3.7,74540  Reviews,2 weeks ago,https://www.naukri.com/job-listings-data-engineer-accenture-solutions-pvt-ltd-bengaluru-5-to-10-years-010626919118
Data Engineer,Accenture,3-8 Yrs,Not Disclosed,Bengaluru,3.7,74540  Reviews,2 weeks ago,https://www.naukri.com/job-listings-data-engineer-accenture-solutions-pvt-ltd-bengaluru-3-to-8-years-010626918177
Data Engineer,Accenture,3-8 Yrs,Not Disclosed,Bengaluru,3.7,74540  Reviews,2 weeks ago,https://www.naukri.com/job-listings-data-engineer-accenture-solutions-pvt-ltd-bengaluru-3-to-8-years-010626917602
Data Engineer,Accenture,3-8 Yrs,Not Disclosed,Bengaluru,3.7,74540  Reviews,2 weeks ago,https://www.naukri.com/job-listings-data-engineer-accenture-solutions-pvt-ltd-bengaluru-3-to-8-years-010626917590
Analyst,eClerx,0-2 Yrs,Not Disclosed,Navi Mumbai,3.1,6420  Reviews,3+ weeks ago,https://www.naukri.com/job-listings-analyst-eclerx-services-ltd-navi-mumbai-0-to-2-years-241225026141
Analyst,eClerx,0-2 Yrs,Not Disclosed,Navi Mumbai,3.1,6420  Reviews,3+ weeks ago,https://www.naukri.com/job-listings-analyst-eclerx-services-ltd-navi-mumbai-0-to-2-years-241225025989
Analyst,eClerx,0-4 Yrs,Not Disclosed,Mumbai,3.1,6420  Reviews,3+ weeks ago,https://www.naukri.com/job-listings-analyst-eclerx-services-ltd-mumbai-0-to-4-years-150426503913
Analyst,MUFG Bank,0-5 Yrs,Not Disclosed,Bengaluru,3.5,350  Reviews,6 days ago,https://www.naukri.com/job-listings-analyst-bank-of-tokyo-mitsubishi-ufj-ltd-bengaluru-0-to-5-years-100626506531
Analyst,Unitedlex,0-6 Yrs,Not Disclosed,Gurugram,2.6,765  Reviews,3+ weeks ago,https://www.naukri.com/job-listings-analyst-unitedlex-corporation-gurugram-0-to-6-years-030326502341
Analyst,Firstsource,0-6 Yrs,Not Disclosed,Bengaluru,3.5,5867  Reviews,3+ weeks ago,https://www.naukri.com/job-listings-analyst-firstsource-solutions-ltd-bengaluru-0-to-6-years-150526502995
Teradata Developer / Analyst,Infosys,0-7 Yrs,Not Disclosed,Hyderabad,3.5,49475  Reviews,3+ weeks ago,https://www.naukri.com/job-listings-teradata-developer-analyst-infosys-technologies-ltd-hyderabad-0-to-7-years-020426510041
Data Annotation | Content Analyst,dext ai,3-8 Yrs,Not Disclosed,Remote,N/A,N/A,3 weeks ago,https://www.naukri.com/job-listings-data-annotation-content-analyst-dext-ai-bengaluru-3-to-8-years-260526017158
Quality Control Analyst - Data,Omega Healthcare,3-5 Yrs,Not Disclosed,Tiruchirapalli,3.8,6552  Reviews,3 weeks ago,https://www.naukri.com/job-listings-quality-control-analyst-data-omega-healthcare-management-services-pvt-ltd-tiruchirapalli-3-to-5-years-200526937614
Hiring For Master Data Management (MDM) Analyst For (SME) subject matt,IMC,2-7 Yrs,3.25-8.25 Lacs PA ,Chennai,N/A,N/A,6 days ago,https://www.naukri.com/job-listings-hiring-for-master-data-management-mdm-analyst-for-sme-subject-matt-inspiration-manpower-consultancy-chennai-2-to-7-years-100626006299
"Analyst, Data Operations",Russell Investments,3-5 Yrs,Not Disclosed,Mumbai,3.6,62  Reviews,1 week ago,https://www.naukri.com/job-listings-analyst-data-operations-russell-investments-mumbai-3-to-5-years-090626501898
Data Quality Analyst,Vigoursoft Global Solutions,5-10 Yrs,Not Disclosed,Pune,4.4,7  Reviews,3+ weeks ago,https://www.naukri.com/job-listings-data-quality-analyst-vigoursoft-global-solutions-pune-5-to-10-years-200426504824
Analyst Global Data Management,Colgate-Palmolive (India),2-5 Yrs,Not Disclosed,Mumbai,4.0,1016  Reviews,3+ weeks ago,https://www.naukri.com/job-listings-analyst-global-data-management-colgate-palmolive-india-mumbai-2-to-5-years-200126505815
Analyst - Data Platform Engg.,Nomura,2-5 Yrs,Not Disclosed,Mumbai,3.6,699  Reviews,3+ weeks ago,https://www.naukri.com/job-listings-analyst-data-platform-engg-nomura-capital-india-private-limited-mumbai-2-to-5-years-150126500171
Data Operations Analyst,Globeop Financial Services (india),3-6 Yrs,Not Disclosed,Hyderabad,3.2,1780  Reviews,5 days ago,https://www.naukri.com/job-listings-data-operations-analyst-globeop-financial-services-india-private-limited-hyderabad-3-to-6-years-110626504291
Data Protection Analyst,Northern Arc Capital,11-14 Yrs,14-19 Lacs PA ,Chennai,3.7,218  Reviews,6 days ago,https://www.naukri.com/job-listings-data-protection-analyst-northern-arc-capital-chennai-11-to-14-years-100626015673
Data Engineering Lead Analyst -= HIH - Evernorth,Cigna Medical Group,5-8 Yrs,Not Disclosed,Hyderabad,3.0,43  Reviews,1 week ago,https://www.naukri.com/job-listings-data-engineering-lead-analyst-hih-evernorth-cigna-medical-group-hyderabad-5-to-8-years-090626500692
Data Engineering Lead Analyst - HOH - Evernorth,Cigna Medical Group,5-8 Yrs,Not Disclosed,Hyderabad,3.0,43  Reviews,1 week ago,https://www.naukri.com/job-listings-data-engineering-lead-analyst-hoh-evernorth-cigna-medical-group-hyderabad-5-to-8-years-090626500683
Data Engineering Analyst - HIH - Evernorth,Cigna Medical Group,1-3 Yrs,Not Disclosed,Hyderabad,3.0,43  Reviews,1 week ago,https://www.naukri.com/job-listings-data-engineering-analyst-hih-evernorth-cigna-medical-group-hyderabad-1-to-3-years-090626500676
Master Data Management Analyst,IPS group,1-3 Yrs,1-3 Lacs PA ,Pune,N/A,N/A,1 week ago,https://www.naukri.com/job-listings-master-data-management-analyst-integrated-personnel-services-pune-1-to-3-years-090626016389
Data Engineering Analyst,Sindhuja Micro Credit,3-8 Yrs,Not Disclosed,Noida,3.6,158  Reviews,1 week ago,https://www.naukri.com/job-listings-data-engineering-analyst-sindhuja-micro-credit-noida-3-to-8-years-090626012612
Analyst in Finance Data Operations,Barclays,2-5 Yrs,Not Disclosed,Chennai,3.8,1165  Reviews,3+ weeks ago,https://www.naukri.com/job-listings-analyst-in-finance-data-operations-barclays-shared-services-chennai-2-to-5-years-181125503623
Data Scientist / Machine Learning Engineer,Interra Information Technologies,4-6 Yrs,19-22.5 Lacs PA ,"Noida, New Delhi, Greater Noida",3.2,152  Reviews,1 week ago,https://www.naukri.com/job-listings-data-scientist-machine-learning-engineer-interra-information-technologies-noida-new-delhi-greater-noida-4-to-6-years-160326021413
Data Scientist 3,Happiest Minds Technologies,7-12 Yrs,25-35 Lacs PA ,"Noida, Pune, Bengaluru",N/A,N/A,6 days ago,https://www.naukri.com/job-listings-data-scientist-3-fabric-noida-pune-bengaluru-7-to-12-years-100626026295
Data Scientist,Data Collection Infotech,0-4 Yrs,Not Disclosed,Bengaluru,3.0,65  Reviews,3+ weeks ago,https://www.naukri.com/job-listings-data-scientist-data-collection-infotech-india-private-limited-bengaluru-0-to-4-years-310723500135
DE-Data Scientist-VG-W4-CDAO0217,EY,8-13 Yrs,Not Disclosed,Hyderabad,3.4,14833  Reviews,3 weeks ago,https://www.naukri.com/job-listings-de-data-scientist-vg-w4-cdao0217-ernst-young-llp-hyderabad-8-to-13-years-260526930717
Data Scientist,Akaike Technologies,0-6 Yrs,Not Disclosed,Bengaluru,3.4,29  Reviews,3+ weeks ago,https://www.naukri.com/job-listings-data-scientist-akaike-technologies-bengaluru-0-to-6-years-231122500033
Data Scientist,LLP S3bglobal Technologies,0-3 Yrs,Not Disclosed,Bengaluru,3.5,7  Reviews,3+ weeks ago,https://www.naukri.com/job-listings-data-scientist-s3b-global-bengaluru-0-to-3-years-160525502773
AIML Data Scientist,Cognizant,8-12 Yrs,Not Disclosed,Kolkata,3.7,62198  Reviews,3+ weeks ago,https://www.naukri.com/job-listings-aiml-data-scientist-cognizant-kolkata-8-to-12-years-150526007424
Sr. Business Analyst,Photon,7-12 Yrs,Not Disclosed,Bengaluru,4.0,2659  Reviews,6 days ago,https://www.naukri.com/job-listings-sr-business-analyst-photon-infotech-p-ltd-bengaluru-7-to-12-years-100626506727
Data Scientist 1,FedEx,2-5 Yrs,Not Disclosed,Hyderabad,4.0,1396  Reviews,3 weeks ago,https://www.naukri.com/job-listings-data-scientist-1-fedex-express-hyderabad-2-to-5-years-250526500082
"Data, MIS & Quality Analysts",Bridgeloyalty Customer Experience Management,1-5 Yrs,Not Disclosed,Mumbai,2.7,11  Reviews,3+ weeks ago,https://www.naukri.com/job-listings-data-mis-quality-analysts-bridgeloyalty-customer-experience-management-llp-mumbai-1-to-5-years-060426502085
Associate Business Analyst,OYO,0-6 Yrs,9-15 Lacs PA ,Gurugram,3.0,3943  Reviews,3 weeks ago,https://www.naukri.com/job-listings-associate-business-analyst-oyo-gurugram-0-to-6-years-250526030676
Associate Business Analyst,Accenture,0-2 Yrs,Not Disclosed,Kochi,3.7,74540  Reviews,3 weeks ago,https://www.naukri.com/job-listings-associate-business-analyst-accenture-solutions-pvt-ltd-kochi-0-to-2-years-220526923945
Fresher- Technical business analysis engineer- UK shift,Conduent,0 Yrs,Not Disclosed,Noida(Sector 135),3.4,3335  Reviews,3+ weeks ago,https://www.naukri.com/job-listings-fresher-technical-business-analysis-engineer-uk-shift-conduent-noida-0-to-0-years-190526923497
Analyst III Business Process Transactions / RR,DXC Technology,0-1 Yrs,Not Disclosed,Noida,3.6,12153  Reviews,3+ weeks ago,https://www.naukri.com/job-listings-analyst-iii-business-process-transactions-rr-dxc-technology-noida-0-to-1-years-190526503188
Information Analysis and Data Entry Executive,Ga Software Technologies,1-3 Yrs,Not Disclosed,Noida,4.7,13  Reviews,3+ weeks ago,https://www.naukri.com/job-listings-information-analysis-and-data-entry-executive-ga-software-technologies-pvt-ltd-noida-1-to-3-years-170325502842
Business Research Analyst,Zee Entertainment Enterprises Limited(ZEEL),0-3 Yrs,2-5 Lacs PA ,Chennai,N/A,N/A,1 day ago,https://www.naukri.com/job-listings-business-research-analyst-teamlease-chennai-0-to-3-years-150626024998
Business Analyst,Screl,0-3 Yrs,Not Disclosed,Malappuram,4.6,6  Reviews,3+ weeks ago,https://www.naukri.com/job-listings-business-analyst-screl-info-pvt-ltd-malappuram-0-to-3-years-230426504315
Business Analyst,Barclays,0-13 Yrs,Not Disclosed,Bengaluru,3.8,1165  Reviews,3+ weeks ago,https://www.naukri.com/job-listings-business-analyst-barclays-shared-services-bengaluru-0-to-13-years-170426500506
Data Engineer,Accenture,15-20 Yrs,Not Disclosed,Bengaluru,3.7,74540  Reviews,2 weeks ago,https://www.naukri.com/job-listings-data-engineer-accenture-solutions-pvt-ltd-bengaluru-15-to-20-years-270526929946
Data Engineer,Accenture,3-8 Yrs,Not Disclosed,Bengaluru,3.7,74540  Reviews,3+ weeks ago,https://www.naukri.com/job-listings-data-engineer-accenture-solutions-pvt-ltd-bengaluru-3-to-8-years-190526921334
Data Engineer,Rm Web Technologies,2-5 Yrs,Not Disclosed,Hyderabad,N/A,N/A,5 days ago,https://www.naukri.com/job-listings-data-engineer-rm-web-solutions-pvt-ltd-hyderabad-2-to-5-years-110626504705
Tax Data Engineer Reconciliation & Compliance,Mobifly,5-9 Yrs,Not Disclosed,Gurugram,3.8,58  Reviews,6 days ago,https://www.naukri.com/job-listings-tax-data-engineer-reconciliation-compliance-mobifly-gurugram-5-to-9-years-100626505620
Data Engineer,Accenture,15-20 Yrs,Not Disclosed,Bengaluru,3.7,74540  Reviews,3 weeks ago,https://www.naukri.com/job-listings-data-engineer-accenture-solutions-pvt-ltd-bengaluru-15-to-20-years-250526932597
Data Engineer,Accenture,7-12 Yrs,Not Disclosed,Bengaluru,3.7,74540  Reviews,3 weeks ago,https://www.naukri.com/job-listings-data-engineer-accenture-solutions-pvt-ltd-bengaluru-7-to-12-years-250526929700
Data Engineer,Accenture,2-4 Yrs,Not Disclosed,Bengaluru,3.7,74540  Reviews,3 weeks ago,https://www.naukri.com/job-listings-data-engineer-accenture-solutions-pvt-ltd-bengaluru-2-to-4-years-250526926994
Data Engineer,Accenture,3-8 Yrs,Not Disclosed,Bengaluru,3.7,74540  Reviews,3+ weeks ago,https://www.naukri.com/job-listings-data-engineer-accenture-solutions-pvt-ltd-bengaluru-3-to-8-years-190526922653
Data Engineer,Accenture,7-12 Yrs,Not Disclosed,Bengaluru,3.7,74540  Reviews,3+ weeks ago,https://www.naukri.com/job-listings-data-engineer-accenture-solutions-pvt-ltd-bengaluru-7-to-12-years-180526922389
Data Engineer,Accenture,7-12 Yrs,Not Disclosed,Bengaluru,3.7,74540  Reviews,3+ weeks ago,https://www.naukri.com/job-listings-data-engineer-accenture-solutions-pvt-ltd-bengaluru-7-to-12-years-180526922385
Data Engineer,Accenture,7-12 Yrs,Not Disclosed,Bengaluru,3.7,74540  Reviews,3+ weeks ago,https://www.naukri.com/job-listings-data-engineer-accenture-solutions-pvt-ltd-bengaluru-7-to-12-years-180526922374
Data Engineer,KPMG India,2-4 Yrs,8-10 Lacs PA ,Hybrid - Bengaluru(Bellandur),3.4,2735  Reviews,3+ weeks ago,https://www.naukri.com/job-listings-data-engineer-kpmg-india-bengaluru-2-to-4-years-180526008935
Data Engineer,Accenture,15-20 Yrs,Not Disclosed,Chennai,3.7,74540  Reviews,1 day ago,https://www.naukri.com/job-listings-data-engineer-accenture-solutions-pvt-ltd-chennai-15-to-20-years-150626936932
Data Engineer,Accenture,5-10 Yrs,Not Disclosed,Hyderabad,3.7,74540  Reviews,1 day ago,https://www.naukri.com/job-listings-data-engineer-accenture-solutions-pvt-ltd-hyderabad-5-to-10-years-150626932091
Data Engineer,Accenture,2-4 Yrs,Not Disclosed,Hyderabad,3.7,74540  Reviews,1 day ago,https://www.naukri.com/job-listings-data-engineer-accenture-solutions-pvt-ltd-hyderabad-2-to-4-years-150626930442
Data Engineer,Accenture,2-4 Yrs,Not Disclosed,Pune,3.7,74540  Reviews,1 day ago,https://www.naukri.com/job-listings-data-engineer-accenture-solutions-pvt-ltd-pune-2-to-4-years-150626928997
Data Engineer,Accenture,7-12 Yrs,Not Disclosed,Pune,3.7,74540  Reviews,1 day ago,https://www.naukri.com/job-listings-data-engineer-accenture-solutions-pvt-ltd-pune-7-to-12-years-150626928069
Data Engineer,Accenture,2-4 Yrs,Not Disclosed,Pune,3.7,74540  Reviews,1 day ago,https://www.naukri.com/job-listings-data-engineer-accenture-solutions-pvt-ltd-pune-2-to-4-years-150626927668
Data Engineer,Accenture,2-4 Yrs,Not Disclosed,Navi Mumbai,3.7,74540  Reviews,1 day ago,https://www.naukri.com/job-listings-data-engineer-accenture-solutions-pvt-ltd-navi-mumbai-2-to-4-years-150626926284
Data Engineer,Accenture,2-4 Yrs,Not Disclosed,Navi Mumbai,3.7,74540  Reviews,1 day ago,https://www.naukri.com/job-listings-data-engineer-accenture-solutions-pvt-ltd-navi-mumbai-2-to-4-years-150626926280
Advisory - Data Analytic - AI Engineer,BDO International Limited,5-8 Yrs,Not Disclosed,Bengaluru,3.1,741  Reviews,1 week ago,https://www.naukri.com/job-listings-advisory-data-analytic-ai-engineer-bdo-international-limited-bengaluru-5-to-8-years-080626500741
Data Engineer,Accenture,5-10 Yrs,Not Disclosed,Bengaluru,3.7,74540  Reviews,3+ weeks ago,https://www.naukri.com/job-listings-data-engineer-accenture-solutions-pvt-ltd-bengaluru-5-to-10-years-190526921199
Data Engineer,Accenture,7-12 Yrs,Not Disclosed,Bengaluru,3.7,74540  Reviews,3+ weeks ago,https://www.naukri.com/job-listings-data-engineer-accenture-solutions-pvt-ltd-bengaluru-7-to-12-years-190526921049
Data Engineer,Accenture,2-7 Yrs,Not Disclosed,Bengaluru,3.7,74540  Reviews,3+ weeks ago,https://www.naukri.com/job-listings-data-engineer-accenture-solutions-pvt-ltd-bengaluru-2-to-7-years-190526920782
Economic Analyst,Crisil,0-8 Yrs,Not Disclosed,Pune,3.5,1966  Reviews,3+ weeks ago,https://www.naukri.com/job-listings-economic-analyst-crisil-pune-0-to-8-years-130426501297
Teradata Developer / Analyst,Infosys,3-5 Yrs,Not Disclosed,Hyderabad,3.5,49475  Reviews,1 week ago,https://www.naukri.com/job-listings-teradata-developer-analyst-infosys-limited-hyderabad-3-to-5-years-080626933709
Data Management - Analyst,Experian,2-5 Yrs,Not Disclosed,"Mumbai, Kursela",3.8,184  Reviews,1 week ago,https://www.naukri.com/job-listings-data-management-analyst-experian-services-india-private-limited-mumbai-kursela-2-to-5-years-080626912983
QA Analyst(Data QA),WebMD,8-13 Yrs,Not Disclosed,Hybrid - Mumbai(Ghansoli),3.3,136  Reviews,1 week ago,https://www.naukri.com/job-listings-qa-analyst-data-qa-webmd-mumbai-8-to-13-years-050626025744
GCP Data Engineering (Support Engineer) Lead Programmer Analyst,BILVANTIS TECHNOLOGIES,5-7 Yrs,Not Disclosed,Hyderabad,N/A,N/A,1 week ago,https://www.naukri.com/job-listings-gcp-data-engineering-support-engineer-lead-programmer-analyst-bilvantis-technologies-hyderabad-5-to-7-years-040626500872
"Master Data Management (MDM) Analyst - Hyderabad,  Remote",Enternet Business Systems,4-9 Yrs,Not Disclosed,Remote,N/A,N/A,1 week ago,https://www.naukri.com/job-listings-master-data-management-mdm-analyst-hyderabad-remote-enternet-business-systems-inc-hyderabad-4-to-9-years-040626000823
Data Quality Analyst,Optimum Solutions,3-5 Yrs,Not Disclosed,Chennai,3.2,670  Reviews,1 week ago,https://www.naukri.com/job-listings-data-quality-analyst-optimum-infosystem-pvt-ltd-chennai-3-to-5-years-080626501333
Data Operation Analyst Analyst (German),Egon Zehnder,1-4 Yrs,Not Disclosed,Gurugram,3.6,169  Reviews,1 week ago,https://www.naukri.com/job-listings-data-operation-analyst-analyst-german-egon-zehnder-pvt-ltd-gurugram-1-to-4-years-050626501021
Master Data Management Analyst - Printing Industry preferred,Caterpillar Signs,2-4 Yrs,4-6 Lacs PA ,Gandhinagar,3.3,122  Reviews,1 week ago,https://www.naukri.com/job-listings-master-data-management-analyst-printing-industry-preferred-caterpillar-signs-gandhinagar-2-to-4-years-050626011547
Portfolio Data Operations Analyst,Addepar,2-7 Yrs,Not Disclosed,Pune,3.7,28  Reviews,1 week ago,https://www.naukri.com/job-listings-portfolio-data-operations-analyst-addepar-pune-2-to-7-years-040626501622
Data Analytic | Fresher | Business Analytics,Creative Hands HR,0-5 Yrs,2.5-6 Lacs PA ,"Hyderabad, Chennai, Bengaluru",N/A,N/A,Today,https://www.naukri.com/job-listings-data-analytic-fresher-business-analytics-creative-hands-hr-hyderabad-chennai-bengaluru-0-to-5-years-160626013168
Cyber Security - Data Privacy Analyst,Cerebra,8-12 Yrs,8-16 Lacs PA ,Chennai,3.0,20  Reviews,2 weeks ago,https://www.naukri.com/job-listings-cyber-security-data-privacy-analyst-cerebra-chennai-8-to-12-years-020626006984
Data Loss Prevention Analyst II,Bottom Line,2-5 Yrs,Not Disclosed,Chennai,3.4,146  Reviews,2 weeks ago,https://www.naukri.com/job-listings-data-loss-prevention-analyst-ii-bottomline-chennai-2-to-5-years-010626504427
"Senior Data Scientist, Machine Learning",Trinity Life Sciences,6-11 Yrs,Not Disclosed,Gurugram,N/A,N/A,3+ weeks ago,https://www.naukri.com/job-listings-senior-data-scientist-machine-learning-trinity-life-sciences-gurugram-6-to-11-years-230426502212
Data Scientist (With Databricks),Diggibyte Technologies,3-8 Yrs,Not Disclosed,"Ahmedabad, Chennai, Bengaluru",3.4,31  Reviews,1 week ago,https://www.naukri.com/job-listings-data-scientist-with-databricks-diggibyte-technologies-ahmedabad-chennai-bengaluru-3-to-8-years-040626033618
Business Advisory Senior Analyst,Accenture,5-8 Yrs,Not Disclosed,Bengaluru,3.7,74540  Reviews,2 weeks ago,https://www.naukri.com/job-listings-business-advisory-senior-analyst-accenture-solutions-pvt-ltd-bengaluru-5-to-8-years-290526915004
Senior Business Analyst - Healthcare,Hexaware Technologies,3-7 Yrs,Not Disclosed,Bengaluru,3.4,7813  Reviews,2 weeks ago,https://www.naukri.com/job-listings-senior-business-analyst-healthcare-hexaware-technologies-bengaluru-3-to-7-years-290526502661
Data Scientist I,Mastercard,4-8 Yrs,Not Disclosed,Gurugram,3.8,1017  Reviews,2 weeks ago,https://www.naukri.com/job-listings-data-scientist-i-mastercard-india-services-private-limited-gurugram-4-to-8-years-270526935864
Senior Analyst - Business Consulting Risk - Process & Controls,EY,2-7 Yrs,Not Disclosed,Bengaluru,3.4,14833  Reviews,3+ weeks ago,https://www.naukri.com/job-listings-senior-analyst-business-consulting-risk-process-controls-ernst-young-bengaluru-2-to-7-years-270426500550
"Sr Business Analyst MDM (Reltio, Life Sciences)",Iqvia Biotech,8-10 Yrs,Not Disclosed,Bengaluru,3.4,23  Reviews,3 weeks ago,https://www.naukri.com/job-listings-sr-business-analyst-mdm-reltio-life-sciences-iqvia-biotech-bengaluru-8-to-10-years-260526501804
Data Scientist,BDO India,5-9 Yrs,4.5-9 Lacs PA ,"Beed, Parbhani, Nanded",3.1,741  Reviews,3 weeks ago,https://www.naukri.com/job-listings-data-scientist-bdo-india-beed-parbhani-nanded-5-to-9-years-220526033640
Senior Associate - Business Analyst,Acuity Knowledge Partners,5-8 Yrs,Not Disclosed,Pune,3.1,1490  Reviews,1 day ago,https://www.naukri.com/job-listings-senior-associate-business-analyst-acuity-knowledge-partners-pune-5-to-8-years-150626504778
Sr Analyst III Business Process Transactions / RR,DXC Technology,3-8 Yrs,Not Disclosed,Noida,3.6,12153  Reviews,1 day ago,https://www.naukri.com/job-listings-sr-analyst-iii-business-process-transactions-rr-dxc-technology-noida-3-to-8-years-150626503165
Senior Business Analyst - Telecom Expense Management,Careernet,6-10 Yrs,Not Disclosed,Chennai,N/A,N/A,1 day ago,https://www.naukri.com/job-listings-senior-business-analyst-telecom-expense-management-careernet-chennai-6-to-10-years-150626017732
"Sr Business Analyst MDM (Reltio, Life Sciences)",Iqvia Biotech,8-10 Yrs,Not Disclosed,Kochi,3.4,23  Reviews,3 weeks ago,https://www.naukri.com/job-listings-sr-business-analyst-mdm-reltio-life-sciences-iqvia-biotech-kochi-8-to-10-years-220526500449
Junior Business Analyst,Intellisource Technologies,0-3 Yrs,Not Disclosed,Pune(Baner),3.6,8  Reviews,1 day ago,https://www.naukri.com/job-listings-junior-business-analyst-intellisource-technologies-pune-0-to-3-years-150626018480
Data Engineer,Prolifics Corporation,5-10 Yrs,Not Disclosed,Hyderabad,3.5,424  Reviews,1 week ago,https://www.naukri.com/job-listings-data-engineer-prolifics-hyderabad-5-to-10-years-080626500546
Data Engineer,Accenture,2-7 Yrs,Not Disclosed,Navi Mumbai,3.7,74540  Reviews,4 days ago,https://www.naukri.com/job-listings-data-engineer-accenture-solutions-pvt-ltd-navi-mumbai-2-to-7-years-120626916549
Data Engineer,Accenture,2-7 Yrs,Not Disclosed,Navi Mumbai,3.7,74540  Reviews,4 days ago,https://www.naukri.com/job-listings-data-engineer-accenture-solutions-pvt-ltd-navi-mumbai-2-to-7-years-120626916536
Data Engineer,Accenture,3-8 Yrs,Not Disclosed,Navi Mumbai,3.7,74540  Reviews,4 days ago,https://www.naukri.com/job-listings-data-engineer-accenture-solutions-pvt-ltd-navi-mumbai-3-to-8-years-120626916200
Data Engineer,Accenture,2-7 Yrs,Not Disclosed,Navi Mumbai,3.7,74540  Reviews,4 days ago,https://www.naukri.com/job-listings-data-engineer-accenture-solutions-pvt-ltd-navi-mumbai-2-to-7-years-120626915959
Analyst,Tresvista Financial Services,1-3 Yrs,Not Disclosed,"Pune, Bengaluru",2.3,481  Reviews,6 days ago,https://www.naukri.com/job-listings-analyst-tresvista-financial-services-pune-bengaluru-1-to-3-years-090626035222
V&A Analyst,Accenture,1-4 Yrs,Not Disclosed,Gurugram,3.7,74540  Reviews,2 weeks ago,https://www.naukri.com/job-listings-v-a-analyst-accenture-solutions-pvt-ltd-gurugram-1-to-4-years-270526928153
"Analyst, LLMO",Dentsu Webchutney,0-5 Yrs,Not Disclosed,Bengaluru,2.9,32  Reviews,3+ weeks ago,https://www.naukri.com/job-listings-analyst-llmo-dentsu-inc-bengaluru-0-to-5-years-270326504217
"Analyst, LLMO",Dentsu Webchutney,0-5 Yrs,Not Disclosed,Pune,2.9,32  Reviews,3+ weeks ago,https://www.naukri.com/job-listings-analyst-llmo-dentsu-inc-pune-0-to-5-years-270326504216
"Analyst, LLMO",Dentsu Webchutney,0-5 Yrs,Not Disclosed,Mumbai,2.9,32  Reviews,3+ weeks ago,https://www.naukri.com/job-listings-analyst-llmo-dentsu-inc-mumbai-0-to-5-years-270326504215
VRCT - Analyst,Deloitte US-India Offices,1-3 Yrs,Not Disclosed,Hyderabad,3.6,23638  Reviews,3 weeks ago,https://www.naukri.com/job-listings-vrct-analyst-deloitte-consulting-hyderabad-1-to-3-years-210526014233
Retail Data insights Analyst,bp,3-5 Yrs,Not Disclosed,Pune,3.7,736  Reviews,3+ weeks ago,https://www.naukri.com/job-listings-retail-data-insights-analyst-bp-business-solutions-india-private-limited-pune-3-to-5-years-190526920823
Analyst - Supplier Master Data- Accounts Payable || Hybrid ||,Consumer Entertainment & Technology Group,2-6 Yrs,12-13 Lacs PA ,Hybrid - Hyderabad,N/A,N/A,2 weeks ago,https://www.naukri.com/job-listings-analyst-supplier-master-data-accounts-payable-hybrid-v3-staffing-hyderabad-2-to-6-years-300526007271
Product Analyst (Power BI / Data Analytics ),Lumel Technologies,1-3 Yrs,Not Disclosed,Chennai,3.7,6  Reviews,2 weeks ago,https://www.naukri.com/job-listings-product-analyst-power-bi-data-analytics-lumel-chennai-1-to-3-years-290526507383
Master Data Management ( MDM Analyst ),Group Bayport,1-3 Yrs,Not Disclosed,Gandhinagar,4.2,440  Reviews,2 weeks ago,https://www.naukri.com/job-listings-master-data-management-mdm-analyst-group-bayport-gandhinagar-1-to-3-years-290526507319
Lead Security Analyst - Metrics & Data Analytics,Trinet Group,8-13 Yrs,Not Disclosed,"Rupnagar, Ajmer",3.0,60  Reviews,2 weeks ago,https://www.naukri.com/job-listings-lead-security-analyst-metrics-data-analytics-trinet-group-inc-rupnagar-ajmer-8-to-13-years-290526506044
Data Management Analyst,Deloitte Consulting,3-5 Yrs,2-7 Lacs PA ,Hyderabad,N/A,N/A,2 weeks ago,https://www.naukri.com/job-listings-data-management-analyst-dynpro-hyderabad-3-to-5-years-290526023952
Data Science Support Engineer / Data Lake Support Analyst,Macpro Business Services India Pvt Ltd,5-7 Yrs,Not Disclosed,Hyderabad(Uppal),N/A,N/A,2 weeks ago,https://www.naukri.com/job-listings-data-science-support-engineer-data-lake-support-analyst-macpro-business-services-hyderabad-5-to-7-years-270526000275
Data Operations Analyst,IT Consulting,3-6 Yrs,4-8 Lacs PA ,Jaipur,N/A,N/A,2 weeks ago,https://www.naukri.com/job-listings-data-operations-analyst-prominent-management-solutions-jaipur-3-to-6-years-270526000041
Data Management Analyst,Deloitte Consulting,3-5 Yrs,4-6 Lacs PA ,Hyderabad,N/A,N/A,3 weeks ago,https://www.naukri.com/job-listings-data-management-analyst-orcapod-consulting-services-hyderabad-3-to-5-years-260526012850
Data Research Analyst,Sdad Technology,3-8 Yrs,Not Disclosed,Noida,3.8,31  Reviews,3+ weeks ago,https://www.naukri.com/job-listings-data-research-analyst-sdad-technology-noida-3-to-8-years-260226506358
Data Operations Analyst,Amukha Technologies Maharashtra,1-5 Yrs,Not Disclosed,"Thane, Andheri",4.7,3  Reviews,3 weeks ago,https://www.naukri.com/job-listings-data-operations-analyst-amukha-technologies-pvt-ltd-thane-andheri-1-to-5-years-250526928957
Data Analyst+Banking,Krazy Mantra It,7-15 Yrs,Not Disclosed,"Pune, Chennai",3.7,93  Reviews,3+ weeks ago,https://www.naukri.com/job-listings-data-analyst-banking-krazy-mantra-group-of-companies-pune-chennai-7-to-15-years-250325500522
Data Test Analyst,Han Digital Solution,6-13 Yrs,Not Disclosed,"Hyderabad, Pune",N/A,N/A,3+ weeks ago,https://www.naukri.com/job-listings-data-test-analyst-han-digital-solution-hyderabad-pune-6-to-13-years-221125500760
Data Research Analyst,Sdad Technology,3-4 Yrs,Not Disclosed,Noida,3.8,31  Reviews,3+ weeks ago,https://www.naukri.com/job-listings-data-research-analyst-sdad-technology-noida-3-to-4-years-220426501148
Data Processing Analyst,Naukri Expert Assist,4-15 Yrs,0-13 Lacs PA ,"Hyderabad, Pune",N/A,N/A,3 weeks ago,https://www.naukri.com/job-listings-data-processing-analyst-naukri-expert-assist-hyderabad-pune-4-to-15-years-210526018854
Data Quality Analyst - Informatica IDQ,Crescendo Global,7-12 Yrs,Not Disclosed,"Hybrid - Pune, Chennai",N/A,N/A,3 weeks ago,https://www.naukri.com/job-listings-data-quality-analyst-informatica-idq-crescendo-global-leadership-hiring-india-pune-chennai-7-to-12-years-210526017602
INR 197_ Data Engineer/Analyst (E-Commerce),Network Redux,3-6 Yrs,Not Disclosed,Kochi,3.0,8  Reviews,3 weeks ago,https://www.naukri.com/job-listings-inr-197-data-engineer-analyst-e-commerce-redux-kochi-3-to-6-years-200526503525
"Analyst, Data Operations",Russell Investments,2-3 Yrs,Not Disclosed,Mumbai,3.6,62  Reviews,3 weeks ago,https://www.naukri.com/job-listings-analyst-data-operations-russell-investments-mumbai-2-to-3-years-200526503073
Tableau Developer / Data Visualization Analyst (BigQuery),WNS Holdings,5-10 Yrs,14-20 Lacs PA ,Hybrid - Gurugram,3.3,15488  Reviews,2 weeks ago,https://www.naukri.com/job-listings-tableau-developer-data-visualization-analyst-bigquery-wns-holdings-gurugram-5-to-10-years-160426018063
Data Science Analyst,Ira Commerce,3-8 Yrs,Not Disclosed,Hyderabad,N/A,N/A,3+ weeks ago,https://www.naukri.com/job-listings-data-science-analyst-ira-commerce-hyderabad-3-to-8-years-151222500480
"Workday Data Migration, Conversion and Mapping Analyst",Sanofi,2-5 Yrs,Not Disclosed,Hyderabad,4.0,1611  Reviews,3+ weeks ago,https://www.naukri.com/job-listings-workday-data-migration-conversion-and-mapping-analyst-sanofi-healthcare-india-private-limited-hyderabad-2-to-5-years-150526921818
"Analyst-I , Master Data",Heinz,3-8 Yrs,Not Disclosed,Ahmedabad,3.0,350  Reviews,3+ weeks ago,https://www.naukri.com/job-listings-analyst-i-master-data-kraft-heinz-company-ahmedabad-3-to-8-years-130526502163
Data Science Analyst,Ira Commerce,1-3 Yrs,Not Disclosed,Hyderabad,N/A,N/A,3+ weeks ago,https://www.naukri.com/job-listings-data-science-analyst-ira-commerce-hyderabad-1-to-3-years-061222500032
Energy Market Analyst (Data),Energy Exemplar,2-4 Yrs,Not Disclosed,Pune,3.2,63  Reviews,3+ weeks ago,https://www.naukri.com/job-listings-energy-market-analyst-data-energy-exemplar-pune-2-to-4-years-041225502597
Data Visualization Analyst on Looker / Data Studio(Work From Home),MFI,3-8 Yrs,3-6 Lacs PA ,Remote,3.7,33  Reviews,1 week ago,https://www.naukri.com/job-listings-data-visualization-analyst-on-looker-data-studio-work-from-home-mfi-surat-3-to-8-years-030626033241
Data & BI Analyst,Mobile Programming,3-4 Yrs,Not Disclosed,Panchkula,2.9,516  Reviews,3 weeks ago,https://www.naukri.com/job-listings-data-bi-analyst-mobileprogramming-panchkula-3-to-4-years-020824500592
Data and Geospatial Analyst II,Catholic Relief Services,5-10 Yrs,Not Disclosed,Lucknow,3.4,29  Reviews,3+ weeks ago,https://www.naukri.com/job-listings-data-and-geospatial-analyst-ii-catholic-relief-services-lucknow-5-to-10-years-010523500646
Master Data Management Analyst,Tekskills,6-10 Yrs,15-22.5 Lacs PA ,Hyderabad,N/A,N/A,2 weeks ago,https://www.naukri.com/job-listings-master-data-management-analyst-tekskills-hyderabad-6-to-10-years-290526918677
Master Data Management Analyst,Tekskills,6-10 Yrs,15-22.5 Lacs PA ,Chennai,N/A,N/A,2 weeks ago,https://www.naukri.com/job-listings-master-data-management-analyst-tekskills-chennai-6-to-10-years-290526918674
Data Protection Analyst,Fortune India 500 IT Services Company,5-10 Yrs,Not Disclosed,Pune,N/A,N/A,2 weeks ago,https://www.naukri.com/job-listings-data-protection-analyst-tekskills-pune-5-to-10-years-290526916078
Analyst III - Information Security - data security,UST,3-5 Yrs,Not Disclosed,Thiruvananthapuram,3.7,5781  Reviews,2 weeks ago,https://www.naukri.com/job-listings-analyst-iii-information-security-data-security-ust-thiruvananthapuram-3-to-5-years-290526506695
"SAP Data Quality Analyst @ Hyderabad, Immediate Joiner",Leading Digital Applications Company,3-6 Yrs,15-18 Lacs PA ,Hyderabad,N/A,N/A,1 week ago,https://www.naukri.com/job-listings-sap-data-quality-analyst-hyderabad-immediate-joiner-brainsearch-consulting-pvt-ltd-hyderabad-3-to-6-years-280126043736
"Data Migration Analyst @ Hyderabad, Immediate Joiner",Leading Digital Applications Company,3-6 Yrs,15-18 Lacs PA ,Hyderabad,N/A,N/A,1 week ago,https://www.naukri.com/job-listings-data-migration-analyst-hyderabad-immediate-joiner-brainsearch-consulting-pvt-ltd-hyderabad-3-to-6-years-280126043487
Analyst in Finance Data Operations,Barclaycard Payments,1-4 Yrs,Not Disclosed,Chennai,3.8,1165  Reviews,3+ weeks ago,https://www.naukri.com/job-listings-analyst-in-finance-data-operations-barclaycard-payments-chennai-1-to-4-years-271125504182
Data Engineer - Analysis & Insights,Mattel Toys,2-7 Yrs,Not Disclosed,Hyderabad,3.1,52  Reviews,2 weeks ago,https://www.naukri.com/job-listings-data-engineer-analysis-insights-mattel-india-hyderabad-2-to-7-years-270526501069
Data Management Analyst II,Verisys Corporation,3-8 Yrs,Not Disclosed,Hyderabad,3.1,5  Reviews,3 weeks ago,https://www.naukri.com/job-listings-data-management-analyst-ii-verisys-corporation-hyderabad-3-to-8-years-250526502451
Data Operations Analyst,Zeronorth,1-4 Yrs,Not Disclosed,Mumbai,3.6,24  Reviews,3+ weeks ago,https://www.naukri.com/job-listings-data-operations-analyst-zeronorth-mumbai-1-to-4-years-230925506037
ANALYST - DATA INSIGHTS,Facts N Data,3-6 Yrs,Not Disclosed,Noida,4.5,3  Reviews,3+ weeks ago,https://www.naukri.com/job-listings-analyst-data-insights-facts-n-data-noida-3-to-6-years-230424500839
Data Quality Analyst,Estalvis Advisors,2-6 Yrs,Not Disclosed,Pune,N/A,N/A,3+ weeks ago,https://www.naukri.com/job-listings-data-quality-analyst-estalvis-advisors-private-limited-pune-2-to-6-years-230326500930
Data Governance+Business Analyst (Banking/Finance),Han Digital Solution,6-8 Yrs,Not Disclosed,Noida,N/A,N/A,3+ weeks ago,https://www.naukri.com/job-listings-data-governance-business-analyst-banking-finance-han-digital-solution-noida-6-to-8-years-221125500765
Master Data Management (MDM) Analyst,Puma Energy,6-8 Yrs,Not Disclosed,Mumbai,2.9,153  Reviews,3 weeks ago,https://www.naukri.com/job-listings-master-data-management-mdm-analyst-puma-energy-mumbai-6-to-8-years-220526023702
CRM & Data Systems Analyst,Rizzle,2-5 Yrs,Not Disclosed,Hyderabad,2.9,46  Reviews,3+ weeks ago,https://www.naukri.com/job-listings-crm-data-systems-analyst-rizzle-hyderabad-2-to-5-years-220126500240
Data Quality Assurance Analyst,Leading Client,2-5 Yrs,Not Disclosed,Hyderabad,N/A,N/A,3 weeks ago,https://www.naukri.com/job-listings-data-quality-assurance-analyst-naukri-healthcare-jobs-hyderabad-2-to-5-years-210526913900
Data Analytics Operations Lead Analyst-HIH-Evernorth,Cigna Medical Group,8-11 Yrs,Not Disclosed,Hyderabad,3.0,43  Reviews,3 weeks ago,https://www.naukri.com/job-listings-data-analytics-operations-lead-analyst-hih-evernorth-cigna-medical-group-hyderabad-8-to-11-years-210526502346
Sales Operations Analyst and Data Steward,Access (Triyam Information Technology),5-7 Yrs,Not Disclosed,Remote,4.1,36  Reviews,3+ weeks ago,https://www.naukri.com/job-listings-sales-operations-analyst-and-data-steward-access-triyam-information-technology-chennai-5-to-7-years-190526029355
Data Loss Protection Analyst,Macquarie,4-9 Yrs,Not Disclosed,Gurugram,3.1,526  Reviews,3+ weeks ago,https://www.naukri.com/job-listings-data-loss-protection-analyst-macquarie-global-services-pvt-ltd-gurugram-4-to-9-years-170326500609
Data Operations Analyst,SS&C Technologies,3-6 Yrs,Not Disclosed,Hyderabad,3.2,1780  Reviews,3+ weeks ago,https://www.naukri.com/job-listings-data-operations-analyst-ss-c-technologies-hyderabad-3-to-6-years-150426502406
SAP Data Archiving Analyst,Squircle IT,5-10 Yrs,Not Disclosed,Hyderabad,N/A,N/A,3+ weeks ago,https://www.naukri.com/job-listings-sap-data-archiving-analyst-squircle-it-consulting-services-pvt-ltd-hyderabad-5-to-10-years-140126502265
Data Client Support Analyst,Addepar,1-6 Yrs,Not Disclosed,Pune,3.7,28  Reviews,3+ weeks ago,https://www.naukri.com/job-listings-data-client-support-analyst-addepar-pune-1-to-6-years-130526501857
Data & BI Analyst,Programming.Com,2-4 Yrs,Not Disclosed,Panchkula,3.4,203  Reviews,3 weeks ago,https://www.naukri.com/job-listings-data-bi-analyst-programming-com-panchkula-2-to-4-years-121224501279
Data Quality Analyst,Tactgen,3-5 Yrs,Not Disclosed,Madurai,N/A,N/A,3+ weeks ago,https://www.naukri.com/job-listings-data-quality-analyst-tactgen-madurai-3-to-5-years-090125500516
Fair Technical Analyst Data Engineer,Vivid Techno Solutions,5-7 Yrs,Not Disclosed,Mumbai,N/A,N/A,3+ weeks ago,https://www.naukri.com/job-listings-fair-technical-analyst-data-engineer-vivid-techno-solutions-pty-ltd-mumbai-5-to-7-years-060226505473
AI ? Data Quality Analyst,Scootsy Logistics Pvt Ltd - India,2-4 Yrs,Not Disclosed,Khaira,3.7,5738  Reviews,3+ weeks ago,https://www.naukri.com/job-listings-ai-data-quality-analyst-scootsy-logistics-pvt-ltd-india-khaira-2-to-4-years-020426501163
Data Science & Analyst,Ctti Computer Education,3-7 Yrs,Not Disclosed,Mangaluru,N/A,N/A,3+ weeks ago,https://www.naukri.com/job-listings-data-science-analyst-ctti-computer-education-mangaluru-3-to-7-years-300924502092
Data Security Analyst,Leading Client,3-5 Yrs,Not Disclosed,Hyderabad,N/A,N/A,2 weeks ago,https://www.naukri.com/job-listings-data-security-analyst-bcforward-india-technologies-private-limited-hyderabad-3-to-5-years-280526914653
Data Security Analyst,Leading Client,3-5 Yrs,Not Disclosed,Hyderabad,N/A,N/A,2 weeks ago,https://www.naukri.com/job-listings-data-security-analyst-bcforward-india-technologies-private-limited-hyderabad-3-to-5-years-280526914652
Data Security Analyst,Leading Client,3-5 Yrs,Not Disclosed,Hyderabad,N/A,N/A,2 weeks ago,https://www.naukri.com/job-listings-data-security-analyst-bcforward-india-technologies-private-limited-hyderabad-3-to-5-years-280526914651
Associate Professional Analyst - Data Processing; Batch Operations,LPL Financial Holdings,5-7 Yrs,Not Disclosed,Hyderabad,1.4,4  Reviews,2 weeks ago,https://www.naukri.com/job-listings-associate-professional-analyst-data-processing-batch-operations-lpl-financial-hyderabad-5-to-7-years-280526502750
Data entry analyst,JSK Industrial Supply,1-3 Yrs,Not Disclosed,Vadodara,N/A,N/A,3+ weeks ago,https://www.naukri.com/job-listings-data-entry-analyst-jsk-industrial-supply-vadodara-1-to-3-years-270121501389
Data Quality Analyst,Beinex,4-6 Yrs,Not Disclosed,Kochi,2.2,59  Reviews,3+ weeks ago,https://www.naukri.com/job-listings-data-quality-analyst-beinex-consulting-kochi-4-to-6-years-171125502428
Data Visualization Analysts,Ira Commerce,1-3 Yrs,Not Disclosed,Hyderabad,N/A,N/A,3+ weeks ago,https://www.naukri.com/job-listings-data-visualization-analysts-ira-commerce-hyderabad-1-to-3-years-151222500481
Data Research Analyst,Techwize,2-7 Yrs,Not Disclosed,Ahmedabad,N/A,N/A,3+ weeks ago,https://www.naukri.com/job-listings-data-research-analyst-techwize-ahmedabad-2-to-7-years-150925501581
Data Entry Analyst,Patio Digital,1-6 Yrs,Not Disclosed,Raipur,3.7,6  Reviews,3+ weeks ago,https://www.naukri.com/job-listings-data-entry-analyst-patio-digital-raipur-1-to-6-years-150323500121
HR Data and Transformation Analyst,iQor,10-15 Yrs,Not Disclosed,Noida,3.3,1033  Reviews,3+ weeks ago,https://www.naukri.com/job-listings-hr-data-and-transformation-analyst-iqor-noida-10-to-15-years-110326506080
Quality Analyst Generative AI Data Quality,Welo Data,1-6 Yrs,Not Disclosed,Gurugram,4.5,2  Reviews,3+ weeks ago,https://www.naukri.com/job-listings-quality-analyst-generative-ai-data-quality-welo-data-gurugram-1-to-6-years-110326505526
Alts Data Operations Analyst,Addepar,2-10 Yrs,Not Disclosed,Pune,3.7,28  Reviews,3+ weeks ago,https://www.naukri.com/job-listings-alts-data-operations-analyst-addepar-pune-2-to-10-years-110226504289
Data entry analyst,JSK Industrial Supply,1-3 Yrs,Not Disclosed,Vadodara,N/A,N/A,3+ weeks ago,https://www.naukri.com/job-listings-data-entry-analyst-jsk-industrial-supply-vadodara-1-to-3-years-100524501588
Data Analytic | Fresher | Business Analytics,Creative Hands HR,0-5 Yrs,2.5-6 Lacs PA ,"Hyderabad, Chennai, Bengaluru",N/A,N/A,1 week ago,https://www.naukri.com/job-listings-data-analytic-fresher-business-analytics-creative-hands-hr-hyderabad-chennai-bengaluru-0-to-5-years-090626008855
Data Governance Analyst II,Infomerica,2-5 Yrs,Not Disclosed,Hyderabad,3.3,117  Reviews,3+ weeks ago,https://www.naukri.com/job-listings-data-governance-analyst-ii-infomerica-inc-hyderabad-2-to-5-years-030325503634
Clinical Data entry analyst,Clinnovo Research Labs,2-5 Yrs,Not Disclosed,Hyderabad,4.4,11  Reviews,3+ weeks ago,https://www.naukri.com/job-listings-clinical-data-entry-analyst-clinnovo-research-labs-private-limited-hyderabad-2-to-5-years-020226500323
Data Scientist (Sql/Python/Pyspark/Tableau),Visa Consolidated Support Services India,4-6 Yrs,Not Disclosed,Bengaluru,3.5,22  Reviews,2 weeks ago,https://www.naukri.com/job-listings-data-scientist-sql-python-pyspark-tableau-visa-consolidated-support-services-india-pvt-ltd-bengaluru-4-to-6-years-270526936000
Data Scientist,Gallagher,3-7 Yrs,Not Disclosed,"Hybrid - Navi Mumbai, Pune, Bengaluru",3.6,2688  Reviews,3+ weeks ago,https://www.naukri.com/job-listings-data-scientist-gallagher-navi-mumbai-pune-bengaluru-3-to-7-years-180526011967
"Data Scientist Time Series, Statistical Modelling & Azure Data Bricks",Capco,2-9 Yrs,Not Disclosed,Bengaluru,3.8,698  Reviews,1 week ago,https://www.naukri.com/job-listings-data-scientist-time-series-statistical-modelling-azure-data-bricks-capco-technologies-pvt-ltd-bengaluru-2-to-9-years-050626502793
Data Scientist,Algoleap Technologies,3-6 Yrs,Not Disclosed,Bengaluru,4.2,139  Reviews,3 weeks ago,https://www.naukri.com/job-listings-data-scientist-algoleap-technologies-bengaluru-3-to-6-years-260526033196
Senior Business Systems Analyst,Jones Lang LaSalle (JLL),6-7 Yrs,Not Disclosed,"Gurugram, Bengaluru",4.1,6528  Reviews,3+ weeks ago,https://www.naukri.com/job-listings-senior-business-systems-analyst-jones-lang-lasalle-gurugram-bengaluru-6-to-7-years-240226503386
Data Scientist  (US Value & Access Insights),Amgen Inc,3-7 Yrs,Not Disclosed,Hyderabad,2.8,166  Reviews,1 day ago,https://www.naukri.com/job-listings-data-scientist-us-value-access-insights-amgen-inc-hyderabad-3-to-7-years-150626938263
Business Advisory Senior Analyst,Accenture,3-8 Yrs,Not Disclosed,Navi Mumbai,3.7,74540  Reviews,4 days ago,https://www.naukri.com/job-listings-business-advisory-senior-analyst-accenture-solutions-pvt-ltd-navi-mumbai-3-to-8-years-120626915807
Data Scientist | Python | Machine Learning | Bangalore | 6-14 Years,Mascot E Services,7-12 Yrs,15-30 Lacs PA ,Bengaluru,N/A,N/A,1 week ago,https://www.naukri.com/job-listings-data-scientist-python-machine-learning-bangalore-6-14-years-mascot-e-services-bengaluru-7-to-12-years-080626024812
Data Scientist / Advanced Analytics - Machine Learning,E2E Infoware,5-8 Yrs,Not Disclosed,Bengaluru,N/A,N/A,3+ weeks ago,https://www.naukri.com/job-listings-data-scientist-advanced-analytics-machine-learning-e2e-infoware-bengaluru-5-to-8-years-221118500045
Data & AI Scientist,Lloyds Offshore Global Services,4-6 Yrs,Not Disclosed,Hyderabad,N/A,N/A,1 day ago,https://www.naukri.com/job-listings-data-ai-scientist-lloyds-offshore-global-services-private-limited-hyderabad-4-to-6-years-150626502690
Technical Business Analyst,Hexaware Technologies,9-14 Yrs,Not Disclosed,"Noida, Chennai, Bengaluru",3.4,7813  Reviews,1 day ago,https://www.naukri.com/job-listings-technical-business-analyst-hexaware-technologies-noida-chennai-bengaluru-9-to-14-years-150626025227
Mainframe Business Analyst,Capgemini,6-10 Yrs,Not Disclosed,"Hybrid - Pune, Chennai, Bengaluru",3.6,54214  Reviews,1 day ago,https://www.naukri.com/job-listings-mainframe-business-analyst-capgemini-pune-chennai-bengaluru-6-to-10-years-150626022045
Business Analyst Traineeship,Gigafactor Solutions,N/A,Unpaid ,Bengaluru,N/A,N/A,Starts in 1-3 months,https://www.naukri.com/job-listings-business-analyst-traineeship-gigafactor-solutions-bengaluru-0-to-4-years-300126501865
Business Operations Analyst,Cisco,3-4 Yrs,Not Disclosed,Bengaluru,4.1,2245  Reviews,Today,https://www.naukri.com/job-listings-business-operations-analyst-cisco-bengaluru-3-to-4-years-160626501061
Junior Data Scientist,Bajaj Finance,0-2 Yrs,Not Disclosed,Pune,3.9,9390  Reviews,Today,https://www.naukri.com/job-listings-junior-data-scientist-bajaj-finance-pune-0-to-2-years-160626023954
AI Business Analyst,Alstom,5-10 Yrs,Not Disclosed,Bengaluru,3.7,3353  Reviews,1 day ago,https://www.naukri.com/job-listings-ai-business-analyst-alstom-transport-india-ltd-bengaluru-5-to-10-years-150626937894
ACN SC&O - GN-  S&P - Business Solutions - Analyst,Accenture,2-5 Yrs,Not Disclosed,Bengaluru,3.7,74540  Reviews,1 day ago,https://www.naukri.com/job-listings-acn-sc-o-gn-s-p-business-solutions-analyst-accenture-solutions-pvt-ltd-bengaluru-2-to-5-years-150626936992
Business Analyst,Accenture,5-10 Yrs,Not Disclosed,Bengaluru,3.7,74540  Reviews,1 day ago,https://www.naukri.com/job-listings-business-analyst-accenture-solutions-pvt-ltd-bengaluru-5-to-10-years-150626915235
Associate II - Business Analysis,UST,N/A,Unpaid ,Thiruvananthapuram,3.7,5781  Reviews,Starts in 1-3 months,https://www.naukri.com/job-listings-associate-ii-business-analysis-ust-thiruvananthapuram-0-to-1-years-150626501052
Business Analyst,Hexira Digital,0-2 Yrs,Not Disclosed,Bengaluru,N/A,N/A,3+ weeks ago,https://www.naukri.com/job-listings-business-analyst-hexira-digital-bengaluru-0-to-2-years-080824500185
Data Engineer,McCormick India,3-8 Yrs,Not Disclosed,Gurugram,4.4,73  Reviews,3 weeks ago,https://www.naukri.com/job-listings-data-engineer-mccormick-foods-india-private-limited-gurugram-3-to-8-years-210526909530
Data Engineer | BFSI / NBFC / Fintech domains | Bangalore WFO | 15L,Reputed NBFC,2-7 Yrs,12-15 Lacs PA ,"Bangalore Rural, Bengaluru",N/A,N/A,2 weeks ago,https://www.naukri.com/job-listings-data-engineer-bfsi-nbfc-fintech-domains-bangalore-wfo-15l-genius-consultants-bangalore-rural-bengaluru-2-to-7-years-020626010474
Data Engineer,Einfochips,4-6 Yrs,Not Disclosed,Ahmedabad,3.5,622  Reviews,3+ weeks ago,https://www.naukri.com/job-listings-data-engineer-e-infochips-limited-ahmedabad-4-to-6-years-290126511404
Tableau Developer/Data Engineer,Nublogics,2-5 Yrs,Not Disclosed,Hyderabad,N/A,N/A,3+ weeks ago,https://www.naukri.com/job-listings-tableau-developer-data-engineer-nublogics-hyderabad-2-to-5-years-251024501643
Data Engineer,Visit Health,2-7 Yrs,Not Disclosed,Noida,3.1,136  Reviews,3+ weeks ago,https://www.naukri.com/job-listings-data-engineer-visit-health-noida-2-to-7-years-140526504182
Data Engineer,In Time Tec,2-7 Yrs,Not Disclosed,Jaipur,3.2,475  Reviews,3+ weeks ago,https://www.naukri.com/job-listings-data-engineer-intimetec-visionsoft-pvt-ltd-jaipur-2-to-7-years-130526503322
Data Engineer,Nutrabay,3-8 Yrs,Not Disclosed,Gurugram,4.5,58  Reviews,3+ weeks ago,https://www.naukri.com/job-listings-data-engineer-nutrabay-gurugram-3-to-8-years-110526501004
Data Engineer,Diverse Lynx,5-10 Yrs,Not Disclosed,Pune,3.4,389  Reviews,3+ weeks ago,https://www.naukri.com/job-listings-data-engineer-diverse-lynx-pune-5-to-10-years-010925502938
Data Engineer,Mastercard,4-9 Yrs,Not Disclosed,Pune,3.8,1017  Reviews,6 days ago,https://www.naukri.com/job-listings-data-engineer-mastercard-india-services-private-limited-pune-4-to-9-years-100626935358
Data Engineer,Accenture,3-8 Yrs,Not Disclosed,Hyderabad,3.7,74540  Reviews,1 week ago,https://www.naukri.com/job-listings-data-engineer-accenture-solutions-pvt-ltd-hyderabad-3-to-8-years-080626925591
Data Engineer,Accenture,5-10 Yrs,Not Disclosed,Pune,3.7,74540  Reviews,1 week ago,https://www.naukri.com/job-listings-data-engineer-accenture-solutions-pvt-ltd-pune-5-to-10-years-080626922571
Data Engineer,Accenture,2-7 Yrs,Not Disclosed,Pune,3.7,74540  Reviews,1 week ago,https://www.naukri.com/job-listings-data-engineer-accenture-solutions-pvt-ltd-pune-2-to-7-years-080626922559
Data Engineer,Accenture,2-7 Yrs,Not Disclosed,Pune,3.7,74540  Reviews,1 week ago,https://www.naukri.com/job-listings-data-engineer-accenture-solutions-pvt-ltd-pune-2-to-7-years-080626922458
Data Engineer,Accenture,5-10 Yrs,Not Disclosed,Pune,3.7,74540  Reviews,1 week ago,https://www.naukri.com/job-listings-data-engineer-accenture-solutions-pvt-ltd-pune-5-to-10-years-080626921195
Data Engineer,Accenture,3-8 Yrs,Not Disclosed,Mumbai,3.7,74540  Reviews,1 week ago,https://www.naukri.com/job-listings-data-engineer-accenture-solutions-pvt-ltd-mumbai-3-to-8-years-080626920023
Data Engineer,Accenture,3-8 Yrs,Not Disclosed,Navi Mumbai,3.7,74540  Reviews,1 week ago,https://www.naukri.com/job-listings-data-engineer-accenture-solutions-pvt-ltd-navi-mumbai-3-to-8-years-080626919518
Data Engineer,Accenture,7-12 Yrs,Not Disclosed,Navi Mumbai,3.7,74540  Reviews,1 week ago,https://www.naukri.com/job-listings-data-engineer-accenture-solutions-pvt-ltd-navi-mumbai-7-to-12-years-080626918615
Data Engineer,Accenture,5-10 Yrs,Not Disclosed,Navi Mumbai,3.7,74540  Reviews,1 week ago,https://www.naukri.com/job-listings-data-engineer-accenture-solutions-pvt-ltd-navi-mumbai-5-to-10-years-080626918606
Data Engineer,Accenture,3-8 Yrs,Not Disclosed,Gurugram,3.7,74540  Reviews,1 week ago,https://www.naukri.com/job-listings-data-engineer-accenture-solutions-pvt-ltd-gurugram-3-to-8-years-080626915075
Data Engineer,A N And Co,5-10 Yrs,Not Disclosed,Surat,N/A,N/A,3+ weeks ago,https://www.naukri.com/job-listings-data-engineer-anand-co-surat-5-to-10-years-011025502165
Data Engineer,Accenture,15-20 Yrs,Not Disclosed,Pune,3.7,74540  Reviews,2 weeks ago,https://www.naukri.com/job-listings-data-engineer-accenture-solutions-pvt-ltd-pune-15-to-20-years-010626914229
"Analyst, Insights and Enablement",Mastercard,3-6 Yrs,Not Disclosed,Gurugram,3.8,1017  Reviews,3 weeks ago,https://www.naukri.com/job-listings-analyst-insights-and-enablement-mastercard-india-services-private-limited-gurugram-3-to-6-years-200526937812
Decision Analyst,Barclays,0-8 Yrs,Not Disclosed,Gurugram,3.8,1165  Reviews,3 weeks ago,https://www.naukri.com/job-listings-decision-analyst-barclays-shared-services-gurugram-0-to-8-years-200526500791
Decision Analyst,Barclays,0-8 Yrs,Not Disclosed,Noida,3.8,1165  Reviews,3+ weeks ago,https://www.naukri.com/job-listings-decision-analyst-barclays-shared-services-noida-0-to-8-years-150526502309
Data Analyst,Grkms,1-2 Yrs,3.5-4 Lacs PA ,Bengaluru(Nagasandra),2.1,3  Reviews,Today,https://www.naukri.com/job-listings-data-analyst-grkms-bengaluru-1-to-2-years-160626017800
"Commercial Analyst -  Data, Product & Operations",Leading client,2-5 Yrs,Not Disclosed,Gurugram,N/A,N/A,3+ weeks ago,https://www.naukri.com/job-listings-commercial-analyst-data-product-operations-matrix-solutions-gurgaon-gurugram-2-to-5-years-190526017961
Data Scientist / Data Science Engineer,Ample Softech System,0-5 Yrs,4.25-9.25 Lacs PA ,"Bhubaneswar, Nagpur, Pune",4.7,51  Reviews,3 weeks ago,https://www.naukri.com/job-listings-data-scientist-data-science-engineer-ample-softech-system-bhubaneswar-nagpur-pune-0-to-5-years-220526033625
Data Scientist,Cisco,7-10 Yrs,Not Disclosed,Bengaluru,4.1,2245  Reviews,3+ weeks ago,https://www.naukri.com/job-listings-data-scientist-cisco-bengaluru-7-to-10-years-270326504991
Senior Business Analyst,Zyoin,2-6 Yrs,9.5 Cr and above PA ,Bengaluru,N/A,N/A,1 week ago,https://www.naukri.com/job-listings-senior-business-analyst-zyoin-bengaluru-2-to-6-years-250526002665
Data Scientist,Thales,10-12 Yrs,Not Disclosed,Noida,3.6,479  Reviews,3+ weeks ago,https://www.naukri.com/job-listings-data-scientist-thales-india-pvt-ltd-noida-10-to-12-years-200426500887
Machine Learning Data Scientist,Hsbc,3-7 Yrs,Not Disclosed,Bengaluru,3.8,6122  Reviews,3+ weeks ago,https://www.naukri.com/job-listings-machine-learning-data-scientist-hsbc-electronic-data-processing-india-pvt-ltd-bengaluru-3-to-7-years-191225503735
Senior Business Analyst,Sapiens,5-10 Yrs,Not Disclosed,Bengaluru,3.1,627  Reviews,1 day ago,https://www.naukri.com/job-listings-senior-business-analyst-sapiens-international-corporation-bengaluru-5-to-10-years-150626503053
Senior Business Analyst - Domain,Iris Software,4-7 Yrs,Not Disclosed,Noida,3.7,1916  Reviews,6 days ago,https://www.naukri.com/job-listings-senior-business-analyst-domain-iris-software-technologies-private-limited-noida-4-to-7-years-100626930589
Sr. Business Analyst,Photon,7-12 Yrs,Not Disclosed,Noida,4.0,2659  Reviews,6 days ago,https://www.naukri.com/job-listings-sr-business-analyst-photon-infotech-p-ltd-noida-7-to-12-years-100626506726
Sr. Business Analyst,Photon,7-12 Yrs,Not Disclosed,Chennai,4.0,2659  Reviews,6 days ago,https://www.naukri.com/job-listings-sr-business-analyst-photon-infotech-p-ltd-chennai-7-to-12-years-100626506725
"Staff Data Scientist, Ads Insights and Measurement",Google,8-13 Yrs,Not Disclosed,Bengaluru,4.4,1916  Reviews,3+ weeks ago,https://www.naukri.com/job-listings-staff-data-scientist-ads-insights-and-measurement-google-india-private-limited-bengaluru-8-to-13-years-090725503487
Data Scientist,Scimitar Research,0-1 Yrs,Not Disclosed,Pune,N/A,N/A,3+ weeks ago,https://www.naukri.com/job-listings-data-scientist-scimitar-research-pune-0-to-1-years-090424501380
IN Senior Associate Functional Business Analyst DIgital Integration,PwC Service Delivery Center,3-8 Yrs,Not Disclosed,Gurugram,3.3,12897  Reviews,1 week ago,https://www.naukri.com/job-listings-in-senior-associate-functional-business-analyst-digital-integration-pricewaterhouse-coopers-service-delivery-center-kolkata-gurugram-3-to-8-years-080626502885
Data scientist,Growth Jockey,0-1 Yrs,Not Disclosed,Gurugram,3.4,27  Reviews,3+ weeks ago,https://www.naukri.com/job-listings-data-scientist-growthjockey-gurugram-0-to-1-years-040923500281
Technical Business Analyst,Infobeans,7-15 Yrs,0-35 Lacs PA ,"Indore, Pune, Bengaluru",3.3,448  Reviews,Today,https://www.naukri.com/job-listings-technical-business-analyst-infobeans-indore-pune-bengaluru-7-to-15-years-160626018988
Business Analyst Consent & Enterprise ID,Thomson Reuters,3-6 Yrs,Not Disclosed,Bengaluru,3.7,1922  Reviews,6 days ago,https://www.naukri.com/job-listings-business-analyst-consent-enterprise-id-thomson-reuters-india-pvt-ltd-bengaluru-3-to-6-years-100626504882
Associate Business Analyst,Yash Technologies,1-3 Yrs,Not Disclosed,Bengaluru,3.6,2044  Reviews,Today,https://www.naukri.com/job-listings-associate-business-analyst-yash-technologies-bengaluru-1-to-3-years-160626501623
Business Analyst,Jones Lang LaSalle (JLL),3-5 Yrs,Not Disclosed,Bengaluru,4.1,6528  Reviews,Today,https://www.naukri.com/job-listings-business-analyst-jones-lang-lasalle-bengaluru-3-to-5-years-160626500764
Intern-Business Analyst,Upstox,0-1 Yrs,Not Disclosed,Mumbai,3.4,213  Reviews,5 days ago,https://www.naukri.com/job-listings-intern-business-analyst-upstox-mumbai-0-to-1-years-110626501009
Business Analyst+ MicroStrategy - Pan India,Tech Mahindra,5-10 Yrs,9-19 Lacs PA ,"Hybrid - Hyderabad, Chennai, Bengaluru",3.3,43873  Reviews,5 days ago,https://www.naukri.com/job-listings-business-analyst-microstrategy-pan-india-tech-mahindra-hyderabad-chennai-bengaluru-5-to-10-years-110626031318
Business Intelligence Analyst II,TP,2-4 Yrs,Not Disclosed,Bengaluru,3.9,39209  Reviews,6 days ago,https://www.naukri.com/job-listings-business-intelligence-analyst-ii-teleperformance-global-business-private-limited-bengaluru-2-to-4-years-100626928496
Hiring Business Analyst - Bangalore,Larsen & Toubro (L&T),7-12 Yrs,Not Disclosed,Bengaluru,3.9,24177  Reviews,1 week ago,https://www.naukri.com/job-listings-hiring-business-analyst-bangalore-larsen-toubro-l-t-bengaluru-7-to-12-years-090626009035
Business Analyst-VP,Barclays,0-13 Yrs,Not Disclosed,Pune,3.8,1165  Reviews,3+ weeks ago,https://www.naukri.com/job-listings-business-analyst-vp-barclays-shared-services-pune-0-to-13-years-020326501221
Data Engineer,Accenture,7-12 Yrs,Not Disclosed,Bengaluru,3.7,74540  Reviews,1 day ago,https://www.naukri.com/job-listings-data-engineer-accenture-solutions-pvt-ltd-bengaluru-7-to-12-years-150626933982
Data Engineer,Accenture,7-12 Yrs,Not Disclosed,Bengaluru,3.7,74540  Reviews,1 day ago,https://www.naukri.com/job-listings-data-engineer-accenture-solutions-pvt-ltd-bengaluru-7-to-12-years-150626933426
Data Engineer,Accenture,15-20 Yrs,Not Disclosed,Hyderabad,3.7,74540  Reviews,1 day ago,https://www.naukri.com/job-listings-data-engineer-accenture-solutions-pvt-ltd-hyderabad-15-to-20-years-150626931707
Data Engineer,Snapdeal,3-8 Yrs,Not Disclosed,Gurugram,3.5,673  Reviews,3+ weeks ago,https://www.naukri.com/job-listings-data-engineer-jasper-infotech-pvt-ltd-gurugram-3-to-8-years-221025507699
Data Engineer,Accenture,5-10 Yrs,Not Disclosed,Pune,3.7,74540  Reviews,3+ weeks ago,https://www.naukri.com/job-listings-data-engineer-accenture-solutions-pvt-ltd-pune-5-to-10-years-180526919572
Data Engineer,Kobie Marketing,0-5 Yrs,Not Disclosed,Bengaluru,N/A,N/A,3+ weeks ago,https://www.naukri.com/job-listings-data-engineer-kobie-marketing-bengaluru-0-to-5-years-151025503138
Executive Business Analyst,Gramik,0-2 Yrs,Not Disclosed,Lucknow,3.2,39  Reviews,3+ weeks ago,https://www.naukri.com/job-listings-executive-business-analyst-gramik-lucknow-0-to-2-years-210525504700
Executive Business Analyst,Stark Industries,0-3 Yrs,Not Disclosed,Mumbai,4.9,4  Reviews,3+ weeks ago,https://www.naukri.com/job-listings-executive-business-analyst-stark-industries-mumbai-0-to-3-years-081223501848
"Analyst, FPS",Tresvista Financial Services,0-2 Yrs,Not Disclosed,Pune,2.3,481  Reviews,1 week ago,https://www.naukri.com/job-listings-analyst-fps-tresvista-financial-services-pune-0-to-2-years-040626008495
"Senior Data Scientist - Python, AI/ML",Optum,4-9 Yrs,Not Disclosed,Bengaluru,4.0,8091  Reviews,Today,https://www.naukri.com/job-listings-senior-data-scientist-python-ai-ml-optum-global-solutions-india-private-limited-bengaluru-4-to-9-years-160626916803
Senior Data Scientist,Optum,5-10 Yrs,Not Disclosed,Bengaluru,4.0,8091  Reviews,Today,https://www.naukri.com/job-listings-senior-data-scientist-optum-global-solutions-india-private-limited-bengaluru-5-to-10-years-160626916825
Data Analytic | Fresher | Business Analytics,Creative Hands HR,0-5 Yrs,2.5-6 Lacs PA ,"Thane, Navi Mumbai, Mumbai (All Areas)",N/A,N/A,Today,https://www.naukri.com/job-listings-data-analytic-fresher-business-analytics-creative-hands-hr-thane-navi-mumbai-mumbai-all-areas-0-to-5-years-160626013135
Sr Data Scientist - Advanced Machine Learning,Target,4-9 Yrs,Not Disclosed,Bengaluru,4.0,935  Reviews,3+ weeks ago,https://www.naukri.com/job-listings-sr-data-scientist-advanced-machine-learning-target-corporation-india-pvt-ltd-bengaluru-4-to-9-years-100226503258
Senior Business Analyst,JK Technology Services,12-17 Yrs,Not Disclosed,Bengaluru,N/A,N/A,1 week ago,https://www.naukri.com/job-listings-senior-business-analyst-jk-technology-services-bengaluru-12-to-17-years-090626502364
"Data Scientist Time Series, Statistical Modelling & Azure Data Bricks",Capco,2-9 Yrs,Not Disclosed,Hyderabad,3.8,698  Reviews,6 days ago,https://www.naukri.com/job-listings-data-scientist-time-series-statistical-modelling-azure-data-bricks-capco-technologies-pvt-ltd-hyderabad-2-to-9-years-100626500531
"Data Scientist Time Series, Statistical Modelling & Azure Data Bricks",Capco,2-9 Yrs,Not Disclosed,Pune,3.8,698  Reviews,6 days ago,https://www.naukri.com/job-listings-data-scientist-time-series-statistical-modelling-azure-data-bricks-capco-technologies-pvt-ltd-pune-2-to-9-years-100626500530
"Data Scientist Time Series, Statistical Modelling & Azure Data Bricks",Capco,2-9 Yrs,Not Disclosed,Gurugram,3.8,698  Reviews,6 days ago,https://www.naukri.com/job-listings-data-scientist-time-series-statistical-modelling-azure-data-bricks-capco-technologies-pvt-ltd-gurugram-2-to-9-years-100626500529
"Data Scientist Time Series, Statistical Modelling & Azure Data Bricks",Capco,2-9 Yrs,Not Disclosed,Chennai,3.8,698  Reviews,6 days ago,https://www.naukri.com/job-listings-data-scientist-time-series-statistical-modelling-azure-data-bricks-capco-technologies-pvt-ltd-chennai-2-to-9-years-100626500528
Senior Business Systems Analyst,Zscaler LATAM,6-11 Yrs,Not Disclosed,Bengaluru,3.3,451  Reviews,6 days ago,https://www.naukri.com/job-listings-senior-business-systems-analyst-zscaler-latam-bengaluru-6-to-11-years-100626500348
Senior Business Analyst,Kiya.ai,6-10 Yrs,6-13 Lacs PA ,"Hybrid - Navi Mumbai, Bengaluru, Mumbai (All Areas)",3.9,644  Reviews,6 days ago,https://www.naukri.com/job-listings-senior-business-analyst-kiya-ai-navi-mumbai-bengaluru-mumbai-all-areas-6-to-10-years-030626016439
Business Advisory Senior Analyst,Accenture,3-8 Yrs,Not Disclosed,Navi Mumbai,3.7,74540  Reviews,2 weeks ago,https://www.naukri.com/job-listings-business-advisory-senior-analyst-accenture-solutions-pvt-ltd-navi-mumbai-3-to-8-years-290526916001
Business Advisory Senior Analyst,Accenture,5-10 Yrs,Not Disclosed,Navi Mumbai,3.7,74540  Reviews,2 weeks ago,https://www.naukri.com/job-listings-business-advisory-senior-analyst-accenture-solutions-pvt-ltd-navi-mumbai-5-to-10-years-290526915992
Business Advisory Senior Analyst,Accenture,3-8 Yrs,Not Disclosed,Navi Mumbai,3.7,74540  Reviews,2 weeks ago,https://www.naukri.com/job-listings-business-advisory-senior-analyst-accenture-solutions-pvt-ltd-navi-mumbai-3-to-8-years-290526915971
Senior Business Analyst - Healthcare,Hexaware Technologies,3-7 Yrs,Not Disclosed,Ahmedabad,3.4,7813  Reviews,2 weeks ago,https://www.naukri.com/job-listings-senior-business-analyst-healthcare-hexaware-technologies-ahmedabad-3-to-7-years-290526502660
Senior Business Analyst - Healthcare,Hexaware Technologies,3-7 Yrs,Not Disclosed,Noida,3.4,7813  Reviews,2 weeks ago,https://www.naukri.com/job-listings-senior-business-analyst-healthcare-hexaware-technologies-noida-3-to-7-years-290526502658
Senior Business Analyst - Healthcare,Hexaware Technologies,3-7 Yrs,Not Disclosed,Coimbatore,3.4,7813  Reviews,2 weeks ago,https://www.naukri.com/job-listings-senior-business-analyst-healthcare-hexaware-technologies-coimbatore-3-to-7-years-290526502657
Senior Business Analyst - Healthcare,Hexaware Technologies,3-7 Yrs,Not Disclosed,Chennai,3.4,7813  Reviews,2 weeks ago,https://www.naukri.com/job-listings-senior-business-analyst-healthcare-hexaware-technologies-chennai-3-to-7-years-290526502656
Senior Business Analyst - Healthcare,Hexaware Technologies,3-7 Yrs,Not Disclosed,Hyderabad,3.4,7813  Reviews,2 weeks ago,https://www.naukri.com/job-listings-senior-business-analyst-healthcare-hexaware-technologies-hyderabad-3-to-7-years-290526502655
Senior Business Analyst - Healthcare,Hexaware Technologies,3-7 Yrs,Not Disclosed,Pune,3.4,7813  Reviews,2 weeks ago,https://www.naukri.com/job-listings-senior-business-analyst-healthcare-hexaware-technologies-pune-3-to-7-years-290526502654
Senior Business Analyst - Healthcare,Hexaware Technologies,3-7 Yrs,Not Disclosed,Nagpur,3.4,7813  Reviews,2 weeks ago,https://www.naukri.com/job-listings-senior-business-analyst-healthcare-hexaware-technologies-nagpur-3-to-7-years-290526502653
Senior Business Analyst - Healthcare,Hexaware Technologies,3-7 Yrs,Not Disclosed,Mumbai,3.4,7813  Reviews,2 weeks ago,https://www.naukri.com/job-listings-senior-business-analyst-healthcare-hexaware-technologies-mumbai-3-to-7-years-290526502652
Senior Business Analyst,Careernet,5-10 Yrs,Not Disclosed,Hyderabad,N/A,N/A,2 weeks ago,https://www.naukri.com/job-listings-senior-business-analyst-careernet-hyderabad-5-to-10-years-270526023649
Senior Associate - Business Analyst,Acuity Knowledge Partners,5-8 Yrs,Not Disclosed,Gurugram,3.1,1490  Reviews,3 weeks ago,https://www.naukri.com/job-listings-senior-associate-business-analyst-acuity-knowledge-partners-gurugram-5-to-8-years-260526506243
"Staff Data Scientist I - Python, R & ML",Blue Yonder,5-12 Yrs,Not Disclosed,Bengaluru,3.5,696  Reviews,3+ weeks ago,https://www.naukri.com/job-listings-staff-data-scientist-i-python-r-ml-jda-software-bengaluru-5-to-12-years-251125503154
Senior Business System Analyst,Allegis Global Solutions (AGS),6-11 Yrs,18-20 Lacs PA ,Bengaluru,N/A,N/A,3 weeks ago,https://www.naukri.com/job-listings-senior-business-system-analyst-allegis-global-solutions-ags-bengaluru-6-to-11-years-210526024899
Senior Business Analyst,Bajaj Finance,3-5 Yrs,Not Disclosed,Pune,3.9,9390  Reviews,3+ weeks ago,https://www.naukri.com/job-listings-senior-business-analyst-bajaj-finance-limited-pune-3-to-5-years-190526939984
Sr Analyst I Business Process Transactions / RR,DXC Technology,5-10 Yrs,Not Disclosed,Noida,3.6,12153  Reviews,3+ weeks ago,https://www.naukri.com/job-listings-sr-analyst-i-business-process-transactions-rr-dxc-technology-noida-5-to-10-years-190526503174
"Senior Associate, Business Analysis",Capital One,2-7 Yrs,Not Disclosed,Bengaluru,3.6,70  Reviews,3+ weeks ago,https://www.naukri.com/job-listings-senior-associate-business-analysis-capital-one-bengaluru-2-to-7-years-190526502946
Senior Business Analyst  Capital Markets & Liquidity Risk,Cognizant,10-12 Yrs,Not Disclosed,Chennai,3.7,62198  Reviews,3+ weeks ago,https://www.naukri.com/job-listings-senior-business-analyst-capital-markets-liquidity-risk-cognizant-chennai-10-to-12-years-190526028633
Data Scientist,Thermo Fisher Scientific,3-5 Yrs,Not Disclosed,Bengaluru,3.8,1075  Reviews,3+ weeks ago,https://www.naukri.com/job-listings-data-scientist-thermo-fisher-scientific-india-pvt-ltd-bengaluru-3-to-5-years-150426500152
Data Scientist,Thermo Fisher Scientific,3-5 Yrs,Not Disclosed,Bengaluru,3.8,1075  Reviews,3+ weeks ago,https://www.naukri.com/job-listings-data-scientist-thermo-fisher-scientific-india-pvt-ltd-bengaluru-3-to-5-years-140426500913
Senior Analyst - Business Systems,Wesco,4-6 Yrs,Not Disclosed,Bengaluru,3.7,67  Reviews,4 days ago,https://www.naukri.com/job-listings-senior-analyst-business-systems-aelux-a-division-of-wesco-bengaluru-4-to-6-years-120626503809
Sr. Business Analyst,Kaseya Software,4-9 Yrs,Not Disclosed,Bengaluru,3.3,160  Reviews,5 days ago,https://www.naukri.com/job-listings-sr-business-analyst-kaseya-bengaluru-4-to-9-years-110626503607
Data and AI Scientist,Lloyds Offshore Global Services,3-7 Yrs,Not Disclosed,Hyderabad,N/A,N/A,1 week ago,https://www.naukri.com/job-listings-data-and-ai-scientist-lloyds-offshore-global-services-private-limited-hyderabad-3-to-7-years-080626502606
Senior Business Analyst - Wealth Management / Capital Markets,CGI,4-8 Yrs,Not Disclosed,Hyderabad,4.0,5499  Reviews,1 week ago,https://www.naukri.com/job-listings-senior-business-analyst-wealth-management-capital-markets-cgi-information-systems-and-management-consultants-hyderabad-4-to-8-years-040626927336
Senior Business Analyst,Iris Software,3-6 Yrs,Not Disclosed,Noida,3.7,1916  Reviews,1 week ago,https://www.naukri.com/job-listings-senior-business-analyst-iris-software-technologies-private-limited-noida-3-to-6-years-030626931117
Senior Business Analyst  Wealth Management and Capital Markets,CGI,4-9 Yrs,10-15 Lacs PA ,"Hyderabad, Chennai, Mumbai (All Areas)",4.0,5499  Reviews,1 week ago,https://www.naukri.com/job-listings-senior-business-analyst-wealth-management-and-capital-markets-cgi-hyderabad-chennai-mumbai-all-areas-4-to-9-years-030626034466
Tax - DT and I - Senior Business Analyst,BDO International Limited,3-5 Yrs,Not Disclosed,Hyderabad,3.1,741  Reviews,2 weeks ago,https://www.naukri.com/job-listings-tax-dt-and-i-senior-business-analyst-bdo-international-limited-hyderabad-3-to-5-years-020626500099
Sr. Business Analyst - Business Analysis,Yash Technologies,7-9 Yrs,Not Disclosed,Pune,3.6,2044  Reviews,2 weeks ago,https://www.naukri.com/job-listings-sr-business-analyst-business-analysis-yash-technologies-pune-7-to-9-years-010626500396
Senior IT Analyst Applications (Warehousing & Distribution Business),Caterpillar Inc,8-13 Yrs,Not Disclosed,Bengaluru,4.1,1708  Reviews,3+ weeks ago,https://www.naukri.com/job-listings-senior-it-analyst-applications-warehousing-distribution-business-caterpillar-brazil-bengaluru-8-to-13-years-010526502895
Senior IT Analyst Applications (Manufacturing Business Analyst ),Caterpillar Inc,5-7 Yrs,Not Disclosed,Bengaluru,4.1,1708  Reviews,3+ weeks ago,https://www.naukri.com/job-listings-senior-it-analyst-applications-manufacturing-business-analyst-caterpillar-brazil-bengaluru-5-to-7-years-010526502093
Senior IT Business Analyst - ITIL,Medtronic,5-10 Yrs,Not Disclosed,Hyderabad,3.9,691  Reviews,2 weeks ago,https://www.naukri.com/job-listings-senior-it-business-analyst-itil-india-medtronic-pvt-ltd-hyderabad-5-to-10-years-270526502234
Senior Business Analyst - Healthcare,Hexaware Technologies,3-7 Yrs,Not Disclosed,Mangaluru,3.4,7813  Reviews,3 weeks ago,https://www.naukri.com/job-listings-senior-business-analyst-healthcare-hexaware-technologies-mangaluru-3-to-7-years-250526504893
Senior Business Analyst (Product),OYO,3-5 Yrs,Not Disclosed,Gurugram,3.0,3943  Reviews,3 weeks ago,https://www.naukri.com/job-listings-senior-business-analyst-product-oyo-gurugram-3-to-5-years-210526000472
Sr Business Systems Analyst,Iqvia Biotech,2-4 Yrs,Not Disclosed,Pune,3.4,23  Reviews,3+ weeks ago,https://www.naukri.com/job-listings-sr-business-systems-analyst-iqvia-biotech-pune-2-to-4-years-111225505487
Deputy Vice President - Data Scientist,Taggd,11-17 Yrs,22.5-32.5 Lacs PA ,Gurugram,N/A,N/A,2 weeks ago,https://www.naukri.com/job-listings-deputy-vice-president-data-scientist-talent-hired-the-store-gurugram-11-to-17-years-010626005989
Senior IT Analyst Applications (Business Analyst Servigistics (SPM),Caterpillar Inc,5-10 Yrs,Not Disclosed,Bengaluru,4.1,1708  Reviews,3+ weeks ago,https://www.naukri.com/job-listings-senior-it-analyst-applications-business-analyst-servigistics-spm-caterpillar-brazil-bengaluru-5-to-10-years-010526502456
Senior IT Analyst Applications (Supply Chain Business Analyst ),Caterpillar Inc,5-7 Yrs,Not Disclosed,Bengaluru,4.1,1708  Reviews,3+ weeks ago,https://www.naukri.com/job-listings-senior-it-analyst-applications-supply-chain-business-analyst-caterpillar-brazil-bengaluru-5-to-7-years-010526502153
Business Analyst- Intern/Freshers,Orcapod Consulting Services,0-3 Yrs,Not Disclosed,Gurugram,N/A,N/A,3 days ago,https://www.naukri.com/job-listings-business-analyst-intern-freshers-orcapod-consulting-services-gurugram-0-to-3-years-220526019458
Business Analyst,CGI,4-6 Yrs,Not Disclosed,"Pune, Chennai, Bengaluru",4.0,5499  Reviews,1 week ago,https://www.naukri.com/job-listings-business-analyst-cgi-pune-chennai-bengaluru-4-to-6-years-090626020145
Business Analyst - Atos,Atos,10-15 Yrs,Not Disclosed,"Hybrid - Mumbai, Chennai, Bengaluru",3.8,5003  Reviews,2 weeks ago,https://www.naukri.com/job-listings-business-analyst-atos-atos-mumbai-chennai-bengaluru-10-to-15-years-010626028951
Business Analyst,Altimetrik,3-7 Yrs,10-20 Lacs PA ,Bengaluru,3.5,1461  Reviews,6 days ago,https://www.naukri.com/job-listings-business-analyst-altimetrik-bengaluru-3-to-7-years-100626026484
Business Analyst with AIML/GenAI use cases For For AI/ML solutions,Genpact,8-12 Yrs,Not Disclosed,"Hybrid - Hyderabad, Bengaluru, Delhi / NCR",3.6,42987  Reviews,1 week ago,https://www.naukri.com/job-listings-business-analyst-with-aiml-genai-use-cases-for-for-ai-ml-solutions-genpact-hyderabad-bengaluru-delhi-ncr-8-to-12-years-100426026447
AI Project Business Analyst,Alstom,5-10 Yrs,Not Disclosed,Bengaluru,3.7,3353  Reviews,1 week ago,https://www.naukri.com/job-listings-ai-project-business-analyst-alstom-transport-india-ltd-bengaluru-5-to-10-years-080626934019
"Business Analyst | Requirements Management, Agile Delivery",Synechron,5-10 Yrs,Not Disclosed,Bengaluru,3.4,3794  Reviews,1 week ago,https://www.naukri.com/job-listings-business-analyst-requirements-management-agile-delivery-synechron-technologies-pvt-ltd-bengaluru-5-to-10-years-080626912510
Associate Business Analyst | Rajkot,TSS Consultancy,0-2 Yrs,Not Disclosed,Rajkot,3.4,125  Reviews,1 week ago,https://www.naukri.com/job-listings-associate-business-analyst-rajkot-tss-consultancy-pvt-ltd-rajkot-0-to-2-years-080626501917
Associate Business Analyst | Rajkot,Trackwizz,0-1 Yrs,Not Disclosed,Rajkot,N/A,N/A,1 week ago,https://www.naukri.com/job-listings-associate-business-analyst-rajkot-tss-consultancy-rajkot-0-to-1-years-050626008434
Business Analyst,EY,7-12 Yrs,10-20 Lacs PA ,"Hybrid - Chennai, Bengaluru",3.4,14833  Reviews,1 week ago,https://www.naukri.com/job-listings-business-analyst-ey-chennai-bengaluru-7-to-12-years-040626014015
Business Analyst,Accenture,1-4 Yrs,Not Disclosed,Bengaluru,3.7,74540  Reviews,2 weeks ago,https://www.naukri.com/job-listings-business-analyst-accenture-solutions-pvt-ltd-bengaluru-1-to-4-years-010626919099
Business Analyst,Accenture,1-4 Yrs,Not Disclosed,Bengaluru,3.7,74540  Reviews,2 weeks ago,https://www.naukri.com/job-listings-business-analyst-accenture-solutions-pvt-ltd-bengaluru-1-to-4-years-010626917983
Walk-In Any Fresher's/Expr-MIS Executive/Reporting/Operations/Analyst,IT Services and Consulting,N/A,2.75-4.5 Lacs PA ,N/A,N/A,N/A,1 day ago,https://www.naukri.com/job-listings-walk-in-any-fresher-s-expr-mis-executive-reporting-operations-analyst-wisdom-bridge-consultants-kolkata-hyderabad-pune-bangalore-rural-ahmedabad-chennai-bengaluru-delhi-ncr-mumbai-all-areas-0-to-5-years-150626015815
Walk-In Any Fresher's/Expr-MIS Executive/Reporting/Operations/Analyst,IT Services and Consulting,N/A,2.75-4.5 Lacs PA ,N/A,N/A,N/A,1 day ago,https://www.naukri.com/job-listings-walk-in-any-fresher-s-expr-mis-executive-reporting-operations-analyst-wisdom-bridge-consultants-devanahalli-nelamangala-bengaluru-anekal-0-to-5-years-150626018326
"Data Engineer ( SQL, SSIS, Python skills must)",Excel Talent Plus,5-8 Yrs,10-15 Lacs PA ,Hyderabad,N/A,N/A,2 weeks ago,https://www.naukri.com/job-listings-data-engineer-sql-ssis-python-skills-must-excel-talent-plus-hyderabad-5-to-8-years-100526001360
Junior Business Analyst,Cloud Counselage,0-3 Yrs,Not Disclosed,Mumbai,4.6,38  Reviews,3+ weeks ago,https://www.naukri.com/job-listings-junior-business-analyst-cloud-counselage-pvt-ltd-mumbai-0-to-3-years-301225507996
Junior Business Analyst- Japanese language Specialist,STEM Healthcare,0-3 Yrs,Not Disclosed,Gurugram,3.1,49  Reviews,3+ weeks ago,https://www.naukri.com/job-listings-junior-business-analyst-japanese-language-specialist-stem-healthcare-gurugram-0-to-3-years-260326503192
Data Engineer,Photon,2-7 Yrs,Not Disclosed,Chennai,4.0,2659  Reviews,3+ weeks ago,https://www.naukri.com/job-listings-data-engineer-photon-infotech-p-ltd-chennai-2-to-7-years-310326502337
Entry Level Analyst,STUTZEN,0-1 Yrs,Not Disclosed,Sivakasi,4.9,3  Reviews,3+ weeks ago,https://www.naukri.com/job-listings-entry-level-analyst-stutzen-corporates-private-limited-sivakasi-0-to-1-years-220426500404
FHIR_Data Analyst,Infosys,5-10 Yrs,Not Disclosed,Bengaluru,3.5,49475  Reviews,3+ weeks ago,https://www.naukri.com/job-listings-fhir-data-analyst-infosys-limited-bengaluru-5-to-10-years-180526925224
GN - SONG - MT - Hyperpersonalization - Analyst,Accenture,2-7 Yrs,Not Disclosed,Mumbai,3.7,74540  Reviews,1 day ago,https://www.naukri.com/job-listings-gn-song-mt-hyperpersonalization-analyst-accenture-solutions-pvt-ltd-mumbai-2-to-7-years-150626937414
Biness Analyst,RRD Global Outsourcing,0-2 Yrs,Not Disclosed,Chennai,3.6,68  Reviews,3+ weeks ago,https://www.naukri.com/job-listings-biness-analyst-rrd-go-creative-chennai-0-to-2-years-031225504517
Analyst,Xelium,0-4 Yrs,Not Disclosed,Gurugram,2.9,4  Reviews,3+ weeks ago,https://www.naukri.com/job-listings-analyst-xelium-technologies-gurugram-0-to-4-years-301025508849
Asset & Wealth Management - XIG Platform Management- Analyst,Goldman Sachs,0-4 Yrs,Not Disclosed,Bengaluru,3.3,1633  Reviews,3+ weeks ago,https://www.naukri.com/job-listings-asset-wealth-management-xig-platform-management-analyst-goldman-sachs-bengaluru-0-to-4-years-130426502266
Asset & Wealth Management Operations - WM Bus Intelligence - Analyst,Goldman Sachs,0-2 Yrs,Not Disclosed,Bengaluru,3.3,1633  Reviews,3+ weeks ago,https://www.naukri.com/job-listings-asset-wealth-management-operations-wm-bus-intelligence-analyst-goldman-sachs-bengaluru-0-to-2-years-120326504256
Analyst,Hirani Associates,0-3 Yrs,Not Disclosed,Ahmedabad,N/A,N/A,3+ weeks ago,https://www.naukri.com/job-listings-analyst-hirani-associates-ahmedabad-0-to-3-years-040925503086
IN Senior Associate Data Scientist Data and Analytics,PwC Service Delivery Center,4-7 Yrs,Not Disclosed,Bengaluru,3.3,12897  Reviews,4 days ago,https://www.naukri.com/job-listings-in-senior-associate-data-scientist-data-and-analytics-pricewaterhouse-coopers-service-delivery-center-kolkata-bengaluru-4-to-7-years-120626504296
IN Senior Associate Data Scientist Data and Analytics,PwC Service Delivery Center,4-7 Yrs,Not Disclosed,Bengaluru,3.3,12897  Reviews,4 days ago,https://www.naukri.com/job-listings-in-senior-associate-data-scientist-data-and-analytics-pricewaterhouse-coopers-service-delivery-center-kolkata-bengaluru-4-to-7-years-120626504283
Senior Data Scientist,Novo Nordisk,10-15 Yrs,Not Disclosed,Bengaluru,3.6,1391  Reviews,6 days ago,https://www.naukri.com/job-listings-senior-data-scientist-novo-nordisk-centre-india-pvt-ltd-bengaluru-10-to-15-years-100626506104
Data Analytic | Fresher | Business Analytics,Creative Hands HR,0-5 Yrs,2.5-6 Lacs PA ,"Thane, Navi Mumbai, Mumbai (All Areas)",N/A,N/A,1 week ago,https://www.naukri.com/job-listings-data-analytic-fresher-business-analytics-creative-hands-hr-thane-navi-mumbai-mumbai-all-areas-0-to-5-years-090626008859
Data Scientist,ti Steps,0-2 Yrs,3-4 Lacs PA ,"Hyderabad, Chennai, Bengaluru",3.9,18  Reviews,Today,https://www.naukri.com/job-listings-data-scientist-ti-steps-hyderabad-chennai-bengaluru-0-to-2-years-300825010445
Data Scientist - NLP Focussed,Siemens,5-10 Yrs,Not Disclosed,Pune,3.9,5890  Reviews,2 weeks ago,https://www.naukri.com/job-listings-data-scientist-nlp-focussed-siemens-limited-pune-5-to-10-years-010626921919
Senior Business Analyst,CGI,5-10 Yrs,Not Disclosed,Hyderabad,4.0,5499  Reviews,2 weeks ago,https://www.naukri.com/job-listings-senior-business-analyst-cgi-information-systems-and-management-consultants-hyderabad-5-to-10-years-290526910484
Senior Business Analyst,Iris Software,3-6 Yrs,Not Disclosed,Noida,3.7,1916  Reviews,2 weeks ago,https://www.naukri.com/job-listings-senior-business-analyst-iris-software-technologies-private-limited-noida-3-to-6-years-290526904676
Senior Business Analyst,Iris Software,3-7 Yrs,Not Disclosed,Noida,3.7,1916  Reviews,3 weeks ago,https://www.naukri.com/job-listings-senior-business-analyst-iris-software-technologies-private-limited-noida-3-to-7-years-250526915785
Senior Business Analyst,Iris Software,3-6 Yrs,Not Disclosed,Noida,3.7,1916  Reviews,3 weeks ago,https://www.naukri.com/job-listings-senior-business-analyst-iris-software-technologies-private-limited-noida-3-to-6-years-250526915780
Data Scientist,ZF,3-7 Yrs,Not Disclosed,Coimbatore,3.7,316  Reviews,3 weeks ago,https://www.naukri.com/job-listings-data-scientist-zf-india-private-limited-coimbatore-3-to-7-years-250526913680
Senior Business Development - Strategy Analyst,Wolters Kluwer - Medknow Publications,3-8 Yrs,Not Disclosed,Gurugram,N/A,N/A,3+ weeks ago,https://www.naukri.com/job-listings-senior-business-development-strategy-analyst-wolters-kluwer-medknow-publications-gurugram-3-to-8-years-230426503146
Data Scientist,Varite,5-10 Yrs,Not Disclosed,Hyderabad,N/A,N/A,3+ weeks ago,https://www.naukri.com/job-listings-data-scientist-varite-hyderabad-5-to-10-years-230226503414
Hiring For Data Scientist in Noida,Shadow Placements,3-8 Yrs,10-15 Lacs PA ,Hybrid - Noida,N/A,N/A,1 week ago,https://www.naukri.com/job-listings-hiring-for-data-scientist-in-noida-shadow-placements-noida-3-to-8-years-080626023478
Data Scientist,ti Steps,0-2 Yrs,2-3 Lacs PA ,"Hyderabad, Chennai, Bengaluru",3.9,18  Reviews,Today,https://www.naukri.com/job-listings-data-scientist-ti-steps-hyderabad-chennai-bengaluru-0-to-2-years-071025012511
Senior Business Analyst - (E commerce),Omni Reach,5-10 Yrs,Not Disclosed,Bengaluru,4.7,8  Reviews,1 week ago,https://www.naukri.com/job-listings-senior-business-analyst-e-commerce-omni-reach-bengaluru-5-to-10-years-040626503162
Senior Lead Business Analyst,Infinite,8-12 Yrs,Not Disclosed,Bengaluru,3.2,2146  Reviews,1 week ago,https://www.naukri.com/job-listings-senior-lead-business-analyst-infinite-computer-solutions-india-pvt-ltd-bengaluru-8-to-12-years-040626502876
Senior Business Analyst,Crisil,4-10 Yrs,Not Disclosed,Chennai,3.5,1966  Reviews,3+ weeks ago,https://www.naukri.com/job-listings-senior-business-analyst-crisil-chennai-4-to-10-years-310326500451
Data Scientist/Machine Learning(AI) Engineer,Grintex,4-5 Yrs,Not Disclosed,Gurugram,4.0,59  Reviews,3+ weeks ago,https://www.naukri.com/job-listings-data-scientist-machine-learning-ai-engineer-grintex-india-gurugram-4-to-5-years-291025503458
Sr. Business Analyst,Photon,7-12 Yrs,Not Disclosed,Pune,4.0,2659  Reviews,3 weeks ago,https://www.naukri.com/job-listings-sr-business-analyst-photon-infotech-p-ltd-pune-7-to-12-years-251125506968
Data Scientist (C3.ai Certified),Codvo,5-10 Yrs,Not Disclosed,Pune,3.5,60  Reviews,3+ weeks ago,https://www.naukri.com/job-listings-data-scientist-c3-ai-certified-codvo-ai-pune-5-to-10-years-101025503058
Sr Business Analyst,Photon,5-9 Yrs,Not Disclosed,"Madurai, Tiruppur, Salem, Chennai, Tiruchirapalli, Coimbatore",4.0,2659  Reviews,3+ weeks ago,https://www.naukri.com/job-listings-sr-business-analyst-photon-infotech-p-ltd-madurai-tiruppur-salem-chennai-tiruchirapalli-coimbatore-5-to-9-years-020625501808
Business Analyst,VOLKSWAGEN GROUP DIGITAL SOLUTIONS PRIVATE LIMITED,2-5 Yrs,Not Disclosed,"Pune, Gurugram, Bengaluru",3.9,756  Reviews,3 weeks ago,https://www.naukri.com/job-listings-business-analyst-volkswagen-group-technology-solutions-india-private-limited-pune-gurugram-bengaluru-2-to-5-years-200526937529
Denodo Business Analyst,Persistent,4-9 Yrs,Not Disclosed,"Hyderabad, Pune, Bengaluru",3.6,5122  Reviews,1 week ago,https://www.naukri.com/job-listings-denodo-business-analyst-persistent-hyderabad-pune-bengaluru-4-to-9-years-050626015637
Business Analyst III,Amazon,10-14 Yrs,Not Disclosed,Bengaluru,3.9,31893  Reviews,3+ weeks ago,https://www.naukri.com/job-listings-business-analyst-iii-amazon-bengaluru-10-to-14-years-180526021194
Business Analyst,PwC India,4-7 Yrs,5-12 Lacs PA ,"Kolkata, Bengaluru",3.3,12897  Reviews,3+ weeks ago,https://www.naukri.com/job-listings-business-analyst-pwc-india-kolkata-bengaluru-4-to-7-years-180526009777
Business Analyst,Qube Cinema,0-3 Yrs,Not Disclosed,Chennai,3.7,183  Reviews,3+ weeks ago,https://www.naukri.com/job-listings-business-analyst-qube-cinema-chennai-0-to-3-years-110526500236
Business Analyst,Delibo,0-3 Yrs,Not Disclosed,Chennai,N/A,N/A,3+ weeks ago,https://www.naukri.com/job-listings-business-analyst-delibo-chennai-0-to-3-years-040424501774
Business Analyst (Bidder),Emizen Tech,0-5 Yrs,Not Disclosed,Jaipur,3.6,39  Reviews,3+ weeks ago,https://www.naukri.com/job-listings-business-analyst-bidder-emizen-tech-pvt-ltd-jaipur-0-to-5-years-280923500039
Analyst - Business Consulting Risk - Process & Controls,EY,1-6 Yrs,Not Disclosed,Bengaluru,3.4,14833  Reviews,3+ weeks ago,https://www.naukri.com/job-listings-analyst-business-consulting-risk-process-controls-ernst-young-bengaluru-1-to-6-years-280426500547
Analyst - Business Consulting Risk - TMT - Risk - Process & Controls,EY,1-5 Yrs,Not Disclosed,Bengaluru,3.4,14833  Reviews,3+ weeks ago,https://www.naukri.com/job-listings-analyst-business-consulting-risk-tmt-risk-process-controls-ernst-young-bengaluru-1-to-5-years-270426500693
Business Analyst - Payments and Mainframe,Synechron,13-23 Yrs,Not Disclosed,Bengaluru,3.4,3794  Reviews,2 weeks ago,https://www.naukri.com/job-listings-business-analyst-payments-and-mainframe-synechron-bengaluru-13-to-23-years-270426001837
Business Analyst,Hocco Industries,0-1 Yrs,Not Disclosed,Mumbai,4.4,50  Reviews,3 weeks ago,https://www.naukri.com/job-listings-business-analyst-hocco-industries-mumbai-0-to-1-years-250526032277
Business Analyst,Redbus,2-4 Yrs,Not Disclosed,Bengaluru,4.1,370  Reviews,1 day ago,https://www.naukri.com/job-listings-business-analyst-redbus-bengaluru-2-to-4-years-200326017215
Healthcare Business Analyst,Infosys,2-7 Yrs,Not Disclosed,Bengaluru,3.5,49475  Reviews,3+ weeks ago,https://www.naukri.com/job-listings-healthcare-business-analyst-infosys-limited-bengaluru-2-to-7-years-180526925225
Business Analyst,Accenture,15-20 Yrs,Not Disclosed,Bengaluru,3.7,74540  Reviews,3+ weeks ago,https://www.naukri.com/job-listings-business-analyst-accenture-solutions-pvt-ltd-bengaluru-15-to-20-years-180526923859
Business Advisory Analyst,Accenture,3-5 Yrs,Not Disclosed,Bengaluru,3.7,74540  Reviews,3+ weeks ago,https://www.naukri.com/job-listings-business-advisory-analyst-accenture-solutions-pvt-ltd-bengaluru-3-to-5-years-180526923253
Product Owner/ Business Analyst Tax Reporting,Broadridge,7-12 Yrs,Not Disclosed,Bengaluru,3.8,1586  Reviews,3+ weeks ago,https://www.naukri.com/job-listings-product-owner-business-analyst-tax-reporting-broadridge-financial-solutions-india-pvt-ltd-bengaluru-7-to-12-years-180526503610
Business Analyst II,Amazon,7-10 Yrs,Not Disclosed,Bengaluru,3.9,31893  Reviews,3+ weeks ago,https://www.naukri.com/job-listings-business-analyst-ii-amazon-bengaluru-7-to-10-years-180526022611
ServiceNow Business Process Analyst/QA,Ecolab Global Services,4-9 Yrs,Not Disclosed,Bengaluru,3.4,234  Reviews,Today,https://www.naukri.com/job-listings-servicenow-business-process-analyst-qa-ecolab-global-services-private-limited-bengaluru-4-to-9-years-160626917387
Business Analyst- Credit risk,Capgemini,10-15 Yrs,Not Disclosed,Pune,3.6,54214  Reviews,1 day ago,https://www.naukri.com/job-listings-business-analyst-credit-risk-capgemini-technology-services-india-limited-pune-10-to-15-years-150626933309
Business Advisory Analyst,Accenture,5-10 Yrs,Not Disclosed,Navi Mumbai,3.7,74540  Reviews,1 day ago,https://www.naukri.com/job-listings-business-advisory-analyst-accenture-solutions-pvt-ltd-navi-mumbai-5-to-10-years-150626917006
Business Advisory Analyst,Accenture,3-8 Yrs,Not Disclosed,Navi Mumbai,3.7,74540  Reviews,1 day ago,https://www.naukri.com/job-listings-business-advisory-analyst-accenture-solutions-pvt-ltd-navi-mumbai-3-to-8-years-150626917005
Business Analyst,Cloud Analogy,0-1 Yrs,Not Disclosed,Mohali,2.7,5  Reviews,3+ weeks ago,https://www.naukri.com/job-listings-business-analyst-cloud-analogy-mohali-0-to-1-years-140526504221
Business Analyst Intern (Partnerships),Hawkscode,0-1 Yrs,Not Disclosed,Jaipur,4.0,17  Reviews,3+ weeks ago,https://www.naukri.com/job-listings-business-analyst-intern-partnerships-hawkscode-jaipur-0-to-1-years-130226506381
Servicenow Business Analyst,EY,5-8 Yrs,Not Disclosed,"Hybrid - Chennai, Bengaluru, Delhi / NCR",3.4,14833  Reviews,2 weeks ago,https://www.naukri.com/job-listings-servicenow-business-analyst-ey-chennai-bengaluru-delhi-ncr-5-to-8-years-100426014440
Business Operations Analyst 3,Lam Research,5-10 Yrs,Not Disclosed,Bengaluru,3.7,361  Reviews,1 week ago,https://www.naukri.com/job-listings-business-operations-analyst-3-lam-research-bengaluru-5-to-10-years-080626502657
Business Analyst,Qube Cinema,0-3 Yrs,Not Disclosed,Chennai,3.7,183  Reviews,3+ weeks ago,https://www.naukri.com/job-listings-business-analyst-qube-cinema-chennai-0-to-3-years-060226506937
Business Analyst,Qube Cinema,0-3 Yrs,Not Disclosed,Chennai,3.7,183  Reviews,3+ weeks ago,https://www.naukri.com/job-listings-business-analyst-qube-cinema-chennai-0-to-3-years-060226506936
Business Analyst,Qube Cinema,0-3 Yrs,Not Disclosed,Chennai,3.7,183  Reviews,3+ weeks ago,https://www.naukri.com/job-listings-business-analyst-qube-cinema-chennai-0-to-3-years-060226506935
Business Analyst,Qube Cinema,0-3 Yrs,Not Disclosed,Chennai,3.7,183  Reviews,3+ weeks ago,https://www.naukri.com/job-listings-business-analyst-qube-cinema-chennai-0-to-3-years-060226506934
Business Analyst,Qube Cinema,0-3 Yrs,Not Disclosed,Chennai,3.7,183  Reviews,3+ weeks ago,https://www.naukri.com/job-listings-business-analyst-qube-cinema-chennai-0-to-3-years-060226506933
Business Analyst,Qube Cinema,0-3 Yrs,Not Disclosed,Chennai,3.7,183  Reviews,3+ weeks ago,https://www.naukri.com/job-listings-business-analyst-qube-cinema-chennai-0-to-3-years-060226506932
Business Analyst,Qube Cinema,0-3 Yrs,Not Disclosed,Chennai,3.7,183  Reviews,3+ weeks ago,https://www.naukri.com/job-listings-business-analyst-qube-cinema-chennai-0-to-3-years-060226506931
Business Analyst,Qube Cinema,0-3 Yrs,Not Disclosed,Chennai,3.7,183  Reviews,3+ weeks ago,https://www.naukri.com/job-listings-business-analyst-qube-cinema-chennai-0-to-3-years-060226506930
Business Analyst,Qube Cinema,0-3 Yrs,Not Disclosed,Chennai,3.7,183  Reviews,3+ weeks ago,https://www.naukri.com/job-listings-business-analyst-qube-cinema-chennai-0-to-3-years-060226506929
Business Analyst,Qube Cinema,0-3 Yrs,Not Disclosed,Chennai,3.7,183  Reviews,3+ weeks ago,https://www.naukri.com/job-listings-business-analyst-qube-cinema-chennai-0-to-3-years-060226503424
Business Analyst,Qube Cinema,0-3 Yrs,Not Disclosed,Chennai,3.7,183  Reviews,3+ weeks ago,https://www.naukri.com/job-listings-business-analyst-qube-cinema-chennai-0-to-3-years-060226503423
Business Analyst,Qube Cinema,0-3 Yrs,Not Disclosed,Chennai,3.7,183  Reviews,3+ weeks ago,https://www.naukri.com/job-listings-business-analyst-qube-cinema-chennai-0-to-3-years-060226503422
Business Analyst,Qube Cinema,0-3 Yrs,Not Disclosed,Chennai,3.7,183  Reviews,3+ weeks ago,https://www.naukri.com/job-listings-business-analyst-qube-cinema-chennai-0-to-3-years-060226503421
Business Analyst,Qube Cinema,0-3 Yrs,Not Disclosed,Chennai,3.7,183  Reviews,3+ weeks ago,https://www.naukri.com/job-listings-business-analyst-qube-cinema-chennai-0-to-3-years-060226503420
Business Analyst,Qube Cinema,0-3 Yrs,Not Disclosed,Chennai,3.7,183  Reviews,3+ weeks ago,https://www.naukri.com/job-listings-business-analyst-qube-cinema-chennai-0-to-3-years-060226503419
"Oracle JD Edwards Mfg, Supply Planning & Procurement Business Analyst",Thermo Fisher Scientific,7-12 Yrs,Not Disclosed,Bengaluru,3.8,1075  Reviews,1 week ago,https://www.naukri.com/job-listings-oracle-jd-edwards-mfg-supply-planning-procurement-business-analyst-thermo-fisher-scientific-india-pvt-ltd-bengaluru-7-to-12-years-040626502466
Business Analyst,Evezon,0-2 Yrs,Not Disclosed,Chittoor,3.8,3  Reviews,3+ weeks ago,https://www.naukri.com/job-listings-business-analyst-evezown-chittoor-0-to-2-years-031224506071
Business Analyst,Qube Cinema,0-3 Yrs,Not Disclosed,Chennai,3.7,183  Reviews,3+ weeks ago,https://www.naukri.com/job-listings-business-analyst-qube-cinema-chennai-0-to-3-years-030426501547
Associate Business Analyst,Novo Nordisk,1-3 Yrs,Not Disclosed,Bengaluru,3.6,1391  Reviews,3+ weeks ago,https://www.naukri.com/job-listings-associate-business-analyst-novo-nordisk-centre-india-pvt-ltd-bengaluru-1-to-3-years-311225502803
Business Analyst Intern,Cloud Counselage,N/A,Unpaid ,Mumbai,4.6,38  Reviews,Starts in 1-3 months,https://www.naukri.com/job-listings-business-analyst-intern-cloud-counselage-pvt-ltd-mumbai-0-to-1-years-301225508074
Business Analyst,Aliteprojects,0-5 Yrs,Not Disclosed,Vadodara,3.6,21  Reviews,3+ weeks ago,https://www.naukri.com/job-listings-business-analyst-alite-projects-vadodara-0-to-5-years-291025504100
"Associate Staff Consultant, Business Analyst",Nagarro,1-4 Yrs,Not Disclosed,Bengaluru,3.9,4797  Reviews,3+ weeks ago,https://www.naukri.com/job-listings-associate-staff-consultant-business-analyst-nagarro-software-pvt-ltd-bengaluru-1-to-4-years-291025501361
Business Analyst,Ascure Technologies,0-4 Yrs,Not Disclosed,Jaipur,4.3,4  Reviews,3+ weeks ago,https://www.naukri.com/job-listings-business-analyst-ascure-technologies-jaipur-0-to-4-years-290725502168
Business Intelligence Analyst,Medpace Clinical Research India,0-5 Yrs,Not Disclosed,Mumbai,3.2,10  Reviews,3+ weeks ago,https://www.naukri.com/job-listings-business-intelligence-analyst-medpace-inc-mumbai-0-to-5-years-290126506135
Business Analyst,Aexonic Technologies,0-2 Yrs,Not Disclosed,Pune,4.5,31  Reviews,3+ weeks ago,https://www.naukri.com/job-listings-business-analyst-aexonic-technologies-pune-0-to-2-years-270324501479
Business Analyst Power BI,Novo Nordisk,3-5 Yrs,Not Disclosed,Bengaluru,3.6,1391  Reviews,3+ weeks ago,https://www.naukri.com/job-listings-business-analyst-power-bi-novo-nordisk-centre-india-pvt-ltd-bengaluru-3-to-5-years-260425504269
Business Banking Deposit Product Segment and Finance Analyst,JPMorgan Chase Bank,1-6 Yrs,Not Disclosed,Bengaluru,3.8,7940  Reviews,3 weeks ago,https://www.naukri.com/job-listings-business-banking-deposit-product-segment-and-finance-analyst-jp-morgan-and-chase-bengaluru-1-to-6-years-250526501545
Business Analyst Intern,Daiom,N/A,"20,000/month ",Gurugram,N/A,N/A,Starts in 1-3 months,https://www.naukri.com/job-listings-business-analyst-intern-daiom-gurugram-0-to-3-years-240424500920
Business Analyst,Techspawn,0-2 Yrs,Not Disclosed,Pune,3.3,42  Reviews,3+ weeks ago,https://www.naukri.com/job-listings-business-analyst-techspawn-solutions-pune-0-to-2-years-221025503891
Analyst - Business Consulting Risk - Process & Controls,EY,5-10 Yrs,Not Disclosed,Bengaluru,3.4,14833  Reviews,3+ weeks ago,https://www.naukri.com/job-listings-analyst-business-consulting-risk-process-controls-ernst-young-bengaluru-5-to-10-years-200426500492
Analyst - Business Consulting Risk - Process & Controls,EY,5-10 Yrs,Not Disclosed,Bengaluru,3.4,14833  Reviews,3+ weeks ago,https://www.naukri.com/job-listings-analyst-business-consulting-risk-process-controls-ernst-young-bengaluru-5-to-10-years-200426500489
Analyst - Business Consulting Risk - Process & Controls,EY,5-10 Yrs,Not Disclosed,Bengaluru,3.4,14833  Reviews,3+ weeks ago,https://www.naukri.com/job-listings-analyst-business-consulting-risk-process-controls-ernst-young-bengaluru-5-to-10-years-200426500488
Analyst - Business Consulting Risk - Process & Controls,EY,5-10 Yrs,Not Disclosed,Bengaluru,3.4,14833  Reviews,3+ weeks ago,https://www.naukri.com/job-listings-analyst-business-consulting-risk-process-controls-ernst-young-bengaluru-5-to-10-years-200426500487
Analyst - Business Consulting Risk - Process & Controls,EY,5-10 Yrs,Not Disclosed,Bengaluru,3.4,14833  Reviews,3+ weeks ago,https://www.naukri.com/job-listings-analyst-business-consulting-risk-process-controls-ernst-young-bengaluru-5-to-10-years-200426500485
Business Analyst,Emkay,0-5 Yrs,Not Disclosed,Mumbai,3.7,107  Reviews,3+ weeks ago,https://www.naukri.com/job-listings-business-analyst-emkay-mumbai-0-to-5-years-190526503607
Business Analyst Pricing and Market Access,Novo Nordisk,2-4 Yrs,Not Disclosed,Bengaluru,3.6,1391  Reviews,3+ weeks ago,https://www.naukri.com/job-listings-business-analyst-pricing-and-market-access-novo-nordisk-centre-india-pvt-ltd-bengaluru-2-to-4-years-181225502737
Business Analyst,Novo Nordisk,4-6 Yrs,Not Disclosed,Bengaluru,3.6,1391  Reviews,3+ weeks ago,https://www.naukri.com/job-listings-business-analyst-novo-nordisk-centre-india-pvt-ltd-bengaluru-4-to-6-years-181225502491
Business Analyst Intern,360DigiTMG,N/A,Unpaid ,Hyderabad,4.1,108  Reviews,Starts in 1-3 months,https://www.naukri.com/job-listings-business-analyst-intern-360digitmg-hyderabad-0-to-1-years-180825504088
Corporate Planning & Management-Business Intelligence-Analyst,Goldman Sachs,1-2 Yrs,Not Disclosed,Bengaluru,3.3,1633  Reviews,3+ weeks ago,https://www.naukri.com/job-listings-corporate-planning-management-business-intelligence-analyst-goldman-sachs-bengaluru-1-to-2-years-140426502920
Specialist - Business Analysis,LTM,5-10 Yrs,Not Disclosed,Bengaluru,3.6,26816  Reviews,3+ weeks ago,https://www.naukri.com/job-listings-specialist-business-analysis-mindtree-limited-bengaluru-5-to-10-years-130526500798
Business Analyst Product Management,Tata Consultancy Services,5-10 Yrs,Not Disclosed,"Chennai, Bengaluru, Mumbai (All Areas)",3.3,115896  Reviews,2 weeks ago,https://www.naukri.com/job-listings-business-analyst-product-management-tata-consultancy-services-chennai-bengaluru-mumbai-all-areas-5-to-10-years-130426010560
Business Analyst,Shubham Group Of Companies,0-1 Yrs,Not Disclosed,Pune,N/A,N/A,3+ weeks ago,https://www.naukri.com/job-listings-business-analyst-shubham-group-of-companies-pune-0-to-1-years-130226506127
Business Development Analyst,Leatherman Fashion,0-1 Yrs,Not Disclosed,Kolkata,4.4,6  Reviews,3+ weeks ago,https://www.naukri.com/job-listings-business-development-analyst-leatherman-fashion-private-limited-kolkata-0-to-1-years-130225500157
Business Analyst,Sarna Technologies,0-2 Yrs,Not Disclosed,Mohali,2.6,3  Reviews,3+ weeks ago,https://www.naukri.com/job-listings-business-analyst-sarna-technologies-mohali-0-to-2-years-110825502276
Business Analyst,Soltech Techservices,0-2 Yrs,Not Disclosed,Vapi,1.6,3  Reviews,3+ weeks ago,https://www.naukri.com/job-listings-business-analyst-soltech-techservices-pvt-ltd-vapi-0-to-2-years-110326501141
Business Analyst,Acies Consulting,0-3 Yrs,Not Disclosed,Mumbai,4.0,152  Reviews,3+ weeks ago,https://www.naukri.com/job-listings-business-analyst-acies-mumbai-0-to-3-years-110226504725
Business Analyst Intern,Internet Soft,N/A,Unpaid ,Pune,2.7,11  Reviews,Starts in 1-3 months,https://www.naukri.com/job-listings-business-analyst-intern-internet-soft-pune-0-to-1-years-091224504235
Business Analyst,Netcoreinfo Business Services,0-5 Yrs,Not Disclosed,Noida,3.3,7  Reviews,3+ weeks ago,https://www.naukri.com/job-listings-business-analyst-netcoreinfo-business-services-noida-0-to-5-years-080725500863
MIS Executive and Analyst,Arteria,0-1 Yrs,3-4 Lacs PA ,Bengaluru,2.6,99  Reviews,1 week ago,https://www.naukri.com/job-listings-mis-executive-and-analyst-arteria-bengaluru-0-to-1-years-040626022514
Celonis - Data Engineer - Immediate Joiners,UST,3-15 Yrs,Not Disclosed,"Hyderabad, Pune, Bengaluru",3.7,5781  Reviews,3 weeks ago,https://www.naukri.com/job-listings-celonis-data-engineer-immediate-joiners-ust-hyderabad-pune-bengaluru-3-to-15-years-220526023826
PI Data Engineer,Alstom,4-7 Yrs,Not Disclosed,Bengaluru,3.7,3353  Reviews,1 week ago,https://www.naukri.com/job-listings-pi-data-engineer-alstom-transport-india-ltd-bengaluru-4-to-7-years-080626934023
Data Engineer,Accenture,15-20 Yrs,Not Disclosed,Bengaluru,3.7,74540  Reviews,1 week ago,https://www.naukri.com/job-listings-data-engineer-accenture-solutions-pvt-ltd-bengaluru-15-to-20-years-080626933124
Data Engineer,Accenture,2-4 Yrs,Not Disclosed,Chennai,3.7,74540  Reviews,1 week ago,https://www.naukri.com/job-listings-data-engineer-accenture-solutions-pvt-ltd-chennai-2-to-4-years-080626932700
Data Engineer,Accenture,2-4 Yrs,Not Disclosed,Hyderabad,3.7,74540  Reviews,1 week ago,https://www.naukri.com/job-listings-data-engineer-accenture-solutions-pvt-ltd-hyderabad-2-to-4-years-080626925732
Data Engineer,Accenture,15-20 Yrs,Not Disclosed,Navi Mumbai,3.7,74540  Reviews,1 week ago,https://www.naukri.com/job-listings-data-engineer-accenture-solutions-pvt-ltd-navi-mumbai-15-to-20-years-080626918758
Quantexa Data Engineer,Synechron,7-12 Yrs,Not Disclosed,Bengaluru,3.4,3794  Reviews,1 week ago,https://www.naukri.com/job-listings-quantexa-data-engineer-synechron-technologies-pvt-ltd-bengaluru-7-to-12-years-080626912788
Data Engineer,Willsfly Technologies,5-7 Yrs,Not Disclosed,Bengaluru,4.8,6  Reviews,3+ weeks ago,https://www.naukri.com/job-listings-data-engineer-willsfly-technologies-bengaluru-5-to-7-years-190526502061
Python/ETL Data Engineer,Clifyx Technology,3-6 Yrs,Not Disclosed,Bengaluru,3.3,31  Reviews,3+ weeks ago,https://www.naukri.com/job-listings-python-etl-data-engineer-clifyx-technology-bengaluru-3-to-6-years-170225504344
Enterprise Data Engineer,Multicloud4u Technologies,2-4 Yrs,Not Disclosed,Hyderabad,5.0,2  Reviews,Few hours ago,https://www.naukri.com/job-listings-enterprise-data-engineer-multicloud4u-technologies-hyderabad-2-to-4-years-160626502408
Enterprise Data Engineer,Multicloud4u Technologies,2-4 Yrs,Not Disclosed,Hyderabad,5.0,2  Reviews,1 day ago,https://www.naukri.com/job-listings-enterprise-data-engineer-multicloud4u-technologies-hyderabad-2-to-4-years-150626502985
Data Engineer,Han Digital Solution,4-9 Yrs,Not Disclosed,"Hubli, Mangaluru, Mysuru, Bengaluru, Belgaum",N/A,N/A,3+ weeks ago,https://www.naukri.com/job-listings-data-engineer-han-digital-solution-hubli-mangaluru-mysuru-bengaluru-belgaum-4-to-9-years-221125500667
Data Engineer,Clifyx Technology,5-8 Yrs,Not Disclosed,Bengaluru,3.3,31  Reviews,3+ weeks ago,https://www.naukri.com/job-listings-data-engineer-clifyx-technology-bengaluru-5-to-8-years-111125500162
Data Engineer,Idexcel,3-8 Yrs,Not Disclosed,Bengaluru,3.0,169  Reviews,3+ weeks ago,https://www.naukri.com/job-listings-data-engineer-idexcel-technologies-pvt-ltd-bengaluru-3-to-8-years-100426501688
Customer Contact Comms Senior Analyst-Voice,Accenture,5-8 Yrs,Not Disclosed,Bengaluru,3.7,74540  Reviews,1 day ago,https://www.naukri.com/job-listings-customer-contact-comms-senior-analyst-voice-accenture-solutions-pvt-ltd-bengaluru-5-to-8-years-150626935636
Customer Contact Comms Senior Analyst-Voice,Accenture,5-8 Yrs,Not Disclosed,Bengaluru,3.7,74540  Reviews,1 day ago,https://www.naukri.com/job-listings-customer-contact-comms-senior-analyst-voice-accenture-solutions-pvt-ltd-bengaluru-5-to-8-years-150626932437
Financial Plan & Analysis Senior Analyst,Accenture,5-8 Yrs,Not Disclosed,Bengaluru,3.7,74540  Reviews,Few hours ago,https://www.naukri.com/job-listings-financial-plan-analysis-senior-analyst-accenture-solutions-pvt-ltd-bengaluru-5-to-8-years-160626927246
I&F Decision Sci Practitioner Sr. Analyst,Accenture,5-8 Yrs,Not Disclosed,Bengaluru,3.7,74540  Reviews,1 day ago,https://www.naukri.com/job-listings-i-f-decision-sci-practitioner-sr-analyst-accenture-solutions-pvt-ltd-bengaluru-5-to-8-years-150626937048
I&F Decision Sci Practitioner Sr. Analyst,Accenture,5-8 Yrs,Not Disclosed,Bengaluru,3.7,74540  Reviews,1 day ago,https://www.naukri.com/job-listings-i-f-decision-sci-practitioner-sr-analyst-accenture-solutions-pvt-ltd-bengaluru-5-to-8-years-150626937000
I&F Decision Sci Practitioner Sr Analyst,Accenture,5-8 Yrs,Not Disclosed,Bengaluru,3.7,74540  Reviews,1 day ago,https://www.naukri.com/job-listings-i-f-decision-sci-practitioner-sr-analyst-accenture-solutions-pvt-ltd-bengaluru-5-to-8-years-150626936688
Measurement & Report Senior Analyst,Accenture,5-8 Yrs,Not Disclosed,Bengaluru,3.7,74540  Reviews,1 day ago,https://www.naukri.com/job-listings-measurement-report-senior-analyst-accenture-solutions-pvt-ltd-bengaluru-5-to-8-years-150626935573
Campaign Management Sr Analyst,Accenture,5-10 Yrs,Not Disclosed,Bengaluru,3.7,74540  Reviews,1 day ago,https://www.naukri.com/job-listings-campaign-management-sr-analyst-accenture-solutions-pvt-ltd-bengaluru-5-to-10-years-150626935412
Engineering Services Senior Analyst,Accenture,5-8 Yrs,Not Disclosed,Bengaluru,3.7,74540  Reviews,1 day ago,https://www.naukri.com/job-listings-engineering-services-senior-analyst-accenture-solutions-pvt-ltd-bengaluru-5-to-8-years-150626933984
S&C Global Network - AI - FS Engineering - Senior Analyst,Accenture,10-15 Yrs,Not Disclosed,Bengaluru,3.7,74540  Reviews,1 day ago,https://www.naukri.com/job-listings-s-c-global-network-ai-fs-engineering-senior-analyst-accenture-solutions-pvt-ltd-bengaluru-10-to-15-years-150626931669
S&C Global Network - AI - CMT Engineering - Senior Analyst,Accenture,10-15 Yrs,Not Disclosed,Bengaluru,3.7,74540  Reviews,1 day ago,https://www.naukri.com/job-listings-s-c-global-network-ai-cmt-engineering-senior-analyst-accenture-solutions-pvt-ltd-bengaluru-10-to-15-years-150626930291
Analyst Trainee,Axtria,0-2 Yrs,Not Disclosed,Noida,2.7,801  Reviews,1 day ago,https://www.naukri.com/job-listings-analyst-trainee-axtria-india-private-limited-noida-0-to-2-years-150626937949
Sourcing & Procurement Analyst (Software Helpdesk),WPP,0-5 Yrs,Not Disclosed,Mumbai,2.8,366  Reviews,5 days ago,https://www.naukri.com/job-listings-sourcing-procurement-analyst-software-helpdesk-wpp-aunz-mumbai-0-to-5-years-110626503780
Conflicts Management-Associate Analyst,EY,0-2 Yrs,Not Disclosed,Gurugram,3.4,14833  Reviews,5 days ago,https://www.naukri.com/job-listings-conflicts-management-associate-analyst-ernst-young-gurugram-0-to-2-years-110626503268
Analyst,Firstsource,1-6 Yrs,Not Disclosed,Bengaluru,3.5,5867  Reviews,6 days ago,https://www.naukri.com/job-listings-analyst-firstsource-solutions-ltd-bengaluru-1-to-6-years-100626505678
Analyst,Globaldata,1-3 Yrs,Not Disclosed,Hyderabad,3.3,1051  Reviews,6 days ago,https://www.naukri.com/job-listings-analyst-globaldata-hyderabad-1-to-3-years-100626020095
Fund Servicing Analyst,JPMorgan Chase Bank,0-5 Yrs,Not Disclosed,Mumbai,3.8,7940  Reviews,1 week ago,https://www.naukri.com/job-listings-fund-servicing-analyst-jp-morgan-and-chase-mumbai-0-to-5-years-090626501234
Data Analyst,Orangeleaf Services,1-2 Yrs,2.75-3 Lacs PA ,Nagpur(Manewada),N/A,N/A,3 weeks ago,https://www.naukri.com/job-listings-data-analyst-orangeleaf-services-nagpur-1-to-2-years-200526025317
Senior Data Scientist,Hexaware Technologies,7-12 Yrs,20-32.5 Lacs PA ,"Hybrid - Pune, Chennai, Bengaluru",3.4,7813  Reviews,1 week ago,https://www.naukri.com/job-listings-senior-data-scientist-hexaware-technologies-pune-chennai-bengaluru-7-to-12-years-040626010566
Senior Data Scientist,DXC Technology,8-13 Yrs,Not Disclosed,"Gurugram, Chennai, Bengaluru",N/A,N/A,1 week ago,https://www.naukri.com/job-listings-senior-data-scientist-dxc-technology-gurugram-chennai-bengaluru-8-to-13-years-030626018431
Senior Data Scientist I,Nielsen Sports,5-10 Yrs,Not Disclosed,Bengaluru,3.8,224  Reviews,2 weeks ago,https://www.naukri.com/job-listings-senior-data-scientist-i-nielsen-sports-bengaluru-5-to-10-years-020626502184
Senior Data Scientist,Cyient,5-9 Yrs,Not Disclosed,Bengaluru,3.6,5373  Reviews,5 days ago,https://www.naukri.com/job-listings-senior-data-scientist-cyient-bengaluru-5-to-9-years-110626025699
Senior Data Scientist (AI & ML),Nielsen Sports,4-9 Yrs,Not Disclosed,Bengaluru,3.8,224  Reviews,1 week ago,https://www.naukri.com/job-listings-senior-data-scientist-ai-ml-nielsen-sports-bengaluru-4-to-9-years-050626502946
Senior Data Scientist,Alstom,7-12 Yrs,Not Disclosed,Bengaluru,3.7,3353  Reviews,2 weeks ago,https://www.naukri.com/job-listings-senior-data-scientist-alstom-transport-india-ltd-bengaluru-7-to-12-years-010626924512
Revenue Growth Management-Senior Data Scientist,Infosys,8-13 Yrs,Not Disclosed,Bengaluru,3.5,49475  Reviews,2 weeks ago,https://www.naukri.com/job-listings-revenue-growth-management-senior-data-scientist-infosys-limited-bengaluru-8-to-13-years-010626922305
Senior Data Scientist,Capgemini,3-8 Yrs,Not Disclosed,"Bhubaneswar, Chennai, Bengaluru",3.6,54214  Reviews,2 weeks ago,https://www.naukri.com/job-listings-senior-data-scientist-capgemini-technology-services-india-limited-bhubaneswar-chennai-bengaluru-3-to-8-years-010626921539
S&C Global Network - AI - Retail - Consultant - Data Scientist,Accenture,4-9 Yrs,Not Disclosed,Gurugram,3.7,74540  Reviews,3+ weeks ago,https://www.naukri.com/job-listings-s-c-global-network-ai-retail-consultant-data-scientist-accenture-solutions-pvt-ltd-gurugram-4-to-9-years-180526921153
Senior Business Systems Analyst - (NPW),Milestone Technologies,4-9 Yrs,Not Disclosed,Hyderabad,4.0,103  Reviews,Few hours ago,https://www.naukri.com/job-listings-senior-business-systems-analyst-npw-milestone-technologies-inc-hyderabad-4-to-9-years-160626502386
Advanced Data Scientist,Sparta Systems,5-10 Yrs,Not Disclosed,Bengaluru,4.1,13  Reviews,4 days ago,https://www.naukri.com/job-listings-advanced-data-scientist-spartasystems-bengaluru-5-to-10-years-120626503589
Data Scientist,DTC Infotech,2-4 Yrs,Not Disclosed,Mumbai,3.0,24  Reviews,3+ weeks ago,https://www.naukri.com/job-listings-data-scientist-dtc-infotech-private-limited-mumbai-2-to-4-years-301024500031
Senior Business Intelligence Analyst,First Meridian Business Services,8-12 Yrs,25-40 Lacs PA ,Bengaluru,N/A,N/A,2 weeks ago,https://www.naukri.com/job-listings-senior-business-intelligence-analyst-first-meridian-business-services-bengaluru-8-to-12-years-300526008657
Lead Business Analyst / Senior Business Analyst,Simplotel Technologies,2-6 Yrs,Not Disclosed,Bengaluru,2.6,25  Reviews,3+ weeks ago,https://www.naukri.com/job-listings-lead-business-analyst-senior-business-analyst-simplotel-bengaluru-2-to-6-years-300426500289
Data Scientist/AI-ML,Codepanda Academy,0-5 Yrs,5-12 Lacs PA ,"Noida, Gurugram, Delhi / NCR",4.5,3  Reviews,2 weeks ago,https://www.naukri.com/job-listings-data-scientist-ai-ml-codepanda-academy-noida-gurugram-delhi-ncr-0-to-5-years-290526023855
Senior Workday Business Analyst - Workday & ServiceNow,Sadup Soft,10-12 Yrs,Not Disclosed,Remote,4.4,40  Reviews,3 weeks ago,https://www.naukri.com/job-listings-senior-workday-business-analyst-workday-servicenow-sadup-softech-bengaluru-10-to-12-years-250526927887
Data Scientist,Maruti Suzuki,4-7 Yrs,Not Disclosed,Bengaluru,4.1,9634  Reviews,3+ weeks ago,https://www.naukri.com/job-listings-data-scientist-maruti-suzuki-india-limited-bengaluru-4-to-7-years-211125502671
"Senior Business Analyst, Professional Services",Equilend,7-12 Yrs,Not Disclosed,Bengaluru,3.8,21  Reviews,3 weeks ago,https://www.naukri.com/job-listings-senior-business-analyst-professional-services-equilend-bengaluru-7-to-12-years-210526502442
Senior Business Analyst,Impact Analytics,5-8 Yrs,Not Disclosed,Bengaluru,4.0,233  Reviews,3+ weeks ago,https://www.naukri.com/job-listings-senior-business-analyst-impact-analytics-bengaluru-5-to-8-years-201125501983
Senior Analyst - Business Intelligence - HR/Talent Analytics,Artex Risk Solutions,1-3 Yrs,Not Disclosed,Bengaluru,N/A,N/A,3+ weeks ago,https://www.naukri.com/job-listings-senior-analyst-business-intelligence-hr-talent-analytics-artex-risk-solutions-bengaluru-1-to-3-years-170924506856
Senior Business Analyst (Insurance/Fintech Domain),T&M Consultancy,5-10 Yrs,Not Disclosed,Hybrid - Hyderabad,N/A,N/A,Today,https://www.naukri.com/job-listings-senior-business-analyst-insurance-fintech-domain-t-m-hyderabad-5-to-10-years-160626015925
"Senior Business Analyst, Actimize",NICE,4-8 Yrs,Not Disclosed,Pune,4.4,14  Reviews,1 day ago,https://www.naukri.com/job-listings-senior-business-analyst-actimize-nice-pune-4-to-8-years-150626500943
Senior Salesforce Business Analyst,Paccar,5-10 Yrs,Not Disclosed,Pune(Balewadi),3.0,56  Reviews,1 day ago,https://www.naukri.com/job-listings-senior-salesforce-business-analyst-paccar-india-private-limited-pune-5-to-10-years-150626039238
Senior Business Analyst,Net Connect,5-10 Yrs,Not Disclosed,"Chennai, Bengaluru, Mumbai (All Areas)",3.1,635  Reviews,3+ weeks ago,https://www.naukri.com/job-listings-senior-business-analyst-net-connect-chennai-bengaluru-mumbai-all-areas-5-to-10-years-150526031580
Senior Analyst - Business Intelligence - HR/Talent Analytics,Gallagher,3-8 Yrs,Not Disclosed,Bengaluru,3.6,2688  Reviews,3+ weeks ago,https://www.naukri.com/job-listings-senior-analyst-business-intelligence-hr-talent-analytics-gallagher-bengaluru-3-to-8-years-140625500250
Senior Business Analyst (Chemical Procurement),Ecolab Global Services,6-9 Yrs,Not Disclosed,Hybrid - Pune(Kharadi),3.4,234  Reviews,2 weeks ago,https://www.naukri.com/job-listings-senior-business-analyst-chemical-procurement-ecolab-global-services-pune-6-to-9-years-120426004650
"Senior Analyst, Business Analytics",Colgate-Palmolive (India),2-3 Yrs,Not Disclosed,Mumbai,4.0,1016  Reviews,1 week ago,https://www.naukri.com/job-listings-senior-analyst-business-analytics-colgate-palmolive-india-mumbai-2-to-3-years-030626501093
MIS Analyst,Rapsys Tech Solutions,0-2 Yrs,Not Disclosed,"Mumbai, New Delhi, Bengaluru",N/A,N/A,3+ weeks ago,https://www.naukri.com/job-listings-mis-analyst-rapsys-tech-solutions-pvt-ltd-mumbai-new-delhi-bengaluru-0-to-2-years-020126501302
Senior Business Analyst,Sberbank,3-5 Yrs,Not Disclosed,Bengaluru,3.2,157  Reviews,3+ weeks ago,https://www.naukri.com/job-listings-senior-business-analyst-sberbank-bengaluru-3-to-5-years-300126505148
MIS Analyst,Rapsys Tech Solutions,0-2 Yrs,Not Disclosed,Bengaluru,N/A,N/A,3+ weeks ago,https://www.naukri.com/job-listings-mis-analyst-rapsys-tech-solutions-pvt-ltd-bengaluru-0-to-2-years-290126510520
Sr Business Analyst I,Legato,6-11 Yrs,Not Disclosed,Bengaluru,3.9,4299  Reviews,3+ weeks ago,https://www.naukri.com/job-listings-sr-business-analyst-i-legato-health-technologies-llp-bengaluru-6-to-11-years-230426501422
Senior Business Analyst,E Billing Solutions (EBS),8-13 Yrs,Not Disclosed,Bengaluru,4.1,10  Reviews,3+ weeks ago,https://www.naukri.com/job-listings-senior-business-analyst-e-billing-solutions-pvt-ltd-bengaluru-8-to-13-years-200525504287
Senior Business Analyst,Trianz,8-13 Yrs,Not Disclosed,Bengaluru,3.7,751  Reviews,3+ weeks ago,https://www.naukri.com/job-listings-senior-business-analyst-trianz-bengaluru-8-to-13-years-190526500358
Sr Business Analyst,Opteamix,4-7 Yrs,Not Disclosed,Bengaluru,4.0,95  Reviews,3+ weeks ago,https://www.naukri.com/job-listings-sr-business-analyst-opteamix-bengaluru-4-to-7-years-150526501004
Senior Technology Business Management Analyst,Ralph Lauren,6-8 Yrs,Not Disclosed,Bengaluru,3.9,81  Reviews,3+ weeks ago,https://www.naukri.com/job-listings-senior-technology-business-management-analyst-ralph-lauren-bengaluru-6-to-8-years-150426501477
Senior Business Analyst - (E commerce),Omni Reach,5-10 Yrs,Not Disclosed,Bengaluru,4.7,8  Reviews,3+ weeks ago,https://www.naukri.com/job-listings-senior-business-analyst-e-commerce-omnireach-bengaluru-5-to-10-years-070126503920
Sr Business Analyst,E4 Softwares,1-4 Yrs,Not Disclosed,Bengaluru,3.7,14  Reviews,3+ weeks ago,https://www.naukri.com/job-listings-sr-business-analyst-e4-softwares-bengaluru-1-to-4-years-060825501864
SENIOR BUSINESS ANALYST - Insurance,Happiest Minds Technologies,6-8 Yrs,Not Disclosed,Bengaluru,3.4,1467  Reviews,3+ weeks ago,https://www.naukri.com/job-listings-senior-business-analyst-insurance-happiest-minds-technologies-pvt-ltd-bengaluru-6-to-8-years-060526503222
Business Analyst - Business Analysis -,Photon,5-7 Yrs,Not Disclosed,"Kolkata, Mumbai, New Delhi, Hyderabad, Pune, Chennai, Bengaluru",4.0,2659  Reviews,3+ weeks ago,https://www.naukri.com/job-listings-business-analyst-business-analysis-photon-infotech-p-ltd-kolkata-mumbai-new-delhi-hyderabad-pune-chennai-bengaluru-5-to-7-years-200924500112
Amazon Hiring Finance Business Analyst - AR - Hyderabad,Amazon,4-9 Yrs,Not Disclosed,"Hyderabad, Pune",3.9,31893  Reviews,6 days ago,https://www.naukri.com/job-listings-amazon-hiring-finance-business-analyst-ar-hyderabad-amazon-hyderabad-pune-4-to-9-years-100626037532
Business Analyst | Offshore,Photon,1-8 Yrs,Not Disclosed,"Kolkata, Mumbai, New Delhi, Hyderabad, Pune, Chennai, Bengaluru",4.0,2659  Reviews,3+ weeks ago,https://www.naukri.com/job-listings-business-analyst-offshore-photon-infotech-p-ltd-kolkata-mumbai-new-delhi-hyderabad-pune-chennai-bengaluru-1-to-8-years-040225514878
Lead Business Analyst - Credit Risk,CGI,5-10 Yrs,Not Disclosed,Bengaluru,4.0,5499  Reviews,2 weeks ago,https://www.naukri.com/job-listings-lead-business-analyst-credit-risk-cgi-information-systems-and-management-consultants-bengaluru-5-to-10-years-290526910389
Tech Lead - Business Analyst(Product Owner),Yash Technologies,7-10 Yrs,Not Disclosed,Bengaluru,3.6,2044  Reviews,2 weeks ago,https://www.naukri.com/job-listings-tech-lead-business-analyst-product-owner-yash-technologies-bengaluru-7-to-10-years-280526502600
Functional Business Analyst,CGI,8-13 Yrs,Not Disclosed,Hybrid - Bengaluru,4.0,5499  Reviews,2 weeks ago,https://www.naukri.com/job-listings-functional-business-analyst-cgi-bengaluru-8-to-13-years-270526025502
Techno Functional Business Analyst,CGI,8-13 Yrs,Not Disclosed,Hybrid - Bengaluru,4.0,5499  Reviews,2 weeks ago,https://www.naukri.com/job-listings-techno-functional-business-analyst-cgi-bengaluru-8-to-13-years-270526019053
It Business Analyst,Tata Consultancy Services,3-6 Yrs,Not Disclosed,"Chennai, Mumbai (All Areas)",3.3,115896  Reviews,4 days ago,https://www.naukri.com/job-listings-it-business-analyst-tata-consultancy-services-chennai-mumbai-all-areas-3-to-6-years-250226037230
Business Analyst-techno Functional,CGI,8-12 Yrs,15-22.5 Lacs PA ,Bengaluru,4.0,5499  Reviews,3 weeks ago,https://www.naukri.com/job-listings-business-analyst-techno-functional-cgi-bengaluru-8-to-12-years-210526015782
Business Analyst functional,CGI,8-10 Yrs,15-22.5 Lacs PA ,Bengaluru,4.0,5499  Reviews,3 weeks ago,https://www.naukri.com/job-listings-business-analyst-functional-cgi-bengaluru-8-to-10-years-210526015584
Business Intelligence Analyst,Xoriant,5-10 Yrs,Not Disclosed,Mumbai,4.0,2345  Reviews,1 day ago,https://www.naukri.com/job-listings-business-intelligence-analyst-xoriant-mumbai-5-to-10-years-150626016876
Business Intelligence Analyst,Hitachi Energy,4-8 Yrs,Not Disclosed,Chennai,4.0,1075  Reviews,5 days ago,https://www.naukri.com/job-listings-business-intelligence-analyst-hitachi-energy-chennai-4-to-8-years-110626026812
Business Analyst,TP,1-2 Yrs,Not Disclosed,Gurugram,3.9,39209  Reviews,6 days ago,https://www.naukri.com/job-listings-business-analyst-teleperformance-global-business-private-limited-gurugram-1-to-2-years-100626928705
Business Analyst,Wipro,2-5 Yrs,Not Disclosed,Hyderabad,3.6,65870  Reviews,6 days ago,https://www.naukri.com/job-listings-business-analyst-wipro-hyderabad-2-to-5-years-100626014091
Business Analyst Manager,EY,8-13 Yrs,Not Disclosed,Chennai,3.4,14833  Reviews,1 week ago,https://www.naukri.com/job-listings-business-analyst-manager-ey-chennai-8-to-13-years-090626012848
PLM Business Analyst,Danfoss,5-10 Yrs,8-18 Lacs PA ,Chennai,3.8,649  Reviews,1 week ago,https://www.naukri.com/job-listings-plm-business-analyst-danfoss-chennai-5-to-10-years-090626009037
Business Analyst,OYO,2-5 Yrs,Not Disclosed,Gurugram,3.0,3943  Reviews,5 days ago,https://www.naukri.com/job-listings-business-analyst-oyo-gurugram-2-to-5-years-090426000381
Business Analyst- HR Shaeesta,Wipro,4-5 Yrs,Not Disclosed,Hyderabad,3.6,65870  Reviews,4 days ago,https://www.naukri.com/job-listings-business-analyst-hr-shaeesta-wipro-hyderabad-4-to-5-years-050226017747
Business Analyst |,Photon,12-17 Yrs,Not Disclosed,Bengaluru,4.0,2659  Reviews,3+ weeks ago,https://www.naukri.com/job-listings-business-analyst-photon-infotech-p-ltd-bengaluru-12-to-17-years-050226502963
AI - Business Intelligence Analyst,Bridgestone - Global Capability Center,2-6 Yrs,Not Disclosed,Bengaluru,4.0,693  Reviews,3+ weeks ago,https://www.naukri.com/job-listings-ai-business-intelligence-analyst-azuga-telematics-private-limited-bengaluru-2-to-6-years-030426502570
Business Analyst (QAD),Thermo Fisher Scientific,2-7 Yrs,Not Disclosed,Bengaluru,3.8,1075  Reviews,3+ weeks ago,https://www.naukri.com/job-listings-business-analyst-qad-thermo-fisher-scientific-india-pvt-ltd-bengaluru-2-to-7-years-010426504174
Power BI Data Engineer,eLabs Infotech,7-12 Yrs,Not Disclosed,"Hybrid - Pune, Bengaluru",N/A,N/A,3 weeks ago,https://www.naukri.com/job-listings-power-bi-data-engineer-elabs-infotech-pune-bengaluru-7-to-12-years-260526036048
Data Engineer,Comprinno Technologies,0-2 Yrs,Not Disclosed,Pune,3.8,34  Reviews,2 weeks ago,https://www.naukri.com/job-listings-data-engineer-comprinno-technologies-pvt-ltd-pune-0-to-2-years-290526507362
AI Data Engineer,Hewlett Packard Enterprise,4-5 Yrs,Not Disclosed,Bengaluru,4.0,4678  Reviews,2 weeks ago,https://www.naukri.com/job-listings-ai-data-engineer-hewlett-packard-enterprise-bengaluru-4-to-5-years-280526503255
Data Engineer,Accenture,15-20 Yrs,Not Disclosed,Bengaluru,3.7,74540  Reviews,3 weeks ago,https://www.naukri.com/job-listings-data-engineer-accenture-solutions-pvt-ltd-bengaluru-15-to-20-years-250526929869
Data Engineer,Accenture,2-4 Yrs,Not Disclosed,Bengaluru,3.7,74540  Reviews,3 weeks ago,https://www.naukri.com/job-listings-data-engineer-accenture-solutions-pvt-ltd-bengaluru-2-to-4-years-250526929791
Data Engineer,Accenture,6-8 Yrs,Not Disclosed,Bengaluru,3.7,74540  Reviews,3 weeks ago,https://www.naukri.com/job-listings-data-engineer-accenture-solutions-pvt-ltd-bengaluru-6-to-8-years-250526928669
Data Engineer,Accenture,3-8 Yrs,Not Disclosed,Chennai,3.7,74540  Reviews,1 day ago,https://www.naukri.com/job-listings-data-engineer-accenture-solutions-pvt-ltd-chennai-3-to-8-years-150626936644
Data Engineer,Accenture,2-4 Yrs,Not Disclosed,Navi Mumbai,3.7,74540  Reviews,1 day ago,https://www.naukri.com/job-listings-data-engineer-accenture-solutions-pvt-ltd-navi-mumbai-2-to-4-years-150626927447
Data Engineer,Accenture,2-4 Yrs,Not Disclosed,Navi Mumbai,3.7,74540  Reviews,1 day ago,https://www.naukri.com/job-listings-data-engineer-accenture-solutions-pvt-ltd-navi-mumbai-2-to-4-years-150626927442
Data Engineer,Technix India Solutions,0-2 Yrs,Not Disclosed,Patna,2.6,8  Reviews,3+ weeks ago,https://www.naukri.com/job-listings-data-engineer-technix-technology-patna-0-to-2-years-100424501082
Engineer - Data Engineering,SLK Software,5-11 Yrs,Not Disclosed,Bengaluru,3.2,1422  Reviews,2 weeks ago,https://www.naukri.com/job-listings-engineer-data-engineering-slk-software-services-private-limited-bengaluru-5-to-11-years-020626502885
Walk-In Any Fresher's/Expr-MIS Executive/Reporting/Operations/Analyst,IT Services and Consulting,N/A,2.75-4.5 Lacs PA ,N/A,N/A,N/A,2 weeks ago,https://www.naukri.com/job-listings-walk-in-any-fresher-s-expr-mis-executive-reporting-operations-analyst-wisdom-bridge-consultants-hosur-kadapa-tirupati-anantapur-krishnagiri-kuppam-sira-chittoor-bengaluru-0-to-5-years-010626023591
Walk-In Any Fresher's/Expr-MIS Executive/Reporting/Operations/Analyst,IT Services and Consulting,N/A,2.75-4.5 Lacs PA ,N/A,N/A,N/A,2 weeks ago,https://www.naukri.com/job-listings-walk-in-any-fresher-s-expr-mis-executive-reporting-operations-analyst-wisdom-bridge-consultants-nagamangala-malavalli-mandya-magadi-tumkur-mysuru-maddur-bengaluru-ramanagara-0-to-5-years-010626023369
Intern For Data and Analytics,Thomson Reuters,N/A,Unpaid ,Bengaluru,3.7,1922  Reviews,Starts in 1-3 months,https://www.naukri.com/job-listings-intern-for-data-and-analytics-thomson-reuters-india-pvt-ltd-bengaluru-0-to-1-years-160426505013
Data Entry Operator,G4S,0-3 Yrs,Not Disclosed,Bengaluru,4.0,2691  Reviews,3+ weeks ago,https://www.naukri.com/job-listings-data-entry-operator-g4s-corporate-services-india-pvt-ltd-bengaluru-0-to-3-years-150725500878
Enterprise Data Engineer,Multicloud4u Technologies,2-4 Yrs,Not Disclosed,Hyderabad,5.0,2  Reviews,5 days ago,https://www.naukri.com/job-listings-enterprise-data-engineer-multicloud4u-technologies-hyderabad-2-to-4-years-110626503731
I&F Decision Sci Practitioner Sr Analyst,Accenture,5-8 Yrs,Not Disclosed,Bengaluru,3.7,74540  Reviews,1 week ago,https://www.naukri.com/job-listings-i-f-decision-sci-practitioner-sr-analyst-accenture-solutions-pvt-ltd-bengaluru-5-to-8-years-090626930167
"Senior Analyst, Commercial Excellence",Schneider Electric India  Pvt. Ltd.,4-7 Yrs,Not Disclosed,Bengaluru,4.1,5267  Reviews,5 days ago,https://www.naukri.com/job-listings-senior-analyst-commercial-excellence-schneider-electric-india-pvt-ltd-bengaluru-4-to-7-years-110626504616
Senior Asset Accounting Analyst,Castrol,0-4 Yrs,Not Disclosed,Pune,4.3,539  Reviews,6 days ago,https://www.naukri.com/job-listings-senior-asset-accounting-analyst-castrol-india-limited-pune-0-to-4-years-100626505509
Product Analyst,Premium,0-2 Yrs,6-10 Lacs PA ,"Hybrid - Gurugram, Bengaluru",N/A,N/A,1 day ago,https://www.naukri.com/job-listings-product-analyst-gurugram-bengaluru-0-to-2-years-150626030210
Azure Synapse Analyst,Leading Client,10-15 Yrs,Not Disclosed,Hyderabad,N/A,N/A,2 weeks ago,https://www.naukri.com/job-listings-azure-synapse-analyst-ideslabs-private-limited-hyderabad-10-to-15-years-280526921354
Intern Knowledge Management Analyst,Celonis,N/A,Unpaid ,Bengaluru,3.2,16  Reviews,Starts in 1-3 months,https://www.naukri.com/job-listings-intern-knowledge-management-analyst-celonis-se-bengaluru-0-to-1-years-160626501389
Walk-in || Analyst,Corrival Corporate Services,N/A,2-2.75 Lacs PA ,N/A,N/A,N/A,Today,https://www.naukri.com/job-listings-analyst-corrival-corporate-services-bengaluru-0-to-1-years-160626010299
Copywriting Analyst,Accenture,3-5 Yrs,Not Disclosed,Mumbai,3.7,74540  Reviews,1 week ago,https://www.naukri.com/job-listings-copywriting-analyst-accenture-solutions-pvt-ltd-mumbai-3-to-5-years-080626920722
Trainee Analyst,TeamLease,0-1 Yrs,1.75-2.25 Lacs PA ,Bengaluru,N/A,N/A,1 week ago,https://www.naukri.com/job-listings-trainee-analyst-teamlease-bengaluru-0-to-1-years-080526020694
ESG Analyst,Ohara IT Solutions,2-6 Yrs,5-14 Lacs PA ,Mumbai,N/A,N/A,1 week ago,https://www.naukri.com/job-listings-esg-analyst-ohara-it-solutions-mumbai-2-to-6-years-040626022468
Financial Planning Analyst,Capgemini,0-2 Yrs,Not Disclosed,Hybrid - Pune,3.6,54214  Reviews,2 weeks ago,https://www.naukri.com/job-listings-financial-planning-analyst-capgemini-pune-0-to-2-years-020626008089
Fund Servicing Analyst,JPMorgan Chase Bank,0-5 Yrs,Not Disclosed,Hyderabad,3.8,7940  Reviews,2 weeks ago,https://www.naukri.com/job-listings-fund-servicing-analyst-jp-morgan-and-chase-hyderabad-0-to-5-years-020626501569
Data Analyst,Seven Sea Strategies,3-6 Yrs,Not Disclosed,Hybrid - Gurugram,N/A,N/A,3 weeks ago,https://www.naukri.com/job-listings-data-analyst-seven-sea-strategies-gurugram-3-to-6-years-200526043750
Senior Data Scientist,Wipro,6-11 Yrs,12-22 Lacs PA ,"Hybrid - Hyderabad, Pune, Bengaluru",3.6,65870  Reviews,2 weeks ago,https://www.naukri.com/job-listings-senior-data-scientist-wipro-hyderabad-pune-bengaluru-6-to-11-years-280526032021
SR DATA SCIENTIST,TE Connectivity,5-10 Yrs,Not Disclosed,Bengaluru,4.1,1357  Reviews,3 weeks ago,https://www.naukri.com/job-listings-sr-data-scientist-te-connectivity-india-private-limited-bengaluru-5-to-10-years-200526937499
Senior Data Scientist,Optum,4-9 Yrs,Not Disclosed,Pune,4.0,8091  Reviews,Today,https://www.naukri.com/job-listings-senior-data-scientist-optum-global-solutions-india-private-limited-pune-4-to-9-years-160626917048
Senior Data Scientist,Optum,6-11 Yrs,Not Disclosed,Hyderabad,4.0,8091  Reviews,Today,https://www.naukri.com/job-listings-senior-data-scientist-optum-global-solutions-india-private-limited-hyderabad-6-to-11-years-160626916997
Senior Data Scientist/ Data Scientist,Fractal Analytics,5-10 Yrs,Not Disclosed,"Mumbai, Pune, Chennai, Gurugram, Bengaluru",4.0,1065  Reviews,3+ weeks ago,https://www.naukri.com/job-listings-senior-data-scientist-data-scientist-fractal-analytics-ltd-mumbai-pune-chennai-gurugram-bengaluru-5-to-10-years-060225508191
Sr Data Scientist,Cisco,4-9 Yrs,Not Disclosed,Bengaluru,4.1,2245  Reviews,3+ weeks ago,https://www.naukri.com/job-listings-sr-data-scientist-cisco-bengaluru-4-to-9-years-030326502709
Senior DATA SCIENTIST,TE Connectivity,2-7 Yrs,Not Disclosed,Bengaluru,4.1,1357  Reviews,3 weeks ago,https://www.naukri.com/job-listings-senior-data-scientist-te-connectivity-india-private-limited-bengaluru-2-to-7-years-200526937698
Senior Data Scientist,Thomson Reuters,6-11 Yrs,Not Disclosed,Bengaluru,3.7,1922  Reviews,3+ weeks ago,https://www.naukri.com/job-listings-senior-data-scientist-thomson-reuters-india-pvt-ltd-bengaluru-6-to-11-years-180526503175
Senior Data Scientist,Caterpillar Inc,7-10 Yrs,Not Disclosed,Bengaluru,4.1,1708  Reviews,Few hours ago,https://www.naukri.com/job-listings-senior-data-scientist-caterpillar-brazil-bengaluru-7-to-10-years-160626502079
Data Scientist - Senior,Cummins,7-8 Yrs,Not Disclosed,Pune,4.3,4055  Reviews,Today,https://www.naukri.com/job-listings-data-scientist-senior-cummins-inc-pune-7-to-8-years-160626501218
Senior Data Scientist,Ecolab Global Services,6-8 Yrs,Not Disclosed,Bengaluru,3.4,234  Reviews,1 day ago,https://www.naukri.com/job-listings-senior-data-scientist-ecolab-global-services-private-limited-bengaluru-6-to-8-years-150626938358
Walk-in || Senior Data Scientist,Lloyds Technology Centre,N/A,Not Disclosed,N/A,3.5,268  Reviews,1 day ago,https://www.naukri.com/job-listings-senior-data-scientist-lloyds-technology-centre-hyderabad-8-to-13-years-150626011257
Senior Data Scientist,Swiggy,6-9 Yrs,Not Disclosed,Bengaluru,3.7,5738  Reviews,3+ weeks ago,https://www.naukri.com/job-listings-senior-data-scientist-swiggy-bengaluru-6-to-9-years-060526504049
Executive - MIS,Securens Systems,0-4 Yrs,Not Disclosed,Chennai,3.9,246  Reviews,3+ weeks ago,https://www.naukri.com/job-listings-executive-mis-securens-systems-pvt-ltd-chennai-0-to-4-years-050226503410
Senior Data Scientist,Lumen Technologies,3-8 Yrs,Not Disclosed,Hybrid - Bengaluru,3.9,847  Reviews,1 week ago,https://www.naukri.com/job-listings-senior-data-scientist-lumen-technologies-bengaluru-3-to-8-years-040626018426
Senior Data Scientist,Hewlett Packard Enterprise,4-10 Yrs,Not Disclosed,Bengaluru,4.0,4678  Reviews,3+ weeks ago,https://www.naukri.com/job-listings-senior-data-scientist-hewlett-packard-enterprise-bengaluru-4-to-10-years-290126505231
Data Scientist Senior Associate,JPMorgan Chase Bank,7-12 Yrs,Not Disclosed,Bengaluru,3.8,7940  Reviews,3+ weeks ago,https://www.naukri.com/job-listings-data-scientist-senior-associate-jp-morgan-and-chase-bengaluru-7-to-12-years-220426501050
Senior Data Scientist,AtkinsRéalis,8-13 Yrs,Not Disclosed,Bengaluru,3.7,1411  Reviews,3+ weeks ago,https://www.naukri.com/job-listings-senior-data-scientist-atkins-global-bengaluru-8-to-13-years-211125503371
Data Engineer,Business Brio,3-5 Yrs,Not Disclosed,Kolkata,4.0,2  Reviews,3+ weeks ago,https://www.naukri.com/job-listings-data-engineer-business-brio-kolkata-3-to-5-years-171224501671
Business Intelligence/Data Analytics Specialist,Lonza,0-4 Yrs,Not Disclosed,Hyderabad,3.8,38  Reviews,3+ weeks ago,https://www.naukri.com/job-listings-business-intelligence-data-analytics-specialist-lonza-india-pvt-ltd-hyderabad-0-to-4-years-170426501197
Senior Data Scientist,Fractal Analytics,5-11 Yrs,Not Disclosed,Bengaluru,4.0,1065  Reviews,3+ weeks ago,https://www.naukri.com/job-listings-senior-data-scientist-fractal-analytics-ltd-bengaluru-5-to-11-years-150526505197
Risk Consulting - Protect Tech - Senior - Data Scientist,EY,2-7 Yrs,Not Disclosed,Bengaluru,3.4,14833  Reviews,3+ weeks ago,https://www.naukri.com/job-listings-risk-consulting-protect-tech-senior-data-scientist-ernst-young-bengaluru-2-to-7-years-150126504324
Data Analytics (People and Business) Intern,Hcds Technologies,N/A,Unpaid ,Gurugram,2.9,10  Reviews,Starts in 1-3 months,https://www.naukri.com/job-listings-data-analytics-people-and-business-intern-hcds-technologies-gurugram-0-to-1-years-130326504331
Senior Data Scientist,Shell Pvt Ltd,8-10 Yrs,Not Disclosed,Bengaluru,3.9,2770  Reviews,3+ weeks ago,https://www.naukri.com/job-listings-senior-data-scientist-shell-pvt-ltd-bengaluru-8-to-10-years-120226500328
Data Scientist / Sr. Data Scientist GenAI & Agentic Systems,Fractal Analytics,4-10 Yrs,Not Disclosed,Bengaluru,4.0,1065  Reviews,3+ weeks ago,https://www.naukri.com/job-listings-data-scientist-sr-data-scientist-genai-agentic-systems-fractal-analytics-ltd-bengaluru-4-to-10-years-110526505033
"Senior Data Scientist, Product, Android App Safety",Google,8-13 Yrs,Not Disclosed,Bengaluru,4.4,1916  Reviews,3+ weeks ago,https://www.naukri.com/job-listings-senior-data-scientist-product-android-app-safety-google-india-private-limited-bengaluru-8-to-13-years-090725503798
"Senior Data Scientist Product, Google One and Photos",Google,8-13 Yrs,Not Disclosed,Bengaluru,4.4,1916  Reviews,3+ weeks ago,https://www.naukri.com/job-listings-senior-data-scientist-product-google-one-and-photos-google-india-private-limited-bengaluru-8-to-13-years-090725503797
Data Scientist,Jabil Circuit India,2-7 Yrs,Not Disclosed,Pune,4.0,1124  Reviews,3+ weeks ago,https://www.naukri.com/job-listings-data-scientist-jabil-circuit-pune-2-to-7-years-300426503321
Sr Business Analyst,Smith & Nephew,5-8 Yrs,Not Disclosed,Pune,3.6,5  Reviews,3 weeks ago,https://www.naukri.com/job-listings-sr-business-analyst-smith-nephew-pune-5-to-8-years-220526503081
Sr Business Analyst (Supply Chain),Smith & Nephew,5-8 Yrs,Not Disclosed,Pune,3.6,5  Reviews,3 weeks ago,https://www.naukri.com/job-listings-sr-business-analyst-supply-chain-smith-nephew-pune-5-to-8-years-220526502769
Sr Business Analyst (Finance),Smith & Nephew,5-8 Yrs,Not Disclosed,Pune,3.6,5  Reviews,3 weeks ago,https://www.naukri.com/job-listings-sr-business-analyst-finance-smith-nephew-pune-5-to-8-years-220526501009
Data Scientist,WM UNIVERSAL SOLUTIONS PRIVATE LIMITED,4-6 Yrs,Not Disclosed,Gurugram,3.7,491  Reviews,6 days ago,https://www.naukri.com/job-listings-data-scientist-wm-universal-solutions-private-limited-gurugram-4-to-6-years-100626500998
Data Scientist,WM UNIVERSAL SOLUTIONS PRIVATE LIMITED,4-6 Yrs,Not Disclosed,Faridabad,3.7,491  Reviews,6 days ago,https://www.naukri.com/job-listings-data-scientist-wm-universal-solutions-private-limited-faridabad-4-to-6-years-100626500997
Data Scientist,Clickpost,4-6 Yrs,Not Disclosed,Bengaluru,2.1,22  Reviews,1 week ago,https://www.naukri.com/job-listings-data-scientist-clickpost-bengaluru-4-to-6-years-050626500145
Senior Business Systems Analyst,Zscaler LATAM,6-11 Yrs,Not Disclosed,Mohali,3.3,451  Reviews,6 days ago,https://www.naukri.com/job-listings-senior-business-systems-analyst-zscaler-latam-mohali-6-to-11-years-010626503949
Golden Source Sr. Business Analyst Capital Markets - Mumbai prefer,TGP Growth Partners,13-17 Yrs,Not Disclosed,"Pune, Bengaluru, Mumbai (All Areas)",N/A,N/A,2 weeks ago,https://www.naukri.com/job-listings-golden-source-sr-business-analyst-capital-markets-mumbai-prefer-tgp-growth-partners-llp-pune-bengaluru-mumbai-all-areas-13-to-17-years-280526028913
Sr Business Analyst,Bharti AXA General Insurance,3-8 Yrs,Not Disclosed,Chennai,3.6,2268  Reviews,2 weeks ago,https://www.naukri.com/job-listings-sr-business-analyst-bharti-axa-general-insurance-chennai-3-to-8-years-270526505299
Data Scientist,Photon,3-5 Yrs,Not Disclosed,Pune,4.0,2659  Reviews,3+ weeks ago,https://www.naukri.com/job-listings-data-scientist-photon-infotech-p-ltd-pune-3-to-5-years-210225503305
Senior Business Analyst / Business Analyst,V2 Retail,15-18 Yrs,Not Disclosed,Gurugram,3.3,1114  Reviews,3+ weeks ago,https://www.naukri.com/job-listings-senior-business-analyst-business-analyst-v2-retail-gurugram-15-to-18-years-190126502848
Senior Business Analyst ( Chemical Procurement),Ecolab Global Services,6-11 Yrs,Not Disclosed,Pune,3.4,234  Reviews,3+ weeks ago,https://www.naukri.com/job-listings-senior-business-analyst-chemical-procurement-ecolab-global-services-private-limited-pune-6-to-11-years-180526925561
Senior Business Analyst: Capital Markets experience,Luxoft,8-13 Yrs,Not Disclosed,Hyderabad,3.6,843  Reviews,4 days ago,https://www.naukri.com/job-listings-senior-business-analyst-capital-markets-experience-luxoft-india-llp-hyderabad-8-to-13-years-120626918710
Sr . Business Analyst,Serpent Consulting Services,3-6 Yrs,Not Disclosed,Gandhinagar,4.8,13  Reviews,4 days ago,https://www.naukri.com/job-listings-sr-business-analyst-serpent-consulting-services-gandhinagar-3-to-6-years-120626500445
"Senior Business Analyst, Actimize",NiCE,4-7 Yrs,Not Disclosed,Hybrid - Pune,3.6,656  Reviews,4 days ago,https://www.naukri.com/job-listings-senior-business-analyst-actimize-nice-pune-4-to-7-years-120626015627
Sr. Business Operations Analyst - Client Services,ModMed Technologies India Private Limited,5-10 Yrs,Not Disclosed,Hyderabad,2.7,40  Reviews,5 days ago,https://www.naukri.com/job-listings-sr-business-operations-analyst-client-services-modmed-hyderabad-5-to-10-years-110626503376
Sr . Business Analyst,Serpent Consulting Services,3-6 Yrs,Not Disclosed,Ahmedabad,4.8,13  Reviews,5 days ago,https://www.naukri.com/job-listings-sr-business-analyst-serpent-consulting-services-ahmedabad-3-to-6-years-110626503039
Business Intelligence & Reporting Analyst Senior Process Associate,Top MNC,3-8 Yrs,4-8 Lacs PA ,Chennai,N/A,N/A,6 days ago,https://www.naukri.com/job-listings-business-intelligence-reporting-analyst-senior-process-associate-navayuga-consultancy-chennai-3-to-8-years-100626032550
Senior Business Analyst,Shriram Wealth,12-15 Yrs,Not Disclosed,Mumbai,3.4,14  Reviews,1 week ago,https://www.naukri.com/job-listings-senior-business-analyst-shriram-wealth-mumbai-12-to-15-years-090626500623
CEO Office  Senior Business Intelligence & Performance Analyst,1Source Global,2-6 Yrs,Not Disclosed,Hybrid - Pallavaram,N/A,N/A,1 week ago,https://www.naukri.com/job-listings-ceo-office-senior-business-intelligence-performance-analyst-southern-cross-group-pallavaram-2-to-6-years-090626027392
Data Scientist,PayU,0-3 Yrs,Not Disclosed,Gurugram,3.3,587  Reviews,3+ weeks ago,https://www.naukri.com/job-listings-data-scientist-payu-india-gurugram-0-to-3-years-300326502718
Senior Business Analyst,Decimal Point Analytics,2-4 Yrs,Not Disclosed,Gurugram,2.7,331  Reviews,3+ weeks ago,https://www.naukri.com/job-listings-senior-business-analyst-decision-point-analytics-gurugram-2-to-4-years-060624500819
Senior Business Analyst/BAPM,Barclays,4-13 Yrs,Not Disclosed,Pune,3.8,1165  Reviews,3+ weeks ago,https://www.naukri.com/job-listings-senior-business-analyst-bapm-barclays-shared-services-pune-4-to-13-years-030426504641
Business Analyst Servigistics,Tech Mahindra,3-8 Yrs,3-8 Lacs PA ,"Hybrid - Hyderabad, Pune, Chennai",3.3,43873  Reviews,1 week ago,https://www.naukri.com/job-listings-business-analyst-servigistics-tech-mahindra-hyderabad-pune-chennai-3-to-8-years-100426011863
Business Analyst Capital Markets,A Client of Anlage,4-8 Yrs,Not Disclosed,"Mumbai, Bengaluru",N/A,N/A,Today,https://www.naukri.com/job-listings-business-analyst-capital-markets-anlage-infotech-mumbai-bengaluru-4-to-8-years-180526002192
Business Analyst (Content & Document Management / Infra),Gainwell Technologies,9-14 Yrs,Not Disclosed,Remote,4.2,193  Reviews,Few hours ago,https://www.naukri.com/job-listings-business-analyst-content-document-management-infra-gainwell-technologies-bengaluru-9-to-14-years-160626031147
Business Analyst,Akal Information Systems,2-7 Yrs,Not Disclosed,"Pune, Bengaluru, Delhi / NCR",N/A,N/A,Today,https://www.naukri.com/job-listings-business-analyst-akal-information-systems-pune-bengaluru-delhi-ncr-2-to-7-years-160626020016
Senior Specialist - Data Sciences,LTM,7-12 Yrs,Not Disclosed,Bengaluru,3.6,26816  Reviews,1 day ago,https://www.naukri.com/job-listings-senior-specialist-data-sciences-mindtree-limited-bengaluru-7-to-12-years-150626501288
Business Analyst- Lending Merchant Team,Paytm,4-6 Yrs,Not Disclosed,Noida,3.2,9456  Reviews,1 week ago,https://www.naukri.com/job-listings-business-analyst-lending-merchant-team-one97-communications-limited-noida-4-to-6-years-080626933447
Business Analyst,Synechron,7-12 Yrs,Not Disclosed,"Pune, Chennai",3.4,3794  Reviews,1 week ago,https://www.naukri.com/job-listings-business-analyst-synechron-technologies-pvt-ltd-pune-chennai-7-to-12-years-080626914013
Business Analyst,ti Steps,3-5 Yrs,7-15 Lacs PA ,"Hyderabad, Chennai, Bengaluru",3.9,18  Reviews,Today,https://www.naukri.com/job-listings-business-analyst-ti-steps-hyderabad-chennai-bengaluru-3-to-5-years-270525023776
Business Analyst Manager- Imm Joiner,Wipro,5-10 Yrs,Not Disclosed,Hyderabad,3.6,65870  Reviews,1 week ago,https://www.naukri.com/job-listings-business-analyst-manager-imm-joiner-wipro-hyderabad-5-to-10-years-200426005737
"Business Analyst (SQL, Prepaid Card, Payment)",FIS,10-15 Yrs,Not Disclosed,"Chennai, Bengaluru",3.8,6643  Reviews,Few hours ago,https://www.naukri.com/job-listings-business-analyst-sql-prepaid-card-fis-global-business-solutions-india-pvt-ltd-chennai-bengaluru-10-to-15-years-160626928190
Business Analyst ADM (Supply Chain),Vrinda International,7-12 Yrs,Not Disclosed,Bengaluru,N/A,N/A,Today,https://www.naukri.com/job-listings-business-analyst-adm-supply-chain-vrinda-international-bengaluru-7-to-12-years-160626501261
Business Systems Analyst,NetApp,8-12 Yrs,Not Disclosed,Bengaluru,3.6,453  Reviews,Just now,https://www.naukri.com/job-listings-business-systems-analyst-netapp-bengaluru-8-to-12-years-160626033216
Business Analyst (Content & Document Management),Gainwell Technologies,9-14 Yrs,23-27 Lacs PA ,"Chennai, Bengaluru",4.2,193  Reviews,Few hours ago,https://www.naukri.com/job-listings-business-analyst-content-document-management-gainwell-technologies-chennai-bengaluru-9-to-14-years-160626030224
Business Analyst - Content & Document Management (Infra),Gainwell Technologies,10-14 Yrs,Not Disclosed,Remote,4.2,193  Reviews,Today,https://www.naukri.com/job-listings-business-analyst-content-document-management-infra-gainwell-technologies-bengaluru-10-to-14-years-160626023712
Sr Data Governance Consultant,Infosys,9-14 Yrs,Not Disclosed,Bengaluru,3.5,49475  Reviews,1 day ago,https://www.naukri.com/job-listings-sr-data-governance-consultant-infosys-limited-bengaluru-9-to-14-years-150626937733
Senior Data Science Engineer,Creative Synergies,5-7 Yrs,Not Disclosed,Hybrid - Bengaluru(Whitefield),3.9,792  Reviews,1 day ago,https://www.naukri.com/job-listings-senior-data-science-engineer-creative-synergies-bengaluru-5-to-7-years-150626017974
Business Analyst,ti Steps,3-5 Yrs,4-6 Lacs PA ,"Hyderabad, Chennai, Bengaluru",3.9,18  Reviews,Today,https://www.naukri.com/job-listings-business-analyst-ti-steps-hyderabad-chennai-bengaluru-3-to-5-years-110925012825
Lead Business Analyst -Product Owner (Loan Origination),CGI,8-13 Yrs,Not Disclosed,Hyderabad,4.0,5499  Reviews,5 days ago,https://www.naukri.com/job-listings-lead-business-analyst-product-owner-loan-origination-cgi-information-systems-and-management-consultants-hyderabad-8-to-13-years-110626923042
Lead - Business Analyst,Iris Software,4-7 Yrs,Not Disclosed,Noida,3.7,1916  Reviews,6 days ago,https://www.naukri.com/job-listings-lead-business-analyst-iris-software-technologies-private-limited-noida-4-to-7-years-100626930568
Business Analyst,Paytm,4-8 Yrs,Not Disclosed,Noida,3.2,9456  Reviews,1 week ago,https://www.naukri.com/job-listings-business-analyst-one97-communications-limited-noida-4-to-8-years-080626933485
Business Analyst,Accenture,15-25 Yrs,Not Disclosed,Pune,3.7,74540  Reviews,1 week ago,https://www.naukri.com/job-listings-business-analyst-accenture-solutions-pvt-ltd-pune-15-to-25-years-080626924258
Business Analyst,Accenture,1-4 Yrs,Not Disclosed,Mumbai,3.7,74540  Reviews,1 week ago,https://www.naukri.com/job-listings-business-analyst-accenture-solutions-pvt-ltd-mumbai-1-to-4-years-080626921564
Business Advisory Analyst,Accenture,3-5 Yrs,Not Disclosed,Navi Mumbai,3.7,74540  Reviews,1 week ago,https://www.naukri.com/job-listings-business-advisory-analyst-accenture-solutions-pvt-ltd-navi-mumbai-3-to-5-years-080626916609
Business Analyst,Synechron,2-5 Yrs,Not Disclosed,Chennai,3.4,3794  Reviews,1 week ago,https://www.naukri.com/job-listings-business-analyst-synechron-technologies-pvt-ltd-chennai-2-to-5-years-080626912530
Business Analyst,ADP Private Limited,2-4 Yrs,Not Disclosed,Hybrid - Pune,3.8,3896  Reviews,6 days ago,https://www.naukri.com/job-listings-business-analyst-adp-private-limited-pune-2-to-4-years-080626005239
Team Lead-Business System Analyst,Ameriprise Financial,7-12 Yrs,Not Disclosed,"Hybrid - Noida, Gurugram, Delhi / NCR",3.6,132  Reviews,1 week ago,https://www.naukri.com/job-listings-team-lead-business-system-analyst-ameriprise-financial-noida-gurugram-delhi-ncr-7-to-12-years-050626017033
Business Intelligence Analyst I,TP,1-4 Yrs,Not Disclosed,Noida,3.9,39209  Reviews,1 week ago,https://www.naukri.com/job-listings-business-intelligence-analyst-i-teleperformance-global-business-private-limited-noida-1-to-4-years-030626923708
Business Finance Analyst,Deutsche Bank,1-2 Yrs,Not Disclosed,Mumbai,3.8,4549  Reviews,2 weeks ago,https://www.naukri.com/job-listings-business-finance-analyst-deutsche-bank-mumbai-1-to-2-years-020626500178
Business Analyst / Business Intelligence,Gokaldas Exports,3-6 Yrs,Not Disclosed,Bengaluru(Yeshwanthpur Industrial Area),3.9,463  Reviews,2 weeks ago,https://www.naukri.com/job-listings-business-analyst-business-intelligence-gokaldas-exports-bengaluru-3-to-6-years-020626011949
Business Analyst Lead,DMart,14-24 Yrs,20-35 Lacs PA ,Thane,3.9,6254  Reviews,1 week ago,https://www.naukri.com/job-listings-business-analyst-lead-dmart-thane-14-to-24-years-230525030307
Business Analyst- HR Shaeesta,Wipro,2-5 Yrs,Not Disclosed,Hyderabad,3.6,65870  Reviews,1 week ago,https://www.naukri.com/job-listings-business-analyst-hr-shaeesta-wipro-hyderabad-2-to-5-years-050626019618
SPARK Data Onboarding Engineer,Photon,5-10 Yrs,Not Disclosed,"Kolkata, Mumbai, New Delhi, Hyderabad, Pune, Chennai, Bengaluru",4.0,2659  Reviews,3+ weeks ago,https://www.naukri.com/job-listings-spark-data-onboarding-engineer-photon-infotech-p-ltd-kolkata-mumbai-new-delhi-hyderabad-pune-chennai-bengaluru-5-to-10-years-130125505812
Data Entry operator vacancies in MNC Pharma,Adecco Group,0-5 Yrs,2.75-4 Lacs PA ,Bengaluru(Virgonagar +3),N/A,N/A,1 week ago,https://www.naukri.com/job-listings-data-entry-operator-vacancies-in-mnc-pharma-adecco-india-bengaluru-0-to-5-years-210526026899
Walk-In Any Fresher's/Expr-MIS Executive/Reporting/Operations/Analyst,IT Services and Consulting,N/A,2.75-4.5 Lacs PA ,N/A,N/A,N/A,1 day ago,https://www.naukri.com/job-listings-walk-in-any-fresher-s-expr-mis-executive-reporting-operations-analyst-wisdom-bridge-consultants-gudibanda-chitradurga-bagepalli-chintamani-sidlaghatta-gauribidanur-chikkaballapura-hiriyur-chamarajanagar-0-to-5-years-150626019823
Data Operator,TP,0-3 Yrs,Not Disclosed,"Mumbai, Thane",3.9,39209  Reviews,6 days ago,https://www.naukri.com/job-listings-data-operator-teleperformance-global-business-private-limited-mumbai-thane-0-to-3-years-100626928583
Engineer - Data Engineering,Altimetrik,5-11 Yrs,Not Disclosed,Bengaluru,3.5,1461  Reviews,3 weeks ago,https://www.naukri.com/job-listings-engineer-data-engineering-altimetrik-corp-bengaluru-5-to-11-years-210526502695
Senior Analyst,Accenture,3-7 Yrs,8-20 Lacs PA ,"Mumbai, New Delhi, Bengaluru",3.7,74540  Reviews,2 weeks ago,https://www.naukri.com/job-listings-senior-analyst-accenture-mumbai-new-delhi-bengaluru-3-to-7-years-020626008413
I&F Decision Sci Practitioner Sr Analyst,Accenture,5-8 Yrs,Not Disclosed,Bengaluru,3.7,74540  Reviews,1 week ago,https://www.naukri.com/job-listings-i-f-decision-sci-practitioner-sr-analyst-accenture-solutions-pvt-ltd-bengaluru-5-to-8-years-080626932070
Record To Report Ops Senior Analyst,Accenture,5-8 Yrs,Not Disclosed,Bengaluru,3.7,74540  Reviews,1 week ago,https://www.naukri.com/job-listings-record-to-report-ops-senior-analyst-accenture-solutions-pvt-ltd-bengaluru-5-to-8-years-080626930500
AI/ML Computational Science Sr Analyst,Accenture,5-8 Yrs,Not Disclosed,Bengaluru,3.7,74540  Reviews,1 week ago,https://www.naukri.com/job-listings-ai-ml-computational-science-sr-analyst-accenture-solutions-pvt-ltd-bengaluru-5-to-8-years-080626929877
Financial Plan & Analysis Senior Analyst,Accenture,5-8 Yrs,Not Disclosed,Bengaluru,3.7,74540  Reviews,1 week ago,https://www.naukri.com/job-listings-financial-plan-analysis-senior-analyst-accenture-solutions-pvt-ltd-bengaluru-5-to-8-years-080626927100
Senior Pricing Analyst,Conduent,3-6 Yrs,Not Disclosed,Bengaluru,3.4,3335  Reviews,1 week ago,https://www.naukri.com/job-listings-senior-pricing-analyst-conduent-business-services-india-llp-bengaluru-3-to-6-years-080626914122
Sales Operations Senior Analyst,Accenture,5-8 Yrs,Not Disclosed,Bengaluru,3.7,74540  Reviews,1 week ago,https://www.naukri.com/job-listings-sales-operations-senior-analyst-accenture-solutions-pvt-ltd-bengaluru-5-to-8-years-040626930517
AWS Mid Market Operations Analyst - Global (Senior Analyst),Accenture,3-8 Yrs,Not Disclosed,Bengaluru,3.7,74540  Reviews,1 week ago,https://www.naukri.com/job-listings-aws-mid-market-operations-analyst-global-senior-analyst-accenture-solutions-pvt-ltd-bengaluru-3-to-8-years-040626920544
Senior Financial Analyst,Hewlett Packard Enterprise,6-11 Yrs,Not Disclosed,Bengaluru,4.0,4678  Reviews,1 week ago,https://www.naukri.com/job-listings-senior-financial-analyst-hewlett-packard-enterprise-bengaluru-6-to-11-years-040626503251
Senior Tax Analyst,Hewlett Packard Enterprise,3-4 Yrs,Not Disclosed,Bengaluru,4.0,4678  Reviews,2 weeks ago,https://www.naukri.com/job-listings-senior-tax-analyst-hewlett-packard-enterprise-bengaluru-3-to-4-years-020626500319
Sr Analyst I Infrastructure Services,DXC Technology,5-10 Yrs,Not Disclosed,Bengaluru,3.6,12153  Reviews,2 weeks ago,https://www.naukri.com/job-listings-sr-analyst-i-infrastructure-services-dxc-technology-bengaluru-5-to-10-years-020626500222
Engineering Services Senior Analyst,Accenture,5-8 Yrs,Not Disclosed,Bengaluru,3.7,74540  Reviews,2 weeks ago,https://www.naukri.com/job-listings-engineering-services-senior-analyst-accenture-solutions-pvt-ltd-bengaluru-5-to-8-years-010626919070
"Sr Analyst, International Tax",Expedia,3-5 Yrs,Not Disclosed,Bengaluru,3.6,385  Reviews,2 weeks ago,https://www.naukri.com/job-listings-sr-analyst-international-tax-expedia-group-bengaluru-3-to-5-years-010626505307
Senior Analyst,Evalueserve,2-5 Yrs,Not Disclosed,Bengaluru,3.0,1525  Reviews,2 weeks ago,https://www.naukri.com/job-listings-senior-analyst-evalueserve-bengaluru-2-to-5-years-010626003342
"A&C Senior Analyst, Castrol",Castrol,12-15 Yrs,Not Disclosed,Pune,4.3,539  Reviews,1 week ago,https://www.naukri.com/job-listings-a-c-senior-analyst-castrol-castrol-india-limited-pune-12-to-15-years-080626502431
MT - Hyperpersonalization - Analyst,Accenture,1-6 Yrs,Not Disclosed,Gurugram,3.7,74540  Reviews,3 weeks ago,https://www.naukri.com/job-listings-mt-hyperpersonalization-analyst-accenture-solutions-pvt-ltd-gurugram-1-to-6-years-250526929944
Analyst,EY,2-7 Yrs,Not Disclosed,Mumbai,3.4,14833  Reviews,3 weeks ago,https://www.naukri.com/job-listings-analyst-ernst-young-mumbai-2-to-7-years-250526502761
Analyst,EY,4-9 Yrs,Not Disclosed,Gurugram,3.4,14833  Reviews,3 weeks ago,https://www.naukri.com/job-listings-analyst-ernst-young-gurugram-4-to-9-years-250526502759
Analyst,eClerx,0-4 Yrs,Not Disclosed,Mumbai,3.1,6420  Reviews,3+ weeks ago,https://www.naukri.com/job-listings-analyst-eclerx-services-ltd-mumbai-0-to-4-years-200426500523
Sales Operations Analyst (Freelancer),Deccan Ai,0-5 Yrs,Not Disclosed,Remote,3.0,16  Reviews,Today,https://www.naukri.com/job-listings-sales-operations-analyst-freelancer-deccan-ai-bengaluru-0-to-5-years-160626020117
Analyst-AA,Mindshare,1-6 Yrs,Not Disclosed,Bengaluru,3.5,78  Reviews,6 days ago,https://www.naukri.com/job-listings-analyst-aa-mindshare-india-pvt-ltd-bengaluru-1-to-6-years-100626506523
Venture Strategy & Research Analyst Intern,Yasham Academy Com,N/A,Unpaid ,Akola,N/A,N/A,Starts in 1-3 months,https://www.naukri.com/job-listings-venture-strategy-research-analyst-intern-yasham-academy-akola-0-to-1-years-270126506180
Wholesale Credit Portfolio Analytics - Analyst,JPMorgan Chase Bank,0-2 Yrs,Not Disclosed,Mumbai,3.8,7940  Reviews,3+ weeks ago,https://www.naukri.com/job-listings-wholesale-credit-portfolio-analytics-analyst-jp-morgan-and-chase-mumbai-0-to-2-years-260326501284
Teamcenter Analyst,Tata Technologies,1-3 Yrs,Not Disclosed,Bengaluru,3.4,3307  Reviews,3+ weeks ago,https://www.naukri.com/job-listings-teamcenter-analyst-tata-technologies-ltd-bengaluru-1-to-3-years-240625506649
Market Risk Time Series Management Analyst,JPMorgan Chase Bank,0-4 Yrs,Not Disclosed,Mumbai,3.8,7940  Reviews,3+ weeks ago,https://www.naukri.com/job-listings-market-risk-time-series-management-analyst-jp-morgan-and-chase-mumbai-0-to-4-years-170226502339
Centralized Research Group - Technical Transaction Analyst,JPMorgan Chase Bank,0-4 Yrs,Not Disclosed,Mumbai,3.8,7940  Reviews,3+ weeks ago,https://www.naukri.com/job-listings-centralized-research-group-technical-transaction-analyst-jp-morgan-and-chase-mumbai-0-to-4-years-150426503344
Senior Data Scientist - Pharma,Themathcompany,4-9 Yrs,Not Disclosed,Bengaluru,3.1,517  Reviews,3+ weeks ago,https://www.naukri.com/job-listings-senior-data-scientist-pharma-themathcompany-bengaluru-4-to-9-years-310126503483
Mis Executive,Wipro,2-7 Yrs,3.25-8.25 Lacs PA ,"Gurugram, Delhi / NCR",3.6,65870  Reviews,3 days ago,https://www.naukri.com/job-listings-mis-executive-wipro-gurugram-delhi-ncr-2-to-7-years-130626015649
Senior Data Scientist,Kantar,2-5 Yrs,Not Disclosed,Hyderabad,3.4,85  Reviews,5 days ago,https://www.naukri.com/job-listings-senior-data-scientist-kantar-imrb-hyderabad-2-to-5-years-110626923397
Senior Data Scientist,Johnson & Johnson Innovative Medicine,13-18 Yrs,Not Disclosed,Pune,3.9,1638  Reviews,6 days ago,https://www.naukri.com/job-listings-senior-data-scientist-johnson-johnson-innovative-medicine-pune-13-to-18-years-100626505038
Sr. Data Scientist,Tenarai Technologies,6-9 Yrs,Not Disclosed,"Pune, Delhi / NCR, Bengaluru",3.5,1409  Reviews,3 weeks ago,https://www.naukri.com/job-listings-sr-data-scientist-infogain-pune-delhi-ncr-bengaluru-6-to-9-years-250526010707
Sr Data Scientist Market Mix Modeling,Themathcompany,4-8 Yrs,Not Disclosed,Bengaluru,3.1,517  Reviews,3 weeks ago,https://www.naukri.com/job-listings-sr-data-scientist-market-mix-modeling-themathcompany-bengaluru-4-to-8-years-220526500713
Senior Data Scientist–Market Mix Modeling,Themathcompany,4-7 Yrs,Not Disclosed,Bengaluru,3.1,517  Reviews,3+ weeks ago,https://www.naukri.com/job-listings-senior-data-scientist-market-mix-modeling-themathcompany-private-limited-bengaluru-4-to-7-years-190526028976
"Senior Data Scientist, Technology Centre, Bengaluru",National Institute for Smart Government (NISG),2-6 Yrs,10-20 Lacs PA ,Bengaluru(Hebbal),3.6,292  Reviews,3 weeks ago,https://www.naukri.com/job-listings-senior-data-scientist-technology-centre-bengaluru-national-institute-for-smart-government-nisg-bengaluru-2-to-6-years-121125035489
Sr Data Scientist,Baxter,8-13 Yrs,Not Disclosed,Gurugram,3.8,840  Reviews,6 days ago,https://www.naukri.com/job-listings-sr-data-scientist-baxter-india-pvt-ltd-gurugram-8-to-13-years-100626502648
Senior Data Scientist,Baxter,8-13 Yrs,Not Disclosed,Gurugram,3.8,840  Reviews,6 days ago,https://www.naukri.com/job-listings-senior-data-scientist-baxter-india-pvt-ltd-gurugram-8-to-13-years-100626502646
Sr Data Scientist,Thermo Fisher Scientific,5-10 Yrs,Not Disclosed,Bengaluru,3.8,1075  Reviews,3+ weeks ago,https://www.naukri.com/job-listings-sr-data-scientist-thermo-fisher-scientific-india-pvt-ltd-bengaluru-5-to-10-years-020426503630
Senior Data Scientist,Blue Yonder,3-9 Yrs,Not Disclosed,Bengaluru,3.5,696  Reviews,3+ weeks ago,https://www.naukri.com/job-listings-senior-data-scientist-jda-software-bengaluru-3-to-9-years-200426500163
Data Scientist - RL,Krazy Mantra It,1-4 Yrs,Not Disclosed,"Noida, Bhubaneswar, Kolkata, Mumbai, New Delhi, Hyderabad, Pune, Chennai, Bengaluru",3.7,93  Reviews,3+ weeks ago,https://www.naukri.com/job-listings-data-scientist-rl-krazy-mantra-group-of-companies-noida-bhubaneswar-kolkata-mumbai-new-delhi-hyderabad-pune-chennai-bengaluru-1-to-4-years-250325500762
Data Scientist,Digital Glyde,3-7 Yrs,Not Disclosed,"Kolkata, Mumbai, New Delhi, Hyderabad, Pune, Chennai, Bengaluru",3.3,11  Reviews,3+ weeks ago,https://www.naukri.com/job-listings-data-scientist-digital-glyde-kolkata-mumbai-new-delhi-hyderabad-pune-chennai-bengaluru-3-to-7-years-300424501229
Data Scientist,VOLKSWAGEN GROUP DIGITAL SOLUTIONS PRIVATE LIMITED,7-10 Yrs,Not Disclosed,"Pune, Gurugram, Bengaluru",3.9,756  Reviews,1 day ago,https://www.naukri.com/job-listings-data-scientist-volkswagen-group-digital-solutions-private-limited-pune-gurugram-bengaluru-7-to-10-years-150626031465
Data Scientist,Supplycopia Software Services,3-8 Yrs,Not Disclosed,"Kolkata, Mumbai, New Delhi, Hyderabad, Pune, Chennai, Bengaluru",2.6,15  Reviews,3+ weeks ago,https://www.naukri.com/job-listings-data-scientist-supplycopia-software-services-private-limited-kolkata-mumbai-new-delhi-hyderabad-pune-chennai-bengaluru-3-to-8-years-130525502970
IND - Sr Business Analyst,The Hartford,6-11 Yrs,Not Disclosed,Hyderabad,4.6,11  Reviews,2 weeks ago,https://www.naukri.com/job-listings-ind-sr-business-analyst-the-hartford-hyderabad-6-to-11-years-010626501022
Data Scientist,eBay,3-8 Yrs,Not Disclosed,Bengaluru,N/A,N/A,3+ weeks ago,https://www.naukri.com/job-listings-data-scientist-ebay-bengaluru-3-to-8-years-300426503364
Data Scientist,eBay,5-10 Yrs,Not Disclosed,Bengaluru,N/A,N/A,3+ weeks ago,https://www.naukri.com/job-listings-data-scientist-ebay-bengaluru-5-to-10-years-300426503363
Data Scientist,Symphonyincubator Business Services,6-11 Yrs,Not Disclosed,Bengaluru,N/A,N/A,2 weeks ago,https://www.naukri.com/job-listings-data-scientist-symphonyincubator-business-services-private-limite-d-bengaluru-6-to-11-years-290526920374
Embedded Data Scientist,Sarvam,5-10 Yrs,Not Disclosed,Bengaluru,N/A,N/A,3+ weeks ago,https://www.naukri.com/job-listings-embedded-data-scientist-sarvam-bengaluru-5-to-10-years-230326502026
Data Scientist,Bizviz Technologies,3-8 Yrs,Not Disclosed,Bengaluru,2.0,36  Reviews,3 weeks ago,https://www.naukri.com/job-listings-data-scientist-big-data-bizviz-bizviz-technologies-pvt-ltd-bengaluru-3-to-8-years-220526504889
Data Scientist - R01542454,brillio-2,5-6 Yrs,Not Disclosed,Bengaluru,3.3,1342  Reviews,3+ weeks ago,https://www.naukri.com/job-listings-data-scientist-r01542454-brillio-2-bengaluru-5-to-6-years-190526500671
Data Scientist,Mobile Programming,8-13 Yrs,Not Disclosed,Bengaluru,2.9,516  Reviews,3+ weeks ago,https://www.naukri.com/job-listings-data-scientist-mobileprogramming-bengaluru-8-to-13-years-180526503720
Data Scientist,Antworks,3-5 Yrs,Not Disclosed,Bengaluru,3.4,61  Reviews,3+ weeks ago,https://www.naukri.com/job-listings-data-scientist-antworks-bengaluru-3-to-5-years-180526502680
Data Scientist,Genpact,10-19 Yrs,Not Disclosed,"Hybrid - Kolkata, Bengaluru, Delhi / NCR",3.6,42987  Reviews,Today,https://www.naukri.com/job-listings-data-scientist-genpact-kolkata-bengaluru-delhi-ncr-10-to-19-years-160626014186
Data Scientist (Patient Finding),Amgen Inc,3-5 Yrs,Not Disclosed,Hyderabad,2.8,166  Reviews,1 day ago,https://www.naukri.com/job-listings-data-scientist-patient-finding-amgen-inc-hyderabad-3-to-5-years-150626938286
Principal Data Scientist,Red Hat,7-12 Yrs,Not Disclosed,"Pune, Bengaluru",4.4,460  Reviews,1 day ago,https://www.naukri.com/job-listings-principal-data-scientist-red-hat-india-pvt-ltd-pune-bengaluru-7-to-12-years-150626937523
Data Scientist-Artificial Intelligence,IBM,8-10 Yrs,Not Disclosed,Bengaluru,3.9,26038  Reviews,1 day ago,https://www.naukri.com/job-listings-data-scientist-artificial-intelligence-ibm-india-pvt-limited-bengaluru-8-to-10-years-150626922652
Data Scientist-Artificial Intelligence,IBM,8-10 Yrs,Not Disclosed,Bengaluru,3.9,26038  Reviews,1 day ago,https://www.naukri.com/job-listings-data-scientist-artificial-intelligence-ibm-india-pvt-limited-bengaluru-8-to-10-years-150626918728
Data Scientist-Artificial Intelligence,IBM,7-9 Yrs,Not Disclosed,Bengaluru,3.9,26038  Reviews,1 day ago,https://www.naukri.com/job-listings-data-scientist-artificial-intelligence-ibm-india-pvt-limited-bengaluru-7-to-9-years-150626918516
Data Scientist,Tata Consultancy Services,8-12 Yrs,Not Disclosed,"Hyderabad, Pune, Bengaluru",3.3,115896  Reviews,1 day ago,https://www.naukri.com/job-listings-data-scientist-tata-consultancy-services-hyderabad-pune-bengaluru-8-to-12-years-150626038734
Tcs Hiring For Data Scientist,Tata Consultancy Services,8-12 Yrs,Not Disclosed,"Hyderabad, Bengaluru, Delhi / NCR",3.3,115896  Reviews,1 day ago,https://www.naukri.com/job-listings-tcs-hiring-for-data-scientist-tata-consultancy-services-hyderabad-bengaluru-delhi-ncr-8-to-12-years-150626009305
Data Scientist,Genpact,14-18 Yrs,18-33 Lacs PA ,"Hybrid - Hyderabad, Gurugram, Bengaluru",3.6,42987  Reviews,1 day ago,https://www.naukri.com/job-listings-data-scientist-genpact-hyderabad-gurugram-bengaluru-14-to-18-years-150626003033
Data Scientist,Gallagher,3-8 Yrs,Not Disclosed,Bengaluru,3.6,2688  Reviews,3+ weeks ago,https://www.naukri.com/job-listings-data-scientist-gallagher-bengaluru-3-to-8-years-140625500287
Data Scientist,Kintellect Partners Llp,3-5 Yrs,Not Disclosed,Bengaluru,N/A,N/A,3+ weeks ago,https://www.naukri.com/job-listings-data-scientist-kintellect-partners-llp-bengaluru-3-to-5-years-090426500872
Growth Data Scientist,Docusign,3-8 Yrs,Not Disclosed,Bengaluru,3.6,19  Reviews,3+ weeks ago,https://www.naukri.com/job-listings-growth-data-scientist-docusign-bengaluru-3-to-8-years-060526504072
Data Scientist,Mobile Programming,6-9 Yrs,Not Disclosed,Bengaluru,2.9,516  Reviews,3+ weeks ago,https://www.naukri.com/job-listings-data-scientist-mobileprogramming-bengaluru-6-to-9-years-020426509940
Member Data Scientist,CoStrategix,3-8 Yrs,Not Disclosed,Bengaluru,2.9,10  Reviews,3+ weeks ago,https://www.naukri.com/job-listings-member-data-scientist-costrategix-technologies-pvt-ltd-bengaluru-3-to-8-years-010426505922
Data Scientist,Bharat Light & Power (BLP),3-8 Yrs,Not Disclosed,Bengaluru,2.5,24  Reviews,3+ weeks ago,https://www.naukri.com/job-listings-data-scientist-bharat-light-and-power-private-limited-bengaluru-3-to-8-years-280224501996
Data Scientist,Stark Industries,1-5 Yrs,Not Disclosed,Bengaluru,4.9,4  Reviews,3+ weeks ago,https://www.naukri.com/job-listings-data-scientist-stark-industries-bengaluru-1-to-5-years-271223500731
Data Scientist,Krazy Mantra It,8-10 Yrs,Not Disclosed,Bengaluru,3.7,93  Reviews,3+ weeks ago,https://www.naukri.com/job-listings-data-scientist-krazy-mantra-group-of-companies-bengaluru-8-to-10-years-250325500984
Data Scientist,Razorthink,0-2 Yrs,Not Disclosed,Bengaluru,3.3,5  Reviews,3 weeks ago,https://www.naukri.com/job-listings-data-scientist-razorthink-bengaluru-0-to-2-years-220526919359
Executive II - Quality Analyst (Field Audit),Navi Technologies,0-1 Yrs,Not Disclosed,Bengaluru,3.1,385  Reviews,3 weeks ago,https://www.naukri.com/job-listings-executive-ii-quality-analyst-field-audit-navi-technologies-bengaluru-0-to-1-years-220526030665
Manager Data Scientist,Optum,8-13 Yrs,Not Disclosed,Bengaluru,4.0,8091  Reviews,Today,https://www.naukri.com/job-listings-manager-data-scientist-optum-global-solutions-india-private-limited-bengaluru-8-to-13-years-160626917106
Urgent Req : Data Scientist | Bangalore | Immediate joiner,EY,3-6 Yrs,Not Disclosed,Hybrid - Bengaluru,3.4,14833  Reviews,Today,https://www.naukri.com/job-listings-urgent-req-data-scientist-bangalore-immediate-joiner-ey-bengaluru-3-to-6-years-160626021342
Data Scientist,Bizviz Technologies,3-7 Yrs,Not Disclosed,Bengaluru,2.0,36  Reviews,3+ weeks ago,https://www.naukri.com/job-listings-data-scientist-bizviz-technologies-pvt-ltd-bengaluru-3-to-7-years-160424500932
Data Scientist,Continental,5-10 Yrs,Not Disclosed,Bengaluru,3.7,637  Reviews,3+ weeks ago,https://www.naukri.com/job-listings-data-scientist-continental-corporation-bengaluru-5-to-10-years-151225502166
Data Scientist - GEN AI,Han Digital Solution,6-9 Yrs,Not Disclosed,Bengaluru,N/A,N/A,3+ weeks ago,https://www.naukri.com/job-listings-data-scientist-gen-ai-han-digital-solution-bengaluru-6-to-9-years-151225500776
Data Scientist-Advanced Analytics,IBM,3-7 Yrs,Not Disclosed,Bengaluru,3.9,26038  Reviews,1 day ago,https://www.naukri.com/job-listings-data-scientist-advanced-analytics-ibm-india-pvt-limited-bengaluru-3-to-7-years-150626922913
Data Scientist-Artificial Intelligence,IBM,3-7 Yrs,Not Disclosed,Bengaluru,3.9,26038  Reviews,1 day ago,https://www.naukri.com/job-listings-data-scientist-artificial-intelligence-ibm-india-pvt-limited-bengaluru-3-to-7-years-150626922679
Data Scientist,Nielsen Sports,3-6 Yrs,Not Disclosed,Bengaluru,3.8,224  Reviews,1 day ago,https://www.naukri.com/job-listings-data-scientist-nielsen-sports-bengaluru-3-to-6-years-150626502034
Data Scientist,Artex Risk Solutions,1-2 Yrs,Not Disclosed,Bengaluru,N/A,N/A,3+ weeks ago,https://www.naukri.com/job-listings-data-scientist-artex-risk-solutions-bengaluru-1-to-2-years-131124501327
Advanced Data Scientist,Sparta Systems,5-10 Yrs,Not Disclosed,Bengaluru,4.1,13  Reviews,3+ weeks ago,https://www.naukri.com/job-listings-advanced-data-scientist-spartasystems-bengaluru-5-to-10-years-100326501249
Principal Data Scientist - Advanced Machine Learning,Target,10-15 Yrs,Not Disclosed,Bengaluru,4.0,935  Reviews,3+ weeks ago,https://www.naukri.com/job-listings-principal-data-scientist-advanced-machine-learning-target-corporation-india-pvt-ltd-bengaluru-10-to-15-years-090426501399
Data Scientist,Kintellect Partners Llp,0-2 Yrs,Not Disclosed,Bengaluru,N/A,N/A,3+ weeks ago,https://www.naukri.com/job-listings-data-scientist-kintellect-partners-llp-bengaluru-0-to-2-years-090426500512
Senior Business Analyst,Milestone Technologies,7-9 Yrs,Not Disclosed,Kochi,4.0,103  Reviews,1 week ago,https://www.naukri.com/job-listings-senior-business-analyst-milestone-technologies-inc-kochi-7-to-9-years-080626500721
Data Scientist,Greyamp Consulting Services,6-8 Yrs,Not Disclosed,Bengaluru,1.9,2  Reviews,3+ weeks ago,https://www.naukri.com/job-listings-data-scientist-greyamp-consulting-bengaluru-6-to-8-years-071125502670
Senior Salesforce Business Analyst,Ciklum,7-10 Yrs,Not Disclosed,Hybrid - Chennai,3.5,186  Reviews,1 week ago,https://www.naukri.com/job-listings-senior-salesforce-business-analyst-ciklum-chennai-7-to-10-years-040626032846
Senior Technical Business Analyst - Blackstraw.ai - Immediate Joiner,Blackstraw Technologies,4-9 Yrs,Not Disclosed,Chennai,4.3,85  Reviews,1 week ago,https://www.naukri.com/job-listings-senior-technical-business-analyst-blackstraw-ai-immediate-joiner-blackstraw-technologies-chennai-4-to-9-years-040626018184
Data Scientist,WM UNIVERSAL SOLUTIONS PRIVATE LIMITED,4-6 Yrs,Not Disclosed,Pahari,3.7,491  Reviews,1 week ago,https://www.naukri.com/job-listings-data-scientist-wm-universal-solutions-private-limited-pahari-4-to-6-years-030626503976
Senior Business Analyst,DAZN,8-9 Yrs,Not Disclosed,Hyderabad,2.7,239  Reviews,1 week ago,https://www.naukri.com/job-listings-senior-business-analyst-dazn-group-hyderabad-8-to-9-years-030626501715
Senior Business Analyst,Superprocure,8-15 Yrs,Not Disclosed,Surat,4.8,113  Reviews,1 week ago,https://www.naukri.com/job-listings-senior-business-analyst-superprocure-surat-8-to-15-years-030626501609
Senior / Lead Business Analyst,Almasons,6-10 Yrs,Not Disclosed,Mangaluru,2.7,9  Reviews,1 week ago,https://www.naukri.com/job-listings-senior-lead-business-analyst-almasons-consulting-mangaluru-6-to-10-years-030626501551
Data Scientist,Tellius,3-8 Yrs,Not Disclosed,Bengaluru,4.1,13  Reviews,3+ weeks ago,https://www.naukri.com/job-listings-data-scientist-tellius-bengaluru-3-to-8-years-020725503127
Senior Salesforce Business Analyst,Ciklum,7-12 Yrs,Not Disclosed,Chennai,3.5,186  Reviews,2 weeks ago,https://www.naukri.com/job-listings-senior-salesforce-business-analyst-ciklum-chennai-7-to-12-years-020626500130
Senior AI Business Analyst,IntouchCX,4-7 Yrs,Not Disclosed,Hyderabad,2.7,2617  Reviews,2 weeks ago,https://www.naukri.com/job-listings-senior-ai-business-analyst-intouchcx-hyderabad-4-to-7-years-010626912332
IND Senior Business Analyst,The Hartford,5-10 Yrs,Not Disclosed,Hyderabad,4.6,11  Reviews,2 weeks ago,https://www.naukri.com/job-listings-ind-senior-business-analyst-the-hartford-hyderabad-5-to-10-years-010626500895
Data Scientist,Han Digital Solution,0-3 Yrs,Not Disclosed,"Hubli, Mangaluru, Mysuru, Bengaluru, Belgaum",N/A,N/A,3+ weeks ago,https://www.naukri.com/job-listings-data-scientist-han-digital-solution-hubli-mangaluru-mysuru-bengaluru-belgaum-0-to-3-years-221125501255
Data Scientist,Simreka,0-3 Yrs,Not Disclosed,Bengaluru,4.3,19  Reviews,3+ weeks ago,https://www.naukri.com/job-listings-data-scientist-simreka-devtaar-gmbh-bengaluru-0-to-3-years-210126502942
Data Scientist I,360DigiTMG,0-2 Yrs,Not Disclosed,Bengaluru,4.1,108  Reviews,3+ weeks ago,https://www.naukri.com/job-listings-data-scientist-i-360digitmg-bengaluru-0-to-2-years-180825504073
Senior Consultant - Technical Business Analyst,Now Vertical,8-12 Yrs,Not Disclosed,"Mumbai, Navi Mumbai",N/A,N/A,2 weeks ago,https://www.naukri.com/job-listings-senior-consultant-technical-business-analyst-now-vertical-mumbai-navi-mumbai-8-to-12-years-010626504032
Telecom Business Analyst,Tata Consultancy Services,8-12 Yrs,5-10 Lacs PA ,"Kolkata, Hyderabad, Pune",3.3,115896  Reviews,3 weeks ago,https://www.naukri.com/job-listings-telecom-business-analyst-tata-consultancy-services-kolkata-hyderabad-pune-8-to-12-years-210526006212
Business Intelligence Analyst,Hitachi Energy,3-5 Yrs,Not Disclosed,Chennai,4.0,1075  Reviews,3+ weeks ago,https://www.naukri.com/job-listings-business-intelligence-analyst-hitachi-energy-chennai-3-to-5-years-180526505074
Business Analyst,Nomura,2-5 Yrs,Not Disclosed,Mumbai,3.6,699  Reviews,Today,https://www.naukri.com/job-listings-business-analyst-nomura-capital-india-private-limited-mumbai-2-to-5-years-160626500898
Business Analyst,Statusneo Technology Consulting,4-8 Yrs,6-16 Lacs PA ,"Hybrid - Gurugram, Bengaluru",4.1,521  Reviews,4 days ago,https://www.naukri.com/job-listings-business-analyst-statusneo-technology-consulting-gurugram-bengaluru-4-to-8-years-120626005572
CRM Data - Senior Associate,Grant Thornton India Pvt Ltd,3-8 Yrs,Not Disclosed,"Kolkata, Bengaluru",3.4,1353  Reviews,5 days ago,https://www.naukri.com/job-listings-crm-data-senior-associate-grant-thornton-india-pvt-ltd-kolkata-bengaluru-3-to-8-years-110626501809
Business Analyst,Everforth Quinnox,11-18 Yrs,25-30 Lacs PA ,"Hybrid - Mumbai, Bengaluru",3.9,490  Reviews,5 days ago,https://www.naukri.com/job-listings-business-analyst-everforth-quinnox-mumbai-bengaluru-11-to-18-years-110626028195
Senior AI/ML Architect Generative AI & Data Science,e-Labs Infotech,5-10 Yrs,Not Disclosed,"Hybrid - Pune, Chennai, Bengaluru",N/A,N/A,6 days ago,https://www.naukri.com/job-listings-senior-ai-ml-architect-generative-ai-data-science-elabs-infotech-pune-chennai-bengaluru-5-to-10-years-100626013323
Business Analyst,Everforth Quinnox,11-17 Yrs,Not Disclosed,"Hybrid - Navi Mumbai, Bengaluru, Mumbai (All Areas)",3.9,490  Reviews,1 week ago,https://www.naukri.com/job-listings-business-analyst-everforth-quinnox-navi-mumbai-bengaluru-mumbai-all-areas-11-to-17-years-090626024639
Business Analyst (E Pricing),Hdfc Bank,8-13 Yrs,Not Disclosed,Mumbai,3.8,53286  Reviews,2 weeks ago,https://www.naukri.com/job-listings-business-analyst-e-pricing-hdfc-bank-mumbai-8-to-13-years-300526011443
Business Finance Analyst - NCT,Deutsche Bank,1-2 Yrs,Not Disclosed,Mumbai,3.8,4549  Reviews,2 weeks ago,https://www.naukri.com/job-listings-business-finance-analyst-nct-deutsche-bank-mumbai-1-to-2-years-290526504407
Business Analyst,Aptech Limited,2-5 Yrs,Not Disclosed,Noida,3.0,21  Reviews,2 weeks ago,https://www.naukri.com/job-listings-business-analyst-aptech-limited-noida-2-to-5-years-290526014152
Business Analyst,Yamaha Motor Solutions,7-10 Yrs,Not Disclosed,Faridabad,3.0,138  Reviews,3+ weeks ago,https://www.naukri.com/job-listings-business-analyst-yamaha-motor-solutions-india-pvt-ltd-faridabad-7-to-10-years-290224502172
Business Intelligence Analyst I,TP,1-2 Yrs,Not Disclosed,Chennai,3.9,39209  Reviews,2 weeks ago,https://www.naukri.com/job-listings-business-intelligence-analyst-i-teleperformance-global-business-private-limited-chennai-1-to-2-years-270526927848
Analyst - Business Consulting Risk - AMI - CNS -Process & Controls,EY,3-8 Yrs,Not Disclosed,Gurugram,3.4,14833  Reviews,3 weeks ago,https://www.naukri.com/job-listings-analyst-business-consulting-risk-ami-cns-process-controls-ernst-young-llp-gurugram-3-to-8-years-260526933544
Analyst - Business Consulting Risk - AMI - CNS -Process & Controls,EY,3-8 Yrs,Not Disclosed,Mumbai,3.4,14833  Reviews,3 weeks ago,https://www.naukri.com/job-listings-analyst-business-consulting-risk-ami-cns-process-controls-ernst-young-llp-mumbai-3-to-8-years-260526933386
Analyst - Business Consulting Risk - TMT - CNS - Risk - Digital Risk,EY,3-8 Yrs,Not Disclosed,Gurugram,3.4,14833  Reviews,3 weeks ago,https://www.naukri.com/job-listings-analyst-business-consulting-risk-tmt-cns-risk-digital-risk-ernst-young-llp-gurugram-3-to-8-years-260526929271
Business Analyst,Accenture,5-10 Yrs,Not Disclosed,Mumbai,3.7,74541  Reviews,3 weeks ago,https://www.naukri.com/job-listings-business-analyst-accenture-solutions-pvt-ltd-mumbai-5-to-10-years-250526928179
Business & Technology Delivery Analyst,Accenture,3-5 Yrs,Not Disclosed,Hyderabad,3.7,74541  Reviews,3 weeks ago,https://www.naukri.com/job-listings-business-technology-delivery-analyst-accenture-solutions-pvt-ltd-hyderabad-3-to-5-years-250526923425
Analyst I Business Process Transactions / RR,DXC Technology,2-7 Yrs,Not Disclosed,Noida,3.6,12153  Reviews,3 weeks ago,https://www.naukri.com/job-listings-analyst-i-business-process-transactions-rr-dxc-technology-noida-2-to-7-years-250526500792
Analyst - Business Consulting Risk - AMI - CNS - Risk,EY,3-8 Yrs,Not Disclosed,Gurugram,3.4,14833  Reviews,3 weeks ago,https://www.naukri.com/job-listings-analyst-business-consulting-risk-ami-cns-risk-ernst-young-gurugram-3-to-8-years-210526504009
Debt Management - Business Analyst,Hdfc Bank,3-8 Yrs,Not Disclosed,Kolkata,3.8,53286  Reviews,3 weeks ago,https://www.naukri.com/job-listings-debt-management-business-analyst-hdfc-bank-kolkata-3-to-8-years-210526025848
Business Intelligence Analyst II,TP,1-5 Yrs,Not Disclosed,Gurugram,3.9,39209  Reviews,3 weeks ago,https://www.naukri.com/job-listings-business-intelligence-analyst-ii-teleperformance-global-business-private-limited-gurugram-1-to-5-years-200526938844
Business Intelligence Analyst I,TP,1-2 Yrs,Not Disclosed,Gurugram,3.9,39209  Reviews,3 weeks ago,https://www.naukri.com/job-listings-business-intelligence-analyst-i-teleperformance-global-business-private-limited-gurugram-1-to-2-years-200526938794
Business Intelligence Analyst I,TP,1-2 Yrs,Not Disclosed,Gurugram,3.9,39209  Reviews,3 weeks ago,https://www.naukri.com/job-listings-business-intelligence-analyst-i-teleperformance-global-business-private-limited-gurugram-1-to-2-years-200526938775
Technical Business Analyst,Tech Mahindra,5-10 Yrs,Not Disclosed,Hybrid - Chennai,3.3,43873  Reviews,3 weeks ago,https://www.naukri.com/job-listings-technical-business-analyst-tech-mahindra-chennai-5-to-10-years-200526021229
Business Analyst,Accenture,6-11 Yrs,Not Disclosed,Mumbai,3.7,74541  Reviews,3+ weeks ago,https://www.naukri.com/job-listings-business-analyst-accenture-solutions-pvt-ltd-mumbai-6-to-11-years-180526919751
Business Analyst,Accenture,6-11 Yrs,Not Disclosed,Mumbai,3.7,74541  Reviews,3+ weeks ago,https://www.naukri.com/job-listings-business-analyst-accenture-solutions-pvt-ltd-mumbai-6-to-11-years-180526919492
Business Analyst,Accenture,6-11 Yrs,Not Disclosed,Mumbai,3.7,74541  Reviews,3+ weeks ago,https://www.naukri.com/job-listings-business-analyst-accenture-solutions-pvt-ltd-mumbai-6-to-11-years-180526918723
Functional Business Analyst,FCS Software Solutions,9-14 Yrs,13-14 Lacs PA ,"Hybrid - Chennai, Bengaluru",3.7,167  Reviews,3+ weeks ago,https://www.naukri.com/job-listings-functional-business-analyst-fcs-software-solutions-chennai-bengaluru-9-to-14-years-180526029120
Business Analyst,Onebridge Infotech,1-3 Yrs,Not Disclosed,Hyderabad,N/A,N/A,3+ weeks ago,https://www.naukri.com/job-listings-business-analyst-onebridge-infotech-pvt-ltd-hyderabad-1-to-3-years-170426501445
Demand Business Analyst,Ecolab Global Services,8-13 Yrs,Not Disclosed,Pune,3.4,234  Reviews,Today,https://www.naukri.com/job-listings-demand-business-analyst-ecolab-global-services-private-limited-pune-8-to-13-years-160626917417
"Sr. Mgr, Data Science",Lam Research,8-13 Yrs,Not Disclosed,Bengaluru,3.7,361  Reviews,Today,https://www.naukri.com/job-listings-sr-mgr-data-science-lam-research-bengaluru-8-to-13-years-160626501119
Business Analyst - Credit Risk,Luxoft,6-11 Yrs,Not Disclosed,Bengaluru,3.6,843  Reviews,4 days ago,https://www.naukri.com/job-listings-business-analyst-credit-risk-luxoft-india-llp-bengaluru-6-to-11-years-120626918694
Business Analyst,E TO E TRANSPORTATION INFRASTRUCTURE PRIVATE LIMITED,2-5 Yrs,Not Disclosed,"Hubli, Mangaluru, Mysuru, Bengaluru, Belgaum",3.4,92  Reviews,4 days ago,https://www.naukri.com/job-listings-business-analyst-e-to-e-transportation-infrastructure-private-limited-hubli-mangaluru-mysuru-bengaluru-belgaum-2-to-5-years-120626505663
IN Senior Associate IICS Informatica  Data & Analytics,PwC Service Delivery Center,4-7 Yrs,Not Disclosed,Bengaluru,3.3,12897  Reviews,4 days ago,https://www.naukri.com/job-listings-in-senior-associate-iics-informatica-data-analytics-pricewaterhouse-coopers-service-delivery-center-kolkata-bengaluru-4-to-7-years-120626504289
Business Analyst,Glib,2-7 Yrs,Not Disclosed,Bengaluru,1.9,5  Reviews,4 days ago,https://www.naukri.com/job-listings-business-analyst-glib-bengaluru-2-to-7-years-120626500201
Senior Data Engineer,Hewlett Packard Enterprise,6-10 Yrs,Not Disclosed,Bengaluru,4.0,4678  Reviews,5 days ago,https://www.naukri.com/job-listings-senior-data-engineer-hewlett-packard-enterprise-bengaluru-6-to-10-years-110626504174
Senior Principal Data Engineer,Hewlett Packard Enterprise,12-17 Yrs,Not Disclosed,Bengaluru,4.0,4678  Reviews,5 days ago,https://www.naukri.com/job-listings-senior-principal-data-engineer-hewlett-packard-enterprise-bengaluru-12-to-17-years-110626503559
SR. DATA ENGINEER - (AI & Analytics),TE Connectivity,5-10 Yrs,Not Disclosed,Bengaluru,4.1,1357  Reviews,6 days ago,https://www.naukri.com/job-listings-sr-data-engineer-ai-analytics-te-connectivity-india-private-limited-bengaluru-5-to-10-years-100626929952
Business Analyst  FP &A Global Management Information  (MI),Radiant Digital Solutions,5-10 Yrs,10-20 Lacs PA ,"Hybrid - Hyderabad, Chennai, Bengaluru",3.3,33  Reviews,1 week ago,https://www.naukri.com/job-listings-business-analyst-fp-a-global-management-information-mi-radiant-digital-solutions-hyderabad-chennai-bengaluru-5-to-10-years-090626022200
Technical Business Analyst,Bootminds Systems,6-11 Yrs,Not Disclosed,Hybrid - Bengaluru,N/A,N/A,1 week ago,https://www.naukri.com/job-listings-technical-business-analyst-bootminds-systems-bengaluru-6-to-11-years-090626013236
Technical Business Analyst,Vericence,6-11 Yrs,10-20 Lacs PA ,Remote,N/A,N/A,1 week ago,https://www.naukri.com/job-listings-technical-business-analyst-vericence-bengaluru-6-to-11-years-090626003469
Business Analyst - Cardekho Group,Cardekho.com,1-4 Yrs,Not Disclosed,Gurugram,3.6,1000  Reviews,1 week ago,https://www.naukri.com/job-listings-business-analyst-cardekho-group-cardekho-com-gurugram-1-to-4-years-080626036187
Business Analyst,CGI,5-8 Yrs,10-20 Lacs PA ,Hybrid - Hyderabad,4.0,5499  Reviews,1 week ago,https://www.naukri.com/job-listings-business-analyst-cgi-hyderabad-5-to-8-years-080626009592
Analyst - Business Consulting Risk - Process & Controls,EY,3-8 Yrs,Not Disclosed,Mumbai,3.4,14833  Reviews,3+ weeks ago,https://www.naukri.com/job-listings-analyst-business-consulting-risk-process-controls-ernst-young-mumbai-3-to-8-years-060526504372
Business Intelligence Analyst (Finance),Exxon Mobil Corporation,2-7 Yrs,Not Disclosed,Bengaluru,3.7,546  Reviews,3+ weeks ago,https://www.naukri.com/job-listings-business-intelligence-analyst-finance-exxon-mobil-corporation-bengaluru-2-to-7-years-050526500799
HyperAutomation_Sr. Business Analyst,Yash Technologies,6-9 Yrs,Not Disclosed,Hyderabad,3.6,2044  Reviews,2 weeks ago,https://www.naukri.com/job-listings-hyperautomation-sr-business-analyst-yash-technologies-hyderabad-6-to-9-years-010626500533
"IT Applications Analyst, Business Analyst",Taskus,5-10 Yrs,Not Disclosed,Noida,3.0,2472  Reviews,3+ weeks ago,https://www.naukri.com/job-listings-it-applications-analyst-business-analyst-taskus-noida-5-to-10-years-300126506917
"IT Applications Analyst, Business Analyst",Taskus,5-10 Yrs,Not Disclosed,Mumbai,3.0,2472  Reviews,3+ weeks ago,https://www.naukri.com/job-listings-it-applications-analyst-business-analyst-taskus-mumbai-5-to-10-years-300126506916
"IT Applications Analyst, Business Analyst",Taskus,5-10 Yrs,Not Disclosed,Gurugram,3.0,2472  Reviews,3+ weeks ago,https://www.naukri.com/job-listings-it-applications-analyst-business-analyst-taskus-gurugram-5-to-10-years-300126506914
"IT Applications Analyst, Business Analyst",Taskus,5-10 Yrs,Not Disclosed,Chennai,3.0,2472  Reviews,3+ weeks ago,https://www.naukri.com/job-listings-it-applications-analyst-business-analyst-taskus-chennai-5-to-10-years-300126506913
"IT Applications Analyst, Business Analyst",Taskus,5-10 Yrs,Not Disclosed,Mumbai,3.0,2472  Reviews,3+ weeks ago,https://www.naukri.com/job-listings-it-applications-analyst-business-analyst-taskus-mumbai-5-to-10-years-300126506912
"Principal Associate, Business Analysis",Capital One,3-8 Yrs,Not Disclosed,Bengaluru,3.6,70  Reviews,3+ weeks ago,https://www.naukri.com/job-listings-principal-associate-business-analysis-capital-one-bengaluru-3-to-8-years-230426503902
Business Analyst,Empiric Infotech,3-6 Yrs,Not Disclosed,Surat,3.1,2  Reviews,3+ weeks ago,https://www.naukri.com/job-listings-business-analyst-empiric-infotech-llp-surat-3-to-6-years-200326501509
Lead Business Analyst,Hsbc,2-6 Yrs,Not Disclosed,Pune,3.8,6122  Reviews,3+ weeks ago,https://www.naukri.com/job-listings-lead-business-analyst-hsbc-electronic-data-processing-india-pvt-ltd-pune-2-to-6-years-191125506543
Business Analyst,Paytm,1-4 Yrs,Not Disclosed,Noida,3.2,9456  Reviews,3+ weeks ago,https://www.naukri.com/job-listings-business-analyst-one97-communications-limited-noida-1-to-4-years-180526925142
Intern - Business Analyst,TP,N/A,Unpaid ,Chennai,3.9,39209  Reviews,Starts in 1-3 months,https://www.naukri.com/job-listings-intern-business-analyst-teleperformance-global-services-chennai-1-to-2-years-160925500641
Business Analyst,Makemytrip,1-4 Yrs,Not Disclosed,Bengaluru,3.4,1027  Reviews,3+ weeks ago,https://www.naukri.com/job-listings-business-analyst-makemytrip-india-pvt-ltd-bengaluru-1-to-4-years-150526501499
Business Technology Analyst,Thomson Reuters,6-11 Yrs,Not Disclosed,Hyderabad,3.7,1922  Reviews,3+ weeks ago,https://www.naukri.com/job-listings-business-technology-analyst-thomson-reuters-india-pvt-ltd-hyderabad-6-to-11-years-150426502351
Business Analyst - Financials Product Line,EY,2-5 Yrs,Not Disclosed,Kochi,3.4,14833  Reviews,3+ weeks ago,https://www.naukri.com/job-listings-business-analyst-financials-product-line-ernst-young-kochi-2-to-5-years-140426503489
Associate Product/ Business Analyst,Paytm,1-4 Yrs,Not Disclosed,Noida,3.2,9456  Reviews,3+ weeks ago,https://www.naukri.com/job-listings-associate-product-business-analyst-one97-communications-limited-noida-1-to-4-years-130126508213
Business Analyst,TP,1-2 Yrs,Not Disclosed,Gurugram,3.9,39209  Reviews,3+ weeks ago,https://www.naukri.com/job-listings-business-analyst-teleperformance-global-services-gurugram-1-to-2-years-120725501659
Technical Business Analyst - 12th Mar (Thurs) - Virtual Interview,Tata Consultancy Services,8-13 Yrs,Not Disclosed,Kolkata,3.3,115896  Reviews,2 weeks ago,https://www.naukri.com/job-listings-technical-business-analyst-12th-mar-thurs-virtual-interview-tata-consultancy-services-kolkata-8-to-13-years-120226005293
Business Analyst,Cardekho.com,3-5 Yrs,Not Disclosed,Gurugram,3.6,1000  Reviews,2 weeks ago,https://www.naukri.com/job-listings-business-analyst-cardekho-com-gurugram-3-to-5-years-100326025439
Data Engineer,ti Steps,0-2 Yrs,3-4 Lacs PA ,"Hyderabad, Chennai, Bengaluru",3.9,18  Reviews,Today,https://www.naukri.com/job-listings-data-engineer-ti-steps-hyderabad-chennai-bengaluru-0-to-2-years-300825013898
Data Engineer,Algoleap Technologies,8-12 Yrs,Not Disclosed,Bengaluru,4.2,139  Reviews,Few hours ago,https://www.naukri.com/job-listings-data-engineer-algoleap-technologies-bengaluru-8-to-12-years-160626031897
Data Engineer,Accenture,2-4 Yrs,Not Disclosed,Hyderabad,3.7,74541  Reviews,1 week ago,https://www.naukri.com/job-listings-data-engineer-accenture-solutions-pvt-ltd-hyderabad-2-to-4-years-080626925184
Data Analytics Intern,TP,0-1 Yrs,Not Disclosed,Gurugram,3.9,39209  Reviews,1 week ago,https://www.naukri.com/job-listings-data-analytics-intern-teleperformance-global-business-private-limited-gurugram-0-to-1-years-030626923805
Data Engineer,Zectos Software,5-7 Yrs,Not Disclosed,Pune,4.0,4  Reviews,3+ weeks ago,https://www.naukri.com/job-listings-data-engineer-zectos-pune-5-to-7-years-310724500522
Data Engineer (Databricks),Sparix Global,8-11 Yrs,Not Disclosed,Noida,5.0,2  Reviews,3 weeks ago,https://www.naukri.com/job-listings-data-engineer-databricks-sparix-global-private-limited-noida-8-to-11-years-260526502904
Enterprise Data Engineer,Multicloud4u Technologies,8-10 Yrs,Not Disclosed,Hyderabad,5.0,2  Reviews,3 weeks ago,https://www.naukri.com/job-listings-enterprise-data-engineer-multicloud4u-technologies-hyderabad-8-to-10-years-250526501910
Enterprise Data Engineer,Multicloud4u Technologies,2-4 Yrs,Not Disclosed,Hyderabad,5.0,2  Reviews,3 weeks ago,https://www.naukri.com/job-listings-enterprise-data-engineer-multicloud4u-technologies-hyderabad-2-to-4-years-220526502613
Enterprise Data Engineer,Multicloud4u Technologies,8-20 Yrs,Not Disclosed,Hyderabad,5.0,2  Reviews,3+ weeks ago,https://www.naukri.com/job-listings-enterprise-data-engineer-multicloud4u-technologies-hyderabad-8-to-20-years-200426504063
Physics-ML Data Engineer,Agricps,1-5 Yrs,Not Disclosed,Chennai,N/A,N/A,3+ weeks ago,https://www.naukri.com/job-listings-physics-ml-data-engineer-agricps-chennai-1-to-5-years-200326503339
Data Engineer,Willsfly Technologies,5-7 Yrs,Not Disclosed,Hyderabad,4.8,6  Reviews,3+ weeks ago,https://www.naukri.com/job-listings-data-engineer-willsfly-technologies-hyderabad-5-to-7-years-190526502062
Urgent hiring For Data Engineer in MNC _ Permanent Position,Sigma Allied Services,4-6 Yrs,9-19 Lacs PA ,Chennai,N/A,N/A,3+ weeks ago,https://www.naukri.com/job-listings-urgent-hiring-for-data-engineer-in-mnc-permanent-position-sigma-allied-services-chennai-4-to-6-years-190526040399
Enterprise Data Engineer,Multicloud4u Technologies,8-13 Yrs,Not Disclosed,Hyderabad,5.0,2  Reviews,3+ weeks ago,https://www.naukri.com/job-listings-enterprise-data-engineer-multicloud4u-technologies-hyderabad-8-to-13-years-170426503317
"Data Engineer with Data bricks, python and spark",Nbits,2-6 Yrs,Not Disclosed,Pune,5.0,2  Reviews,3+ weeks ago,https://www.naukri.com/job-listings-data-engineer-with-data-bricks-python-and-spark-nbits-pune-2-to-6-years-170225504398
Enterprise Data Engineer,Multicloud4u Technologies,3-7 Yrs,Not Disclosed,Hyderabad,5.0,2  Reviews,3+ weeks ago,https://www.naukri.com/job-listings-enterprise-data-engineer-multicloud4u-technologies-hyderabad-3-to-7-years-160426504075
Enterprise Data Engineer,Multicloud4u Technologies,3-7 Yrs,Not Disclosed,Hyderabad,5.0,2  Reviews,3+ weeks ago,https://www.naukri.com/job-listings-enterprise-data-engineer-multicloud4u-technologies-hyderabad-3-to-7-years-140426502845
Enterprise Data Engineer,Multicloud4u Technologies,3-7 Yrs,Not Disclosed,Hyderabad,5.0,2  Reviews,3+ weeks ago,https://www.naukri.com/job-listings-enterprise-data-engineer-multicloud4u-technologies-hyderabad-3-to-7-years-130426502515
Enterprise Data Engineer,Multicloud4u Technologies,8-13 Yrs,Not Disclosed,Hyderabad,5.0,2  Reviews,3+ weeks ago,https://www.naukri.com/job-listings-enterprise-data-engineer-multicloud4u-technologies-hyderabad-8-to-13-years-100426502461
Enterprise Data Engineer,Multicloud4u Technologies,3-7 Yrs,Not Disclosed,Hyderabad,5.0,2  Reviews,3+ weeks ago,https://www.naukri.com/job-listings-enterprise-data-engineer-multicloud4u-technologies-hyderabad-3-to-7-years-070426501234
Data Engineer,Tezo,2-5 Yrs,Not Disclosed,Hyderabad,3.4,32  Reviews,3+ weeks ago,https://www.naukri.com/job-listings-data-engineer-technovert-solutions-hyderabad-2-to-5-years-050724501378
Data Engineer,Upsteer,2-4 Yrs,Not Disclosed,Hyderabad,N/A,N/A,3+ weeks ago,https://www.naukri.com/job-listings-data-engineer-upsteer-hyderabad-2-to-4-years-020323500028
Data Engineer,Barclaycard Payments,3-6 Yrs,Not Disclosed,Pune,3.8,1165  Reviews,3+ weeks ago,https://www.naukri.com/job-listings-data-engineer-barclaycard-payments-pune-3-to-6-years-281125505154
Data Engineer,Enfuse Solutions,5-10 Yrs,Not Disclosed,Mumbai,4.0,303  Reviews,3+ weeks ago,https://www.naukri.com/job-listings-data-engineer-enfuse-solutions-pvt-ltd-mumbai-5-to-10-years-270326501947
Data Engineer,Kanerika Software,3-8 Yrs,Not Disclosed,Hyderabad,4.2,186  Reviews,3+ weeks ago,https://www.naukri.com/job-listings-data-engineer-kanerika-software-hyderabad-3-to-8-years-240625505826
Data Engineer,Outsourcedwell,1-4 Yrs,Not Disclosed,Kolkata,N/A,N/A,3+ weeks ago,https://www.naukri.com/job-listings-data-engineer-outsourced-well-kolkata-1-to-4-years-191224503378
Data Engineer,Align Technology,8-13 Yrs,Not Disclosed,Hyderabad,2.9,82  Reviews,3+ weeks ago,https://www.naukri.com/job-listings-data-engineer-align-technology-hyderabad-8-to-13-years-190625502223
Data Engineer (Databricks),Sparix Global,8-11 Yrs,Not Disclosed,Noida,5.0,2  Reviews,3+ weeks ago,https://www.naukri.com/job-listings-data-engineer-databricks-sparix-global-private-limited-noida-8-to-11-years-080526501804
Data Engineer,Wallero Technologies,6-11 Yrs,Not Disclosed,Hyderabad,3.6,45  Reviews,3+ weeks ago,https://www.naukri.com/job-listings-data-engineer-wallero-technologies-hyderabad-6-to-11-years-080124501422
Data Engineer,We Remote Devs,4-8 Yrs,Not Disclosed,Kolkata,N/A,N/A,3+ weeks ago,https://www.naukri.com/job-listings-data-engineer-we-remote-devs-wrd-kolkata-4-to-8-years-071024500251
Customer Contact Comms Senior Analyst-Voice,Accenture,5-8 Yrs,Not Disclosed,Bengaluru,3.7,74541  Reviews,3 weeks ago,https://www.naukri.com/job-listings-customer-contact-comms-senior-analyst-voice-accenture-solutions-pvt-ltd-bengaluru-5-to-8-years-250526931067
Record To Report Ops Senior Analyst,Accenture,10-12 Yrs,Not Disclosed,Bengaluru,3.7,74541  Reviews,3+ weeks ago,https://www.naukri.com/job-listings-record-to-report-ops-senior-analyst-accenture-solutions-pvt-ltd-bengaluru-10-to-12-years-180526923037
Junior Data Engineer,Zyphra Tech Solutions Inc,N/A,Unpaid ,Hyderabad,N/A,N/A,Starts in 1-3 months,https://www.naukri.com/job-listings-junior-data-engineer-zyphra-tech-solutions-inc-hyderabad-0-to-2-years-160626502887
SAP FICO - Senior Analyst,Careernet,3-8 Yrs,Not Disclosed,"Hyderabad, Chennai, Bengaluru",N/A,N/A,2 weeks ago,https://www.naukri.com/job-listings-sap-fico-senior-analyst-careernet-hyderabad-chennai-bengaluru-3-to-8-years-290526010167
Analytics Senior Analyst,EY,2-5 Yrs,Not Disclosed,Bengaluru,3.4,14833  Reviews,3 weeks ago,https://www.naukri.com/job-listings-analytics-senior-analyst-ernst-young-llp-bengaluru-2-to-5-years-260526927186
Sr Quality Analyst(Non Tech role)-WFO-Full time- Bangalore,Amazon,1-4 Yrs,4.25-5.5 Lacs PA ,Bengaluru(Mahadevapura),3.9,31893  Reviews,3 weeks ago,https://www.naukri.com/job-listings-sr-quality-analyst-non-tech-role-wfo-full-time-bangalore-amazon-bengaluru-1-to-4-years-260526015980
I&F Decision Sci Practitioner Sr Analyst,Accenture,5-8 Yrs,Not Disclosed,Bengaluru,3.7,74541  Reviews,3 weeks ago,https://www.naukri.com/job-listings-i-f-decision-sci-practitioner-sr-analyst-accenture-solutions-pvt-ltd-bengaluru-5-to-8-years-250526930558
Senior Analyst - Supply Chain Planning Analytics,TE Connectivity,5-7 Yrs,Not Disclosed,Bengaluru,4.1,1357  Reviews,3 weeks ago,https://www.naukri.com/job-listings-senior-analyst-supply-chain-planning-analytics-te-connectivity-india-private-limited-bengaluru-5-to-7-years-200526941033
Analytics and Modeling Senior Analyst,Accenture,5-8 Yrs,Not Disclosed,Bengaluru,3.7,74541  Reviews,3+ weeks ago,https://www.naukri.com/job-listings-analytics-and-modeling-senior-analyst-accenture-solutions-pvt-ltd-bengaluru-5-to-8-years-190526921171
Delivery Operations Senior Analyst-Messaging,Accenture,5-8 Yrs,Not Disclosed,Mumbai,3.7,74541  Reviews,Few hours ago,https://www.naukri.com/job-listings-delivery-operations-senior-analyst-messaging-accenture-solutions-pvt-ltd-mumbai-5-to-8-years-160626927886
Delivery Operations Senior Analyst-Messaging,Accenture,5-8 Yrs,Not Disclosed,Mumbai,3.7,74541  Reviews,Few hours ago,https://www.naukri.com/job-listings-delivery-operations-senior-analyst-messaging-accenture-solutions-pvt-ltd-mumbai-5-to-8-years-160626927615
Senior Analyst - Operations Excellence,Microland,10-12 Yrs,Not Disclosed,Bengaluru,3.5,1958  Reviews,Few hours ago,https://www.naukri.com/job-listings-senior-analyst-operations-excellence-microland-limited-bengaluru-10-to-12-years-160626503583
Senior Analyst,eClerx,1-8 Yrs,Not Disclosed,Mumbai,3.1,6420  Reviews,Few hours ago,https://www.naukri.com/job-listings-senior-analyst-eclerx-services-ltd-mumbai-1-to-8-years-160626503285
Senior Reporting Analyst,Mondelez,4-10 Yrs,Not Disclosed,Mumbai,4.1,1309  Reviews,Today,https://www.naukri.com/job-listings-senior-reporting-analyst-mondelez-international-mumbai-4-to-10-years-160626500949
Procurement Practice Senior Analyst,Accenture,5-8 Yrs,Not Disclosed,Hyderabad,3.7,74541  Reviews,1 day ago,https://www.naukri.com/job-listings-procurement-practice-senior-analyst-accenture-solutions-pvt-ltd-hyderabad-5-to-8-years-150626930944
Marketing Engagement Senior Analyst,Accenture,5-8 Yrs,Not Disclosed,Mumbai,3.7,74541  Reviews,1 day ago,https://www.naukri.com/job-listings-marketing-engagement-senior-analyst-accenture-solutions-pvt-ltd-mumbai-5-to-8-years-150626929136
Media & Graphics Design Senior Analyst,Accenture,5-8 Yrs,Not Disclosed,Mumbai,3.7,74541  Reviews,1 day ago,https://www.naukri.com/job-listings-media-graphics-design-senior-analyst-accenture-solutions-pvt-ltd-mumbai-5-to-8-years-150626928807
Campaign Management Sr Analyst,Accenture,5-8 Yrs,Not Disclosed,Mumbai,3.7,74541  Reviews,1 day ago,https://www.naukri.com/job-listings-campaign-management-sr-analyst-accenture-solutions-pvt-ltd-mumbai-5-to-8-years-150626928727
Campaign Management Sr Analyst,Accenture,5-8 Yrs,Not Disclosed,Mumbai,3.7,74541  Reviews,1 day ago,https://www.naukri.com/job-listings-campaign-management-sr-analyst-accenture-solutions-pvt-ltd-mumbai-5-to-8-years-150626928725
Product Management Senior Analyst,Accenture,5-8 Yrs,Not Disclosed,Mumbai,3.7,74541  Reviews,1 day ago,https://www.naukri.com/job-listings-product-management-senior-analyst-accenture-solutions-pvt-ltd-mumbai-5-to-8-years-150626928724
Creative Production Senior Analyst,Accenture,6-11 Yrs,Not Disclosed,Mumbai,3.7,74541  Reviews,1 day ago,https://www.naukri.com/job-listings-creative-production-senior-analyst-accenture-solutions-pvt-ltd-mumbai-6-to-11-years-150626928308
Creative Production Senior Analyst,Accenture,5-10 Yrs,Not Disclosed,Mumbai,3.7,74541  Reviews,1 day ago,https://www.naukri.com/job-listings-creative-production-senior-analyst-accenture-solutions-pvt-ltd-mumbai-5-to-10-years-150626927573
I&F Decision Sci Practitioner Sr Analyst,Accenture,5-8 Yrs,Not Disclosed,Navi Mumbai,3.7,74541  Reviews,1 day ago,https://www.naukri.com/job-listings-i-f-decision-sci-practitioner-sr-analyst-accenture-solutions-pvt-ltd-navi-mumbai-5-to-8-years-150626927430
Measurement & Report Senior Analyst,Accenture,3-6 Yrs,Not Disclosed,Mumbai,3.7,74541  Reviews,1 day ago,https://www.naukri.com/job-listings-measurement-report-senior-analyst-accenture-solutions-pvt-ltd-mumbai-3-to-6-years-150626927123
Risk and Compliance Senior Analyst,Accenture,5-8 Yrs,Not Disclosed,Mumbai,3.7,74541  Reviews,1 day ago,https://www.naukri.com/job-listings-risk-and-compliance-senior-analyst-accenture-solutions-pvt-ltd-mumbai-5-to-8-years-150626926913
Risk and Compliance Senior Analyst,Accenture,5-8 Yrs,Not Disclosed,Mumbai,3.7,74541  Reviews,1 day ago,https://www.naukri.com/job-listings-risk-and-compliance-senior-analyst-accenture-solutions-pvt-ltd-mumbai-5-to-8-years-150626926910
I&F Decision Sci Practitioner Sr. Analyst,Accenture,2-4 Yrs,Not Disclosed,Navi Mumbai,3.7,74541  Reviews,1 day ago,https://www.naukri.com/job-listings-i-f-decision-sci-practitioner-sr-analyst-accenture-solutions-pvt-ltd-navi-mumbai-2-to-4-years-150626926347
Order To Cash Operations Senior Analyst,Accenture,5-10 Yrs,Not Disclosed,Gurugram,3.7,74541  Reviews,1 day ago,https://www.naukri.com/job-listings-order-to-cash-operations-senior-analyst-accenture-solutions-pvt-ltd-gurugram-5-to-10-years-150626925837
Order To Cash Operations Senior Analyst,Accenture,5-10 Yrs,Not Disclosed,Gurugram,3.7,74541  Reviews,1 day ago,https://www.naukri.com/job-listings-order-to-cash-operations-senior-analyst-accenture-solutions-pvt-ltd-gurugram-5-to-10-years-150626925830
Measurement & Report Senior Analyst,Accenture,5-8 Yrs,Not Disclosed,Noida,3.7,74541  Reviews,1 day ago,https://www.naukri.com/job-listings-measurement-report-senior-analyst-accenture-solutions-pvt-ltd-noida-5-to-8-years-150626923494
Creative Production Senior Analyst,Accenture,5-8 Yrs,Not Disclosed,Navi Mumbai,3.7,74541  Reviews,1 day ago,https://www.naukri.com/job-listings-creative-production-senior-analyst-accenture-solutions-pvt-ltd-navi-mumbai-5-to-8-years-150626916842
Marketing Platform Auto Senior Analyst,Accenture,5-8 Yrs,Not Disclosed,Navi Mumbai,3.7,74541  Reviews,1 day ago,https://www.naukri.com/job-listings-marketing-platform-auto-senior-analyst-accenture-solutions-pvt-ltd-navi-mumbai-5-to-8-years-150626916742
Senior Analyst,eClerx,1-8 Yrs,Not Disclosed,Mumbai,3.1,6420  Reviews,1 day ago,https://www.naukri.com/job-listings-senior-analyst-eclerx-services-ltd-mumbai-1-to-8-years-150626500143
Gen Ai-Sr Analyst,Evalueserve,2-5 Yrs,Not Disclosed,Bengaluru,3.0,1525  Reviews,3+ weeks ago,https://www.naukri.com/job-listings-gen-ai-sr-analyst-evalueserve-com-pvt-ltd-bengaluru-2-to-5-years-150526501138
Senior Analyst,eClerx,2-4 Yrs,Not Disclosed,Pune,3.1,6420  Reviews,Today,https://www.naukri.com/job-listings-senior-analyst-eclerx-pune-2-to-4-years-130426014681
Senior Compensation Analyst (Part Time Contractor),PSI Cro,3-6 Yrs,Not Disclosed,Bengaluru,1.6,2  Reviews,3+ weeks ago,https://www.naukri.com/job-listings-senior-compensation-analyst-part-time-contractor-psi-cro-bengaluru-3-to-6-years-110526503368
"Sr Executive - Data Operations, Ultra",Affle,0-8 Yrs,Not Disclosed,Gurugram,3.5,81  Reviews,3+ weeks ago,https://www.naukri.com/job-listings-sr-executive-data-operations-ultra-affle-gurugram-0-to-8-years-060526501845
Sr . Research Analyst,Myfollo,0-2 Yrs,Not Disclosed,Gurugram,4.0,3  Reviews,3+ weeks ago,https://www.naukri.com/job-listings-sr-research-analyst-myfollo-com-gurugram-0-to-2-years-210426502291
Analytics Senior Analyst,EY,2-5 Yrs,Not Disclosed,Bengaluru,3.4,14833  Reviews,3 weeks ago,https://www.naukri.com/job-listings-analytics-senior-analyst-ernst-young-bengaluru-2-to-5-years-200526500790
Campaign Management Sr Analyst,Accenture,5-10 Yrs,Not Disclosed,Bengaluru,3.7,74541  Reviews,3+ weeks ago,https://www.naukri.com/job-listings-campaign-management-sr-analyst-accenture-solutions-pvt-ltd-bengaluru-5-to-10-years-180526923683
Sr. FP&A Analyst,Acme Services,2-3 Yrs,Not Disclosed,Pune,N/A,N/A,3+ weeks ago,https://www.naukri.com/job-listings-sr-fp-a-analyst-acme-services-pune-2-to-3-years-080723500455
SOX Senior Financial Analyst,Hewlett Packard Enterprise,10-15 Yrs,Not Disclosed,Bengaluru,4.0,4678  Reviews,3+ weeks ago,https://www.naukri.com/job-listings-sox-senior-financial-analyst-hewlett-packard-enterprise-bengaluru-10-to-15-years-060326505242
Senior Lead Analyst - Varicent Configuration / Commissions,Thomson Reuters,4-9 Yrs,Not Disclosed,Bengaluru,3.7,1922  Reviews,3+ weeks ago,https://www.naukri.com/job-listings-senior-lead-analyst-varicent-configuration-commissions-thomson-reuters-india-pvt-ltd-bengaluru-4-to-9-years-020426505768
Senior Managed Services Analyst,Iqvia Biotech,2-5 Yrs,Not Disclosed,Bengaluru,3.4,23  Reviews,3+ weeks ago,https://www.naukri.com/job-listings-senior-managed-services-analyst-iqvia-biotech-bengaluru-2-to-5-years-011225501506
Human Capital Management-Bengaluru-Senior Analyst-Product Management,Goldman Sachs,2-4 Yrs,Not Disclosed,Bengaluru,3.3,1633  Reviews,3+ weeks ago,https://www.naukri.com/job-listings-human-capital-management-bengaluru-senior-analyst-product-management-goldman-sachs-bengaluru-2-to-4-years-010925503866
RPO COE - Analyst 168271,ADP Private Limited,3-5 Yrs,Not Disclosed,Pune,3.8,3896  Reviews,3 weeks ago,https://www.naukri.com/job-listings-rpo-coe-analyst-168271-adp-pvt-ltd-pune-3-to-5-years-200526504087
Analyst BA_Customer Insights,Lowes Services India Private limited,3-4 Yrs,Not Disclosed,Bengaluru,4.0,994  Reviews,1 week ago,https://www.naukri.com/job-listings-analyst-ba-customer-insights-lowes-services-india-private-limited-bengaluru-3-to-4-years-030626502927
Data Analytics Executive,Voltas,0-4 Yrs,Not Disclosed,Mumbai,4.0,2668  Reviews,3+ weeks ago,https://www.naukri.com/job-listings-data-analytics-executive-voltas-limited-mumbai-0-to-4-years-240326506685
Port Analyst,Crisil,8-15 Yrs,Not Disclosed,Mumbai,3.5,1966  Reviews,3+ weeks ago,https://www.naukri.com/job-listings-port-analyst-crisil-mumbai-8-to-15-years-220825500458
Analyst,Centrum,1-5 Yrs,Not Disclosed,Hyderabad,3.1,17  Reviews,3+ weeks ago,https://www.naukri.com/job-listings-analyst-centrum-infratech-india-private-limited-hyderabad-1-to-5-years-220426502619
Credit Analyst,Crisil,0-2 Yrs,Not Disclosed,Pune,3.5,1966  Reviews,3+ weeks ago,https://www.naukri.com/job-listings-credit-analyst-crisil-pune-0-to-2-years-150526502561
Social Sector Analyst,Crisil,4-6 Yrs,Not Disclosed,Mumbai,3.5,1966  Reviews,3+ weeks ago,https://www.naukri.com/job-listings-social-sector-analyst-crisil-mumbai-4-to-6-years-020525501778
GCP Senior Data Lead / Data Scientist,HCLTech,7-12 Yrs,Not Disclosed,Hyderabad,3.4,46613  Reviews,1 week ago,https://www.naukri.com/job-listings-gcp-senior-data-lead-data-scientist-hcltech-hyderabad-7-to-12-years-260526025740
Sr Principal Data Scientist,GE VERNOVA,12-17 Yrs,Not Disclosed,"Hyderabad, Bengaluru",4.1,1517  Reviews,Few hours ago,https://www.naukri.com/job-listings-sr-principal-data-scientist-ge-renewable-energy-technologies-private-limited-hyderabad-bengaluru-12-to-17-years-160626928199
Senior Data Scientist - Agentic AI & LLMs,US MNC (analytics),4-9 Yrs,20-35 Lacs PA ,"Hybrid - Gurugram, Bengaluru, Delhi / NCR",N/A,N/A,1 day ago,https://www.naukri.com/job-listings-senior-data-scientist-agentic-ai-llms-aspyra-hr-services-gurugram-bengaluru-delhi-ncr-4-to-9-years-150626002106
Senior Data Scientist - Generative AI (LLM/RAG),US MNC (analytics),5-10 Yrs,20-35 Lacs PA ,"Hybrid - Gurugram, Bengaluru, Delhi / NCR",N/A,N/A,1 day ago,https://www.naukri.com/job-listings-senior-data-scientist-generative-ai-llm-rag-aspyra-hr-services-gurugram-bengaluru-delhi-ncr-5-to-10-years-150626002091
Sr Data Scientist,Here Technologies,5-10 Yrs,Not Disclosed,Mumbai,3.8,1610  Reviews,1 week ago,https://www.naukri.com/job-listings-sr-data-scientist-here-mumbai-5-to-10-years-090626502445
Senior Data Scientist,Kantar,3-8 Yrs,10-15 Lacs PA ,Hyderabad,3.4,85  Reviews,2 weeks ago,https://www.naukri.com/job-listings-senior-data-scientist-kantar-hyderabad-3-to-8-years-020626023861
Sr Data Scientist,Proofpoint,10-15 Yrs,Not Disclosed,Bengaluru,4.2,25  Reviews,Few hours ago,https://www.naukri.com/job-listings-sr-data-scientist-proofpoint-bengaluru-10-to-15-years-160626504204
Sr Principal Data Scientist,Smart,14-19 Yrs,Not Disclosed,Bengaluru,3.7,21  Reviews,Today,https://www.naukri.com/job-listings-sr-principal-data-scientist-smart-bengaluru-14-to-19-years-160626500886
"Senior Data Scientist, Fraud Risk Strategy & Analytics",Applied Data Finance,4-7 Yrs,Not Disclosed,"Chennai, Bengaluru, Delhi / NCR",4.3,85  Reviews,1 day ago,https://www.naukri.com/job-listings-senior-data-scientist-fraud-risk-strategy-analytics-applied-data-finance-chennai-bengaluru-delhi-ncr-4-to-7-years-150626918421
Senior Data Scientist,Applied Data Finance,4-6 Yrs,Not Disclosed,"Chennai, Bengaluru, Delhi / NCR",4.3,85  Reviews,1 day ago,https://www.naukri.com/job-listings-senior-data-scientist-applied-data-finance-chennai-bengaluru-delhi-ncr-4-to-6-years-150626918420
"Senior Data Scientist, Fraud Risk Strategy & Analytics",Applied Data Finance,4-9 Yrs,Not Disclosed,"Chennai, Bengaluru, Delhi / NCR",4.3,85  Reviews,1 day ago,https://www.naukri.com/job-listings-senior-data-scientist-fraud-risk-strategy-analytics-applied-data-finance-chennai-bengaluru-delhi-ncr-4-to-9-years-150626918095
Senior Data Scientist,Applied Data Finance,4-9 Yrs,Not Disclosed,"Chennai, Bengaluru, Delhi / NCR",4.3,85  Reviews,1 day ago,https://www.naukri.com/job-listings-senior-data-scientist-applied-data-finance-chennai-bengaluru-delhi-ncr-4-to-9-years-150626918092
Senior Data Scientist,WIPRO GE HEALTHCARE PRIVATE LIMITED,4-9 Yrs,Not Disclosed,Bengaluru,3.8,1629  Reviews,1 day ago,https://www.naukri.com/job-listings-senior-data-scientist-wipro-ge-healthcare-private-limited-bengaluru-4-to-9-years-150626501105
Senior Data Scientist,WIPRO GE HEALTHCARE PRIVATE LIMITED,4-10 Yrs,Not Disclosed,Bengaluru,3.8,1629  Reviews,1 day ago,https://www.naukri.com/job-listings-senior-data-scientist-wipro-ge-healthcare-private-limited-bengaluru-4-to-10-years-150626501005
Senior Staff Data Scientist,WIPRO GE HEALTHCARE PRIVATE LIMITED,5-8 Yrs,Not Disclosed,Bengaluru,3.8,1629  Reviews,1 day ago,https://www.naukri.com/job-listings-senior-staff-data-scientist-wipro-ge-healthcare-private-limited-bengaluru-5-to-8-years-150626500975
Senior Data Scientist,Ascentforce Services Private Limited,5-7 Yrs,35-40 Lacs PA ,Remote,N/A,N/A,1 day ago,https://www.naukri.com/job-listings-senior-data-scientist-ascentforce-services-chennai-5-to-7-years-150626008706
Senior Data Scientist,Ecolab Global Services,3-7 Yrs,Not Disclosed,Bengaluru,3.4,234  Reviews,1 week ago,https://www.naukri.com/job-listings-senior-data-scientist-ecolab-global-services-private-limited-bengaluru-3-to-7-years-080626934268
Senior Data Scientist,Paytm,2-7 Yrs,Not Disclosed,Gurugram,3.2,9456  Reviews,1 week ago,https://www.naukri.com/job-listings-senior-data-scientist-one97-communications-limited-gurugram-2-to-7-years-080626933451
Senior Data Scientist,Tiger Analytics,5-9 Yrs,Not Disclosed,"Hybrid - Hyderabad, Chennai, Bengaluru",3.7,1007  Reviews,1 week ago,https://www.naukri.com/job-listings-senior-data-scientist-tiger-analytics-hyderabad-chennai-bengaluru-5-to-9-years-080626036674
Senior Data Scientist,Indium Global Services,8-11 Yrs,Not Disclosed,Bengaluru,N/A,N/A,1 week ago,https://www.naukri.com/job-listings-senior-data-scientist-indium-global-services-pvt-ltd-bengaluru-8-to-11-years-050626502761
Sr Data Scientist,Baxter,8-13 Yrs,Not Disclosed,Gurugram,3.8,840  Reviews,1 week ago,https://www.naukri.com/job-listings-sr-data-scientist-baxter-india-pvt-ltd-gurugram-8-to-13-years-030626504212
Senior Data Scientist,Baxter,8-13 Yrs,Not Disclosed,Gurugram,3.8,840  Reviews,1 week ago,https://www.naukri.com/job-listings-senior-data-scientist-baxter-india-pvt-ltd-gurugram-8-to-13-years-030626504167
Senior Data Scientist,Grid Dynamics,5-10 Yrs,Not Disclosed,"Hyderabad, Bengaluru",3.1,116  Reviews,2 weeks ago,https://www.naukri.com/job-listings-senior-data-scientist-grid-dynamics-private-limited-hyderabad-bengaluru-5-to-10-years-010626922772
Senior Data & AI Scientist,Lloyds Technology Centre India,7-14 Yrs,Not Disclosed,Hyderabad,3.5,268  Reviews,2 weeks ago,https://www.naukri.com/job-listings-senior-data-ai-scientist-lloyds-technology-centre-india-hyderabad-7-to-14-years-010626505066
JUNIOR FINANCIAL ANALYST,Right Horizons,0-2 Yrs,Not Disclosed,Bengaluru,3.2,9  Reviews,3+ weeks ago,https://www.naukri.com/job-listings-junior-financial-analyst-right-horizond-advisory-bengaluru-0-to-2-years-250825505182
Junior Research Analyst,Iris Consultants,0-3 Yrs,Not Disclosed,Bengaluru,1.3,4  Reviews,3+ weeks ago,https://www.naukri.com/job-listings-junior-research-analyst-iris-consultancy-services-bengaluru-0-to-3-years-240426501610
Data Scientist-Artificial Intelligence,IBM,8-10 Yrs,Not Disclosed,Bangalore Rural,3.9,26038  Reviews,6 days ago,https://www.naukri.com/job-listings-data-scientist-artificial-intelligence-ibm-bangalore-rural-8-to-10-years-100626017133
Data Scientist-Artificial Intelligence,IBM,8-10 Yrs,Not Disclosed,Bangalore Rural,3.9,26038  Reviews,6 days ago,https://www.naukri.com/job-listings-data-scientist-artificial-intelligence-ibm-bangalore-rural-8-to-10-years-100626017007
Data Scientist-Artificial Intelligence,IBM,7-9 Yrs,Not Disclosed,Bangalore Rural,3.9,26038  Reviews,1 week ago,https://www.naukri.com/job-listings-data-scientist-artificial-intelligence-ibm-bangalore-rural-7-to-9-years-090626023322
Data Scientist,Bahwan CyberTek,4-6 Yrs,Not Disclosed,Chennai,3.3,721  Reviews,2 weeks ago,https://www.naukri.com/job-listings-data-scientist-bahwan-cybertek-chennai-4-to-6-years-270526501773
Data Scientist,Colgate-Palmolive (India),2-6 Yrs,Not Disclosed,Mumbai,4.0,1016  Reviews,3 weeks ago,https://www.naukri.com/job-listings-data-scientist-colgate-palmolive-india-mumbai-2-to-6-years-260526501169
Lead Data Scientist- Gen AI,Fractal Analytics,10-16 Yrs,Not Disclosed,"Pune, Bengaluru, Delhi / NCR",4.0,1065  Reviews,5 days ago,https://www.naukri.com/job-listings-lead-data-scientist-gen-ai-fractal-analytics-pune-bengaluru-delhi-ncr-10-to-16-years-221025022765
Talent Pool-FP&A-Data Scientist/Analytics Specialist,ABB,3-6 Yrs,Not Disclosed,Bengaluru,4.0,3452  Reviews,1 day ago,https://www.naukri.com/job-listings-talent-pool-fp-a-data-scientist-analytics-specialist-abb-india-limited-bengaluru-3-to-6-years-150626922232
Data Scientist-Artificial Intelligence,IBM,3-7 Yrs,Not Disclosed,Bengaluru,3.9,26038  Reviews,4 days ago,https://www.naukri.com/job-listings-data-scientist-artificial-intelligence-ibm-india-pvt-limited-bengaluru-3-to-7-years-120626917789
Advanced Data Scientist,Sparta Systems,6-11 Yrs,Not Disclosed,Hyderabad,4.1,13  Reviews,4 days ago,https://www.naukri.com/job-listings-advanced-data-scientist-spartasystems-hyderabad-6-to-11-years-120626503594
Data Scientist,Webmd Guru,2-5 Yrs,Not Disclosed,Mumbai,N/A,N/A,5 days ago,https://www.naukri.com/job-listings-data-scientist-webmd-mumbai-2-to-5-years-110626501721
Data Scientist,eLabs Infotech,5-10 Yrs,Not Disclosed,"Hyderabad, Bengaluru",N/A,N/A,5 days ago,https://www.naukri.com/job-listings-data-scientist-elabs-infotech-hyderabad-bengaluru-5-to-10-years-110626015889
Data Scientist Engineer,Kosqu Technolabs,2-5 Yrs,Not Disclosed,Navi Mumbai,N/A,N/A,1 week ago,https://www.naukri.com/job-listings-data-scientist-engineer-kosqu-technolabs-navi-mumbai-2-to-5-years-090626503362
Data Scientist,Brilworks,3-7 Yrs,Not Disclosed,Ahmedabad,4.1,54  Reviews,1 week ago,https://www.naukri.com/job-listings-data-scientist-brilworks-ahmedabad-3-to-7-years-090626503232
Data Scientist,Genpact,8-12 Yrs,15-25 Lacs PA ,"Hybrid - Hyderabad, Gurugram, Bengaluru",3.6,42987  Reviews,1 week ago,https://www.naukri.com/job-listings-data-scientist-genpact-hyderabad-gurugram-bengaluru-8-to-12-years-090626026692
Senior Business Analyst,Payswiff Solutions,2-5 Yrs,Not Disclosed,Hyderabad(Banjara hills),3.8,6779  Reviews,2 weeks ago,https://www.naukri.com/job-listings-senior-business-analyst-payswiff-solutions-hyderabad-2-to-5-years-290825019540
Senior Business Analyst,Zynofus Technologies,4-9 Yrs,Not Disclosed,Chennai,4.4,12  Reviews,3+ weeks ago,https://www.naukri.com/job-listings-senior-business-analyst-zynofus-technologies-chennai-4-to-9-years-290725501729
Senior Business Intelligence Analyst,Fiducive Tech,4-9 Yrs,Not Disclosed,Remote,5.0,3  Reviews,2 weeks ago,https://www.naukri.com/job-listings-senior-business-intelligence-analyst-fiducive-tech-pvt-ltd-gurugram-4-to-9-years-280526028958
Senior Business Analyst / Solution Lead (ERP & Custom Software),Geotechnosoft,5-10 Yrs,Not Disclosed,Noida,3.6,18  Reviews,3+ weeks ago,https://www.naukri.com/job-listings-senior-business-analyst-solution-lead-erp-custom-software-geotechnosoft-noida-5-to-10-years-270426500461
Senior Business Analyst,Dentsu Webchutney,1-2 Yrs,Not Disclosed,Pune,2.9,32  Reviews,3 weeks ago,https://www.naukri.com/job-listings-senior-business-analyst-dentsu-inc-pune-1-to-2-years-260526502010
Data Scientist,Jesper Apps Software Services,0-4 Yrs,Not Disclosed,"Hosur, Bengaluru",3.4,12  Reviews,3 weeks ago,https://www.naukri.com/job-listings-data-scientist-jesper-apps-software-services-hosur-bengaluru-0-to-4-years-260526031115
Sr. Associate Business Analyst,Amgen Inc,5-8 Yrs,Not Disclosed,Hyderabad,2.8,166  Reviews,3 weeks ago,https://www.naukri.com/job-listings-sr-associate-business-analyst-amgen-inc-hyderabad-5-to-8-years-250526935198
"Senior Associate, R&D Business Analysis",Amgen Inc,3-5 Yrs,Not Disclosed,Hyderabad,2.8,166  Reviews,3 weeks ago,https://www.naukri.com/job-listings-senior-associate-r-d-business-analysis-amgen-inc-hyderabad-3-to-5-years-250526935152
"Senior Analyst/Consultant, Business Consulting",ExpertLancing,2-5 Yrs,Not Disclosed,Gurugram,3.2,50  Reviews,3+ weeks ago,https://www.naukri.com/job-listings-senior-analyst-consultant-business-consulting-expertlancing-gurugram-2-to-5-years-240426500620
Senior Business Financial Analyst,Viavi Solutions,1-5 Yrs,Not Disclosed,Pune,3.2,75  Reviews,3+ weeks ago,https://www.naukri.com/job-listings-senior-business-financial-analyst-viavi-solutions-india-private-limited-pune-1-to-5-years-231225503796
Senior Business Analyst,Quadratyx,5-7 Yrs,Not Disclosed,Chennai,2.7,10  Reviews,3 weeks ago,https://www.naukri.com/job-listings-senior-business-analyst-quadratyx-chennai-5-to-7-years-220526918558
Data Scientist,Maruti Suzuki,4-7 Yrs,Not Disclosed,Gurugram,4.1,9634  Reviews,3+ weeks ago,https://www.naukri.com/job-listings-data-scientist-maruti-suzuki-india-limited-gurugram-4-to-7-years-211125502674
Senior Business Analyst,Sanofi,4-9 Yrs,Not Disclosed,Hyderabad,4.0,1611  Reviews,3 weeks ago,https://www.naukri.com/job-listings-senior-business-analyst-sanofi-healthcare-india-private-limited-hyderabad-4-to-9-years-210526923532
Sr. Business Analyst,Makro Group,5-6 Yrs,Not Disclosed,"Hyderabad, Madhapur",4.8,10  Reviews,3 weeks ago,https://www.naukri.com/job-listings-sr-business-analyst-makro-group-hyderabad-madhapur-5-to-6-years-200526916348
Senior Business Analyst,Citrus Informatics,2-15 Yrs,Not Disclosed,Kochi,4.4,80  Reviews,3+ weeks ago,https://www.naukri.com/job-listings-senior-business-analyst-citrus-informatics-india-pvt-ltd-kochi-2-to-15-years-181223500692
Business Analysis Senior Associate,Dtcc,5-10 Yrs,Not Disclosed,"Hyderabad, Chennai",3.7,113  Reviews,3+ weeks ago,https://www.naukri.com/job-listings-business-analysis-senior-associate-dtcc-hyderabad-chennai-5-to-10-years-180526917656
Senior Business Analyst,Brill Infosystems,1-2 Yrs,Not Disclosed,Mohali,4.2,4  Reviews,3+ weeks ago,https://www.naukri.com/job-listings-senior-business-analyst-brill-infosystems-pvt-ltd-mohali-1-to-2-years-180226502929
Senior Business Analyst,Radiant Digital Solutions,7-12 Yrs,Not Disclosed,Chennai,3.3,33  Reviews,3 weeks ago,https://www.naukri.com/job-listings-senior-business-analyst-radiant-digital-solutions-chennai-7-to-12-years-170426024552
Data Scientist/ML Engineer - India,Pursuit Software Development,5-10 Yrs,Not Disclosed,Kolkata,2.8,63  Reviews,3+ weeks ago,https://www.naukri.com/job-listings-data-scientist-ml-engineer-india-pursuit-software-development-pvt-ltd-kolkata-5-to-10-years-161024502194
Data Scientist,Ujjivan Small Finance Bank,3-8 Yrs,Not Disclosed,Bengaluru,4.0,7749  Reviews,1 day ago,https://www.naukri.com/job-listings-data-scientist-ujjivan-financial-services-ltd-bengaluru-3-to-8-years-150626920916
Sr Growth Analyst (Bus Business) (OTA and Pricing),Crossing Hurdles,2-7 Yrs,Not Disclosed,Hyderabad,N/A,N/A,3+ weeks ago,https://www.naukri.com/job-listings-sr-growth-analyst-bus-business-ota-and-pricing-crossing-hurdles-hyderabad-2-to-7-years-150526011547
Senior Business Analyst/Lead,Lognormal Analytics,4-8 Yrs,Not Disclosed,Hyderabad,3.6,9  Reviews,3+ weeks ago,https://www.naukri.com/job-listings-senior-business-analyst-lead-lognormal-analytics-private-limited-hyderabad-4-to-8-years-141124505356
Sr. Tech Business Analyst,Syneos Health,5-10 Yrs,Not Disclosed,Hyderabad,3.6,838  Reviews,3+ weeks ago,https://www.naukri.com/job-listings-sr-tech-business-analyst-syneos-health-hyderabad-5-to-10-years-130526502167
Executive II - Quality Analyst (Field Audit),Navi Technologies,0-4 Yrs,Not Disclosed,Jaipur,3.1,385  Reviews,4 days ago,https://www.naukri.com/job-listings-executive-ii-quality-analyst-field-audit-navi-technologies-jaipur-0-to-4-years-120626021865
GCP Data Scientist || PAN India || 6+ years,Capgemini,6-9 Yrs,Not Disclosed,"Hybrid - Chennai, Bengaluru, Delhi / NCR",3.6,54214  Reviews,5 days ago,https://www.naukri.com/job-listings-gcp-data-scientist-pan-india-6-years-capgemini-chennai-bengaluru-delhi-ncr-6-to-9-years-110626021064
Senior Business Analyst,Saras Analytics,3-6 Yrs,Not Disclosed,Hyderabad,3.7,65  Reviews,3+ weeks ago,https://www.naukri.com/job-listings-senior-business-analyst-saras-analytics-hyderabad-3-to-6-years-110225507081
Full-Stack Data Scientist (Modeling + ML Engineering),TE Connectivity,4-7 Yrs,Not Disclosed,Bengaluru,4.1,1357  Reviews,6 days ago,https://www.naukri.com/job-listings-full-stack-data-scientist-modeling-ml-engineering-te-connectivity-india-private-limited-bengaluru-4-to-7-years-100626936252
"Data Scientist II, Product Analytics",Expedia,2-4 Yrs,Not Disclosed,Bengaluru,3.6,385  Reviews,6 days ago,https://www.naukri.com/job-listings-data-scientist-ii-product-analytics-expedia-group-bengaluru-2-to-4-years-100626500649
Data Scientist - Gen AI,Fractal Analytics,3-5 Yrs,Not Disclosed,Bengaluru,4.0,1065  Reviews,6 days ago,https://www.naukri.com/job-listings-data-scientist-gen-ai-fractal-analytics-ltd-bengaluru-3-to-5-years-100626500245
Data Scientist,eLabs Infotech,5-8 Yrs,Not Disclosed,"Hyderabad, Bengaluru",N/A,N/A,6 days ago,https://www.naukri.com/job-listings-data-scientist-elabs-infotech-hyderabad-bengaluru-5-to-8-years-100626033773
Data Scientist AIML virtual 13th june D&A,Tata Consultancy Services,5-8 Yrs,Not Disclosed,"Chennai, Bengaluru, Mumbai (All Areas)",3.3,115896  Reviews,6 days ago,https://www.naukri.com/job-listings-data-scientist-aiml-virtual-13th-june-d-a-tata-consultancy-services-chennai-bengaluru-mumbai-all-areas-5-to-8-years-100626010629
Data Scientist,Pivot Human Capital,5-6 Yrs,Not Disclosed,Mumbai,N/A,N/A,3+ weeks ago,https://www.naukri.com/job-listings-data-scientist-pivot-human-capital-mumbai-5-to-6-years-100524501577
Data Scientist - Predictive Intelligence (Sensor Fusion & Time Series),Pump Academy,8-12 Yrs,Not Disclosed,Bengaluru(Old Airport Road),4.1,6  Reviews,1 week ago,https://www.naukri.com/job-listings-data-scientist-predictive-intelligence-sensor-fusion-time-series-pump-academy-bengaluru-8-to-12-years-090626023287
Data Scientist Azure AI Platform,Globex People,4-8 Yrs,Not Disclosed,Hyderabad,N/A,N/A,3+ weeks ago,https://www.naukri.com/job-listings-data-scientist-azure-ai-platform-globex-people-hyderabad-4-to-8-years-060226506247
Senior Business Analyst (SAS & SQL),Top-Rated Financial Service Company,2-7 Yrs,22.5-35 Lacs PA ,Remote,N/A,N/A,1 week ago,https://www.naukri.com/job-listings-senior-business-analyst-sas-sql-khushboo-hyderabad-2-to-7-years-050626008232
Senior Business Analyst,Mufg Pension & Market Services,2-6 Yrs,Not Disclosed,Mulshi,3.5,102  Reviews,3+ weeks ago,https://www.naukri.com/job-listings-senior-business-analyst-mufg-pension-market-services-mulshi-2-to-6-years-311025508139
Senior Business Analyst,Mufg Pension & Market Services,2-6 Yrs,Not Disclosed,Pune,3.5,102  Reviews,3+ weeks ago,https://www.naukri.com/job-listings-senior-business-analyst-mufg-pension-market-services-pune-2-to-6-years-311025508138
Senior Business Analyst,Cloud Counselage,3-7 Yrs,Not Disclosed,Mumbai,4.6,38  Reviews,3+ weeks ago,https://www.naukri.com/job-listings-senior-business-analyst-cloud-counselage-pvt-ltd-mumbai-3-to-7-years-301225507822
Sr. Business Analyst,Crest Coder,4-9 Yrs,Not Disclosed,Ahmedabad,4.1,2  Reviews,3+ weeks ago,https://www.naukri.com/job-listings-sr-business-analyst-crest-coder-ahmedabad-4-to-9-years-301025503812
Senior Investment / Business Analyst (Capital Markets ),Landytech India,3-8 Yrs,Not Disclosed,Pune,3.1,9  Reviews,3+ weeks ago,https://www.naukri.com/job-listings-senior-investment-business-analyst-capital-markets-landytech-pune-3-to-8-years-300725504029
Sr.Business Analyst (Domain : Property casualty),Allies Business Hub,5-10 Yrs,Not Disclosed,Ahmedabad,4.9,5  Reviews,3+ weeks ago,https://www.naukri.com/job-listings-sr-business-analyst-domain-property-casualty-allies-business-hub-ahmedabad-5-to-10-years-270923501670
Sr Business Analyst - US Health Care industry - Chennai / Coimbatore,teamplus staffing solution,5-10 Yrs,10-20 Lacs PA ,"Chennai(Thoraipakkam), Coimbatore(Saravanampatti )",N/A,N/A,2 weeks ago,https://www.naukri.com/job-listings-sr-business-analyst-us-health-care-industry-chennai-coimbatore-teamplus-staffing-solution-chennai-coimbatore-5-to-10-years-270526027732
Senior Business Analyst,Openeyes Software Solutions,4-8 Yrs,Not Disclosed,Vadodara,2.1,9  Reviews,3+ weeks ago,https://www.naukri.com/job-listings-senior-business-analyst-openeyes-software-solutions-pvt-ltd-vadodara-4-to-8-years-270423500774
Jr & Sr Business Analyst,Arthan,4-10 Yrs,Not Disclosed,Shillong,3.2,9  Reviews,3+ weeks ago,https://www.naukri.com/job-listings-jr-sr-business-analyst-arthan-shillong-4-to-10-years-251125507379
Senior Business Analyst,Barclaycard Payments,8-13 Yrs,Not Disclosed,Pune,3.8,1165  Reviews,3+ weeks ago,https://www.naukri.com/job-listings-senior-business-analyst-barclaycard-payments-pune-8-to-13-years-230925507755
Business Analyst & Sr Business Analyst,Molecularit,3-8 Yrs,Not Disclosed,Hyderabad,3.2,5  Reviews,3 weeks ago,https://www.naukri.com/job-listings-business-analyst-sr-business-analyst-molecularit-hyderabad-3-to-8-years-210526504345
Senior Business Analyst,360DigiTMG,3-8 Yrs,Not Disclosed,Hyderabad,4.1,108  Reviews,3+ weeks ago,https://www.naukri.com/job-listings-senior-business-analyst-360digitmg-hyderabad-3-to-8-years-180825503047
Senior Business Analyst,Satva Solutions,8-13 Yrs,Not Disclosed,Ahmedabad,3.4,29  Reviews,3+ weeks ago,https://www.naukri.com/job-listings-senior-business-analyst-satva-solutions-ahmedabad-8-to-13-years-171125503670
Sr . Business Analyst,Humanebits,8-10 Yrs,Not Disclosed,Pune,4.4,31  Reviews,3+ weeks ago,https://www.naukri.com/job-listings-sr-business-analyst-humane-business-intelligence-technology-solutions-pune-8-to-10-years-131125503749
MIS Analyst,Rapsys Tech Solutions,0-2 Yrs,Not Disclosed,Mumbai,N/A,N/A,3+ weeks ago,https://www.naukri.com/job-listings-mis-analyst-rapsys-tech-solutions-pvt-ltd-mumbai-0-to-2-years-130126501506
Senior Business Analyst,Fleet Management,5-10 Yrs,Not Disclosed,Mumbai,3.9,210  Reviews,3+ weeks ago,https://www.naukri.com/job-listings-senior-business-analyst-fleet-management-mumbai-5-to-10-years-120226503966
Senior Consultant Technical Business Analyst,Acrotrend Solutions,8-12 Yrs,Not Disclosed,Mumbai,1.9,14  Reviews,3+ weeks ago,https://www.naukri.com/job-listings-senior-consultant-technical-business-analyst-acrotrend-mumbai-8-to-12-years-111223501261
Sr . Business Analyst,Serpent Consulting Services,3-6 Yrs,Not Disclosed,Ahmedabad,4.8,13  Reviews,3+ weeks ago,https://www.naukri.com/job-listings-sr-business-analyst-serpent-consulting-services-ahmedabad-3-to-6-years-100524501613
Senior Business Analyst,Quadrytrix,5-8 Yrs,Not Disclosed,Hyderabad,2.7,10  Reviews,3+ weeks ago,https://www.naukri.com/job-listings-senior-business-analyst-quadrytrix-hyderabad-5-to-8-years-030221500103
Business Analyst - AI / ML,Tredence,5-10 Yrs,18-33 Lacs PA ,"Hybrid - Pune, Chennai, Bengaluru",3.3,729  Reviews,2 weeks ago,https://www.naukri.com/job-listings-business-analyst-ai-ml-tredence-pune-chennai-bengaluru-5-to-10-years-280526025949
Business Intelligence Analyst,Wolters Kluwer - Medknow Publications,4-5 Yrs,Not Disclosed,Pune,N/A,N/A,3+ weeks ago,https://www.naukri.com/job-listings-business-intelligence-analyst-wolters-kluwer-medknow-publications-pune-4-to-5-years-270326504760
Business Analyst,Useready,6-11 Yrs,Not Disclosed,Bengaluru,3.1,106  Reviews,1 week ago,https://www.naukri.com/job-listings-business-analyst-useready-technology-bengaluru-6-to-11-years-040626501129
Business Finance and Operations Analyst,Thermo Fisher Scientific,3-7 Yrs,Not Disclosed,Mumbai,3.8,1075  Reviews,2 weeks ago,https://www.naukri.com/job-listings-business-finance-and-operations-analyst-thermo-fisher-scientific-india-pvt-ltd-mumbai-3-to-7-years-270526502535
Lead Business Analyst,Cvent,8-13 Yrs,Not Disclosed,Gurugram,3.2,594  Reviews,3+ weeks ago,https://www.naukri.com/job-listings-lead-business-analyst-cvent-india-pvt-ltd-gurugram-8-to-13-years-240426503508
Business Intelligence Analyst,Rentokil Initial,1-2 Yrs,Not Disclosed,Thane,3.5,725  Reviews,3 weeks ago,https://www.naukri.com/job-listings-business-intelligence-analyst-rentokil-initial-thane-1-to-2-years-200526500965
Business Analyst (Deputy Manager),Arcelormittal,7-10 Yrs,7-12 Lacs PA ,"Gandhinagar, Ahmedabad",4.0,587  Reviews,3+ weeks ago,https://www.naukri.com/job-listings-business-analyst-deputy-manager-arcelormittal-gandhinagar-ahmedabad-7-to-10-years-190526016814
ESaaS - SFDC - Business Function Analysis Professional,Zensar,6-9 Yrs,Not Disclosed,Hyderabad,3.7,3030  Reviews,3+ weeks ago,https://www.naukri.com/job-listings-esaas-sfdc-business-function-analysis-professional-zensar-technologies-hyderabad-6-to-9-years-150526503244
Technical Business Analyst,Freecharge,3-5 Yrs,Not Disclosed,"Hybrid - Gurugram, Delhi / NCR",3.7,452  Reviews,5 days ago,https://www.naukri.com/job-listings-technical-business-analyst-freecharge-gurugram-delhi-ncr-3-to-5-years-110626025332
Business Analyst,Yash Technologies,8-10 Yrs,Not Disclosed,Gurugram,3.6,2044  Reviews,3+ weeks ago,https://www.naukri.com/job-listings-business-analyst-yash-technologies-gurugram-8-to-10-years-110526504949
Business Analyst,Newgen,4-7 Yrs,Not Disclosed,Pune,4.1,2414  Reviews,6 days ago,https://www.naukri.com/job-listings-business-analyst-newgen-pune-4-to-7-years-100626030272
Senior Software Engineer-Master Data Management (MDM) Informatica IDMC,Wells Fargo,4-9 Yrs,Not Disclosed,Bengaluru,3.6,8839  Reviews,1 week ago,https://www.naukri.com/job-listings-senior-software-engineer-master-data-management-mdm-informatica-idmc-wells-fargo-international-solutions-private-ltd-bengaluru-4-to-9-years-080626912095
Business Analyst,Deloitte Shared Services India,3-8 Yrs,Not Disclosed,"Hybrid - Bengaluru, Delhi / NCR, Mumbai (All Areas)",3.6,23638  Reviews,1 week ago,https://www.naukri.com/job-listings-business-analyst-deloitte-shared-services-india-bengaluru-delhi-ncr-mumbai-all-areas-3-to-8-years-060626008571
Reinsurance Business Analyst,Iflow,6-10 Yrs,Not Disclosed,"Hubli, Mangaluru, Mysuru, Bengaluru, Belgaum",4.7,6  Reviews,1 week ago,https://www.naukri.com/job-listings-reinsurance-business-analyst-iflow-hubli-mangaluru-mysuru-bengaluru-belgaum-6-to-10-years-050626503317
Business Analyst,Premium Aerotec,3-7 Yrs,Not Disclosed,Bengaluru,N/A,N/A,1 week ago,https://www.naukri.com/job-listings-business-analyst-aerotec-bengaluru-3-to-7-years-040626503185
Senior Member Technical Staff (Data + Backend),Nielsen Sports,8-10 Yrs,Not Disclosed,Bengaluru,3.8,224  Reviews,1 week ago,https://www.naukri.com/job-listings-senior-member-technical-staff-data-backend-nielsen-sports-bengaluru-8-to-10-years-040626502225
IN-Senior Associate_ Data Engineering_ Data & Analytics _ Advisory,PwC Service Delivery Center,5-8 Yrs,Not Disclosed,Bengaluru,3.3,12897  Reviews,1 week ago,https://www.naukri.com/job-listings-in-senior-associate-data-engineering-data-analytics-advisory-pricewaterhouse-coopers-service-delivery-center-kolkata-bengaluru-5-to-8-years-040626501585
Business Analyst -Life Asia,Puresoftware Technology,8-13 Yrs,Not Disclosed,Hybrid - Bengaluru,2.9,589  Reviews,1 week ago,https://www.naukri.com/job-listings-business-analyst-life-asia-puresoftware-technology-bengaluru-8-to-13-years-040626034418
"Urgent Hiring - Business Analyst at ECI, Bangalore",Eze Castle Integration,5-10 Yrs,Not Disclosed,Bengaluru,3.1,76  Reviews,1 week ago,https://www.naukri.com/job-listings-urgent-hiring-business-analyst-at-eci-bangalore-eze-castle-integration-eci-bengaluru-5-to-10-years-040626032679
Business Analyst (Guidewire BillingCenter),Blitzenx,6-11 Yrs,Not Disclosed,Bengaluru,N/A,N/A,1 week ago,https://www.naukri.com/job-listings-business-analyst-guidewire-billingcenter-blitzenx-rapid-consulting-services-bengaluru-6-to-11-years-030626502676
Business Analyst,IntouchCX,5-10 Yrs,Not Disclosed,Bengaluru,2.7,2617  Reviews,2 weeks ago,https://www.naukri.com/job-listings-business-analyst-intouchcx-bengaluru-5-to-10-years-010626922606
"Business Analyst, Sales",Oxford University Press,2-5 Yrs,Not Disclosed,Noida,3.1,183  Reviews,3+ weeks ago,https://www.naukri.com/job-listings-business-analyst-sales-oxford-university-press-noida-2-to-5-years-160426501480
Business Analyst - Magic FinServ,Magic Finserv A Unit Of Magic Software,6-12 Yrs,Not Disclosed,Noida,3.4,9  Reviews,3+ weeks ago,https://www.naukri.com/job-listings-business-analyst-magic-finserv-magic-finserv-noida-6-to-12-years-081024502620
Business Analyst,Crisil,2-9 Yrs,Not Disclosed,Mumbai,3.5,1966  Reviews,3+ weeks ago,https://www.naukri.com/job-listings-business-analyst-crisil-mumbai-2-to-9-years-010426504193
MIS Executive and Analyst,Swiggy,2-5 Yrs,3-5 Lacs PA ,Bengaluru,3.7,5738  Reviews,3+ weeks ago,https://www.naukri.com/job-listings-mis-executive-and-analyst-swiggy-bengaluru-2-to-5-years-180526005899
Data Science & Analytics Intern,Hir Infotech,N/A,Unpaid ,Ahmedabad,4.5,13  Reviews,Starts in 1-3 months,https://www.naukri.com/job-listings-data-science-analytics-intern-hir-infotech-pvt-ltd-ahmedabad-0-to-1-years-300925505143
Data Engineer,Accenture,5-10 Yrs,Not Disclosed,Hyderabad,3.7,74541  Reviews,2 weeks ago,https://www.naukri.com/job-listings-data-engineer-accenture-solutions-pvt-ltd-hyderabad-5-to-10-years-270526929449
Data Engineer,Accenture,5-10 Yrs,Not Disclosed,Hyderabad,3.7,74541  Reviews,2 weeks ago,https://www.naukri.com/job-listings-data-engineer-accenture-solutions-pvt-ltd-hyderabad-5-to-10-years-270526929407
Data Operator - Domestic,TP,0-3 Yrs,Not Disclosed,"Mumbai, Thane",3.9,39210  Reviews,2 weeks ago,https://www.naukri.com/job-listings-data-operator-domestic-teleperformance-global-business-private-limited-mumbai-thane-0-to-3-years-270526927846
Data Engineer,Accenture,5-10 Yrs,Not Disclosed,Gurugram,3.7,74541  Reviews,3 weeks ago,https://www.naukri.com/job-listings-data-engineer-accenture-solutions-pvt-ltd-gurugram-5-to-10-years-250526932885
Data Engineer,Accenture,2-4 Yrs,Not Disclosed,Pune,3.7,74541  Reviews,3 weeks ago,https://www.naukri.com/job-listings-data-engineer-accenture-solutions-pvt-ltd-pune-2-to-4-years-250526921679
Data Engineer,Accenture,2-4 Yrs,Not Disclosed,Navi Mumbai,3.7,74541  Reviews,3 weeks ago,https://www.naukri.com/job-listings-data-engineer-accenture-solutions-pvt-ltd-navi-mumbai-2-to-4-years-250526919454
Data Engineer,Tangibleheed Infotech,1-3 Yrs,Not Disclosed,Pune,4.0,4  Reviews,3+ weeks ago,https://www.naukri.com/job-listings-data-engineer-tangibleheed-infotech-pune-1-to-3-years-240425500913
Data Engineer,FIVE STAR Business Finance,3-4 Yrs,Not Disclosed,Chennai,4.1,839  Reviews,3+ weeks ago,https://www.naukri.com/job-listings-data-engineer-five-star-business-finance-limited-chennai-3-to-4-years-230522500918
Data Engineer,Accenture,5-10 Yrs,Not Disclosed,Navi Mumbai,3.7,74541  Reviews,3+ weeks ago,https://www.naukri.com/job-listings-data-engineer-accenture-solutions-pvt-ltd-navi-mumbai-5-to-10-years-180526918826
Data Engineer,Accenture,5-10 Yrs,Not Disclosed,Navi Mumbai,3.7,74541  Reviews,3+ weeks ago,https://www.naukri.com/job-listings-data-engineer-accenture-solutions-pvt-ltd-navi-mumbai-5-to-10-years-180526918695
Looking For Data Engineer,A client of Cloud Talent Search,4-9 Yrs,Not Disclosed,"Hybrid - Noida, Jaipur, Delhi / NCR",N/A,N/A,3+ weeks ago,https://www.naukri.com/job-listings-looking-for-data-engineer-cloud-talent-search-noida-jaipur-delhi-ncr-4-to-9-years-150526010000
Data Engineer  Data Modeling,Vrinda International,7-11 Yrs,Not Disclosed,Bengaluru,N/A,N/A,1 week ago,https://www.naukri.com/job-listings-data-engineer-data-modeling-vrinda-international-bengaluru-7-to-11-years-090626504615
Walk-In Any Fresher's/Expr-MIS Executive/Reporting/Operations/Analyst,IT Services and Consulting,N/A,2.75-4.5 Lacs PA ,N/A,N/A,N/A,2 weeks ago,https://www.naukri.com/job-listings-walk-in-any-fresher-s-expr-mis-executive-reporting-operations-analyst-wisdom-bridge-consultants-bangarapet-malur-hassan-sakleshpur-kolar-mulbagal-arsikere-channarayapatna-0-to-5-years-010626019047
Data Engineer,Infimetrics Info Solutions,6-9 Yrs,Not Disclosed,Pune,N/A,N/A,3+ weeks ago,https://www.naukri.com/job-listings-data-engineer-infimetrics-info-solutions-pune-6-to-9-years-300824501908
Data Engineer - Global Research Modernization,JPMorgan Chase Bank,2-7 Yrs,Not Disclosed,Mumbai,3.8,7940  Reviews,3+ weeks ago,https://www.naukri.com/job-listings-data-engineer-global-research-modernization-jp-morgan-and-chase-mumbai-2-to-7-years-300426500493
Data Governance Fellow,Indian School of Business & Finance (ISBF),0-2 Yrs,Not Disclosed,Lucknow,3.6,5  Reviews,2 weeks ago,https://www.naukri.com/job-listings-data-governance-fellow-indian-school-of-business-and-finance-lucknow-0-to-2-years-290526506262
Data Intern,Indian School of Business & Finance (ISBF),0-1 Yrs,Not Disclosed,Mohali,3.6,5  Reviews,2 weeks ago,https://www.naukri.com/job-listings-data-intern-indian-school-of-business-and-finance-mohali-0-to-1-years-290526504429
Clin Data Specialist,Iqvia Biotech,0-2 Yrs,Not Disclosed,"Warangal, Hyderabad, Nizamabad",3.4,23  Reviews,3+ weeks ago,https://www.naukri.com/job-listings-clin-data-specialist-iqvia-biotech-warangal-hyderabad-nizamabad-0-to-2-years-281125504942
DATA ANALYTICS Professional,Godigi Infotech,N/A,Unpaid ,Mumbai,4.5,6  Reviews,Starts in 1-3 months,https://www.naukri.com/job-listings-data-analytics-professional-godigi-infotech-mumbai-0-to-1-years-261225502345
AI Data Engineer,Thomson Reuters,4-6 Yrs,Not Disclosed,Hyderabad,3.7,1922  Reviews,3+ weeks ago,https://www.naukri.com/job-listings-ai-data-engineer-thomson-reuters-india-pvt-ltd-hyderabad-4-to-6-years-240326502061
Assistant/ Deputy Manager -Data Engineer,Maruti Suzuki,2-5 Yrs,Not Disclosed,Bengaluru,4.1,9634  Reviews,3+ weeks ago,https://www.naukri.com/job-listings-assistant-deputy-manager-data-engineer-maruti-suzuki-india-limited-bengaluru-2-to-5-years-210922500494
Junior Business Analyst (Regulatory Reporting,Regnology,2-5 Yrs,Not Disclosed,Bengaluru,N/A,N/A,3+ weeks ago,https://www.naukri.com/job-listings-junior-business-analyst-regulatory-reporting-regnology-bengaluru-2-to-5-years-130326504511
Data Engineer,Blend360 India,0-3 Yrs,Not Disclosed,Hyderabad,3.5,35  Reviews,3+ weeks ago,https://www.naukri.com/job-listings-data-engineer-blend-360-hyderabad-0-to-3-years-120925505347
Data Operator/ Computer Operator,Mahajeet And Sons,0-2 Yrs,Not Disclosed,Mathura,N/A,N/A,3+ weeks ago,https://www.naukri.com/job-listings-data-operator-computer-operator-mahajeet-and-sons-mathura-0-to-2-years-070624502372
Data Engineer,MSCI Services,3-4 Yrs,Not Disclosed,Mumbai,3.6,387  Reviews,3+ weeks ago,https://www.naukri.com/job-listings-data-engineer-msci-services-pvt-ltd-mumbai-3-to-4-years-060226505812
Site Reliability Optimization Analyst / Lead / Scientist,Movius Interactive Corporation,5-10 Yrs,Not Disclosed,Bengaluru,2.6,28  Reviews,3+ weeks ago,https://www.naukri.com/job-listings-site-reliability-optimization-analyst-lead-scientist-movius-interactive-corporation-bengaluru-5-to-10-years-020725502112
Senior Analyst,LatentView,4-7 Yrs,Not Disclosed,Bengaluru,3.4,316  Reviews,5 days ago,https://www.naukri.com/job-listings-senior-analyst-latentview-bengaluru-4-to-7-years-110626500958
Senior Analyst,LatentView,4-6 Yrs,Not Disclosed,"Hubli, Mangaluru, Mysuru, Bengaluru, Belgaum",3.4,316  Reviews,1 week ago,https://www.naukri.com/job-listings-senior-analyst-latentview-hubli-mangaluru-mysuru-bengaluru-belgaum-4-to-6-years-090626502163
Senior Analyst - Investment Performance & Risk,Franklin Templeton,5-7 Yrs,12-18 Lacs PA ,Hyderabad,3.8,800  Reviews,5 days ago,https://www.naukri.com/job-listings-senior-analyst-investment-performance-risk-franklin-templeton-hyderabad-5-to-7-years-201125033531
Senior CPU Performance Analysis Engineer,"Advanced Micro Devices, Inc",8-13 Yrs,Not Disclosed,Bengaluru,3.7,354  Reviews,3+ weeks ago,https://www.naukri.com/job-listings-senior-cpu-performance-analysis-engineer-advanced-micro-devices-inc-bengaluru-8-to-13-years-170426502055
Senior Analyst,Iris Software,3-6 Yrs,Not Disclosed,Noida,3.7,1916  Reviews,Few hours ago,https://www.naukri.com/job-listings-senior-analyst-iris-software-technologies-private-limited-noida-3-to-6-years-160626930983
AI Senior Research Analyst,Crisil,2-4 Yrs,Not Disclosed,Mumbai,3.5,1966  Reviews,1 day ago,https://www.naukri.com/job-listings-ai-senior-research-analyst-crisil-mumbai-2-to-4-years-150626501502
Senior Financial Planning Analyst,Wolters Kluwer - Medknow Publications,4-7 Yrs,Not Disclosed,Pune,N/A,N/A,1 day ago,https://www.naukri.com/job-listings-senior-financial-planning-analyst-wolters-kluwer-medknow-publications-pune-4-to-7-years-150626501470
Supply Chain Operations Senior Analyst,Accenture,5-8 Yrs,Not Disclosed,Mumbai,3.7,74541  Reviews,4 days ago,https://www.naukri.com/job-listings-supply-chain-operations-senior-analyst-accenture-solutions-pvt-ltd-mumbai-5-to-8-years-120626906144
Quality Auditing Senior Analyst,Accenture,5-8 Yrs,Not Disclosed,Gurugram,3.7,74541  Reviews,4 days ago,https://www.naukri.com/job-listings-quality-auditing-senior-analyst-accenture-solutions-pvt-ltd-gurugram-5-to-8-years-120626906044
Senior Lead Analyst,AMERICAN EXPRESS,1-11 Yrs,Not Disclosed,Gurugram,4.1,3924  Reviews,4 days ago,https://www.naukri.com/job-listings-senior-lead-analyst-american-express-india-gurugram-1-to-11-years-120626504983
Sr Analyst III Controllership,DXC Technology,3-8 Yrs,Not Disclosed,Chennai,3.6,12153  Reviews,5 days ago,https://www.naukri.com/job-listings-sr-analyst-iii-controllership-dxc-technology-chennai-3-to-8-years-110626504040
Delivery Operations Senior Analyst,Accenture,5-8 Yrs,Not Disclosed,Hyderabad,3.7,74541  Reviews,1 week ago,https://www.naukri.com/job-listings-delivery-operations-senior-analyst-accenture-solutions-pvt-ltd-hyderabad-5-to-8-years-090626929886
Senior Analyst,LatentView,3-5 Yrs,Not Disclosed,Bengaluru,3.4,316  Reviews,1 week ago,https://www.naukri.com/job-listings-senior-analyst-latentview-bengaluru-3-to-5-years-090626502050
Internal Audit-Analyst-Technology Audit,Goldman Sachs,1-3 Yrs,Not Disclosed,Bengaluru,3.3,1633  Reviews,Today,https://www.naukri.com/job-listings-internal-audit-analyst-technology-audit-goldman-sachs-bengaluru-1-to-3-years-160626501313
GIS/Geospatial Analyst,Varaha Systems,0-1 Yrs,Not Disclosed,Gurugram,N/A,N/A,Today,https://www.naukri.com/job-listings-gis-geospatial-analyst-varaha-systems-inc-gurugram-0-to-1-years-160626500681
Customer Contact Comms Analyst-Voice,Accenture,3-5 Yrs,Not Disclosed,Bengaluru,3.7,74541  Reviews,1 day ago,https://www.naukri.com/job-listings-customer-contact-comms-analyst-voice-accenture-solutions-pvt-ltd-bengaluru-3-to-5-years-150626932463
Associate Operations & Systems Analyst,Ollion,0-2 Yrs,Not Disclosed,Pune,3.2,68  Reviews,1 day ago,https://www.naukri.com/job-listings-associate-operations-systems-analyst-ollion-pune-0-to-2-years-150626502032
Associate Analyst,Rankitright Media(opc),0-1 Yrs,Not Disclosed,"Kolkata, Mumbai, New Delhi, Hyderabad, Pune, Chennai, Bengaluru",4.1,15  Reviews,3+ weeks ago,https://www.naukri.com/job-listings-associate-analyst-rankitright-media-opc-pvt-ltd-kolkata-mumbai-new-delhi-hyderabad-pune-chennai-bengaluru-0-to-1-years-021224500851
Content Analyst -160 Positions,Quantum Learnings,0-1 Yrs,3-4.5 Lacs PA ,"Hyderabad, Bengaluru",2.8,9  Reviews,2 weeks ago,https://www.naukri.com/job-listings-content-analyst-160-positions-quantum-learnings-hyderabad-bengaluru-0-to-1-years-300526000097
Clinical Analyst Intern,Dozee,N/A,Unpaid ,Bengaluru,3.7,94  Reviews,Starts in 1-3 months,https://www.naukri.com/job-listings-clinical-analyst-intern-dozee-bengaluru-0-to-5-years-260526504449
Sales Operations Billing Analyst,Pradeepit Consulting Services,0-1 Yrs,Not Disclosed,Bengaluru,4.6,70  Reviews,3+ weeks ago,https://www.naukri.com/job-listings-sales-operations-billing-analyst-pradeepit-bengaluru-0-to-1-years-260324501867
HR Service Delivery Analyst,Accenture,3-5 Yrs,Not Disclosed,Bengaluru,3.7,74541  Reviews,Few hours ago,https://www.naukri.com/job-listings-hr-service-delivery-analyst-accenture-solutions-pvt-ltd-bengaluru-3-to-5-years-160626927547
Financial Plan & Analysis Analyst,Accenture,3-5 Yrs,Not Disclosed,Bengaluru,3.7,74541  Reviews,Few hours ago,https://www.naukri.com/job-listings-financial-plan-analysis-analyst-accenture-solutions-pvt-ltd-bengaluru-3-to-5-years-160626927146
Analyst,Olam International,5-10 Yrs,Not Disclosed,Chennai,3.7,277  Reviews,Few hours ago,https://www.naukri.com/job-listings-analyst-mindsprint-chennai-5-to-10-years-160626504669
Green Building Analyst,Doodle Design,1-4 Yrs,Not Disclosed,Noida,3.1,12  Reviews,Few hours ago,https://www.naukri.com/job-listings-green-building-analyst-doodle-design-pvt-ltd-noida-1-to-4-years-160626504124
ARC Analyst,Castrol,0-5 Yrs,Not Disclosed,Pune,4.3,539  Reviews,Few hours ago,https://www.naukri.com/job-listings-arc-analyst-castrol-india-limited-pune-0-to-5-years-160626502069
Functional Analyst,Skillventory,0-2 Yrs,Not Disclosed,Mumbai,N/A,N/A,Today,https://www.naukri.com/job-listings-functional-analyst-skillventory-mumbai-0-to-2-years-160626021757
S&C Global Network - AI - Supply Chain -Analyst,Accenture,2-3 Yrs,Not Disclosed,Bengaluru,3.7,74541  Reviews,1 day ago,https://www.naukri.com/job-listings-s-c-global-network-ai-supply-chain-analyst-accenture-solutions-pvt-ltd-bengaluru-2-to-3-years-150626936987
S&C Global Network - AI - Supply Chain -Analyst,Accenture,2-3 Yrs,Not Disclosed,Bengaluru,3.7,74541  Reviews,1 day ago,https://www.naukri.com/job-listings-s-c-global-network-ai-supply-chain-analyst-accenture-solutions-pvt-ltd-bengaluru-2-to-3-years-150626936984
S&C Global Network - AI - Song - CCAI- Analyst,Accenture,3-8 Yrs,Not Disclosed,Hyderabad,3.7,74541  Reviews,1 day ago,https://www.naukri.com/job-listings-s-c-global-network-ai-song-ccai-analyst-accenture-solutions-pvt-ltd-hyderabad-3-to-8-years-150626936916
S&C Global Network - AI - CCAI -Analyst,Accenture,3-8 Yrs,Not Disclosed,Gurugram,3.7,74541  Reviews,1 day ago,https://www.naukri.com/job-listings-s-c-global-network-ai-ccai-analyst-accenture-solutions-pvt-ltd-gurugram-3-to-8-years-150626936903
S&C Global Network - AI - Auto & Industrial- Analyst,Accenture,1-3 Yrs,Not Disclosed,Bengaluru,3.7,74541  Reviews,1 day ago,https://www.naukri.com/job-listings-s-c-global-network-ai-auto-industrial-analyst-accenture-solutions-pvt-ltd-bengaluru-1-to-3-years-150626936790
ACN S&C Global Network - AI -Song-Analyst,Accenture,2-6 Yrs,Not Disclosed,Bengaluru,3.7,74541  Reviews,1 day ago,https://www.naukri.com/job-listings-acn-s-c-global-network-ai-song-analyst-accenture-solutions-pvt-ltd-bengaluru-2-to-6-years-150626936430
Record To Report Ops Analyst,Accenture,3-5 Yrs,Not Disclosed,Bengaluru,3.7,74541  Reviews,1 day ago,https://www.naukri.com/job-listings-record-to-report-ops-analyst-accenture-solutions-pvt-ltd-bengaluru-3-to-5-years-150626934096
ACN S&C Global Network - AI -Song-Analyst,Accenture,2-6 Yrs,Not Disclosed,Bengaluru,3.7,74541  Reviews,1 day ago,https://www.naukri.com/job-listings-acn-s-c-global-network-ai-song-analyst-accenture-solutions-pvt-ltd-bengaluru-2-to-6-years-150626932871
GN-IC-Comms and Media-B2B Growth-Analyst,Accenture,5-9 Yrs,Not Disclosed,Bengaluru,3.7,74541  Reviews,1 day ago,https://www.naukri.com/job-listings-gn-ic-comms-and-media-b2b-growth-analyst-accenture-solutions-pvt-ltd-bengaluru-5-to-9-years-150626926487
S&C Global Network - AI - Healthcare CCAI -Analyst,Accenture,1-4 Yrs,Not Disclosed,Gurugram,3.7,74541  Reviews,1 day ago,https://www.naukri.com/job-listings-s-c-global-network-ai-healthcare-ccai-analyst-accenture-solutions-pvt-ltd-gurugram-1-to-4-years-150626924082
HR Service Delivery Analyst,Accenture,3-5 Yrs,Not Disclosed,Bengaluru,3.7,74541  Reviews,1 day ago,https://www.naukri.com/job-listings-hr-service-delivery-analyst-accenture-solutions-pvt-ltd-bengaluru-3-to-5-years-150626915275
IT Service Management Analyst,Accenture,3-5 Yrs,Not Disclosed,Bengaluru,3.7,74541  Reviews,1 day ago,https://www.naukri.com/job-listings-it-service-management-analyst-accenture-solutions-pvt-ltd-bengaluru-3-to-5-years-150626914669
Pricing Implementation Analyst - Lead,FedEx,5-8 Yrs,Not Disclosed,Bengaluru,4.0,1396  Reviews,1 day ago,https://www.naukri.com/job-listings-pricing-implementation-analyst-lead-fedex-express-bengaluru-5-to-8-years-150626503857
"GA, Analyst",Castrol,5-6 Yrs,Not Disclosed,Pune,4.3,539  Reviews,1 day ago,https://www.naukri.com/job-listings-ga-analyst-castrol-india-limited-pune-5-to-6-years-150626502051
Analyst,Lowes Services India Private limited,2-7 Yrs,Not Disclosed,Bengaluru,4.0,994  Reviews,3+ weeks ago,https://www.naukri.com/job-listings-analyst-lowes-services-india-private-limited-bengaluru-2-to-7-years-140426501855
Research Analyst,ZIGRAM,0-1 Yrs,Not Disclosed,Hybrid - Gurugram,3.4,262  Reviews,1 day ago,https://www.naukri.com/job-listings-research-analyst-zigram-gurugram-0-to-1-years-140426019387
Analyst,Firstsource,1-6 Yrs,Not Disclosed,Tiruchirapalli,3.5,5867  Reviews,1 week ago,https://www.naukri.com/job-listings-analyst-firstsource-solutions-ltd-tiruchirapalli-1-to-6-years-030626501456
Data Analytics Executive,Religare Broking Ltd,0-3 Yrs,Not Disclosed,Noida,3.6,759  Reviews,2 weeks ago,https://www.naukri.com/job-listings-data-analytics-executive-religare-broking-ltd-noida-0-to-3-years-010626502533
Analyst,TUV SUD South Asia,2-5 Yrs,Not Disclosed,Bengaluru,4.0,1406  Reviews,3+ weeks ago,https://www.naukri.com/job-listings-analyst-tuv-sud-ltd-bengaluru-2-to-5-years-311225502911
Video Analyst Trainee,Innovary Technologies,0-1 Yrs,Not Disclosed,Bengaluru,N/A,N/A,3+ weeks ago,https://www.naukri.com/job-listings-video-analyst-trainee-innovary-technologies-bengaluru-0-to-1-years-280120500739
Product Operations Analyst,Money View,0-5 Yrs,Not Disclosed,Bengaluru,4.1,311  Reviews,3 weeks ago,https://www.naukri.com/job-listings-product-operations-analyst-money-view-bengaluru-0-to-5-years-260526506230
Loan Analyst,Estalvis Advisors,1-3 Yrs,Not Disclosed,Bengaluru,N/A,N/A,3+ weeks ago,https://www.naukri.com/job-listings-loan-analyst-estalvis-advisors-private-limited-bengaluru-1-to-3-years-241125505419
Market Research Analyst,Apeiron Global,0-2 Yrs,Not Disclosed,Bengaluru,4.6,12  Reviews,3+ weeks ago,https://www.naukri.com/job-listings-market-research-analyst-apeiron-global-pvt-ltd-bengaluru-0-to-2-years-220725501838
MI Analyst,Secumax,2-5 Yrs,Not Disclosed,Bengaluru,4.9,8  Reviews,3+ weeks ago,https://www.naukri.com/job-listings-mi-analyst-secumax-bengaluru-2-to-5-years-140426501953
FP&A Analyst,Vee Healthtek,3-7 Yrs,Not Disclosed,Bengaluru,3.8,323  Reviews,3+ weeks ago,https://www.naukri.com/job-listings-fp-a-analyst-vee-healthtek-bengaluru-3-to-7-years-110425501793
Data Support Executive,Garbha Gudi Ivf Centre,0-1 Yrs,Not Disclosed,Bengaluru,3.3,33  Reviews,3+ weeks ago,https://www.naukri.com/job-listings-data-support-executive-garbhagudi-ivf-centre-bengaluru-0-to-1-years-100724500540
Product Analyst Associate,Nbyula,0-4 Yrs,Not Disclosed,Bengaluru,4.2,7  Reviews,3+ weeks ago,https://www.naukri.com/job-listings-product-analyst-associate-nbyula-skillizens-without-borders-bengaluru-0-to-4-years-080623500934
Analyst,Center Study Science Technology Policy,2-4 Yrs,Not Disclosed,Bengaluru,4.4,5  Reviews,3+ weeks ago,https://www.naukri.com/job-listings-analyst-center-for-study-of-science-technology-and-policy-bengaluru-2-to-4-years-041225500324
Video Analyst Trainee,Innovary Technologies,0-1 Yrs,Not Disclosed,Bengaluru,N/A,N/A,3+ weeks ago,https://www.naukri.com/job-listings-video-analyst-trainee-innovary-technologies-bengaluru-0-to-1-years-040121501046
Analyst,Center Study Science Technology Policy,1-3 Yrs,Not Disclosed,Bengaluru,4.4,5  Reviews,3+ weeks ago,https://www.naukri.com/job-listings-analyst-center-for-study-of-science-technology-and-policy-bengaluru-1-to-3-years-021225505205
Senior Data Scientist,Tenarai Technologies,8-12 Yrs,Not Disclosed,"Hybrid - Noida, Pune, Bengaluru",3.5,1409  Reviews,6 days ago,https://www.naukri.com/job-listings-senior-data-scientist-tenarai-technologies-noida-pune-bengaluru-8-to-12-years-100626023548
Senior Data Scientist,Material+,3-5 Yrs,Not Disclosed,Gurugram,2.7,38  Reviews,3+ weeks ago,https://www.naukri.com/job-listings-senior-data-scientist-material-plus-gurugram-3-to-5-years-300426503466
Senior Data Scientist - Media Mix Modeling (MMM),Blend360 India,4-9 Yrs,Not Disclosed,Hyderabad,3.5,35  Reviews,3+ weeks ago,https://www.naukri.com/job-listings-senior-data-scientist-media-mix-modeling-mmm-blend-360-hyderabad-4-to-9-years-300426500524
Mis Executive,Shoppers Stop,2-3 Yrs,Not Disclosed,Mumbai,3.9,2947  Reviews,2 weeks ago,https://www.naukri.com/job-listings-mis-executive-shoppers-stop-mumbai-2-to-3-years-280526021655
EY - GDS Consulting - AI And DATA- Data Scientist -Senior - E,EY,3-5 Yrs,Not Disclosed,Coimbatore,3.4,14833  Reviews,3 weeks ago,https://www.naukri.com/job-listings-ey-gds-consulting-ai-and-data-data-scientist-senior-e-ernst-young-llp-coimbatore-3-to-5-years-250526916226
Senior Data Scientist,LatentView,3-5 Yrs,Not Disclosed,Chennai,3.4,316  Reviews,1 day ago,https://www.naukri.com/job-listings-senior-data-scientist-latentview-chennai-3-to-5-years-150626038793
Senior Data Scientist,Phamax Analytic Resources,1-6 Yrs,Not Disclosed,Bengaluru,4.5,2  Reviews,4 days ago,https://www.naukri.com/job-listings-senior-data-scientist-phamax-analytic-resources-pvt-ltd-bengaluru-1-to-6-years-120626503868
Sr Advanced Data Scientist,Sparta Systems,5-10 Yrs,Not Disclosed,Bengaluru,4.1,13  Reviews,4 days ago,https://www.naukri.com/job-listings-sr-advanced-data-scientist-spartasystems-bengaluru-5-to-10-years-120626503584
Senior Data Scientist - Legal & Financial Analytics,Dolby,2-7 Yrs,Not Disclosed,Bengaluru,4.5,2  Reviews,5 days ago,https://www.naukri.com/job-listings-senior-data-scientist-legal-financial-analytics-dolby-bengaluru-2-to-7-years-110626501793
Senior Data Scientist,Ganit Business Solutions,6-15 Yrs,30-35 Lacs PA ,"Mumbai, Bengaluru",3.8,221  Reviews,5 days ago,https://www.naukri.com/job-listings-senior-data-scientist-ganit-business-solutions-mumbai-bengaluru-6-to-15-years-110626015944
"Business Associate - Data Science, Information Systems",Acesoft Labs,3-5 Yrs,Not Disclosed,Bengaluru,4.6,109  Reviews,6 days ago,https://www.naukri.com/job-listings-business-associate-data-science-information-systems-acesoft-labs-india-pvt-ltd-bengaluru-3-to-5-years-100626503986
Senior Data Scientist,Sandvik Coromant,5-10 Yrs,Not Disclosed,Bengaluru(M.G Road),4.1,140  Reviews,6 days ago,https://www.naukri.com/job-listings-senior-data-scientist-sandvik-coromant-bengaluru-5-to-10-years-100626012588
Senior Staff Data Scientist,Netradyne,8-13 Yrs,Not Disclosed,Bengaluru,3.1,116  Reviews,1 week ago,https://www.naukri.com/job-listings-senior-staff-data-scientist-netradyne-bengaluru-8-to-13-years-090626502413
Senior Data Scientist,Prishatech India Pvt Ltd,9-12 Yrs,22.5-35 Lacs PA ,Bengaluru,N/A,N/A,1 week ago,https://www.naukri.com/job-listings-senior-data-scientist-prishatech-india-opc-bengaluru-9-to-12-years-090626025791
"Senior Research Manager - Primary Market Research, Data Scientist (L6)",Mastercard,10-12 Yrs,Not Disclosed,"Mumbai, Gurugram",3.8,1017  Reviews,1 week ago,https://www.naukri.com/job-listings-senior-research-manager-primary-market-research-data-scientist-l6-mastercard-india-services-private-limited-mumbai-gurugram-10-to-12-years-030626918263
Senior Data Scientist,Caterpillar Inc,8-13 Yrs,Not Disclosed,Bengaluru,4.1,1708  Reviews,3+ weeks ago,https://www.naukri.com/job-listings-senior-data-scientist-caterpillar-brazil-bengaluru-8-to-13-years-311025508602
Senior Data Scientist,Wipro,7-12 Yrs,12-22 Lacs PA ,Hybrid - Chennai,3.6,65870  Reviews,2 weeks ago,https://www.naukri.com/job-listings-senior-data-scientist-wipro-chennai-7-to-12-years-280526031894
Data Scientist - Senior,Cummins,6-11 Yrs,Not Disclosed,Pune,4.3,4055  Reviews,3+ weeks ago,https://www.naukri.com/job-listings-data-scientist-senior-cummins-inc-pune-6-to-11-years-280426502626
Senior Statistical Data Scientist,Pfizer,5-10 Yrs,Not Disclosed,Chennai,3.9,2122  Reviews,2 weeks ago,https://www.naukri.com/job-listings-senior-statistical-data-scientist-pfizer-chennai-5-to-10-years-270526501390
Senior Data Scientist,Ecolab Global Services,6-8 Yrs,Not Disclosed,Bengaluru,3.4,234  Reviews,3 weeks ago,https://www.naukri.com/job-listings-senior-data-scientist-ecolab-global-services-private-limited-bengaluru-6-to-8-years-250526935371
Sr. Data Scientist,Ecolab Global Services,6-8 Yrs,Not Disclosed,Bengaluru,3.4,234  Reviews,3 weeks ago,https://www.naukri.com/job-listings-sr-data-scientist-ecolab-global-services-private-limited-bengaluru-6-to-8-years-250526935365
Sr. Data Scientist,Ecolab Global Services,6-8 Yrs,Not Disclosed,Bengaluru,3.4,234  Reviews,3 weeks ago,https://www.naukri.com/job-listings-sr-data-scientist-ecolab-global-services-private-limited-bengaluru-6-to-8-years-250526935361
Data Scientist-Senior II,FedEx,2-6 Yrs,Not Disclosed,Hyderabad,4.0,1396  Reviews,3+ weeks ago,https://www.naukri.com/job-listings-data-scientist-senior-ii-fedex-express-hyderabad-2-to-6-years-240326505104
Data Scientist-Senior II,FedEx,5-7 Yrs,Not Disclosed,Hyderabad,4.0,1396  Reviews,3+ weeks ago,https://www.naukri.com/job-listings-data-scientist-senior-ii-fedex-express-hyderabad-5-to-7-years-240226503458
Senior Data Scientist,Fractal Analytics,5-11 Yrs,Not Disclosed,Hyderabad,4.0,1065  Reviews,3 weeks ago,https://www.naukri.com/job-listings-senior-data-scientist-fractal-analytics-ltd-hyderabad-5-to-11-years-210526508745
Senior Data Scientist,Fractal Analytics,5-11 Yrs,Not Disclosed,Mumbai,4.0,1065  Reviews,3 weeks ago,https://www.naukri.com/job-listings-senior-data-scientist-fractal-analytics-ltd-mumbai-5-to-11-years-210526508744
Senior Data Scientist,Fractal Analytics,5-11 Yrs,Not Disclosed,Pune,4.0,1065  Reviews,3 weeks ago,https://www.naukri.com/job-listings-senior-data-scientist-fractal-analytics-ltd-pune-5-to-11-years-210526508743
Senior Data Scientist,Fractal Analytics,5-11 Yrs,Not Disclosed,Chennai,4.0,1065  Reviews,3 weeks ago,https://www.naukri.com/job-listings-senior-data-scientist-fractal-analytics-ltd-chennai-5-to-11-years-210526508742
Senior Data Scientist,Fractal Analytics,5-11 Yrs,Not Disclosed,Noida,4.0,1065  Reviews,3 weeks ago,https://www.naukri.com/job-listings-senior-data-scientist-fractal-analytics-ltd-noida-5-to-11-years-210526508741
Senior Data Scientist,Fractal Analytics,5-11 Yrs,Not Disclosed,Gurugram,4.0,1065  Reviews,3 weeks ago,https://www.naukri.com/job-listings-senior-data-scientist-fractal-analytics-ltd-gurugram-5-to-11-years-210526508740
EY - GDS Consulting - AI And DATA - Data Scientist - Senior - E,EY,3-5 Yrs,Not Disclosed,Coimbatore,3.4,14833  Reviews,3+ weeks ago,https://www.naukri.com/job-listings-ey-gds-consulting-ai-and-data-data-scientist-senior-e-ernst-young-coimbatore-3-to-5-years-191125505819
Senior Data Scientist,Thomson Reuters,6-11 Yrs,Not Disclosed,Hyderabad,3.7,1922  Reviews,3+ weeks ago,https://www.naukri.com/job-listings-senior-data-scientist-thomson-reuters-india-pvt-ltd-hyderabad-6-to-11-years-180526503176
Mis Executive,Compass Group,3-8 Yrs,3.5-5 Lacs PA ,Hosur,4.0,1679  Reviews,3+ weeks ago,https://www.naukri.com/job-listings-mis-executive-compass-group-hosur-3-to-8-years-180526005692
Senior Data Scientist,Caterpillar Inc,6-11 Yrs,Not Disclosed,Bengaluru,4.1,1708  Reviews,3+ weeks ago,https://www.naukri.com/job-listings-senior-data-scientist-caterpillar-brazil-bengaluru-6-to-11-years-160126501994
IT Senior Data Scientist,Welspun World,3-5 Yrs,Not Disclosed,Hyderabad,3.7,684  Reviews,1 day ago,https://www.naukri.com/job-listings-it-senior-data-scientist-welspun-world-hyderabad-3-to-5-years-150626011240
Senior Data Scientist Cyber Threat Intelligence,APM Terminals,7-12 Yrs,Not Disclosed,Bengaluru,4.3,230  Reviews,3+ weeks ago,https://www.naukri.com/job-listings-senior-data-scientist-cyber-threat-intelligence-apm-terminal-sport-india-bengaluru-7-to-12-years-140526501271
Business Lead Analytics & Data Insights (FMCG),Love In Store,2-6 Yrs,Not Disclosed,Bengaluru,3.9,88  Reviews,4 days ago,https://www.naukri.com/job-listings-business-lead-analytics-data-insights-fmcg-love-in-store-bengaluru-2-to-6-years-120626505253
Senior Data Scientist Client Analytics,Epsilon Data Management,5-8 Yrs,Not Disclosed,Bengaluru,3.6,890  Reviews,5 days ago,https://www.naukri.com/job-listings-senior-data-scientist-client-analytics-epsilon-asia-group-of-companies-bengaluru-5-to-8-years-110626504163
Senior Data Scientist,Tredence,5-8 Yrs,Not Disclosed,Hybrid - Gurugram,3.3,729  Reviews,5 days ago,https://www.naukri.com/job-listings-senior-data-scientist-tredence-gurugram-5-to-8-years-110626014211
Senior Lead Data Scientist GEN AI,Material+,6-11 Yrs,Not Disclosed,Gurugram,2.7,38  Reviews,3+ weeks ago,https://www.naukri.com/job-listings-senior-lead-data-scientist-gen-ai-material-plus-gurugram-6-to-11-years-110226504162
Senior Data Scientist,Visa Consolidated Support Services India,6-8 Yrs,Not Disclosed,Hybrid - Bengaluru,3.5,22  Reviews,6 days ago,https://www.naukri.com/job-listings-senior-data-scientist-visa-consolidated-support-services-india-pvt-ltd-bengaluru-6-to-8-years-100626930008
Senior Data Scientist Ancillaries,Sabre,4-10 Yrs,Not Disclosed,Bengaluru,3.9,310  Reviews,6 days ago,https://www.naukri.com/job-listings-senior-data-scientist-ancillaries-sabre-holdings-bengaluru-4-to-10-years-100626504195
Senior Data Scientist,Gilbarco Veeder Root,4-6 Yrs,Not Disclosed,Hybrid - Bengaluru,3.7,500  Reviews,6 days ago,https://www.naukri.com/job-listings-senior-data-scientist-gilbarco-veeder-root-bengaluru-4-to-6-years-100626025637
Senior Data Scientist,ILM 360,7-11 Yrs,Not Disclosed,Hyderabad,N/A,N/A,3+ weeks ago,https://www.naukri.com/job-listings-senior-data-scientist-ilm-360-hyderabad-7-to-11-years-060624500357
Sr Data Scientist,Birlasoft,3-8 Yrs,Not Disclosed,Pune,3.4,3822  Reviews,1 week ago,https://www.naukri.com/job-listings-sr-data-scientist-birlasoft-india-limited-pune-3-to-8-years-050626500808
Senior Data Scientist,Lumen Technologies,12-14 Yrs,Not Disclosed,Noida,4.5,4  Reviews,1 week ago,https://www.naukri.com/job-listings-senior-data-scientist-lumen-technologies-noida-12-to-14-years-040626500921
Data Scientist-Senior I,FedEx,5-10 Yrs,Not Disclosed,Chennai,4.0,1396  Reviews,3+ weeks ago,https://www.naukri.com/job-listings-data-scientist-senior-i-fedex-express-chennai-5-to-10-years-020326503423
Sr. Data Scientist,Thomson Reuters,3-8 Yrs,Not Disclosed,Hyderabad,3.7,1922  Reviews,3+ weeks ago,https://www.naukri.com/job-listings-sr-data-scientist-thomson-reuters-india-pvt-ltd-hyderabad-3-to-8-years-230426502030
Senior Data Scientist,Grid Dynamics,5-10 Yrs,Not Disclosed,Bengaluru,3.1,116  Reviews,3+ weeks ago,https://www.naukri.com/job-listings-senior-data-scientist-grid-dynamics-bengaluru-5-to-10-years-230426501589
MIS Executive / Business Analyst,Dev Solutions,2-5 Yrs,Not Disclosed,Noida,4.9,4  Reviews,3+ weeks ago,https://www.naukri.com/job-listings-mis-executive-business-analyst-dev-solutions-noida-2-to-5-years-211024500754
Sr. Data Scientist GenAI & Agentic Systems,Fractal Analytics,4-10 Yrs,Not Disclosed,Gurugram,4.0,1065  Reviews,3+ weeks ago,https://www.naukri.com/job-listings-sr-data-scientist-genai-agentic-systems-fractal-analytics-ltd-gurugram-4-to-10-years-110526505034
Senior Data Scientist - Generative AI,Fractal Analytics,5-10 Yrs,Not Disclosed,Mumbai,4.0,1065  Reviews,3+ weeks ago,https://www.naukri.com/job-listings-senior-data-scientist-generative-ai-fractal-analytics-ltd-mumbai-5-to-10-years-030625501690
Retail - Consultant - Retail Specialized Data Scientist,Accenture,2-6 Yrs,Not Disclosed,"Hyderabad, Pune, Bengaluru",3.7,74541  Reviews,1 week ago,https://www.naukri.com/job-listings-retail-consultant-retail-specialized-data-scientist-accenture-solutions-pvt-ltd-hyderabad-pune-bengaluru-2-to-6-years-080626915528
Marketing Data Scientist/Engineer,Wipro,5-10 Yrs,Not Disclosed,"Hybrid - Noida, Kolkata, Bengaluru",3.6,65870  Reviews,1 week ago,https://www.naukri.com/job-listings-marketing-data-scientist-engineer-wipro-noida-kolkata-bengaluru-5-to-10-years-050626025990
Data Scientist,VOLKSWAGEN GROUP DIGITAL SOLUTIONS PRIVATE LIMITED,3-6 Yrs,Not Disclosed,"Pune, Gurugram, Bengaluru",3.9,756  Reviews,1 week ago,https://www.naukri.com/job-listings-data-scientist-volkswagen-group-technology-solutions-india-private-limited-pune-gurugram-bengaluru-3-to-6-years-040626927643
Data Scientist-Artificial Intelligence,IBM,6-8 Yrs,Not Disclosed,Bangalore Rural,3.9,26038  Reviews,1 week ago,https://www.naukri.com/job-listings-data-scientist-artificial-intelligence-ibm-bangalore-rural-6-to-8-years-040626028156
Gen AI Data Scientist,Tata Consultancy Services,5-10 Yrs,Not Disclosed,"Pune, Chennai, Bengaluru",3.3,115896  Reviews,1 week ago,https://www.naukri.com/job-listings-gen-ai-data-scientist-tata-consultancy-services-pune-chennai-bengaluru-5-to-10-years-070626005008
Data Scientist,DAZN,1-6 Yrs,Not Disclosed,Hyderabad,2.7,239  Reviews,1 week ago,https://www.naukri.com/job-listings-data-scientist-dazn-group-hyderabad-1-to-6-years-030626501532
GenAI Data Scientist - PAN INDIA,Tata Consultancy Services,4-9 Yrs,Not Disclosed,"Hyderabad, Bengaluru, Delhi / NCR",3.3,115896  Reviews,1 day ago,https://www.naukri.com/job-listings-genai-data-scientist-pan-india-tata-consultancy-services-hyderabad-bengaluru-delhi-ncr-4-to-9-years-150526030743
Data Scientist,Alstom,7-12 Yrs,Not Disclosed,Bengaluru,3.7,3353  Reviews,1 week ago,https://www.naukri.com/job-listings-data-scientist-alstom-transport-india-ltd-bengaluru-7-to-12-years-080626934044
Data Scientist,Aon,5-9 Yrs,Not Disclosed,Bengaluru,3.8,1468  Reviews,1 week ago,https://www.naukri.com/job-listings-data-scientist-aon-bengaluru-5-to-9-years-050626502720
AI Data Engineer/Scientist,Wipro,4-8 Yrs,Not Disclosed,Remote,3.6,65870  Reviews,1 week ago,https://www.naukri.com/job-listings-ai-data-engineer-scientist-wipro-bengaluru-4-to-8-years-040626022459
Data Scientist,Careernet,10-20 Yrs,Not Disclosed,Hybrid - Bengaluru,N/A,N/A,1 week ago,https://www.naukri.com/job-listings-data-scientist-careernet-bengaluru-10-to-20-years-040626018097
Data Scientist,Tata Consultancy Services,6-10 Yrs,Not Disclosed,"Hyderabad, Pune, Bengaluru",3.3,115896  Reviews,1 week ago,https://www.naukri.com/job-listings-data-scientist-tata-consultancy-services-hyderabad-pune-bengaluru-6-to-10-years-040626017185
Principal Data Scientist (Diversity Hiring only),Optum,10-15 Yrs,35-50 Lacs PA ,Hybrid - Bengaluru,4.0,8091  Reviews,1 week ago,https://www.naukri.com/job-listings-principal-data-scientist-diversity-hiring-only-optum-bengaluru-10-to-15-years-020626023088
Data Scientist IV,Conduent,12-17 Yrs,Not Disclosed,Bengaluru,3.4,3335  Reviews,2 weeks ago,https://www.naukri.com/job-listings-data-scientist-iv-conduent-business-services-india-llp-bengaluru-12-to-17-years-010626921451
Data Scientist,ANTI-Ai PRIVATE LIMITED,3-6 Yrs,Not Disclosed,Pune,1.9,4  Reviews,2 weeks ago,https://www.naukri.com/job-listings-data-scientist-anti-ai-private-limited-pune-3-to-6-years-010626501499
Lead Data Scientist,Quest Global,6-8 Yrs,15-25 Lacs PA ,Bengaluru,3.5,3153  Reviews,2 weeks ago,https://www.naukri.com/job-listings-lead-data-scientist-quest-global-bengaluru-6-to-8-years-010626008840
Data Scientist - 23 Feb (Sat)-Weekend Virtual Interview - Pan India,Tata Consultancy Services,6 Yrs,Not Disclosed,"India, Bengaluru, Delhi / NCR",3.3,115896  Reviews,2 weeks ago,https://www.naukri.com/job-listings-data-scientist-23-feb-sat-weekend-virtual-interview-pan-india-tata-consultancy-services-bengaluru-delhi-ncr-india-6-to-6-years-210526004106
Data Scientist I,Philips,5-10 Yrs,Not Disclosed,Bengaluru,3.8,1950  Reviews,2 weeks ago,https://www.naukri.com/job-listings-data-scientist-i-philips-india-limited-bengaluru-5-to-10-years-010626504089
Business Analyst,Times World Information Technology,4-9 Yrs,Not Disclosed,"Kolkata, Mumbai, New Delhi, Hyderabad, Pune, Chennai, Bengaluru",N/A,N/A,3+ weeks ago,https://www.naukri.com/job-listings-business-analyst-times-world-information-technology-kolkata-mumbai-new-delhi-hyderabad-pune-chennai-bengaluru-4-to-9-years-210325506718
Business Analyst (Lloyds Market),Crescendo Global,6-10 Yrs,20-32.5 Lacs PA ,"Hybrid - Noida, Pune, Bengaluru",N/A,N/A,3+ weeks ago,https://www.naukri.com/job-listings-business-analyst-lloyds-market-crescendo-global-leadership-hiring-india-noida-pune-bengaluru-6-to-10-years-160526016025
Business Analyst,Tekskills India pvt ltd,8-13 Yrs,Not Disclosed,Hybrid - Bengaluru,N/A,N/A,2 weeks ago,https://www.naukri.com/job-listings-business-analyst-tekskills-bengaluru-8-to-13-years-290526921688
Lead I - Business Analysis,UST,5-7 Yrs,Not Disclosed,Bengaluru,3.7,5781  Reviews,2 weeks ago,https://www.naukri.com/job-listings-lead-i-business-analysis-ust-bengaluru-5-to-7-years-290526507395
Business Analysts,Triumphant Itcs,5-10 Yrs,Not Disclosed,"Kolkata, Mumbai, New Delhi, Hyderabad, Pune, Chennai, Bengaluru",4.9,5  Reviews,3+ weeks ago,https://www.naukri.com/job-listings-business-analysts-triumphant-itcs-kolkata-mumbai-new-delhi-hyderabad-pune-chennai-bengaluru-5-to-10-years-280625501420
Senior AI Data Engineer,Hewlett Packard Enterprise,7-10 Yrs,Not Disclosed,Bengaluru,4.0,4678  Reviews,2 weeks ago,https://www.naukri.com/job-listings-senior-ai-data-engineer-hewlett-packard-enterprise-bengaluru-7-to-10-years-280526503258
Senior Consultant -National - CNS - TC - AI AND DATA,EY,4-8 Yrs,Not Disclosed,Bengaluru,3.4,14833  Reviews,3 weeks ago,https://www.naukri.com/job-listings-senior-consultant-national-cns-tc-ai-and-data-ernst-young-llp-bengaluru-4-to-8-years-250526916143
Business Analyst - BPMN,Capco,5-10 Yrs,7-17 Lacs PA ,"Hybrid - Mumbai, Bengaluru",N/A,N/A,3 weeks ago,https://www.naukri.com/job-listings-business-analyst-bpmn-hackajob-mumbai-bengaluru-5-to-10-years-250526009540
Business Analyst,Capco,6-11 Yrs,16-30 Lacs PA ,"Hybrid - Mumbai, Bengaluru",N/A,N/A,3 weeks ago,https://www.naukri.com/job-listings-business-analyst-hackajob-mumbai-bengaluru-6-to-11-years-250526009336
Business Analyst – Retirement Planning,Razorthink,6-8 Yrs,Not Disclosed,"Mumbai, Bengaluru, Delhi / NCR",3.3,5  Reviews,3 weeks ago,https://www.naukri.com/job-listings-business-analyst-retirement-planning-razorthink-mumbai-bengaluru-delhi-ncr-6-to-8-years-220526919362
Business Analyst – Retirement Planning,Razorthink,6-8 Yrs,Not Disclosed,"Mumbai, Delhi / NCR, Bengaluru",3.3,5  Reviews,3 weeks ago,https://www.naukri.com/job-listings-business-analyst-retirement-planning-razorthink-mumbai-delhi-ncr-bengaluru-6-to-8-years-200526917053
Business Analyst - Commercial Insurance,Coverforce,3-4 Yrs,Not Disclosed,"Kolkata, Mumbai, New Delhi, Hyderabad, Pune, Chennai, Bengaluru",N/A,N/A,3+ weeks ago,https://www.naukri.com/job-listings-business-analyst-commercial-insurance-coverforce-kolkata-mumbai-new-delhi-hyderabad-pune-chennai-bengaluru-3-to-4-years-170924500801
Business Analyst - Project Management Track,Digital Glyde,2-5 Yrs,Not Disclosed,"Kolkata, Mumbai, New Delhi, Hyderabad, Pune, Chennai, Bengaluru",3.3,11  Reviews,3+ weeks ago,https://www.naukri.com/job-listings-business-analyst-project-management-track-digital-glyde-kolkata-mumbai-new-delhi-hyderabad-pune-chennai-bengaluru-2-to-5-years-170524500939
Business Analyst,Ciklum,6-17 Yrs,Not Disclosed,"Pune, Chennai",3.5,186  Reviews,Today,https://www.naukri.com/job-listings-business-analyst-ciklum-pune-chennai-6-to-17-years-160626023716
Technical Business Analyst,Datametica,7-10 Yrs,25-30 Lacs PA (Including Variable: 10.0%) ,Pune(Mundhwa +1),3.0,422  Reviews,Today,https://www.naukri.com/job-listings-technical-business-analyst-datametica-pune-7-to-10-years-160626023302
Business Analyst,Browseinfo,1-5 Yrs,Not Disclosed,Ahmedabad,3.9,26  Reviews,1 day ago,https://www.naukri.com/job-listings-business-analyst-browseinfo-ahmedabad-1-to-5-years-150626500555
Business Analyst (Banking Analytics),US MNC (analytics),3-8 Yrs,15-30 Lacs PA ,"Hybrid - Pune, Gurugram, Delhi / NCR",N/A,N/A,1 day ago,https://www.naukri.com/job-listings-business-analyst-banking-analytics-aspyra-hr-services-pune-gurugram-delhi-ncr-3-to-8-years-150626002162
Business Analyst - EdTech,Innoventes Technologies,5-10 Yrs,Not Disclosed,Bengaluru,3.9,23  Reviews,3+ weeks ago,https://www.naukri.com/job-listings-business-analyst-edtech-innoventes-bengaluru-5-to-10-years-090426502315
Senior Data Engineer,Ujjivan Small Finance Bank,6-11 Yrs,Not Disclosed,Bengaluru,4.0,7749  Reviews,2 weeks ago,https://www.naukri.com/job-listings-senior-data-engineer-ujjivan-financial-services-ltd-bengaluru-6-to-11-years-010626921552
Supply Chain & Logistics Business Analyst SAP,Introlligent,5-10 Yrs,Not Disclosed,Bengaluru,2.4,55  Reviews,3+ weeks ago,https://www.naukri.com/job-listings-supply-chain-logistics-business-analyst-sap-introlligent-bengaluru-5-to-10-years-310126501740
Salesforce FSC Business Analyst,Tekskills India Pvt ltd,5-10 Yrs,Not Disclosed,Bengaluru,N/A,N/A,2 weeks ago,https://www.naukri.com/job-listings-salesforce-fsc-business-analyst-tekskills-bengaluru-5-to-10-years-290526921416
Solution / Business Analyst,PIERIAN,4-6 Yrs,Not Disclosed,Bengaluru,3.3,543  Reviews,2 weeks ago,https://www.naukri.com/job-listings-solution-business-analyst-pierian-services-bengaluru-4-to-6-years-290526507678
Business analyst/agile,Diverse Lynx,2-6 Yrs,Not Disclosed,Bengaluru,3.4,389  Reviews,3+ weeks ago,https://www.naukri.com/job-listings-business-analyst-agile-diverse-lynx-bengaluru-2-to-6-years-280923500031
SAP Business Analyst,Leading Client,8-13 Yrs,Not Disclosed,"Hyderabad, Bengaluru",N/A,N/A,2 weeks ago,https://www.naukri.com/job-listings-sap-business-analyst-ideslabs-private-limited-hyderabad-bengaluru-8-to-13-years-280526927188
Senior AI & Data Engineer,Hewlett Packard Enterprise,7-10 Yrs,Not Disclosed,Bengaluru,4.0,4678  Reviews,2 weeks ago,https://www.naukri.com/job-listings-senior-ai-data-engineer-hewlett-packard-enterprise-bengaluru-7-to-10-years-280526503257
Servicenow Business Analyst,Service based Top B2B MNC in IT Services Sector,6-10 Yrs,Not Disclosed,Hybrid - Bengaluru,N/A,N/A,2 weeks ago,https://www.naukri.com/job-listings-servicenow-business-analyst-kaizen-sra-technologies-bengaluru-6-to-10-years-270526935245
ML Ops Senior Data Engineer,BNP Paribas,5-10 Yrs,20-35 Lacs PA ,Bengaluru,3.7,2294  Reviews,2 weeks ago,https://www.naukri.com/job-listings-ml-ops-senior-data-engineer-bnp-paribas-bengaluru-5-to-10-years-270526028109
Business Analyst,VyntraPro Innovation,6-9 Yrs,8-15 Lacs PA ,Bengaluru,N/A,N/A,2 weeks ago,https://www.naukri.com/job-listings-business-analyst-vyntrapro-innovations-bengaluru-6-to-9-years-270526013151
Business Intelligence Analyst,Konovo,5-10 Yrs,Not Disclosed,Bengaluru,4.0,6  Reviews,3+ weeks ago,https://www.naukri.com/job-listings-business-intelligence-analyst-konovo-bengaluru-5-to-10-years-270426503187
Senior Associate-RMS Digital RM-Data Analytics,EY,3-5 Yrs,Not Disclosed,Bengaluru,3.4,14833  Reviews,3 weeks ago,https://www.naukri.com/job-listings-senior-associate-rms-digital-rm-data-analytics-ernst-young-llp-bengaluru-3-to-5-years-260526927317
Business Analyst,Movate Technologies,3-5 Yrs,Not Disclosed,Bengaluru,3.1,2676  Reviews,3 weeks ago,https://www.naukri.com/job-listings-business-analyst-movate-technologies-bengaluru-3-to-5-years-260526023863
IT Business Systems Analyst (Automation & AI),Illuminz,3-5 Yrs,Not Disclosed,Bengaluru,2.7,19  Reviews,3+ weeks ago,https://www.naukri.com/job-listings-it-business-systems-analyst-automation-ai-illumina-inc-bengaluru-3-to-5-years-260326500371
CA Business analyst,BCForward,4-6 Yrs,12-17 Lacs PA ,Bengaluru,N/A,N/A,3 weeks ago,https://www.naukri.com/job-listings-ca-business-analyst-bcforward-bengaluru-4-to-6-years-250526919070
"Business Analyst (Mortgage, real estate Domains)",Intuitive Apps,8-10 Yrs,Not Disclosed,Bengaluru,2.7,6  Reviews,3+ weeks ago,https://www.naukri.com/job-listings-business-analyst-mortgage-real-estate-domains-intuitive-apps-bengaluru-8-to-10-years-230823500766
Business Analyst Impact Assessmen,Clifyx Technology,1-4 Yrs,Not Disclosed,Bengaluru,3.3,31  Reviews,3+ weeks ago,https://www.naukri.com/job-listings-business-analyst-impact-assessmen-clifyx-technology-bengaluru-1-to-4-years-220725500667
Business Analyst Market Intelligence,LKQ India,3-6 Yrs,Not Disclosed,Bengaluru,3.3,450  Reviews,3 weeks ago,https://www.naukri.com/job-listings-business-analyst-market-intelligence-lkq-india-bengaluru-3-to-6-years-220526033784
Business Analyst II,Equilend,3-8 Yrs,Not Disclosed,Bengaluru,3.8,21  Reviews,3 weeks ago,https://www.naukri.com/job-listings-business-analyst-ii-equilend-bengaluru-3-to-8-years-210526502451
Business Analyst,The Art Of Living Human Resources,4-8 Yrs,Not Disclosed,Bengaluru,N/A,N/A,3+ weeks ago,https://www.naukri.com/job-listings-business-analyst-the-art-of-living-human-resource-bengaluru-4-to-8-years-210226502004
Business Analyst,Eurofins,3-6 Yrs,Not Disclosed,Bengaluru,3.2,206  Reviews,3 weeks ago,https://www.naukri.com/job-listings-business-analyst-eurofins-it-solutions-india-pvt-ltd-bengaluru-3-to-6-years-200526941075
Senior / Staff Full-Stack Data Engineer Databricks,Codvo,0-5 Yrs,Not Disclosed,Pune,3.5,60  Reviews,3+ weeks ago,https://www.naukri.com/job-listings-senior-staff-full-stack-data-engineer-databricks-codvo-ai-pune-0-to-5-years-200326507024
IT Business Analyst,Swiss Re,2-4 Yrs,Not Disclosed,Bengaluru,3.8,362  Reviews,3+ weeks ago,https://www.naukri.com/job-listings-it-business-analyst-swiss-re-bengaluru-2-to-4-years-200126506045
Business Analyst,Leading Client,3-4 Yrs,Not Disclosed,Bengaluru,N/A,N/A,3+ weeks ago,https://www.naukri.com/job-listings-business-analyst-confidential-bengaluru-3-to-4-years-190526924526
Business Analyst,Diverse Lynx,1-4 Yrs,Not Disclosed,Bengaluru,3.4,389  Reviews,3+ weeks ago,https://www.naukri.com/job-listings-business-analyst-diverse-lynx-bengaluru-1-to-4-years-180925503871
"IT Business Analyst, Finance Reporting and Analytics - D365 CoE",Eurofins,7-8 Yrs,Not Disclosed,Bengaluru,3.2,206  Reviews,3+ weeks ago,https://www.naukri.com/job-listings-it-business-analyst-finance-reporting-and-analytics-d365-coe-eurofins-it-solutions-india-pvt-ltd-bengaluru-7-to-8-years-180526925302
Business Analyst,QualityKiosk,3-6 Yrs,Not Disclosed,"Mumbai, Navi Mumbai",3.2,1497  Reviews,Few hours ago,https://www.naukri.com/job-listings-business-analyst-qualitykiosk-mumbai-navi-mumbai-3-to-6-years-160626503290
Project Manager/ Business Analysts - Swift IT,Triangle Global,5-10 Yrs,Not Disclosed,Mumbai,N/A,N/A,Few hours ago,https://www.naukri.com/job-listings-project-manager-business-analysts-swift-it-triangle-global-mumbai-5-to-10-years-160626502946
Sr Associate_Data Analytics / Data Eng_Digital Integration_Advisory,PwC Service Delivery Center,6-8 Yrs,Not Disclosed,Gurugram,3.3,12897  Reviews,Few hours ago,https://www.naukri.com/job-listings-sr-associate-data-analytics-data-eng-digital-integration-advisory-pricewaterhouse-coopers-service-delivery-center-kolkata-gurugram-6-to-8-years-160626502522
People Operations - Global Sr. Data & Digital advisor,APM Terminals,3-8 Yrs,Not Disclosed,Bengaluru,4.3,230  Reviews,Few hours ago,https://www.naukri.com/job-listings-people-operations-global-sr-data-digital-advisor-apm-terminal-sport-india-bengaluru-3-to-8-years-160626501967
Technical Business Analyst,Deloitte Shared Services India,5-10 Yrs,Not Disclosed,Mumbai,3.6,23638  Reviews,Just now,https://www.naukri.com/job-listings-technical-business-analyst-deloitte-shared-services-india-mumbai-5-to-10-years-160626033337
Business Analyst,Maven Silicon,5-10 Yrs,8-15 Lacs PA ,Bengaluru(Gottigere +1),3.9,175  Reviews,3 weeks ago,https://www.naukri.com/job-listings-business-analyst-maven-silicon-bengaluru-5-to-10-years-160426017686
"Institutional Securities Data Strategy & Analytics,Manager/Sr Manager",Morgan Stanley,6-9 Yrs,Not Disclosed,Mumbai,3.6,2079  Reviews,1 day ago,https://www.naukri.com/job-listings-institutional-securities-data-strategy-analytics-manager-sr-manager-morgan-stanley-advantage-services-pvt-ltd-mumbai-6-to-9-years-150626503924
Sr Associate_Data Analytics / Data Engineering_Digital Integration,PwC Service Delivery Center,6-8 Yrs,Not Disclosed,Gurugram,3.3,12897  Reviews,1 day ago,https://www.naukri.com/job-listings-sr-associate-data-analytics-data-engineering-digital-integration-pricewaterhouse-coopers-service-delivery-center-kolkata-gurugram-6-to-8-years-150626503172
QA Business Analyst,Verisk,2-5 Yrs,Not Disclosed,Hyderabad,3.7,94  Reviews,1 day ago,https://www.naukri.com/job-listings-qa-business-analyst-verisk-analytics-india-private-limited-hyderabad-2-to-5-years-150626501308
Business Operations Analyst,Bathtech Technologies,2-5 Yrs,3-7 Lacs PA ,Gurugram,3.5,6  Reviews,1 day ago,https://www.naukri.com/job-listings-business-operations-analyst-bathtech-technologies-gurugram-2-to-5-years-150626022128
Business Analyst,Adsrole,1-5 Yrs,1-6 Lacs PA ,Noida,4.3,101  Reviews,1 day ago,https://www.naukri.com/job-listings-business-analyst-adsrole-noida-1-to-5-years-150626012725
Business Analyst || Immediate Joiner,Radiansys Technologies,2-7 Yrs,Not Disclosed,Udupi(Manipal),3.5,18  Reviews,1 day ago,https://www.naukri.com/job-listings-business-analyst-immediate-joiner-radiansys-technologies-udupi-2-to-7-years-150626011712
Business Analyst,Suraaj Linens,4-6 Yrs,4-9 Lacs PA ,Mumbai(Lower Parel),4.1,15  Reviews,1 day ago,https://www.naukri.com/job-listings-business-analyst-suraaj-linens-mumbai-4-to-6-years-150626008893
Business Analyst - PLM,Premium Aerotec,4-9 Yrs,Not Disclosed,Bengaluru,N/A,N/A,3+ weeks ago,https://www.naukri.com/job-listings-business-analyst-plm-aerotec-bengaluru-4-to-9-years-150526505190
Data Scientist (Junior),Bootcoding,0-2 Yrs,Not Disclosed,Nagpur,4.0,3  Reviews,3+ weeks ago,https://www.naukri.com/job-listings-data-scientist-junior-bootcoding-nagpur-0-to-2-years-150526505144
Lead Business Analyst - PLM,Premium Aerotec,6-11 Yrs,Not Disclosed,Bengaluru,N/A,N/A,3+ weeks ago,https://www.naukri.com/job-listings-lead-business-analyst-plm-aerotec-bengaluru-6-to-11-years-150526504956
Business Analyst Lead,Fintech,4-9 Yrs,20-30 Lacs PA ,Bengaluru,N/A,N/A,3+ weeks ago,https://www.naukri.com/job-listings-business-analyst-lead-stryde-consulting-services-bengaluru-4-to-9-years-150526002013
Business Analysis Professional,Diverse Lynx,2-6 Yrs,Not Disclosed,Bengaluru,3.4,389  Reviews,3+ weeks ago,https://www.naukri.com/job-listings-business-analysis-professional-diverse-lynx-bengaluru-2-to-6-years-140525500712
Senior Associate-RMS Digital RM-Data Analytics,EY,3-5 Yrs,Not Disclosed,Bengaluru,3.4,14833  Reviews,3+ weeks ago,https://www.naukri.com/job-listings-senior-associate-rms-digital-rm-data-analytics-ernst-young-bengaluru-3-to-5-years-130526501208
Business Analyst,Diverse Lynx,1-4 Yrs,Not Disclosed,Bengaluru,3.4,389  Reviews,3+ weeks ago,https://www.naukri.com/job-listings-business-analyst-diverse-lynx-bengaluru-1-to-4-years-130525504317
Business Analyst (US Healthcare),Xyram Software Solution,4-6 Yrs,Not Disclosed,Bengaluru,3.7,51  Reviews,3+ weeks ago,https://www.naukri.com/job-listings-business-analyst-us-healthcare-xyram-software-solutions-bengaluru-4-to-6-years-121225501404
Senior Manager - Data Science,Swiggy,10-15 Yrs,Not Disclosed,Bengaluru,3.7,5738  Reviews,3+ weeks ago,https://www.naukri.com/job-listings-senior-manager-data-science-swiggy-bengaluru-10-to-15-years-110526502963
Business Analyst,Premium Aerotec,3-5 Yrs,Not Disclosed,Bengaluru,N/A,N/A,3+ weeks ago,https://www.naukri.com/job-listings-business-analyst-aerotec-bengaluru-3-to-5-years-110526501088
Data & analytics-Senior associate-Power bi & Project mgmnt-Kolkata,PwC Service Delivery Center,5-8 Yrs,Not Disclosed,Kolkata,3.3,12897  Reviews,1 day ago,https://www.naukri.com/job-listings-data-analytics-senior-associate-power-bi-project-mgmnt-kolkata-pwc-service-delivery-center-kolkata-5-to-8-years-090626000071
Senior Associate_Azure Data Engineer_Data and Analytics_Advisory,PwC Service Delivery Center,6-9 Yrs,Not Disclosed,Bengaluru,3.3,12897  Reviews,3+ weeks ago,https://www.naukri.com/job-listings-senior-associate-azure-data-engineer-data-and-analytics-advisory-pricewaterhouse-coopers-service-delivery-center-kolkata-bengaluru-6-to-9-years-090126503315
Business Analyst cum Developer - MS SQL (MSSQL),Gebbs Healthcare Solutions,2-7 Yrs,Not Disclosed,Mumbai,3.8,3285  Reviews,1 week ago,https://www.naukri.com/job-listings-business-analyst-developer-ms-sql-mssql-gebbs-healthcare-solutions-pvt-ltd-mumbai-2-to-7-years-080626501371
Business Solutions Analyst,PAREKH,5-8 Yrs,Not Disclosed,Gurugram,4.0,871  Reviews,1 week ago,https://www.naukri.com/job-listings-business-solutions-analyst-parekh-gurugram-5-to-8-years-080626004570
Business Finance Analyst,Turno,2-6 Yrs,Not Disclosed,Bengaluru,3.7,94  Reviews,3+ weeks ago,https://www.naukri.com/job-listings-business-finance-analyst-turno-bengaluru-2-to-6-years-080526501652
Business Analyst,Black Duck Software,3-8 Yrs,Not Disclosed,Bengaluru,4.0,9  Reviews,3+ weeks ago,https://www.naukri.com/job-listings-business-analyst-black-duck-software-bengaluru-3-to-8-years-070526501966
Business Analyst,Finkraft,1-6 Yrs,Not Disclosed,Bengaluru,2.8,65  Reviews,3+ weeks ago,https://www.naukri.com/job-listings-business-analyst-finkraft-bengaluru-1-to-6-years-041125502331
Business Analyst Technical Vocational Engineering Training,Nettur Technical Training Foundation (NTTF),10-15 Yrs,9-15 Lacs PA ,Bengaluru,3.6,425  Reviews,1 week ago,https://www.naukri.com/job-listings-business-analyst-technical-vocational-engineering-training-nettur-technical-training-foundation-nttf-bengaluru-10-to-15-years-030626010468
Technical Business Analyst,Axicorp,10-15 Yrs,Not Disclosed,Bengaluru,1.0,3  Reviews,3+ weeks ago,https://www.naukri.com/job-listings-technical-business-analyst-axicorp-bengaluru-10-to-15-years-030326500760
Business Analyst,Diverse Lynx,6-11 Yrs,Not Disclosed,Bengaluru,3.4,389  Reviews,3+ weeks ago,https://www.naukri.com/job-listings-business-analyst-diverse-lynx-bengaluru-6-to-11-years-020725505438
Senior Engineer - Data Engineering,SLK Software,10-15 Yrs,Not Disclosed,Bengaluru,3.2,1422  Reviews,2 weeks ago,https://www.naukri.com/job-listings-senior-engineer-data-engineering-slk-software-services-private-limited-bengaluru-10-to-15-years-020626502938
Senior Engineer - Data Engineering,SLK Software,5-10 Yrs,Not Disclosed,Bengaluru,3.2,1422  Reviews,2 weeks ago,https://www.naukri.com/job-listings-senior-engineer-data-engineering-slk-software-services-private-limited-bengaluru-5-to-10-years-020626502856
Senior Staff Engineer - Data Engineering,SLK Software,12-17 Yrs,Not Disclosed,Bengaluru,3.2,1422  Reviews,2 weeks ago,https://www.naukri.com/job-listings-senior-staff-engineer-data-engineering-slk-software-services-private-limited-bengaluru-12-to-17-years-020626502773
Senior Data Engineer,Atlassian,6-11 Yrs,Not Disclosed,Bengaluru,3.1,176  Reviews,2 weeks ago,https://www.naukri.com/job-listings-senior-data-engineer-atlassian-bengaluru-6-to-11-years-020626502588
Business Analyst,Bill Gosling,5-10 Yrs,Not Disclosed,Bengaluru,3.5,818  Reviews,3+ weeks ago,https://www.naukri.com/job-listings-business-analyst-bill-gosling-outsourcing-bengaluru-5-to-10-years-010426502825
Senior Data Engineer,Metropolis Technologies,5-10 Yrs,Not Disclosed,Bengaluru,N/A,N/A,3+ weeks ago,https://www.naukri.com/job-listings-senior-data-engineer-metropolis-technologies-bengaluru-5-to-10-years-311025503812
Business Analyst,Euphoric Thought Technologies Pvt Ltd,4-5 Yrs,Not Disclosed,Bengaluru,4.7,5  Reviews,3+ weeks ago,https://www.naukri.com/job-listings-business-analyst-euphoric-thought-technologies-pvt-ltd-bengaluru-4-to-5-years-310124501956
Business Analyst II,Astreya,2-5 Yrs,Not Disclosed,Bengaluru,3.6,104  Reviews,3+ weeks ago,https://www.naukri.com/job-listings-business-analyst-ii-astreya-bengaluru-2-to-5-years-301225501952
Failure Analysis and Business Process Adminstrator,UST,8-10 Yrs,Not Disclosed,Bengaluru,3.7,5781  Reviews,2 weeks ago,https://www.naukri.com/job-listings-failure-analysis-and-business-process-adminstrator-ust-bengaluru-8-to-10-years-290526504592
Business Operations Analyst,Aspire Proptech,1-2 Yrs,Not Disclosed,Bengaluru,3.5,2  Reviews,3+ weeks ago,https://www.naukri.com/job-listings-business-operations-analyst-aspire-proptech-bengaluru-1-to-2-years-280324500753
Business Analyst,IBU Consulting,5-10 Yrs,Not Disclosed,"Hubli, Mangaluru, Mysuru, Bengaluru, Belgaum",3.7,29  Reviews,3+ weeks ago,https://www.naukri.com/job-listings-business-analyst-ibu-consulting-hubli-mangaluru-mysuru-bengaluru-belgaum-5-to-10-years-271125500950
Business Analyst,Vlaunchu,3-4 Yrs,Not Disclosed,Bengaluru,3.5,2  Reviews,3+ weeks ago,https://www.naukri.com/job-listings-business-analyst-vlaunchu-bengaluru-3-to-4-years-261125502290
Technical Business Analyst II,Swiss Re,2-4 Yrs,Not Disclosed,Bengaluru,3.8,362  Reviews,3+ weeks ago,https://www.naukri.com/job-listings-technical-business-analyst-ii-swiss-re-bengaluru-2-to-4-years-260825504297
Business Analyst,Naghavi Fintech,1-3 Yrs,Not Disclosed,Bengaluru,N/A,N/A,3+ weeks ago,https://www.naukri.com/job-listings-business-analyst-naghavi-fintech-bengaluru-1-to-3-years-260724502927
Business Analyst,Germane Analytics,5-10 Yrs,Not Disclosed,Bengaluru,5.0,3  Reviews,3+ weeks ago,https://www.naukri.com/job-listings-business-analyst-germane-analytics-pvt-ltd-bengaluru-5-to-10-years-260218500247
Business Analyst,Bhanzu,1-3 Yrs,Not Disclosed,Bengaluru,3.7,947  Reviews,3+ weeks ago,https://www.naukri.com/job-listings-business-analyst-bhanzu-bengaluru-1-to-3-years-250924503988
Business Analyst,Timelyai Technologies,1-3 Yrs,Not Disclosed,Bengaluru,1.9,2  Reviews,3+ weeks ago,https://www.naukri.com/job-listings-business-analyst-timelyai-bengaluru-1-to-3-years-241123501429
Business Analyst I,Legato,3-8 Yrs,Not Disclosed,Gurugram,3.9,4299  Reviews,3+ weeks ago,https://www.naukri.com/job-listings-business-analyst-i-legato-health-technologies-llp-gurugram-3-to-8-years-230426502384
Business Analyst with SQL,Diverse Lynx,6-8 Yrs,Not Disclosed,Bengaluru,3.4,389  Reviews,3+ weeks ago,https://www.naukri.com/job-listings-business-analyst-with-sql-diverse-lynx-bengaluru-6-to-8-years-220725503595
Data Owner Sr Associate,JPMorgan Chase Bank,6-11 Yrs,Not Disclosed,Bengaluru,3.8,7940  Reviews,3 weeks ago,https://www.naukri.com/job-listings-data-owner-sr-associate-jp-morgan-and-chase-bengaluru-6-to-11-years-220526501387
BUSINESS ANALYST,Sthira,4-5 Yrs,Not Disclosed,Bengaluru,4.3,3  Reviews,3+ weeks ago,https://www.naukri.com/job-listings-business-analyst-sthira-it-solutions-pvt-ltd-bengaluru-4-to-5-years-220126501602
Actimize Engineer / Business Analyst,Clifyx Technology,1-5 Yrs,Not Disclosed,Bengaluru,3.3,31  Reviews,3+ weeks ago,https://www.naukri.com/job-listings-actimize-engineer-business-analyst-clifyx-technology-bengaluru-1-to-5-years-210825500210
Business Analyst,Diverse Lynx,8-10 Yrs,Not Disclosed,Bengaluru,3.4,389  Reviews,3+ weeks ago,https://www.naukri.com/job-listings-business-analyst-diverse-lynx-bengaluru-8-to-10-years-210723501310
Senior Associate - GCP Data Engineer,PwC Service Delivery Center,4-7 Yrs,Not Disclosed,Bengaluru,3.3,12897  Reviews,3+ weeks ago,https://www.naukri.com/job-listings-senior-associate-gcp-data-engineer-pricewaterhouse-coopers-service-delivery-center-kolkata-bengaluru-4-to-7-years-210325506192
Business Analyst,Logic Planet,7-12 Yrs,Not Disclosed,Bengaluru,2.8,66  Reviews,3+ weeks ago,https://www.naukri.com/job-listings-business-analyst-logicplanet-it-services-bengaluru-7-to-12-years-210226502608
SAS - Analyst - Business Intelligence,Clifyx Technology,5-8 Yrs,Not Disclosed,Bengaluru,3.3,31  Reviews,3+ weeks ago,https://www.naukri.com/job-listings-sas-analyst-business-intelligence-clifyx-technology-bengaluru-5-to-8-years-200525503506
Sr.Data Engineer,Abbineni Business Management,0-2 Yrs,Not Disclosed,Pune,2.0,4  Reviews,3+ weeks ago,https://www.naukri.com/job-listings-sr-data-engineer-abbineni-business-management-pvt-ltd-pune-0-to-2-years-191224501693
Business Analyst level II,Pantheon Inc,5-8 Yrs,Not Disclosed,Bengaluru,3.5,11  Reviews,3+ weeks ago,https://www.naukri.com/job-listings-business-analyst-level-ii-pantheon-inc-bengaluru-5-to-8-years-191224501610
Business Analyst,Stratycon Business Solutions Pvt Ltd,2-5 Yrs,Not Disclosed,Bengaluru,N/A,N/A,3+ weeks ago,https://www.naukri.com/job-listings-business-analyst-stratycon-business-solutions-pvt-ltd-bengaluru-2-to-5-years-190625506490
"Senior Engineer, Customer Data Operations",Thomson Reuters,6-11 Yrs,Not Disclosed,Bengaluru,3.7,1922  Reviews,3+ weeks ago,https://www.naukri.com/job-listings-senior-engineer-customer-data-operations-thomson-reuters-india-pvt-ltd-bengaluru-6-to-11-years-180226500895
Senior Associate- Integration data/Tech - Contract,Grant Thornton India Pvt Ltd,4-6 Yrs,Not Disclosed,Bengaluru,3.4,1353  Reviews,3+ weeks ago,https://www.naukri.com/job-listings-senior-associate-integration-data-tech-contract-grant-thornton-india-pvt-ltd-bengaluru-4-to-6-years-170426500819
SR DATA ANNOTATOR,S&S Enterprise Hyderabad,0-2 Yrs,Not Disclosed,Hyderabad,N/A,N/A,3+ weeks ago,https://www.naukri.com/job-listings-sr-data-annotator-s-s-enterprise-hyderabad-0-to-2-years-170225503397
Senior Big Data Engineer,Iqvia Biotech,6-11 Yrs,Not Disclosed,Bengaluru,3.4,23  Reviews,3+ weeks ago,https://www.naukri.com/job-listings-senior-big-data-engineer-iqvia-biotech-bengaluru-6-to-11-years-160126501935
Business Analyst,ThoughtFocus,5-8 Yrs,Not Disclosed,Bengaluru,3.3,479  Reviews,3+ weeks ago,https://www.naukri.com/job-listings-business-analyst-thoughtfocus-bengaluru-5-to-8-years-151225502383
Sr. Data Engineer,Hewlett Packard Enterprise,7-12 Yrs,Not Disclosed,Bengaluru,4.0,4678  Reviews,3+ weeks ago,https://www.naukri.com/job-listings-sr-data-engineer-hewlett-packard-enterprise-bengaluru-7-to-12-years-150126503043
Business Analyst,Regnology,5-8 Yrs,Not Disclosed,Bengaluru,N/A,N/A,3+ weeks ago,https://www.naukri.com/job-listings-business-analyst-regnology-bengaluru-5-to-8-years-130326504575
Business Analyst Intern,Sirma Business Consulting,1-6 Yrs,Not Disclosed,Bengaluru,2.4,35  Reviews,3+ weeks ago,https://www.naukri.com/job-listings-business-analyst-intern-sirma-business-consulting-india-private-limited-bengaluru-1-to-6-years-130225502460
Business Analyst,Sambhav Foundation,1-6 Yrs,Not Disclosed,Bengaluru,3.9,113  Reviews,3+ weeks ago,https://www.naukri.com/job-listings-business-analyst-sambhav-foundation-bengaluru-1-to-6-years-121224504394
Business Analyst,Mverve,2-6 Yrs,Not Disclosed,Bengaluru,2.4,3  Reviews,3+ weeks ago,https://www.naukri.com/job-listings-business-analyst-mverve-a-mobignosis-technology-company-bengaluru-2-to-6-years-111024501932
Business Intelligence Analyst,Nutanix,4-6 Yrs,Not Disclosed,Bengaluru,3.4,199  Reviews,3+ weeks ago,https://www.naukri.com/job-listings-business-intelligence-analyst-nutanix-india-technologies-private-limited-bengaluru-4-to-6-years-100426502081
Senior Data Engineer,Technix India Solutions,0-2 Yrs,Not Disclosed,Patna,2.6,8  Reviews,3+ weeks ago,https://www.naukri.com/job-listings-senior-data-engineer-technix-technology-patna-0-to-2-years-100424501089
Market Analyst & Business Development Strategist,Artpark,2-6 Yrs,Not Disclosed,Bengaluru,4.4,10  Reviews,3+ weeks ago,https://www.naukri.com/job-listings-market-analyst-business-development-strategist-artpark-bengaluru-2-to-6-years-091225501407
Business Analyst,Lorven Technologies,15-20 Yrs,Not Disclosed,Bengaluru,3.2,41  Reviews,3+ weeks ago,https://www.naukri.com/job-listings-business-analyst-lorventech-solutions-india-pvt-ltd-bengaluru-15-to-20-years-090326503640
Senior Associate_Azure Data Enginer_Advisory Corporate,PwC Service Delivery Center,5-8 Yrs,Not Disclosed,Bengaluru,3.3,12897  Reviews,3+ weeks ago,https://www.naukri.com/job-listings-senior-associate-azure-data-enginer-advisory-corporate-pricewaterhouse-coopers-service-delivery-center-kolkata-bengaluru-5-to-8-years-090125503223
Sr Associate_ Snowflake Senior Data Engineer_Data and Analytics,PwC Service Delivery Center,5-8 Yrs,Not Disclosed,Bengaluru,3.3,12897  Reviews,3+ weeks ago,https://www.naukri.com/job-listings-sr-associate-snowflake-senior-data-engineer-data-and-analytics-pricewaterhouse-coopers-service-delivery-center-kolkata-bengaluru-5-to-8-years-050526502632
Senior Data Operations Coordinator I,Nielsen Sports,2-4 Yrs,Not Disclosed,Bengaluru,3.8,224  Reviews,3+ weeks ago,https://www.naukri.com/job-listings-senior-data-operations-coordinator-i-nielsen-sports-bengaluru-2-to-4-years-050526502490
Sr Associate_ Snowflake Senior Data Engineer_Data and Analytics,PwC Service Delivery Center,5-8 Yrs,Not Disclosed,Bengaluru,3.3,12897  Reviews,3+ weeks ago,https://www.naukri.com/job-listings-sr-associate-snowflake-senior-data-engineer-data-and-analytics-pricewaterhouse-coopers-service-delivery-center-kolkata-bengaluru-5-to-8-years-050526501948
Business Analyst,Finkraft,2-7 Yrs,Not Disclosed,Bengaluru,2.8,65  Reviews,3+ weeks ago,https://www.naukri.com/job-listings-business-analyst-finkraft-bengaluru-2-to-7-years-041125501328
Business Analyst,Mystifly Consulting,1-4 Yrs,Not Disclosed,Bengaluru,2.5,99  Reviews,3+ weeks ago,https://www.naukri.com/job-listings-business-analyst-mystifly-bengaluru-1-to-4-years-030118500942
CRM Functional / Marketing CRM Functional / Business Analyst,Clifyx Technology,2-5 Yrs,Not Disclosed,Bengaluru,3.3,31  Reviews,3+ weeks ago,https://www.naukri.com/job-listings-crm-functional-marketing-crm-functional-business-analyst-clifyx-technology-bengaluru-2-to-5-years-020825500118
Business Analyst,Hiringhood,3-5 Yrs,Not Disclosed,Bengaluru,4.7,20  Reviews,3+ weeks ago,https://www.naukri.com/job-listings-business-analyst-hiringhood-bengaluru-3-to-5-years-020824501406
Data Engineer,Zensar,1-9 Yrs,Not Disclosed,Mumbai,3.7,3030  Reviews,3+ weeks ago,https://www.naukri.com/job-listings-data-engineer-zensar-technologies-mumbai-1-to-9-years-150426500675
Data Engineer,Zensar,1-6 Yrs,Not Disclosed,Mumbai,3.7,3030  Reviews,3+ weeks ago,https://www.naukri.com/job-listings-data-engineer-zensar-technologies-mumbai-1-to-6-years-030426503863
Data Analytics Intern,Reliance Games,0-1 Yrs,Not Disclosed,Pune,2.2,18  Reviews,3+ weeks ago,https://www.naukri.com/job-listings-data-analytics-intern-reliance-games-pune-0-to-1-years-170622500701
Data Engineer-Data Bricks,Birlasoft,4-7 Yrs,Not Disclosed,Pune,3.4,3822  Reviews,3+ weeks ago,https://www.naukri.com/job-listings-data-engineer-data-bricks-birlasoft-india-limited-pune-4-to-7-years-070426501627
Data Analytics Engineer (Trainee),Locus IT Services Pvt Ltd,0-6 Yrs,3.5-4 Lacs PA ,Bengaluru,4.7,20  Reviews,2 weeks ago,https://www.naukri.com/job-listings-data-analytics-engineer-trainee-locus-it-services-pvt-ltd-bengaluru-0-to-6-years-010626024051
I&F Decision Sci Practitioner Sr Analyst,Accenture,5-8 Yrs,Not Disclosed,Navi Mumbai,3.7,74541  Reviews,1 week ago,https://www.naukri.com/job-listings-i-f-decision-sci-practitioner-sr-analyst-accenture-solutions-pvt-ltd-navi-mumbai-5-to-8-years-080626920332
Strategic Programs Senior Analyst,Accenture,4-6 Yrs,Not Disclosed,Mumbai,3.7,74541  Reviews,1 week ago,https://www.naukri.com/job-listings-strategic-programs-senior-analyst-accenture-solutions-pvt-ltd-mumbai-4-to-6-years-080626919847
"Engineering, Management & Governance Sr Analyst",Accenture,5-8 Yrs,Not Disclosed,Gurugram,3.7,74541  Reviews,2 weeks ago,https://www.naukri.com/job-listings-engineering-management-governance-sr-analyst-accenture-solutions-pvt-ltd-gurugram-5-to-8-years-010626912866
Senior Analyst,eClerx,2-4 Yrs,Not Disclosed,Navi Mumbai,3.1,6420  Reviews,2 weeks ago,https://www.naukri.com/job-listings-senior-analyst-eclerx-navi-mumbai-2-to-4-years-240326030764
Sr. Finance Analyst(Exp in Accounting/Controllership must),Visa Consolidated Support Services India,6-8 Yrs,Not Disclosed,Bengaluru,3.5,22  Reviews,Few hours ago,https://www.naukri.com/job-listings-sr-finance-analyst-exp-in-accounting-controllership-must-visa-consolidated-support-services-india-pvt-ltd-bengaluru-6-to-8-years-160626928160
"Senior Analyst, Credit Strategy",Bluevine,3-4 Yrs,Not Disclosed,Bengaluru,2.4,31  Reviews,Today,https://www.naukri.com/job-listings-senior-analyst-credit-strategy-bluevine-bengaluru-3-to-4-years-160626501254
Senior Planning Analyst (Market down Optimization- Pricing team),Cielo Talent,4-6 Yrs,10-14 Lacs PA ,Hybrid - Bengaluru(Manayata Tech Park),N/A,N/A,Few hours ago,https://www.naukri.com/job-listings-senior-planning-analyst-market-down-optimization-pricing-team-cielo-talent-bengaluru-4-to-6-years-160626032428
Senior Analyst,JustAnswer Innovations India Private Limited,7-12 Yrs,18-33 Lacs PA ,Remote,3.0,16  Reviews,Few hours ago,https://www.naukri.com/job-listings-senior-analyst-justanswer-innovations-india-private-limited-bengaluru-7-to-12-years-160626029459
Actuarial Senior Analyst,Cigna Medical Group,3-6 Yrs,Not Disclosed,Bengaluru,3.0,43  Reviews,1 day ago,https://www.naukri.com/job-listings-actuarial-senior-analyst-cigna-medical-group-bengaluru-3-to-6-years-150626500841
Senior Financial Planning Analyst,Wolters Kluwer - Medknow Publications,4-7 Yrs,Not Disclosed,Pune,N/A,N/A,4 days ago,https://www.naukri.com/job-listings-senior-financial-planning-analyst-wolters-kluwer-medknow-publications-pune-4-to-7-years-120626503427
AI Senior Research Analyst,Crisil,6-10 Yrs,Not Disclosed,Mumbai,3.5,1966  Reviews,4 days ago,https://www.naukri.com/job-listings-ai-senior-research-analyst-crisil-mumbai-6-to-10-years-120626017915
Hiring Senior Trade Surveillance Analyst,Xoriant,1-4 Yrs,Not Disclosed,Hybrid - Mumbai,4.0,2345  Reviews,5 days ago,https://www.naukri.com/job-listings-hiring-senior-trade-surveillance-analyst-xoriant-mumbai-1-to-4-years-110626016599
Quality Auditing Senior Analyst,Accenture,5-8 Yrs,Not Disclosed,Hyderabad,3.7,74541  Reviews,1 week ago,https://www.naukri.com/job-listings-quality-auditing-senior-analyst-accenture-solutions-pvt-ltd-hyderabad-5-to-8-years-080626927003
S&C Global Network - AI - CMT Engineering - Senior Analyst,Accenture,10-15 Yrs,Not Disclosed,Gurugram,3.7,74541  Reviews,1 week ago,https://www.naukri.com/job-listings-s-c-global-network-ai-cmt-engineering-senior-analyst-accenture-solutions-pvt-ltd-gurugram-10-to-15-years-080626924566
Marketing Platform Auto Senior Analyst,Accenture,5-8 Yrs,Not Disclosed,Mumbai,3.7,74541  Reviews,1 week ago,https://www.naukri.com/job-listings-marketing-platform-auto-senior-analyst-accenture-solutions-pvt-ltd-mumbai-5-to-8-years-080626921934
Copywriting Senior Analyst,Accenture,5-8 Yrs,Not Disclosed,Mumbai,3.7,74541  Reviews,1 week ago,https://www.naukri.com/job-listings-copywriting-senior-analyst-accenture-solutions-pvt-ltd-mumbai-5-to-8-years-080626920724
Supply Chain Operations Senior Analyst,Accenture,5-8 Yrs,Not Disclosed,Mumbai,3.7,74541  Reviews,1 week ago,https://www.naukri.com/job-listings-supply-chain-operations-senior-analyst-accenture-solutions-pvt-ltd-mumbai-5-to-8-years-080626920582
Quality Auditing Senior Analyst,Accenture,5-8 Yrs,Not Disclosed,Gurugram,3.7,74541  Reviews,1 week ago,https://www.naukri.com/job-listings-quality-auditing-senior-analyst-accenture-solutions-pvt-ltd-gurugram-5-to-8-years-080626917852
Risk and Compliance Senior Analyst,Accenture,5-8 Yrs,Not Disclosed,Gurugram,3.7,74541  Reviews,1 week ago,https://www.naukri.com/job-listings-risk-and-compliance-senior-analyst-accenture-solutions-pvt-ltd-gurugram-5-to-8-years-080626917210
Measurement & Report Senior Analyst,Accenture,5-8 Yrs,Not Disclosed,Jaipur,3.7,74541  Reviews,1 week ago,https://www.naukri.com/job-listings-measurement-report-senior-analyst-accenture-solutions-pvt-ltd-jaipur-5-to-8-years-080626916773
Financial Plan & Analysis Senior Analyst,Accenture,5-8 Yrs,Not Disclosed,Gurugram,3.7,74541  Reviews,1 week ago,https://www.naukri.com/job-listings-financial-plan-analysis-senior-analyst-accenture-solutions-pvt-ltd-gurugram-5-to-8-years-080626915935
Financial Plan & Analysis Senior Analyst,Accenture,5-8 Yrs,Not Disclosed,Gurugram,3.7,74541  Reviews,1 week ago,https://www.naukri.com/job-listings-financial-plan-analysis-senior-analyst-accenture-solutions-pvt-ltd-gurugram-5-to-8-years-080626915214
Record To Report Ops Senior Analyst,Accenture,5-8 Yrs,Not Disclosed,Gurugram,3.7,74541  Reviews,1 week ago,https://www.naukri.com/job-listings-record-to-report-ops-senior-analyst-accenture-solutions-pvt-ltd-gurugram-5-to-8-years-080626915068
Sr Client Reporting Analyst,Invesco,4-7 Yrs,Not Disclosed,Hyderabad,3.7,497  Reviews,1 week ago,https://www.naukri.com/job-listings-sr-client-reporting-analyst-invesco-india-pvt-ltd-hyderabad-4-to-7-years-050626501540
PPSM Sr Analyst,Accenture,5-8 Yrs,Not Disclosed,Mumbai,3.7,74541  Reviews,1 week ago,https://www.naukri.com/job-listings-ppsm-sr-analyst-accenture-solutions-pvt-ltd-mumbai-5-to-8-years-040626931162
Delivery Operations Senior Analyst,Accenture,5-8 Yrs,Not Disclosed,Gurugram,3.7,74541  Reviews,1 week ago,https://www.naukri.com/job-listings-delivery-operations-senior-analyst-accenture-solutions-pvt-ltd-gurugram-5-to-8-years-040626920657
Delivery Operations Senior Analyst,Accenture,5-8 Yrs,Not Disclosed,Gurugram,3.7,74541  Reviews,1 week ago,https://www.naukri.com/job-listings-delivery-operations-senior-analyst-accenture-solutions-pvt-ltd-gurugram-5-to-8-years-040626920647
Sales Prog & Incentive Mgmt Sr Analyst,Accenture,5-8 Yrs,Not Disclosed,Gurugram,3.7,74541  Reviews,1 week ago,https://www.naukri.com/job-listings-sales-prog-incentive-mgmt-sr-analyst-accenture-solutions-pvt-ltd-gurugram-5-to-8-years-040626920639
Sales Prog & Incentive Mgmt Sr Analyst,Accenture,5-8 Yrs,Not Disclosed,Gurugram,3.7,74541  Reviews,1 week ago,https://www.naukri.com/job-listings-sales-prog-incentive-mgmt-sr-analyst-accenture-solutions-pvt-ltd-gurugram-5-to-8-years-040626920451
I&F Decision Sci Practitioner Sr Analyst,Accenture,5-8 Yrs,Not Disclosed,Navi Mumbai,3.7,74541  Reviews,1 week ago,https://www.naukri.com/job-listings-i-f-decision-sci-practitioner-sr-analyst-accenture-solutions-pvt-ltd-navi-mumbai-5-to-8-years-040626920265
Sales Prog & Incentive Mgmt Sr Analyst,Accenture,5-8 Yrs,Not Disclosed,Gurugram,3.7,74541  Reviews,1 week ago,https://www.naukri.com/job-listings-sales-prog-incentive-mgmt-sr-analyst-accenture-solutions-pvt-ltd-gurugram-5-to-8-years-040626920097
Marketing Engagement Senior Analyst,Accenture,5-8 Yrs,Not Disclosed,Mumbai,3.7,74541  Reviews,1 week ago,https://www.naukri.com/job-listings-marketing-engagement-senior-analyst-accenture-solutions-pvt-ltd-mumbai-5-to-8-years-040626919405
Senior Analyst,eClerx,1-8 Yrs,Not Disclosed,Mumbai,3.1,6420  Reviews,1 week ago,https://www.naukri.com/job-listings-senior-analyst-eclerx-services-ltd-mumbai-1-to-8-years-040626500676
RR-0273922-Sr Analyst I Infrastructure Services,DXC Technology,5-10 Yrs,Not Disclosed,Chennai,3.6,12153  Reviews,1 week ago,https://www.naukri.com/job-listings-rr-0273922-sr-analyst-i-infrastructure-services-dxc-technology-chennai-5-to-10-years-030626504484
Digital Content Management Sr Analyst,Accenture,5-10 Yrs,Not Disclosed,Mumbai,3.7,74541  Reviews,2 weeks ago,https://www.naukri.com/job-listings-digital-content-management-sr-analyst-accenture-solutions-pvt-ltd-mumbai-5-to-10-years-010626914024
Creative Production Senior Analyst,Accenture,6-11 Yrs,Not Disclosed,Mumbai,3.7,74541  Reviews,2 weeks ago,https://www.naukri.com/job-listings-creative-production-senior-analyst-accenture-solutions-pvt-ltd-mumbai-6-to-11-years-010626913966
Creative Production Senior Analyst,Accenture,6-11 Yrs,Not Disclosed,Mumbai,3.7,74541  Reviews,2 weeks ago,https://www.naukri.com/job-listings-creative-production-senior-analyst-accenture-solutions-pvt-ltd-mumbai-6-to-11-years-010626913964
Creative Production Senior Analyst,Accenture,6-11 Yrs,Not Disclosed,Mumbai,3.7,74541  Reviews,2 weeks ago,https://www.naukri.com/job-listings-creative-production-senior-analyst-accenture-solutions-pvt-ltd-mumbai-6-to-11-years-010626913958
Digital Marketing Advisory Senior Analyst,Accenture,5-8 Yrs,Not Disclosed,Navi Mumbai,3.7,74541  Reviews,2 weeks ago,https://www.naukri.com/job-listings-digital-marketing-advisory-senior-analyst-accenture-solutions-pvt-ltd-navi-mumbai-5-to-8-years-010626913709
Digital Marketing Advisory Senior Analyst,Accenture,5-8 Yrs,Not Disclosed,Navi Mumbai,3.7,74541  Reviews,2 weeks ago,https://www.naukri.com/job-listings-digital-marketing-advisory-senior-analyst-accenture-solutions-pvt-ltd-navi-mumbai-5-to-8-years-010626913707
Digital Mktg Advisory Senior Analyst,Accenture,5-8 Yrs,Not Disclosed,Navi Mumbai,3.7,74541  Reviews,2 weeks ago,https://www.naukri.com/job-listings-digital-mktg-advisory-senior-analyst-accenture-solutions-pvt-ltd-navi-mumbai-5-to-8-years-010626913702
Measurement & Report Senior Analyst,Accenture,5-8 Yrs,Not Disclosed,Noida,3.7,74541  Reviews,2 weeks ago,https://www.naukri.com/job-listings-measurement-report-senior-analyst-accenture-solutions-pvt-ltd-noida-5-to-8-years-010626913563
Media & Graphics Design Senior Analyst,Accenture,5-8 Yrs,Not Disclosed,Mumbai,3.7,74541  Reviews,2 weeks ago,https://www.naukri.com/job-listings-media-graphics-design-senior-analyst-accenture-solutions-pvt-ltd-mumbai-5-to-8-years-010626913537
"Engineering, Management & Governance Sr Analyst",Accenture,5-8 Yrs,Not Disclosed,Gurugram,3.7,74541  Reviews,2 weeks ago,https://www.naukri.com/job-listings-engineering-management-governance-sr-analyst-accenture-solutions-pvt-ltd-gurugram-5-to-8-years-010626912867
Senior Analyst,Unitedlex,4-9 Yrs,Not Disclosed,Gurugram,2.6,765  Reviews,2 weeks ago,https://www.naukri.com/job-listings-senior-analyst-unitedlex-corporation-gurugram-4-to-9-years-010626501495
Trust & Safety Senior Analyst,Accenture,5-8 Yrs,Not Disclosed,Hyderabad,3.7,74541  Reviews,1 week ago,https://www.naukri.com/job-listings-trust-safety-senior-analyst-accenture-solutions-pvt-ltd-hyderabad-5-to-8-years-080626922859
Service Desk Quality Analyst,Transperfect,0-4 Yrs,Not Disclosed,Pune,3.0,209  Reviews,3 weeks ago,https://www.naukri.com/job-listings-service-desk-quality-analyst-transperfect-pune-0-to-4-years-200526043351
Analyst,Nomura,6-10 Yrs,Not Disclosed,Mumbai,3.6,699  Reviews,3+ weeks ago,https://www.naukri.com/job-listings-analyst-nomura-capital-india-private-limited-mumbai-6-to-10-years-170226503114
API Gateway Analysts,Krazy Mantra It,1-4 Yrs,Not Disclosed,Pune,3.7,93  Reviews,5 days ago,https://www.naukri.com/job-listings-api-gateway-analysts-krazy-mantra-group-of-companies-pune-1-to-4-years-110626502332
Analyst-AA,Mindshare,1-6 Yrs,Not Disclosed,Gurugram,3.5,78  Reviews,5 days ago,https://www.naukri.com/job-listings-analyst-aa-mindshare-india-pvt-ltd-gurugram-1-to-6-years-110626500370
Analyst - Model Risk Management,Muthoot Finance,2-7 Yrs,6-15 Lacs PA ,Bengaluru(Lingarajapuram),3.7,6472  Reviews,5 days ago,https://www.naukri.com/job-listings-analyst-model-risk-management-muthoot-finance-bengaluru-2-to-7-years-110626027268
STRATEGIC SOURCING ANALYST II,TE Connectivity,3-5 Yrs,Not Disclosed,Bengaluru,4.1,1357  Reviews,6 days ago,https://www.naukri.com/job-listings-strategic-sourcing-analyst-ii-te-connectivity-india-private-limited-bengaluru-3-to-5-years-100626936270
SALES OPS ANALYST I,TE Connectivity,4-9 Yrs,Not Disclosed,Bengaluru,4.1,1357  Reviews,6 days ago,https://www.naukri.com/job-listings-sales-ops-analyst-i-te-connectivity-india-private-limited-bengaluru-4-to-9-years-100626930425
"Client Consulting Analyst, VCA",Visa Consolidated Support Services India,0-2 Yrs,Not Disclosed,Riga,3.5,22  Reviews,6 days ago,https://www.naukri.com/job-listings-client-consulting-analyst-vca-visa-consolidated-support-services-india-pvt-ltd-riga-0-to-2-years-100626930004
Procure To Pay Operations Analyst,Accenture,3-5 Yrs,Not Disclosed,Bengaluru,3.7,74541  Reviews,6 days ago,https://www.naukri.com/job-listings-procure-to-pay-operations-analyst-accenture-solutions-pvt-ltd-bengaluru-3-to-5-years-100626923955
Office Executive / Data Research Executive / PA Admin,Durable Fastener,0-5 Yrs,Not Disclosed,Surat,N/A,N/A,6 days ago,https://www.naukri.com/job-listings-office-executive-data-research-executive-pa-admin-durable-fastener-surat-0-to-5-years-100626505499
Cyber Threat Intelligence Analyst,Infosys,4-9 Yrs,Not Disclosed,"Hyderabad, Chennai, Bengaluru",3.5,49475  Reviews,6 days ago,https://www.naukri.com/job-listings-cyber-threat-intelligence-analyst-infosys-hyderabad-chennai-bengaluru-4-to-9-years-100626033722
VMO Analyst,Estuate Software,5-10 Yrs,18-25 Lacs PA ,Hyderabad(HITEC City),2.7,80  Reviews,6 days ago,https://www.naukri.com/job-listings-vmo-analyst-estuate-software-hyderabad-5-to-10-years-100626010767
Walk-in || Data Entry Executive,Leading Garments Manufacturing Company,N/A,Not Disclosed,N/A,N/A,N/A,1 week ago,https://www.naukri.com/job-listings-data-entry-executive-corporate-resources-tiruppur-0-to-4-years-090626028308
Analyst,Nomura,4-7 Yrs,Not Disclosed,Mumbai,3.6,699  Reviews,3+ weeks ago,https://www.naukri.com/job-listings-analyst-nomura-capital-india-private-limited-mumbai-4-to-7-years-060226504535
Liquidity Risk Reporting - Analyst,Barclays,0-5 Yrs,Not Disclosed,Chennai,3.8,1165  Reviews,3+ weeks ago,https://www.naukri.com/job-listings-liquidity-risk-reporting-analyst-barclays-shared-services-chennai-0-to-5-years-171125500581
Auto Analyst : Sell Side,Idbi Capital,5-15 Yrs,Not Disclosed,Mumbai,3.7,203  Reviews,3+ weeks ago,https://www.naukri.com/job-listings-auto-analyst-sell-side-idbi-capital-mumbai-5-to-15-years-100226503509
Analyst,HPL Electric & Power,3-6 Yrs,Not Disclosed,Faridabad,3.7,615  Reviews,3+ weeks ago,https://www.naukri.com/job-listings-analyst-hpl-additives-faridabad-3-to-6-years-041125502654
Senior Data Scientist,DS STREAM,5-8 Yrs,Not Disclosed,Hybrid - Bengaluru,N/A,N/A,2 weeks ago,https://www.naukri.com/job-listings-senior-data-scientist-ds-stream-bengaluru-5-to-8-years-290426028230
Senior Data Scientist,S&P Global Market Intelligence,4-8 Yrs,Not Disclosed,Gurugram,4.0,3177  Reviews,2 weeks ago,https://www.naukri.com/job-listings-senior-data-scientist-s-p-capital-iq-india-pvt-ltd-gurugram-4-to-8-years-270526927893
Sr Data Scientist,Birlasoft,3-8 Yrs,Not Disclosed,Pune,3.4,3822  Reviews,3 weeks ago,https://www.naukri.com/job-listings-sr-data-scientist-birlasoft-india-limited-pune-3-to-8-years-260526505862
Senior Data Scientist,EXL,6-9 Yrs,Not Disclosed,Hybrid - Bengaluru,3.6,8713  Reviews,1 week ago,https://www.naukri.com/job-listings-senior-data-scientist-exl-bengaluru-6-to-9-years-050626019086
Senior Data Scientist,Koantek,5-9 Yrs,15-30 Lacs PA ,"Hyderabad, Navi Mumbai, Bengaluru",3.2,66  Reviews,1 week ago,https://www.naukri.com/job-listings-senior-data-scientist-koantek-hyderabad-navi-mumbai-bengaluru-5-to-9-years-050626008111
Senior Data Scientist - Agentic AI & LLMs,US MNC (analytics),4-9 Yrs,20-35 Lacs PA ,"Hybrid - Gurugram, Bengaluru, Delhi / NCR",N/A,N/A,1 week ago,https://www.naukri.com/job-listings-senior-data-scientist-agentic-ai-llms-aspyra-hr-services-gurugram-bengaluru-delhi-ncr-4-to-9-years-030626033262
Senior Data Scientist,Genspark India,6-11 Yrs,Not Disclosed,Bengaluru,N/A,N/A,2 weeks ago,https://www.naukri.com/job-listings-senior-data-scientist-pyramid-it-consulting-bengaluru-6-to-11-years-020626014832
Senior Data Scientist,Tekonika Technologies,5-10 Yrs,25-35 Lacs PA ,Bengaluru(HSR Layout),1.8,3  Reviews,2 weeks ago,https://www.naukri.com/job-listings-senior-data-scientist-tekonika-technologies-bengaluru-5-to-10-years-010626029517
MIS executive,Maruti Suzuki,0-4 Yrs,Not Disclosed,Gurugram,4.1,9634  Reviews,3+ weeks ago,https://www.naukri.com/job-listings-mis-executive-maruti-suzuki-india-limited-gurugram-0-to-4-years-310525500173
Senior Data Scientist,Calsoft,5-8 Yrs,Not Disclosed,Pune,2.8,436  Reviews,2 weeks ago,https://www.naukri.com/job-listings-senior-data-scientist-calsoft-pune-5-to-8-years-290526000124
Sr Data Scientist,Bandhan Life Insurance Limited,2-4 Yrs,Not Disclosed,Mumbai,3.2,469  Reviews,2 weeks ago,https://www.naukri.com/job-listings-sr-data-scientist-bandhan-life-insurance-limited-mumbai-2-to-4-years-270526505645
Sr. Software Engineer - AI / ML ( Data Scientist & Python),KLA,5-8 Yrs,Not Disclosed,Chennai,3.8,86  Reviews,3 weeks ago,https://www.naukri.com/job-listings-sr-software-engineer-ai-ml-data-scientist-python-kla-tencor-software-india-pvt-ltd-chennai-5-to-8-years-220526930801
Sr. Software Engineer - AI/ML (Data Scientist & Python / Any SW),KLA,8-12 Yrs,Not Disclosed,Chennai,3.8,86  Reviews,3 weeks ago,https://www.naukri.com/job-listings-sr-software-engineer-ai-ml-data-scientist-python-any-sw-kla-tencor-software-india-pvt-ltd-chennai-8-to-12-years-220526930043
Senior Data Scientist,Eizen,5-8 Yrs,Not Disclosed,"Hybrid - Hyderabad, Bengaluru(Manayata Tech Park)",2.3,4  Reviews,1 week ago,https://www.naukri.com/job-listings-senior-data-scientist-eizen-hyderabad-bengaluru-5-to-8-years-210326009325
Senior Data Scientist,Mastercard,5-7 Yrs,Not Disclosed,Navi Mumbai,3.8,1017  Reviews,3 weeks ago,https://www.naukri.com/job-listings-senior-data-scientist-mastercard-india-services-private-limited-navi-mumbai-5-to-7-years-200526941127
"Senior Data Scientist, TDI",NPS Prism,6-11 Yrs,Not Disclosed,Gurugram,2.5,3  Reviews,3+ weeks ago,https://www.naukri.com/job-listings-senior-data-scientist-tdi-nps-prism-gurugram-6-to-11-years-100326501535
SENIOR DATA SCIENTIST - NLP,Happiest Minds Technologies,5-10 Yrs,Not Disclosed,Bengaluru,3.4,1467  Reviews,1 week ago,https://www.naukri.com/job-listings-senior-data-scientist-nlp-happiest-minds-technologies-pvt-ltd-bengaluru-5-to-10-years-080626502561
Data Science and Business Intelligence Professional III,Iron Mountain,5-10 Yrs,Not Disclosed,Bengaluru,3.7,600  Reviews,1 week ago,https://www.naukri.com/job-listings-data-science-and-business-intelligence-professional-iii-regency-technologies-bengaluru-5-to-10-years-080626501197
Senior Data Scientist AI Platform Team,Omnissa,9-14 Yrs,Not Disclosed,Bengaluru,3.3,16  Reviews,1 week ago,https://www.naukri.com/job-listings-senior-data-scientist-ai-platform-team-omnissa-bengaluru-9-to-14-years-080626500550
Senior Data Scientist/AI Engineer,Procucev Enterprise Solutions,2-5 Yrs,Not Disclosed,Hybrid - Bengaluru(Brookefield),2.7,10  Reviews,1 week ago,https://www.naukri.com/job-listings-senior-data-scientist-ai-engineer-procucev-enterprise-solutions-bengaluru-2-to-5-years-060626005488
Senior Data Scientist,New Relic One,5-8 Yrs,Not Disclosed,Bengaluru,2.2,11  Reviews,1 week ago,https://www.naukri.com/job-listings-senior-data-scientist-new-relic-one-bengaluru-5-to-8-years-050626502579
Sr.Data Scientist,Nephroplus,8-12 Yrs,Not Disclosed,Bengaluru,3.8,702  Reviews,1 week ago,https://www.naukri.com/job-listings-sr-data-scientist-nephrocare-health-services-pvt-ltd-bengaluru-8-to-12-years-050626501897
Senior Data Scientist ML & Generative AI,Neoscript,3-7 Yrs,Not Disclosed,Bengaluru,N/A,N/A,1 week ago,https://www.naukri.com/job-listings-senior-data-scientist-ml-generative-ai-neoscript-bengaluru-3-to-7-years-050626500457
"Data Scientist - Sr. Consultant (MLOPs, Predictive Fraud intelligence)",Visa Consolidated Support Services India,8-13 Yrs,Not Disclosed,Bengaluru,3.5,22  Reviews,1 week ago,https://www.naukri.com/job-listings-data-scientist-sr-consultant-mlops-predictive-fraud-intelligence-visa-consolidated-support-services-india-pvt-ltd-bengaluru-8-to-13-years-040626928022
Sr Data Scientist,Aqilea,8-13 Yrs,Not Disclosed,Bengaluru,4.6,8  Reviews,1 week ago,https://www.naukri.com/job-listings-sr-data-scientist-aqilea-formerly-soltia-bengaluru-8-to-13-years-040626502322
Senior Data Scientist,Elios Technologies,5-9 Yrs,10-18 Lacs PA ,Bengaluru,N/A,N/A,1 week ago,https://www.naukri.com/job-listings-senior-data-scientist-elios-technologies-bengaluru-5-to-9-years-030626027847
Data Scientist/ Senior Data Scientist,Talent Drive Consulting (Hiring for a Reputed Digital Marketing & Media Company),4-9 Yrs,12-22 Lacs PA ,"Hybrid - Pune, Bengaluru, Mumbai (All Areas)",N/A,N/A,2 weeks ago,https://www.naukri.com/job-listings-data-scientist-senior-data-scientist-talent-drive-consulting-pune-bengaluru-mumbai-all-areas-4-to-9-years-020626025426
Senior Data Scientist,Tundra Technical Solution,6-11 Yrs,Not Disclosed,Bengaluru,N/A,N/A,2 weeks ago,https://www.naukri.com/job-listings-senior-data-scientist-tundra-technical-solutions-bengaluru-6-to-11-years-020626013750
Sr Data Scientist - AI ML,Birlasoft,8-10 Yrs,Not Disclosed,Noida,3.4,3822  Reviews,3+ weeks ago,https://www.naukri.com/job-listings-sr-data-scientist-ai-ml-birlasoft-india-limited-noida-8-to-10-years-300426500308
Sr Data Scientist,Tavant,6-11 Yrs,Not Disclosed,Hyderabad,3.8,729  Reviews,3+ weeks ago,https://www.naukri.com/job-listings-sr-data-scientist-tavant-technologies-india-pvt-ltd-hyderabad-6-to-11-years-270326506586
Senior Software Engineer: Data Scientist,Veritas Software Technologies India Private Limited,8-12 Yrs,Not Disclosed,Pune,3.9,688  Reviews,3+ weeks ago,https://www.naukri.com/job-listings-senior-software-engineer-data-scientist-veritas-software-technologies-india-private-limited-pune-8-to-12-years-240426503743
Senior Data Scientist,BMC Software,8-13 Yrs,Not Disclosed,Pune,3.9,618  Reviews,3 weeks ago,https://www.naukri.com/job-listings-senior-data-scientist-bmc-software-india-private-limited-pune-8-to-13-years-210526923409
Senior Data Scientist,Mastercard,5-7 Yrs,Not Disclosed,Mumbai,3.8,1017  Reviews,3+ weeks ago,https://www.naukri.com/job-listings-senior-data-scientist-mastercard-mumbai-5-to-7-years-080426504887
SENIOR DATA SCIENTIST - NLP,Happiest Minds Technologies,5-8 Yrs,Not Disclosed,Bengaluru,3.4,1467  Reviews,2 weeks ago,https://www.naukri.com/job-listings-senior-data-scientist-nlp-happiest-minds-technologies-bengaluru-5-to-8-years-020626004681
SENIOR DATA SCIENTIST - NLP,Happiest Minds Technologies,5-8 Yrs,Not Disclosed,Bengaluru,3.4,1467  Reviews,2 weeks ago,https://www.naukri.com/job-listings-senior-data-scientist-nlp-happiest-minds-technologies-bengaluru-5-to-8-years-020626004608
SENIOR DATA SCIENTIST - NLP,Happiest Minds Technologies,5-8 Yrs,Not Disclosed,Bengaluru,3.4,1467  Reviews,2 weeks ago,https://www.naukri.com/job-listings-senior-data-scientist-nlp-happiest-minds-technologies-bengaluru-5-to-8-years-020626004591
SENIOR DATA SCIENTIST - NLP,Happiest Minds Technologies,5-8 Yrs,Not Disclosed,Bengaluru,3.4,1467  Reviews,2 weeks ago,https://www.naukri.com/job-listings-senior-data-scientist-nlp-happiest-minds-technologies-bengaluru-5-to-8-years-020626004576
Data Scientist AIML,Tata Consultancy Services,5-10 Yrs,Not Disclosed,"Mumbai, Hyderabad, Gurugram",3.3,115896  Reviews,3 weeks ago,https://www.naukri.com/job-listings-data-scientist-aiml-tata-consultancy-services-mumbai-hyderabad-gurugram-5-to-10-years-260526038475
Specialist Data Scientist,VOLKSWAGEN GROUP DIGITAL SOLUTIONS PRIVATE LIMITED,3-7 Yrs,Not Disclosed,"Pune, Gurugram, Bengaluru",3.9,756  Reviews,3 weeks ago,https://www.naukri.com/job-listings-specialist-data-scientist-volkswagen-group-technology-solutions-india-private-limited-pune-gurugram-bengaluru-3-to-7-years-200526941991
Data Scientist Intern,Comprinno Technologies,N/A,Unpaid ,Pune,3.8,34  Reviews,Starts in 1-3 months,https://www.naukri.com/job-listings-data-scientist-intern-comprinno-technologies-pvt-ltd-pune-0-to-1-years-290526507381
Data Scientist,Leading Client,6-11 Yrs,Not Disclosed,Hyderabad,N/A,N/A,2 weeks ago,https://www.naukri.com/job-listings-data-scientist-ideslabs-private-limited-hyderabad-6-to-11-years-280526921181
Data Scientist,Leading Client,5-10 Yrs,Not Disclosed,Hyderabad,N/A,N/A,2 weeks ago,https://www.naukri.com/job-listings-data-scientist-ideslabs-private-limited-hyderabad-5-to-10-years-280526913909
Geo - Spatial Data Scientist,Spotflock Technologies,1-3 Yrs,Not Disclosed,Hyderabad,2.1,5  Reviews,2 weeks ago,https://www.naukri.com/job-listings-geo-spatial-data-scientist-spotflock-technologies-pvt-ltd-hyderabad-1-to-3-years-280526505152
Data Scientist,Sparix Global,6-11 Yrs,Not Disclosed,Noida,5.0,2  Reviews,3 weeks ago,https://www.naukri.com/job-listings-data-scientist-sparix-global-private-limited-noida-6-to-11-years-260526503005
Data Scientist,TEKsystems,5-10 Yrs,17-30 Lacs PA ,"Hybrid - Pune, Bengaluru, Delhi / NCR",N/A,N/A,3 weeks ago,https://www.naukri.com/job-listings-data-scientist-allegis-group-pune-bengaluru-delhi-ncr-5-to-10-years-260526019707
Data Scientist,Capgemini,6-8 Yrs,Not Disclosed,"Hybrid - Pune, Bengaluru, Mumbai (All Areas)",3.6,54214  Reviews,3 weeks ago,https://www.naukri.com/job-listings-data-scientist-capgemini-pune-bengaluru-mumbai-all-areas-6-to-8-years-260526013604
Data Scientist,Infosys,10-14 Yrs,Not Disclosed,Bengaluru,3.5,49475  Reviews,3 weeks ago,https://www.naukri.com/job-listings-data-scientist-infosys-limited-bengaluru-10-to-14-years-250526934289
Data Scientist,AVENIRDIGITAL SOLUTIONS PRIVATE LIMITED,5-10 Yrs,Not Disclosed,Hyderabad,3.2,8  Reviews,3 weeks ago,https://www.naukri.com/job-listings-data-scientist-avenirdigital-solutions-private-limited-hyderabad-5-to-10-years-250526929809
Data Scientist,Softices Consultancy,2-4 Yrs,Not Disclosed,Surat,3.3,5  Reviews,3+ weeks ago,https://www.naukri.com/job-listings-data-scientist-softices-consultancy-pvt-ltd-surat-2-to-4-years-240226504600
Data Scientist,Fiftyfive Technologies,3-6 Yrs,Not Disclosed,Gurugram,4.3,117  Reviews,3 weeks ago,https://www.naukri.com/job-listings-data-scientist-fiftyfive-technologies-private-limited-gurugram-3-to-6-years-210526501177
Data Scientist Manager,Groupm Media,5-10 Yrs,Not Disclosed,"Hybrid - Gurugram, Bengaluru",3.6,567  Reviews,3 weeks ago,https://www.naukri.com/job-listings-data-scientist-manager-wpp-media-india-private-limited-gurugram-bengaluru-5-to-10-years-200526034750
Data Scientist,UPS Supply Chain Solutions (UPS SCS),3-7 Yrs,Not Disclosed,Chennai,3.6,894  Reviews,3+ weeks ago,https://www.naukri.com/job-listings-data-scientist-ups-express-private-limited-chennai-3-to-7-years-190526925180
Data Scientist III,Conduent,8-13 Yrs,Not Disclosed,Bangalore Rural,3.4,3335  Reviews,3+ weeks ago,https://www.naukri.com/job-listings-data-scientist-iii-conduent-business-services-india-llp-bangalore-rural-8-to-13-years-190526923621
Data Scientist III,Conduent,8-13 Yrs,Not Disclosed,Bangalore Rural,3.4,3335  Reviews,3+ weeks ago,https://www.naukri.com/job-listings-data-scientist-iii-conduent-business-services-india-llp-bangalore-rural-8-to-13-years-190526923589
Data Scientist,Mobile Programming,8-13 Yrs,Not Disclosed,Pune,2.9,516  Reviews,3+ weeks ago,https://www.naukri.com/job-listings-data-scientist-mobileprogramming-pune-8-to-13-years-180526503722
Data Scientist,Mobile Programming,8-13 Yrs,Not Disclosed,Coimbatore,2.9,516  Reviews,3+ weeks ago,https://www.naukri.com/job-listings-data-scientist-mobileprogramming-coimbatore-8-to-13-years-180526503721
Data Scientist,Mobile Programming,8-13 Yrs,Not Disclosed,Chennai,2.9,516  Reviews,3+ weeks ago,https://www.naukri.com/job-listings-data-scientist-mobileprogramming-chennai-8-to-13-years-180526503719
Data Entry Executive / MIS Executive,Zar Jewels,0-3 Yrs,Not Disclosed,Mumbai,3.7,21  Reviews,3+ weeks ago,https://www.naukri.com/job-listings-data-entry-executive-mis-executive-zar-jewels-pvt-ltd-mumbai-0-to-3-years-180226502849
Data Scientist-Artificial Intelligence,IBM,7-9 Yrs,Not Disclosed,Kochi,3.9,26038  Reviews,Few hours ago,https://www.naukri.com/job-listings-data-scientist-artificial-intelligence-ibm-india-pvt-limited-kochi-7-to-9-years-160626930973
Data Scientist,Optum,3-8 Yrs,Not Disclosed,Hyderabad,4.0,8091  Reviews,Today,https://www.naukri.com/job-listings-data-scientist-optum-global-solutions-india-private-limited-hyderabad-3-to-8-years-160626917037
Assistant Manager - MIS Analyst (CA Mandatory),Adani Group,2-5 Yrs,10-13 Lacs PA ,Ahmedabad,3.8,2519  Reviews,Few hours ago,https://www.naukri.com/job-listings-assistant-manager-mis-analyst-ca-mandatory-adani-natural-resources-ahmedabad-2-to-5-years-160626029792
Data Scientist,InfoCepts,7-9 Yrs,Not Disclosed,Pune,3.5,351  Reviews,3+ weeks ago,https://www.naukri.com/job-listings-data-scientist-infocepts-pune-7-to-9-years-160426502598
Data Scientist-Artificial Intelligence,IBM,6-8 Yrs,Not Disclosed,Pune,3.9,26038  Reviews,1 day ago,https://www.naukri.com/job-listings-data-scientist-artificial-intelligence-ibm-india-pvt-limited-pune-6-to-8-years-150626922503
Data Scientist-Artificial Intelligence,IBM,6-8 Yrs,Not Disclosed,Hyderabad,3.9,26038  Reviews,1 day ago,https://www.naukri.com/job-listings-data-scientist-artificial-intelligence-ibm-india-pvt-limited-hyderabad-6-to-8-years-150626918623
Data Scientist-Artificial Intelligence,IBM,3-5 Yrs,Not Disclosed,Hyderabad,3.9,26038  Reviews,1 day ago,https://www.naukri.com/job-listings-data-scientist-artificial-intelligence-ibm-india-pvt-limited-hyderabad-3-to-5-years-150626918475
Data Scientist (AI),Gresham Technologies,8-13 Yrs,Not Disclosed,Gurugram,3.7,9  Reviews,3+ weeks ago,https://www.naukri.com/job-listings-data-scientist-ai-gresham-gurugram-8-to-13-years-150426500597
Machine Learning Engineer/Data Scientist,Innowise,2-7 Yrs,Not Disclosed,Pune,3.5,25  Reviews,3+ weeks ago,https://www.naukri.com/job-listings-machine-learning-engineer-data-scientist-innowise-pune-2-to-7-years-130526502491
CA0319 - Data Scientist,Cloudangle It Solutions,1-3 Yrs,Not Disclosed,Noida,2.0,8  Reviews,3+ weeks ago,https://www.naukri.com/job-listings-ca0319-data-scientist-cloudangles-noida-1-to-3-years-070526500248
Data Scientist,Numerator,2-5 Yrs,Not Disclosed,Vadodara,3.9,267  Reviews,3+ weeks ago,https://www.naukri.com/job-listings-data-scientist-numerator-vadodara-2-to-5-years-070426501518
Principal Data Scientist,Goibibo,7-9 Yrs,Not Disclosed,Bengaluru,2.5,184  Reviews,2 weeks ago,https://www.naukri.com/job-listings-principal-data-scientist-goibibo-bengaluru-7-to-9-years-010626021703
Data Scientist,Amgen Inc,3-5 Yrs,Not Disclosed,Hyderabad,2.8,166  Reviews,3+ weeks ago,https://www.naukri.com/job-listings-data-scientist-horizon-therapeutics-hyderabad-3-to-5-years-300925500247
AI Data Scientist,Enthralltech,2-5 Yrs,Not Disclosed,Pune,2.7,54  Reviews,3+ weeks ago,https://www.naukri.com/job-listings-ai-data-scientist-enthralltech-pvt-ltd-pune-2-to-5-years-300424501377
NLP Data Scientist,Heaps Health Solutions India,2-3 Yrs,Not Disclosed,Hyderabad,3.8,23  Reviews,3+ weeks ago,https://www.naukri.com/job-listings-nlp-data-scientist-heaps-health-solutions-india-hyderabad-2-to-3-years-290825501783
Data Scientist,Heaps Health Solutions India,1-4 Yrs,Not Disclosed,Hyderabad,3.8,23  Reviews,3+ weeks ago,https://www.naukri.com/job-listings-data-scientist-heaps-health-solutions-india-hyderabad-1-to-4-years-290825501782
Data Scientist,Calsoft,5-9 Yrs,Not Disclosed,Bengaluru,2.8,436  Reviews,1 week ago,https://www.naukri.com/job-listings-data-scientist-calsoft-bengaluru-5-to-9-years-290526008363
Data Scientist,Demos Project,3-8 Yrs,Not Disclosed,Chennai,2.5,4  Reviews,3+ weeks ago,https://www.naukri.com/job-listings-data-scientist-demos-project-pvt-ltd-chennai-3-to-8-years-280825500232
Data Scientist - 29th April (Wednesday) - Virtual Interview,Tata Consultancy Services,7-12 Yrs,Not Disclosed,"India, Bengaluru, Delhi / NCR",3.3,115896  Reviews,2 weeks ago,https://www.naukri.com/job-listings-data-scientist-29th-april-wednesday-virtual-interview-tata-consultancy-services-bengaluru-delhi-ncr-india-7-to-12-years-280426005220
Machine Learning Engineer Data Scientist,Fusemachines,3-8 Yrs,Not Disclosed,Pune,4.0,3  Reviews,3+ weeks ago,https://www.naukri.com/job-listings-machine-learning-engineer-data-scientist-fusemachines-pune-3-to-8-years-280126506674
Data Scientist,Entytle,5-10 Yrs,Not Disclosed,Pune,2.9,12  Reviews,3+ weeks ago,https://www.naukri.com/job-listings-data-scientist-entytle-iinc-pune-5-to-10-years-270825503011
Data Scientist (LLM Security),Thales,6-11 Yrs,Not Disclosed,Bengaluru,3.6,479  Reviews,2 weeks ago,https://www.naukri.com/job-listings-data-scientist-llm-security-thales-bengaluru-6-to-11-years-270526024267
Data Scientist,ADQ Services,1-3 Yrs,Not Disclosed,Hyderabad,3.9,11  Reviews,3+ weeks ago,https://www.naukri.com/job-listings-data-scientist-adq-services-hyderabad-1-to-3-years-270225501489
Data Scientist,Wipro,8-13 Yrs,Not Disclosed,Bengaluru,3.6,65870  Reviews,3 weeks ago,https://www.naukri.com/job-listings-data-scientist-wipro-bengaluru-8-to-13-years-260526038612
Data Scientist,Capgemini,6-9 Yrs,5.5-14 Lacs PA ,"Hybrid - Hyderabad, Chennai, Bengaluru",3.6,54214  Reviews,3 weeks ago,https://www.naukri.com/job-listings-data-scientist-capgemini-hyderabad-chennai-bengaluru-6-to-9-years-260526014011
Data Scientist,MS Guide World,8-13 Yrs,Not Disclosed,Noida,N/A,N/A,3+ weeks ago,https://www.naukri.com/job-listings-data-scientist-ms-guide-world-noida-8-to-13-years-260225502833
Data Scientist,Bitcomm Technologies,8-13 Yrs,Not Disclosed,Noida,4.2,18  Reviews,3+ weeks ago,https://www.naukri.com/job-listings-data-scientist-bitcomm-technologies-private-limited-noida-8-to-13-years-260225502811
Data Scientist,Version 1,5-10 Yrs,Not Disclosed,Mumbai,3.7,97  Reviews,3 weeks ago,https://www.naukri.com/job-listings-data-scientist-version-1-services-private-limited-mumbai-5-to-10-years-250526934636
Data Scientist III,Conduent,8-12 Yrs,Not Disclosed,Bengaluru,3.4,3335  Reviews,3 weeks ago,https://www.naukri.com/job-listings-data-scientist-iii-conduent-business-services-india-llp-bengaluru-8-to-12-years-250526915874
Data Scientist I,Conduent,1-6 Yrs,Not Disclosed,Bengaluru,3.4,3335  Reviews,3 weeks ago,https://www.naukri.com/job-listings-data-scientist-i-conduent-business-services-india-llp-bengaluru-1-to-6-years-250526912187
AI / ML / Data Scientist,Daydreamsoft,0-4 Yrs,Not Disclosed,Surat,3.7,10  Reviews,3+ weeks ago,https://www.naukri.com/job-listings-ai-ml-data-scientist-daydreamsoft-surat-0-to-4-years-240625505725
Data scientist,Bluphlux,3-7 Yrs,Not Disclosed,Hyderabad,N/A,N/A,3+ weeks ago,https://www.naukri.com/job-listings-data-scientist-bluphlux-hyderabad-3-to-7-years-230326503619
Data Scientist,Han Digital Solution,8-13 Yrs,Not Disclosed,"Lakshadweep, Chandigarh, Daman & Diu, New Delhi, Jammu",N/A,N/A,3+ weeks ago,https://www.naukri.com/job-listings-data-scientist-han-digital-solution-lakshadweep-chandigarh-daman-diu-new-delhi-jammu-8-to-13-years-221125501882
Data Scientist,Rfid4u It Solutions,3-8 Yrs,Not Disclosed,Coimbatore,3.5,17  Reviews,3+ weeks ago,https://www.naukri.com/job-listings-data-scientist-rfid4u-it-solutions-private-limited-coimbatore-3-to-8-years-220922502305
Data Scientist,GLOINNT,6-11 Yrs,Not Disclosed,Pune,4.0,32  Reviews,3+ weeks ago,https://www.naukri.com/job-listings-data-scientist-gloinnt-pune-6-to-11-years-220825501329
Data Scientist,Imurgence,2-4 Yrs,Not Disclosed,Jamshedpur,N/A,N/A,3+ weeks ago,https://www.naukri.com/job-listings-data-scientist-imurgence-jamshedpur-2-to-4-years-220221501627
Data Scientist - Data & Insights,Logicserve Digital,3-8 Yrs,Not Disclosed,Mumbai,2.9,94  Reviews,3+ weeks ago,https://www.naukri.com/job-listings-data-scientist-data-insights-logicserve-digital-pvt-ltd-mumbai-3-to-8-years-210426500770
GIS Data Scientist,Intello Labs,2-4 Yrs,Not Disclosed,Gurugram,3.7,104  Reviews,3+ weeks ago,https://www.naukri.com/job-listings-gis-data-scientist-intello-labs-private-limited-gurugram-2-to-4-years-210126503184
Data Scientist,Blue Lotus Technologies,4-9 Yrs,Not Disclosed,Chennai,3.2,8  Reviews,3+ weeks ago,https://www.naukri.com/job-listings-data-scientist-blue-lotus-technologies-pvt-ltd-chennai-4-to-9-years-201224500954
Full Stack Data Scientist,Aganitha Cognitive Solutions,3-8 Yrs,Not Disclosed,Hyderabad,4.1,26  Reviews,3+ weeks ago,https://www.naukri.com/job-listings-full-stack-data-scientist-aganitha-cognitive-solutions-hyderabad-3-to-8-years-201124502436
Data Scientist,Capgemini,4-7 Yrs,Not Disclosed,Bengaluru,3.6,54214  Reviews,3 weeks ago,https://www.naukri.com/job-listings-data-scientist-capgemini-technology-services-india-limited-bengaluru-4-to-7-years-200526937706
Data Scientist,Street Surge Technologies,3-8 Yrs,Not Disclosed,Gurugram,N/A,N/A,3+ weeks ago,https://www.naukri.com/job-listings-data-scientist-street-surge-technologies-gurugram-3-to-8-years-200326506736
Data Scientist + Subject Matter Expert,Newton School,0-5 Yrs,Not Disclosed,Sonipat,3.6,167  Reviews,3+ weeks ago,https://www.naukri.com/job-listings-data-scientist-subject-matter-expert-newton-school-sonipat-0-to-5-years-200226503185
Data Scientist III,Conduent,8-13 Yrs,Not Disclosed,Bengaluru,3.4,3335  Reviews,3+ weeks ago,https://www.naukri.com/job-listings-data-scientist-iii-conduent-business-services-india-llp-bengaluru-8-to-13-years-190526923620
Data Scientist III,Conduent,8-13 Yrs,Not Disclosed,Bengaluru,3.4,3335  Reviews,3+ weeks ago,https://www.naukri.com/job-listings-data-scientist-iii-conduent-business-services-india-llp-bengaluru-8-to-13-years-190526923588
Data Scientist,Crimson,2-7 Yrs,Not Disclosed,Mumbai,4.1,9  Reviews,3+ weeks ago,https://www.naukri.com/job-listings-data-scientist-crimson-ai-mumbai-2-to-7-years-190523501229
Data Scientist,Clustor Computing,3-7 Yrs,Not Disclosed,Nagpur,3.9,17  Reviews,3+ weeks ago,https://www.naukri.com/job-listings-data-scientist-cluster-computing-nagpur-3-to-7-years-190326505545
Data Scientist,UPS Supply Chain Solutions (UPS SCS),3-7 Yrs,Not Disclosed,Chennai,3.6,894  Reviews,3+ weeks ago,https://www.naukri.com/job-listings-data-scientist-ups-pvt-ltd-chennai-3-to-7-years-190224501817
Global Reliability Data Scientist( ML+ Anomaly Detection),Barry Callebaut,5-10 Yrs,Not Disclosed,Hyderabad,3.8,112  Reviews,3+ weeks ago,https://www.naukri.com/job-listings-global-reliability-data-scientist-ml-anomaly-detection-barry-callebaut-hyderabad-5-to-10-years-181225503375
Data Scientist,TATA INDUSTRIES LIMITED-TATA INSIGHTS AND QUANTS DIVISON,2-7 Yrs,Not Disclosed,Jamshedpur,2.9,68  Reviews,3+ weeks ago,https://www.naukri.com/job-listings-data-scientist-tata-industries-limited-tata-insights-and-quants-divison-jamshedpur-2-to-7-years-181219501949
Data Scientist,Velocitai Digital,3-5 Yrs,Not Disclosed,Gurugram,2.8,46  Reviews,3+ weeks ago,https://www.naukri.com/job-listings-data-scientist-velocitai-digital-gurugram-3-to-5-years-181125504401
Data Scientist,Ayruz,2-6 Yrs,Not Disclosed,Kochi,4.5,8  Reviews,3+ weeks ago,https://www.naukri.com/job-listings-data-scientist-ayruz-data-marketing-pvt-ltd-kochi-2-to-6-years-181022500005
Data Scientist,Infocredit Services,2-3 Yrs,Not Disclosed,Hyderabad,3.7,136  Reviews,3+ weeks ago,https://www.naukri.com/job-listings-data-scientist-infocredit-services-private-limited-hyderabad-2-to-3-years-180925501003
Advanced Analytics Data Scientist,Kimberly-Clark Corporation,5-10 Yrs,Not Disclosed,Bengaluru,3.9,346  Reviews,3+ weeks ago,https://www.naukri.com/job-listings-advanced-analytics-data-scientist-kimberly-clark-bengaluru-5-to-10-years-180526500699
Data Scientist,Tata Consultancy Services,6-11 Yrs,Not Disclosed,"Hyderabad, Chennai, Bengaluru",3.3,115896  Reviews,3+ weeks ago,https://www.naukri.com/job-listings-data-scientist-tata-consultancy-services-hyderabad-chennai-bengaluru-6-to-11-years-180526002888
Data Scientist,Maddisoft Solutions,0-5 Yrs,Not Disclosed,"Hyderabad, Pune",N/A,N/A,3 weeks ago,https://www.naukri.com/job-listings-data-scientist-maddisoft-solutions-hyderabad-pune-0-to-5-years-171025022506
Data Scientist,Williams-sonoma,3-5 Yrs,Not Disclosed,Hyderabad,3.3,33  Reviews,3+ weeks ago,https://www.naukri.com/job-listings-data-scientist-williams-sonoma-india-pvt-ltd-hyderabad-3-to-5-years-170925501598
Data Scientist,Bizviz Technologies,3-8 Yrs,Not Disclosed,Hyderabad,2.0,36  Reviews,3+ weeks ago,https://www.naukri.com/job-listings-data-scientist-big-data-bizviz-bizviz-technologies-pvt-ltd-hyderabad-3-to-8-years-170719501655
Data Scientist,Optum,3-8 Yrs,Not Disclosed,Noida,4.0,8091  Reviews,Today,https://www.naukri.com/job-listings-data-scientist-optum-global-solutions-india-private-limited-noida-3-to-8-years-160626917015
Lead Data Scientist,Optum,8-13 Yrs,Not Disclosed,Chennai,4.0,8091  Reviews,Today,https://www.naukri.com/job-listings-lead-data-scientist-optum-global-solutions-india-private-limited-chennai-8-to-13-years-160626916990
Lead Data Scientist,Optum,7-12 Yrs,Not Disclosed,Gurugram,4.0,8091  Reviews,Today,https://www.naukri.com/job-listings-lead-data-scientist-optum-global-solutions-india-private-limited-gurugram-7-to-12-years-160626916987
Data Scientist,Optum,5-8 Yrs,Not Disclosed,Noida,4.0,8091  Reviews,Today,https://www.naukri.com/job-listings-data-scientist-optum-global-solutions-india-private-limited-noida-5-to-8-years-160626916867
Lead Data Scientist,Lloyds Technology Centre India,9-14 Yrs,Not Disclosed,Hyderabad,3.5,268  Reviews,Today,https://www.naukri.com/job-listings-lead-data-scientist-lloyds-technology-centre-india-hyderabad-9-to-14-years-160626501631
"Data Scientist-AI/ML, Agentic AI, Python, AWS, Azure- Hybrid Bangalore",Mastek,5-10 Yrs,Not Disclosed,Hybrid - Bengaluru,3.6,1009  Reviews,Few hours ago,https://www.naukri.com/job-listings-data-scientist-ai-ml-agentic-ai-python-aws-azure-hybrid-bangalore-mastek-bengaluru-5-to-10-years-160626031219
Data Scientist,Patch Infotech,5-9 Yrs,10-35 Lacs PA ,Hyderabad,4.2,30  Reviews,Today,https://www.naukri.com/job-listings-data-scientist-patch-infotech-hyderabad-5-to-9-years-160626019086
Data Scientist-Artificial Intelligence,IBM,9-14 Yrs,Not Disclosed,Gurugram,3.9,26038  Reviews,Today,https://www.naukri.com/job-listings-data-scientist-artificial-intelligence-ibm-gurugram-9-to-14-years-160626013523
Data Scientist with Cybersecurity - Lead,Bhaifi - 360 Wifi Solution,5-7 Yrs,Not Disclosed,Gurugram,4.9,7  Reviews,3+ weeks ago,https://www.naukri.com/job-listings-data-scientist-with-cybersecurity-lead-bhaifi-com-gurugram-5-to-7-years-151225502283
Data Scientist-Artificial Intelligence,IBM,5-10 Yrs,Not Disclosed,Gurugram,3.9,26038  Reviews,1 day ago,https://www.naukri.com/job-listings-data-scientist-artificial-intelligence-ibm-india-pvt-limited-gurugram-5-to-10-years-150626922646
Data Scientist-Advanced Analytics,IBM,7-9 Yrs,Not Disclosed,Gurugram,3.9,26038  Reviews,1 day ago,https://www.naukri.com/job-listings-data-scientist-advanced-analytics-ibm-india-pvt-limited-gurugram-7-to-9-years-150626922429
Data Scientist,Patch Infotech,5-8 Yrs,5-9 Lacs PA ,Hyderabad,4.2,30  Reviews,1 day ago,https://www.naukri.com/job-listings-data-scientist-patch-infotech-hyderabad-5-to-8-years-150626013860
Data Scientist,Bootcoding,1-3 Yrs,Not Disclosed,Nagpur,4.0,3  Reviews,3+ weeks ago,https://www.naukri.com/job-listings-data-scientist-bootcoding-nagpur-1-to-3-years-150526505473
Data Scientist,Bootcoding,2-7 Yrs,Not Disclosed,Nagpur,4.0,3  Reviews,3+ weeks ago,https://www.naukri.com/job-listings-data-scientist-bootcoding-nagpur-2-to-7-years-150526505471
Data Scientist & Subject Matter Expert,Newton School,0-2 Yrs,Not Disclosed,Sonipat,3.6,167  Reviews,3+ weeks ago,https://www.naukri.com/job-listings-data-scientist-subject-matter-expert-newton-school-sonipat-0-to-2-years-150526503844
Data Scientist Intern,MNC Group,0-1 Yrs,6-7 Lacs PA ,Gurugram,N/A,N/A,3+ weeks ago,https://www.naukri.com/job-listings-data-scientist-intern-persol-gurugram-0-to-1-years-150526031938
Data Scientist,Riyo Advertising,2-9 Yrs,Not Disclosed,Mumbai,3.8,3  Reviews,3+ weeks ago,https://www.naukri.com/job-listings-data-scientist-riyo-advertising-mumbai-2-to-9-years-130426501059
Data Scientist,Solenis,5-8 Yrs,Not Disclosed,Hyderabad,3.6,30  Reviews,3+ weeks ago,https://www.naukri.com/job-listings-data-scientist-solenis-hyderabad-5-to-8-years-120925503414
Data Scientist - Internal Audit,Applause,5-8 Yrs,Not Disclosed,Hyderabad,4.1,12  Reviews,3+ weeks ago,https://www.naukri.com/job-listings-data-scientist-internal-audit-applause-hyderabad-5-to-8-years-120924502777
Data Scientist For Brake System,BMW Techworks India,4-6 Yrs,Not Disclosed,Pune,3.1,83  Reviews,3+ weeks ago,https://www.naukri.com/job-listings-data-scientist-for-brake-system-bmw-techworks-india-private-limited-pune-4-to-6-years-120326504465
Gen AI Data Scientist,CareerFit.ai,5-10 Yrs,Not Disclosed,Chennai,N/A,N/A,3+ weeks ago,https://www.naukri.com/job-listings-gen-ai-data-scientist-careerfit-ai-chennai-5-to-10-years-120326502394
Gen AI Data Scientist,CareerFit.ai,5-10 Yrs,Not Disclosed,Mumbai,N/A,N/A,3+ weeks ago,https://www.naukri.com/job-listings-gen-ai-data-scientist-careerfit-ai-mumbai-5-to-10-years-120326502393
Data Scientist Engineer,360DigiTMG,2-7 Yrs,Not Disclosed,Hyderabad,4.1,108  Reviews,3+ weeks ago,https://www.naukri.com/job-listings-data-scientist-engineer-360digitmg-hyderabad-2-to-7-years-110925501230
Data Scientist,Neoware Technology Solutions,3-7 Yrs,Not Disclosed,Chennai,3.5,11  Reviews,3 weeks ago,https://www.naukri.com/job-listings-data-scientist-neoware-technology-solutions-chennai-3-to-7-years-110625501538
Data Scientist,Cogniview,15-20 Yrs,Not Disclosed,Hyderabad,N/A,N/A,3+ weeks ago,https://www.naukri.com/job-listings-data-scientist-cogniview-hyderabad-15-to-20-years-110526504399
Data Scientist,Diverse Lynx,4-5 Yrs,Not Disclosed,Mumbai,3.4,389  Reviews,3+ weeks ago,https://www.naukri.com/job-listings-data-scientist-diverse-lynx-mumbai-4-to-5-years-100925500030
"Data Scientist, Product, Google Play Games",Google,5-10 Yrs,Not Disclosed,Bengaluru,4.4,1916  Reviews,3+ weeks ago,https://www.naukri.com/job-listings-data-scientist-product-google-play-games-google-india-private-limited-bengaluru-5-to-10-years-090725503330
Data Scientist (Female Candidates Only),360DigiTMG,0-4 Yrs,Not Disclosed,Chennai,4.1,108  Reviews,3+ weeks ago,https://www.naukri.com/job-listings-data-scientist-female-candidates-only-360digitmg-chennai-0-to-4-years-090326501848
Data Scientist,WEB And Crafts,4-9 Yrs,Not Disclosed,Thrissur,3.0,55  Reviews,3+ weeks ago,https://www.naukri.com/job-listings-data-scientist-webandcrafts-thrissur-4-to-9-years-081025501393
Data Scientist,Scaleupally,4-5 Yrs,Not Disclosed,Noida,3.4,22  Reviews,3+ weeks ago,https://www.naukri.com/job-listings-data-scientist-scaleupally-noida-4-to-5-years-080925500735
Data Scientist,Antworks,3-5 Yrs,Not Disclosed,Kota,3.4,61  Reviews,3+ weeks ago,https://www.naukri.com/job-listings-data-scientist-antworks-kota-3-to-5-years-080526501593
Data Scientist,Triassic Solutions,3-8 Yrs,Not Disclosed,Kochi,2.8,26  Reviews,3+ weeks ago,https://www.naukri.com/job-listings-data-scientist-triassic-solutions-pvt-ltd-kochi-3-to-8-years-071025502656
Data Scientist,Analytics Vidhya,3-8 Yrs,Not Disclosed,Gurugram,3.8,63  Reviews,3+ weeks ago,https://www.naukri.com/job-listings-data-scientist-analytics-vidhya-educon-pvt-ltd-gurugram-3-to-8-years-071025501364
data scientists,Medblue Innovations,3-7 Yrs,Not Disclosed,Lucknow,4.5,7  Reviews,3+ weeks ago,https://www.naukri.com/job-listings-data-scientists-medblue-innovations-private-limited-lucknow-3-to-7-years-051225500113
data scientists,Medblue Innovations,3-7 Yrs,Not Disclosed,Lucknow,4.5,7  Reviews,3+ weeks ago,https://www.naukri.com/job-listings-data-scientists-medblue-innovations-private-limited-lucknow-3-to-7-years-051225500112
Lead Data Scientist (ML Engineering Focus),Calsoft,7-12 Yrs,Not Disclosed,Bengaluru,2.8,436  Reviews,1 week ago,https://www.naukri.com/job-listings-lead-data-scientist-ml-engineering-focus-calsoft-bengaluru-7-to-12-years-050626015621
Data Scientist,Veniso Solutions,2-7 Yrs,Not Disclosed,Hyderabad,1.6,6  Reviews,3+ weeks ago,https://www.naukri.com/job-listings-data-scientist-veniso-solutions-hyderabad-2-to-7-years-040822501312
Data Scientist,Ujjivan Small Finance Bank,3-6 Yrs,6-12 Lacs PA ,Bengaluru,4.0,7749  Reviews,1 week ago,https://www.naukri.com/job-listings-data-scientist-ujjivan-small-finance-bank-bengaluru-3-to-6-years-040626013475
Data Scientist,Ujjivan Small Finance Bank,3-6 Yrs,6-12 Lacs PA ,Bengaluru,4.0,7749  Reviews,1 week ago,https://www.naukri.com/job-listings-data-scientist-ujjivan-small-finance-bank-bengaluru-3-to-6-years-040626012537
Data Scientist,Paladinai,3-8 Yrs,Not Disclosed,Chandigarh,N/A,N/A,3+ weeks ago,https://www.naukri.com/job-listings-data-scientist-paladinai-chandigarh-3-to-8-years-040526501634
Data Scientist,Oriserve,1-3 Yrs,Not Disclosed,Noida,2.7,48  Reviews,3+ weeks ago,https://www.naukri.com/job-listings-data-scientist-oriserve-noida-1-to-3-years-030226501472
Lead Data Scientist- Reinforcement Learning,Fractal Analytics,5-10 Yrs,Not Disclosed,Bengaluru,4.0,1065  Reviews,3+ weeks ago,https://www.naukri.com/job-listings-lead-data-scientist-reinforcement-learning-fractal-analytics-ltd-bengaluru-5-to-10-years-020426503864
Data Scientist,Tata Consultancy Services,5-10 Yrs,Not Disclosed,"Chennai, Bengaluru, Mumbai (All Areas)",3.3,115896  Reviews,2 weeks ago,https://www.naukri.com/job-listings-data-scientist-tata-consultancy-services-chennai-bengaluru-mumbai-all-areas-5-to-10-years-310526002811
Staff Data Scientist,Swiggy,8-12 Yrs,Not Disclosed,Bengaluru,3.7,5738  Reviews,3+ weeks ago,https://www.naukri.com/job-listings-staff-data-scientist-swiggy-bengaluru-8-to-12-years-300126503124
Data Scientist,Tata Consultancy Services,5-10 Yrs,Not Disclosed,Bengaluru,3.3,115896  Reviews,3 weeks ago,https://www.naukri.com/job-listings-data-scientist-tata-consultancy-services-bengaluru-5-to-10-years-250526008426
Lead Data Scientist,AtkinsRéalis,10-15 Yrs,Not Disclosed,Bengaluru,3.7,1411  Reviews,3+ weeks ago,https://www.naukri.com/job-listings-lead-data-scientist-atkins-global-bengaluru-10-to-15-years-241125506412
Data Scientist,Starlight Hr Consulting,8-13 Yrs,Not Disclosed,Bengaluru,N/A,N/A,3+ weeks ago,https://www.naukri.com/job-listings-data-scientist-star-light-hr-consulting-bengaluru-8-to-13-years-240426502344
Staff Data Scientist I,Inmobi,7-10 Yrs,Not Disclosed,Bengaluru,3.0,222  Reviews,3+ weeks ago,https://www.naukri.com/job-listings-staff-data-scientist-i-inmobi-solutions-pvt-ltd-bengaluru-7-to-10-years-240425502469
Data Scientist Cyber Threat Intelligence,A.P. Moller Maersk,5-10 Yrs,Not Disclosed,Bengaluru,3.9,3852  Reviews,3+ weeks ago,https://www.naukri.com/job-listings-data-scientist-cyber-threat-intelligence-maersk-global-service-centres-india-pvt-ltd-bengaluru-5-to-10-years-240226503494
Internship - Seeking Data Scientist Intern,Dendrite,N/A,Unpaid ,Pune,N/A,N/A,Starts in 1-3 months,https://www.naukri.com/job-listings-internship-seeking-data-scientist-intern-dendrite-ai-pune-0-to-1-years-230925505084
Data and Computational Biology Scientist,Feathersoft Info Solutions,10-15 Yrs,Not Disclosed,Chennai,3.9,52  Reviews,3+ weeks ago,https://www.naukri.com/job-listings-data-and-computational-biology-scientist-feathersoft-info-solutions-private-limited-chennai-10-to-15-years-211125502320
Data Scientist,Indicosmic Capital,1-5 Yrs,Not Disclosed,Bengaluru,3.4,14  Reviews,3+ weeks ago,https://www.naukri.com/job-listings-data-scientist-indicosmic-infotech-bengaluru-1-to-5-years-200426503514
MIS Executive - Manufacturing Data & Client Reporting,HCP Wellness,0-5 Yrs,Not Disclosed,Ahmedabad,3.6,19  Reviews,3+ weeks ago,https://www.naukri.com/job-listings-mis-executive-manufacturing-data-client-reporting-hcp-wellness-ahmedabad-0-to-5-years-200126505406
Lead Analyst / Sales Executive,Zero Gravity Photography,0-1 Yrs,Not Disclosed,Chennai,2.5,29  Reviews,3+ weeks ago,https://www.naukri.com/job-listings-lead-analyst-sales-executive-zero-gravity-photography-chennai-0-to-1-years-191125505633
DATA SCIENTIST/ DATA ENGINEER VACANT,360DigiTMG,0-3 Yrs,Not Disclosed,Gurugram,4.1,108  Reviews,3+ weeks ago,https://www.naukri.com/job-listings-data-scientist-data-engineer-vacant-360digitmg-gurugram-0-to-3-years-180825503989
Data Scientist,Shell Pvt Ltd,6-8 Yrs,Not Disclosed,Bengaluru,3.9,2770  Reviews,3+ weeks ago,https://www.naukri.com/job-listings-data-scientist-shell-pvt-ltd-bengaluru-6-to-8-years-180526500134
Principal Data Scientist,Nielsen Sports,2-7 Yrs,Not Disclosed,Bengaluru,3.8,224  Reviews,3+ weeks ago,https://www.naukri.com/job-listings-principal-data-scientist-nielsen-sports-bengaluru-2-to-7-years-180226503695
Staff Data Scientist,Inmobi,8-10 Yrs,Not Disclosed,Bengaluru,3.0,222  Reviews,3+ weeks ago,https://www.naukri.com/job-listings-staff-data-scientist-inmobi-solutions-pvt-ltd-bengaluru-8-to-10-years-160226508336
Data Scientist,Bootcoding,0-1 Yrs,Not Disclosed,Nagpur,4.0,3  Reviews,3+ weeks ago,https://www.naukri.com/job-listings-data-scientist-bootcoding-nagpur-0-to-1-years-150526505472
"Data Scientist, Research, App Safety Engineering",Google,5-10 Yrs,Not Disclosed,Bengaluru,4.4,1916  Reviews,3+ weeks ago,https://www.naukri.com/job-listings-data-scientist-research-app-safety-engineering-google-india-private-limited-bengaluru-5-to-10-years-090725503332
"Data Scientist, Product, Google Play Games",Google,5-10 Yrs,Not Disclosed,Bengaluru,4.4,1916  Reviews,3+ weeks ago,https://www.naukri.com/job-listings-data-scientist-product-google-play-games-google-india-private-limited-bengaluru-5-to-10-years-090725503331
"Data Scientist, Google Play, Product",Google,5-10 Yrs,Not Disclosed,Bengaluru,4.4,1916  Reviews,3+ weeks ago,https://www.naukri.com/job-listings-data-scientist-google-play-product-google-india-private-limited-bengaluru-5-to-10-years-090725503329
"Data Scientist, Google Play, Product",Google,5-10 Yrs,Not Disclosed,Bengaluru,4.4,1916  Reviews,3+ weeks ago,https://www.naukri.com/job-listings-data-scientist-google-play-product-google-india-private-limited-bengaluru-5-to-10-years-090725503328
"Data Scientist III, Product Analytics",Expedia,5-10 Yrs,Not Disclosed,Bengaluru,3.6,385  Reviews,3+ weeks ago,https://www.naukri.com/job-listings-data-scientist-iii-product-analytics-expedia-group-bengaluru-5-to-10-years-090426505883
Data Scientist,Jash Data Sciences,0-5 Yrs,Not Disclosed,Pune,3.1,24  Reviews,3+ weeks ago,https://www.naukri.com/job-listings-data-scientist-jash-data-sciences-pune-0-to-5-years-051224504516
Scientist- Data and Modeler III IND,First Solar,3-8 Yrs,Not Disclosed,"Madurai, Tiruppur, Salem, Chennai, Tiruchirapalli, Coimbatore",4.0,161  Reviews,3+ weeks ago,https://www.naukri.com/job-listings-scientist-data-and-modeler-iii-ind-first-solar-madurai-tiruppur-salem-chennai-tiruchirapalli-coimbatore-3-to-8-years-050326502310
Principal Data Scientist,AtkinsRéalis,10-15 Yrs,Not Disclosed,Bengaluru,3.7,1411  Reviews,3+ weeks ago,https://www.naukri.com/job-listings-principal-data-scientist-atkins-global-bengaluru-10-to-15-years-020426509915
Data Scientist - Service Parts Supply Chain,Philips,10-15 Yrs,Not Disclosed,Bengaluru,3.8,1950  Reviews,3+ weeks ago,https://www.naukri.com/job-listings-data-scientist-service-parts-supply-chain-philips-india-limited-bengaluru-10-to-15-years-020426508504
Sr Data Engineers - AI/ML,Photon,3-7 Yrs,Not Disclosed,"Kolkata, Mumbai, New Delhi, Hyderabad, Pune, Chennai, Bengaluru",4.0,2659  Reviews,3+ weeks ago,https://www.naukri.com/job-listings-sr-data-engineers-ai-ml-photon-infotech-p-ltd-kolkata-mumbai-new-delhi-hyderabad-pune-chennai-bengaluru-3-to-7-years-240326504241
Business Analyst,Wipro,5-10 Yrs,18-22.5 Lacs PA ,"Hybrid - Kolkata, Hyderabad, Ahmedabad",N/A,N/A,4 days ago,https://www.naukri.com/job-listings-business-analyst-wroots-global-kolkata-hyderabad-ahmedabad-5-to-10-years-120626015156
Business Analyst,Bahwan CyberTek,4-6 Yrs,Not Disclosed,Chennai,3.3,721  Reviews,2 weeks ago,https://www.naukri.com/job-listings-business-analyst-bahwan-cybertek-chennai-4-to-6-years-270526500666
Business Analyst  Insurance Domain,Vrinda International,7-11 Yrs,Not Disclosed,Greater Noida,N/A,N/A,6 days ago,https://www.naukri.com/job-listings-business-analyst-insurance-domain-vrinda-international-greater-noida-7-to-11-years-100626502273
Business Analyst  Insurance Domain,Vrinda International,7-11 Yrs,Not Disclosed,Gurugram,N/A,N/A,6 days ago,https://www.naukri.com/job-listings-business-analyst-insurance-domain-vrinda-international-gurugram-7-to-11-years-100626502272
Business Analyst  Insurance Domain,Vrinda International,7-11 Yrs,Not Disclosed,Noida,N/A,N/A,6 days ago,https://www.naukri.com/job-listings-business-analyst-insurance-domain-vrinda-international-noida-7-to-11-years-100626502271
Business Analyst  Insurance Domain,Vrinda International,7-11 Yrs,Not Disclosed,Chennai,N/A,N/A,6 days ago,https://www.naukri.com/job-listings-business-analyst-insurance-domain-vrinda-international-chennai-7-to-11-years-100626502270
Business Analyst  Insurance Domain,Vrinda International,7-11 Yrs,Not Disclosed,Pune,N/A,N/A,6 days ago,https://www.naukri.com/job-listings-business-analyst-insurance-domain-vrinda-international-pune-7-to-11-years-100626502269
Business Analyst  Insurance Domain,Vrinda International,7-11 Yrs,Not Disclosed,Hyderabad,N/A,N/A,6 days ago,https://www.naukri.com/job-listings-business-analyst-insurance-domain-vrinda-international-hyderabad-7-to-11-years-100626502268
Sr Developer - Data Engineering,Photon,4-8 Yrs,Not Disclosed,"Kolkata, Mumbai, New Delhi, Hyderabad, Pune, Chennai, Bengaluru",4.0,2659  Reviews,3+ weeks ago,https://www.naukri.com/job-listings-sr-developer-data-engineering-photon-infotech-p-ltd-kolkata-mumbai-new-delhi-hyderabad-pune-chennai-bengaluru-4-to-8-years-100325501519
Senior/Lead Data Engineer AI Native Developer,Virtusa,5-10 Yrs,15-30 Lacs PA ,"Hybrid - Hyderabad, Chennai, Bengaluru",3.7,6200  Reviews,2 weeks ago,https://www.naukri.com/job-listings-senior-lead-data-engineer-ai-native-developer-virtusa-hyderabad-chennai-bengaluru-5-to-10-years-290526014666
Business Analyst -Rotational Shifts - Afternoon and Night,ICE Data Services,2-5 Yrs,7-10 Lacs PA ,Hyderabad,3.3,206  Reviews,5 days ago,https://www.naukri.com/job-listings-business-analyst-rotational-shifts-afternoon-and-night-ice-data-services-hyderabad-2-to-5-years-280226016343
Business Analyst - Crypto Private Banking,Flair Labs,5-10 Yrs,Not Disclosed,Mumbai,3.3,20  Reviews,3+ weeks ago,https://www.naukri.com/job-listings-business-analyst-crypto-private-banking-flair-labs-mumbai-5-to-10-years-271025501073
Business Analyst,Bahwan CyberTek,8-13 Yrs,Not Disclosed,Mumbai,3.3,721  Reviews,2 weeks ago,https://www.naukri.com/job-listings-business-analyst-bahwan-cybertek-mumbai-8-to-13-years-270526500750
Business Analyst,Livpure,2-5 Yrs,Not Disclosed,Gurugram,3.8,686  Reviews,3+ weeks ago,https://www.naukri.com/job-listings-business-analyst-livpure-gurugram-2-to-5-years-270326035140
Business Analyst,Mamaearth,2-6 Yrs,Not Disclosed,Gurugram,3.8,264  Reviews,3 weeks ago,https://www.naukri.com/job-listings-business-analyst-mamaearth-gurugram-2-to-6-years-260526012645
Demand Business Analyst,Ecolab Global Services,8-13 Yrs,Not Disclosed,Pune,3.4,234  Reviews,3 weeks ago,https://www.naukri.com/job-listings-demand-business-analyst-ecolab-global-services-private-limited-pune-8-to-13-years-220526918679
DM Manager Business Analyst & Project Management,Maruti Suzuki,4-9 Yrs,Not Disclosed,Gurugram,4.1,9634  Reviews,3 weeks ago,https://www.naukri.com/job-listings-dm-manager-business-analyst-project-management-maruti-suzuki-india-limited-gurugram-4-to-9-years-200526502071
Senior Data Engineer,PayU,3-6 Yrs,Not Disclosed,Bengaluru,3.3,587  Reviews,3+ weeks ago,https://www.naukri.com/job-listings-senior-data-engineer-payu-india-bengaluru-3-to-6-years-180526505719
Senior Data Engineer 1,PayU,3-6 Yrs,Not Disclosed,Bengaluru,3.3,587  Reviews,3+ weeks ago,https://www.naukri.com/job-listings-senior-data-engineer-1-payu-india-bengaluru-3-to-6-years-180526505576
Senior/Lead Data Engineer with Kafka,CGI,8-13 Yrs,18-27.5 Lacs PA ,Hybrid - Hyderabad,4.0,5499  Reviews,Few hours ago,https://www.naukri.com/job-listings-senior-lead-data-engineer-with-kafka-cgi-hyderabad-8-to-13-years-140526016986
Business Analyst,QualityKiosk,4-6 Yrs,Not Disclosed,Mumbai,3.2,1497  Reviews,4 days ago,https://www.naukri.com/job-listings-business-analyst-qualitykiosk-mumbai-4-to-6-years-120626504771
Business Development Analyst (CRM & Research),Alwarqa Survey Enginnering,2-5 Yrs,4-6 Lacs PA ,Hyderabad(Abids),1.0,3  Reviews,4 days ago,https://www.naukri.com/job-listings-business-development-analyst-crm-research-alwarqa-survey-enginnering-hyderabad-2-to-5-years-120626021246
Business Analyst - 5-12 Years  - Happiestminds - Hyderabad,Happiest Minds Technologies,6-11 Yrs,Not Disclosed,Hybrid - Hyderabad,3.4,1467  Reviews,4 days ago,https://www.naukri.com/job-listings-business-analyst-5-12-years-happiestminds-hyderabad-happiest-minds-technologies-hyderabad-6-to-11-years-120626013169
Analyst - Business Operations,Naf Technology Services,3-7 Yrs,Not Disclosed,Chennai,3.1,7  Reviews,4 days ago,https://www.naukri.com/job-listings-analyst-business-operations-naf-technology-services-chennai-3-to-7-years-120626010090
Business Analyst - Vendor Relations,Whole 9 Yards,1-3 Yrs,Not Disclosed,Kolkata,3.6,38  Reviews,4 days ago,https://www.naukri.com/job-listings-business-analyst-vendor-relations-whole-9-yards-kolkata-1-to-3-years-120626008255
Senior Data Engineer,Kantar,5-10 Yrs,Not Disclosed,Hyderabad,3.4,85  Reviews,5 days ago,https://www.naukri.com/job-listings-senior-data-engineer-kantar-imrb-hyderabad-5-to-10-years-110626923400
Business Systems Analyst IV,McCormick India,10-15 Yrs,Not Disclosed,Gurugram,4.4,73  Reviews,5 days ago,https://www.naukri.com/job-listings-business-systems-analyst-iv-mccormick-gurugram-10-to-15-years-110626503548
Business Analyst,Glib,2-7 Yrs,Not Disclosed,Mumbai,1.9,5  Reviews,5 days ago,https://www.naukri.com/job-listings-business-analyst-glib-mumbai-2-to-7-years-110626501775
Associate Salesforce Business Analyst,Getoncrm Solutions,2-3 Yrs,Not Disclosed,Ahmedabad,3.1,7  Reviews,5 days ago,https://www.naukri.com/job-listings-associate-salesforce-business-analyst-getoncrm-solutions-llp-ahmedabad-2-to-3-years-110626501761
Senior Data Engineer,Lloyds Technology Centre India,7-14 Yrs,Not Disclosed,Hyderabad,3.5,268  Reviews,5 days ago,https://www.naukri.com/job-listings-senior-data-engineer-lloyds-technology-centre-india-hyderabad-7-to-14-years-110626501709
Business Analyst,IITM  Global,3-7 Yrs,4-7.5 Lacs PA ,Chennai,N/A,N/A,5 days ago,https://www.naukri.com/job-listings-business-analyst-iitm-global-chennai-3-to-7-years-110626026882
Business Analyst,Celebal Technologies,1-2 Yrs,Not Disclosed,Jaipur,3.0,782  Reviews,5 days ago,https://www.naukri.com/job-listings-business-analyst-celebal-technologies-jaipur-1-to-2-years-110626020956
"Business Analyst, Field Excellence - CRM",Amgen Inc,5-10 Yrs,Not Disclosed,Hyderabad,2.8,166  Reviews,6 days ago,https://www.naukri.com/job-listings-business-analyst-field-excellence-crm-amgen-inc-hyderabad-5-to-10-years-100626936300
Senior Data Engineer - Azure Databricks,Blend360 India,5-10 Yrs,Not Disclosed,Hyderabad,3.5,35  Reviews,6 days ago,https://www.naukri.com/job-listings-senior-data-engineer-azure-databricks-blend-360-hyderabad-5-to-10-years-100626503851
Business Analyst,Neurealm,5-9 Yrs,5-10 Lacs PA ,Chennai,3.4,786  Reviews,6 days ago,https://www.naukri.com/job-listings-business-analyst-neurealm-chennai-5-to-9-years-100626000300
Sr Associate - Quantum (Data processing),Acuity Knowledge Partners,3-5 Yrs,Not Disclosed,Gurugram,3.1,1490  Reviews,1 week ago,https://www.naukri.com/job-listings-sr-associate-quantum-data-processing-acuity-knowledge-partners-gurugram-3-to-5-years-090626500093
Business Analyst,Byasa Tech Solutions,3-8 Yrs,Not Disclosed,Mumbai,3.7,5  Reviews,3+ weeks ago,https://www.naukri.com/job-listings-business-analyst-byasa-tech-solutions-mumbai-3-to-8-years-040226500163
Clinical Data Associate 2 & Sr.,LifeScience Clinical Research,2-6 Yrs,Not Disclosed,Hybrid - Bengaluru,N/A,N/A,1 day ago,https://www.naukri.com/job-listings-clinical-data-associate-2-sr-allegis-global-solutions-ags-bengaluru-2-to-6-years-020626010299
Lead Business Analyst _ Experience: 8+ Years,Atyeti,8-12 Yrs,Not Disclosed,"Hybrid - Pune, Mumbai (All Areas)",3.7,174  Reviews,1 day ago,https://www.naukri.com/job-listings-lead-business-analyst-experience-8-years-atyeti-pune-mumbai-all-areas-8-to-12-years-020626007374
Business Analyst MSDA,Maruti Suzuki,1-5 Yrs,Not Disclosed,Gurugram,4.1,9634  Reviews,3+ weeks ago,https://www.naukri.com/job-listings-business-analyst-msda-maruti-suzuki-india-limited-gurugram-1-to-5-years-310525500149
Business Analyst & Project Management Digital Transformation,Maruti Suzuki,2-7 Yrs,Not Disclosed,Gurugram,4.1,9634  Reviews,3+ weeks ago,https://www.naukri.com/job-listings-business-analyst-project-management-digital-transformation-maruti-suzuki-india-limited-gurugram-2-to-7-years-211125503037
Business Analyst & Project Management - Digital Transformation 1,Maruti Suzuki,2-7 Yrs,Not Disclosed,Gurugram,4.1,9634  Reviews,3+ weeks ago,https://www.naukri.com/job-listings-business-analyst-project-management-digital-transformation-1-maruti-suzuki-india-limited-gurugram-2-to-7-years-211125500260
Sr Engineer - Data Engineering,Altimetrik,5-10 Yrs,Not Disclosed,Bengaluru,3.5,1461  Reviews,3 weeks ago,https://www.naukri.com/job-listings-sr-engineer-data-engineering-altimetrik-corp-bengaluru-5-to-10-years-210526503954
Senior Engineer - Data Engineering,Altimetrik,10-15 Yrs,Not Disclosed,Bengaluru,3.5,1461  Reviews,3 weeks ago,https://www.naukri.com/job-listings-senior-engineer-data-engineering-altimetrik-corp-bengaluru-10-to-15-years-210526502773
Business Analyst,Coromandel International,8-12 Yrs,Not Disclosed,Hyderabad,4.1,2216  Reviews,3+ weeks ago,https://www.naukri.com/job-listings-business-analyst-coromandel-international-hyderabad-8-to-12-years-190526017730
Business Analyst,Eminence Technology,2-7 Yrs,Not Disclosed,Mohali,3.9,52  Reviews,3+ weeks ago,https://www.naukri.com/job-listings-business-analyst-eminence-technology-mohali-2-to-7-years-180225500097
Business System Analyst,Saama Technologies,5-10 Yrs,Not Disclosed,Chennai,3.6,421  Reviews,3+ weeks ago,https://www.naukri.com/job-listings-business-system-analyst-saama-technologies-india-pvt-ltd-chennai-5-to-10-years-141125501018
Business Analyst & Project Management - Digital Transformation 2,Maruti Suzuki,12-15 Yrs,Not Disclosed,Gurugram,4.1,9634  Reviews,3+ weeks ago,https://www.naukri.com/job-listings-business-analyst-project-management-digital-transformation-2-maruti-suzuki-india-limited-gurugram-12-to-15-years-140126500251
Analyst - Business Planning & MI,Capita,4-9 Yrs,Not Disclosed,Mumbai,3.5,2694  Reviews,3+ weeks ago,https://www.naukri.com/job-listings-analyst-business-planning-mi-capita-india-pvt-ltd-mumbai-4-to-9-years-120925504719
Senior Data Engineer,Take Two,6-11 Yrs,Not Disclosed,Bengaluru,2.9,9  Reviews,3+ weeks ago,https://www.naukri.com/job-listings-senior-data-engineer-rockstar-india-bengaluru-6-to-11-years-030426506621
Senior Data Engineer,PayU,3-6 Yrs,Not Disclosed,Bengaluru,3.3,587  Reviews,3+ weeks ago,https://www.naukri.com/job-listings-senior-data-engineer-payu-india-bengaluru-3-to-6-years-011025503817
Data & AI Intern,Artify Talent Studio,N/A,Unpaid ,"Kolkata, Mumbai, New Delhi, Hyderabad, Pune, Chennai, Bengaluru",4.4,4  Reviews,Starts in 1-3 months,https://www.naukri.com/job-listings-data-ai-intern-artify-talent-studio-kolkata-mumbai-new-delhi-hyderabad-pune-chennai-bengaluru-0-to-2-years-280525501797
Data Engineer - SSIS and Tableau,Tech Stalwart Solution,3-8 Yrs,Not Disclosed,"Kolkata, Mumbai, New Delhi, Hyderabad, Pune, Chennai, Bengaluru",3.2,8  Reviews,3+ weeks ago,https://www.naukri.com/job-listings-data-engineer-ssis-and-tableau-tech-stalwart-solution-private-limited-kolkata-mumbai-new-delhi-hyderabad-pune-chennai-bengaluru-3-to-8-years-250225501354
Data Engineer,Netlink Software,5-10 Yrs,Not Disclosed,"Kolkata, Mumbai, New Delhi, Hyderabad, Pune, Chennai, Bengaluru",3.2,396  Reviews,3+ weeks ago,https://www.naukri.com/job-listings-data-engineer-netlink-software-group-america-inc-kolkata-mumbai-new-delhi-hyderabad-pune-chennai-bengaluru-5-to-10-years-150125501602
AI Data Operations Intern,Figmenta,0-1 Yrs,Not Disclosed,"Kolkata, Mumbai, New Delhi, Hyderabad, Pune, Chennai, Bengaluru",N/A,N/A,3+ weeks ago,https://www.naukri.com/job-listings-ai-data-operations-intern-figmenta-kolkata-mumbai-new-delhi-hyderabad-pune-chennai-bengaluru-0-to-1-years-130226501281
Data Analytics and AI Intern,Artify Talent Studio,N/A,Unpaid ,"Kolkata, Mumbai, New Delhi, Hyderabad, Pune, Chennai, Bengaluru",4.4,4  Reviews,Starts in 1-3 months,https://www.naukri.com/job-listings-data-analytics-and-ai-intern-artify-talent-studio-kolkata-mumbai-new-delhi-hyderabad-pune-chennai-bengaluru-0-to-3-years-280525501502
Industrial Data & Analytics Engineer,Thales,3-8 Yrs,Not Disclosed,"Ghaziabad, Bengaluru",3.6,479  Reviews,Today,https://www.naukri.com/job-listings-industrial-data-analytics-engineer-thales-india-pvt-ltd-ghaziabad-bengaluru-3-to-8-years-160626501422
Data Analyst_Financial Domain_7+ years - 11 years_HCL_India,HCLTech,7-11 Yrs,20-35 Lacs PA ,"Hyderabad, Chennai, Bengaluru",3.4,46613  Reviews,Today,https://www.naukri.com/job-listings-data-analyst-financial-domain-7-years-11-years-hcl-india-hcltech-hyderabad-chennai-bengaluru-7-to-11-years-160626017812
Data Engineer  - Clinical Data Foundation,Amgen Inc,5-8 Yrs,Not Disclosed,Hyderabad,2.8,166  Reviews,1 day ago,https://www.naukri.com/job-listings-data-engineer-clinical-data-foundation-amgen-inc-hyderabad-5-to-8-years-150626938291
Data Architect,Accenture,7-12 Yrs,Not Disclosed,Bengaluru,3.7,74541  Reviews,1 day ago,https://www.naukri.com/job-listings-data-architect-accenture-solutions-pvt-ltd-bengaluru-7-to-12-years-150626934576
DATA ENGINEERING INTERN,Krayo,N/A,Unpaid ,"Kolkata, Mumbai, New Delhi, Hyderabad, Pune, Chennai, Bengaluru",3.8,6  Reviews,Starts in 1-3 months,https://www.naukri.com/job-listings-data-engineering-intern-krayo-kolkata-mumbai-new-delhi-hyderabad-pune-chennai-bengaluru-0-to-3-years-140923501676
Data Verifying Operator,Whizz Edu Tech,0-4 Yrs,Not Disclosed,"Kolkata, Mumbai, New Delhi, Hyderabad, Pune, Chennai, Bengaluru",N/A,N/A,3+ weeks ago,https://www.naukri.com/job-listings-data-verifying-operator-whizz-edu-tech-kolkata-mumbai-new-delhi-hyderabad-pune-chennai-bengaluru-0-to-4-years-120725502434
Data Analytics Trainee,Gigafactor Solutions,N/A,Unpaid ,Bengaluru,N/A,N/A,Starts in 1-3 months,https://www.naukri.com/job-listings-data-analytics-trainee-gigafactor-solutions-bengaluru-0-to-1-years-300126501870
"Coordinator, Data mgmt. & governance",Cardinal Drugs Ltd.,0-1 Yrs,Not Disclosed,Bengaluru,N/A,N/A,3+ weeks ago,https://www.naukri.com/job-listings-coordinator-data-mgmt-governance-cardinal-drugs-ltd-bengaluru-0-to-1-years-280426503125
Data Engineer,IQVIA,4-7 Yrs,Not Disclosed,Hybrid - Bengaluru,3.7,5336  Reviews,Few hours ago,https://www.naukri.com/job-listings-data-engineer-iqvia-bengaluru-4-to-7-years-260226034112
Data Engineer,Logic Planet,3-5 Yrs,Not Disclosed,Bengaluru,2.8,66  Reviews,3+ weeks ago,https://www.naukri.com/job-listings-data-engineer-logicplanet-it-services-bengaluru-3-to-5-years-200226505405
Data Science Internship,360DigiTMG,N/A,Unpaid ,Bengaluru,4.1,108  Reviews,Starts in 1-3 months,https://www.naukri.com/job-listings-data-science-internship-360digitmg-bengaluru-0-to-3-years-180825504000
Data Engineer,Stark Industries,1-4 Yrs,Not Disclosed,Bengaluru,4.9,4  Reviews,3+ weeks ago,https://www.naukri.com/job-listings-data-engineer-stark-industries-bengaluru-1-to-4-years-161023500307
Data Engineering Professional,Capgemini,4-7 Yrs,Not Disclosed,Bengaluru,3.6,54214  Reviews,Today,https://www.naukri.com/job-listings-data-engineering-professional-capgemini-technology-services-india-limited-bengaluru-4-to-7-years-160626916576
Associate Data Engineer,Haier Appliances,N/A,Unpaid ,"Hyderabad, Bengaluru",3.9,2012  Reviews,Starts in 1-3 months,https://www.naukri.com/job-listings-associate-data-engineer-haier-appliances-india-pvt-ltd-hyderabad-bengaluru-2-to-4-years-160626502000
Advanced Engineer Automotive Data Engineering,HARMAN India,5-10 Yrs,Not Disclosed,Bengaluru,3.8,3367  Reviews,Today,https://www.naukri.com/job-listings-advanced-engineer-automotive-data-engineering-harman-india-bengaluru-5-to-10-years-160626500739
Principal Data Engineer,DXC Technology,5-10 Yrs,Not Disclosed,Bengaluru,3.6,12153  Reviews,Today,https://www.naukri.com/job-listings-principal-data-engineer-dxc-technology-bengaluru-5-to-10-years-160626500571
"AI, Data Science & Computer Science  Fresher (Noida , Greater Noida)",Talent Finder,0-1 Yrs,2.5-3 Lacs PA ,"Noida, Greater Noida, Delhi / NCR",N/A,N/A,Today,https://www.naukri.com/job-listings-ai-data-science-computer-science-fresher-noida-greater-noida-talent-finder-noida-greater-noida-delhi-ncr-0-to-1-years-160626019865
"Data Engineering, Advanced proficiency Python, AWS, Lambd, Dynamo DB.",Tata Consultancy Services,10-15 Yrs,3-8 Lacs PA ,Bengaluru,3.3,115896  Reviews,Today,https://www.naukri.com/job-listings-data-engineering-advanced-proficiency-python-aws-lambd-dynamo-db-tata-consultancy-services-bengaluru-10-to-15-years-160626016501
S&C Global Network - AI - Resources -  Manager Data Science,Accenture,4-8 Yrs,Not Disclosed,Bengaluru,3.7,74541  Reviews,1 day ago,https://www.naukri.com/job-listings-s-c-global-network-ai-resources-manager-data-science-accenture-solutions-pvt-ltd-bengaluru-4-to-8-years-150626936904
Data Platform Engineer,Accenture,3-8 Yrs,Not Disclosed,Bengaluru,3.7,74541  Reviews,1 day ago,https://www.naukri.com/job-listings-data-platform-engineer-accenture-solutions-pvt-ltd-bengaluru-3-to-8-years-150626936821
"Data Eng, Mgmt & Governance Specialist",Accenture,7-11 Yrs,Not Disclosed,Bengaluru,3.7,74541  Reviews,1 day ago,https://www.naukri.com/job-listings-data-eng-mgmt-governance-specialist-accenture-solutions-pvt-ltd-bengaluru-7-to-11-years-150626936545
Data Platform Engineer,Accenture,3-8 Yrs,Not Disclosed,Bengaluru,3.7,74541  Reviews,1 day ago,https://www.naukri.com/job-listings-data-platform-engineer-accenture-solutions-pvt-ltd-bengaluru-3-to-8-years-150626936319
Data Platform Engineer,Accenture,5-10 Yrs,Not Disclosed,Bengaluru,3.7,74541  Reviews,1 day ago,https://www.naukri.com/job-listings-data-platform-engineer-accenture-solutions-pvt-ltd-bengaluru-5-to-10-years-150626936318
"Data Eng, Mgmt & Governance Specialist",Accenture,7-11 Yrs,Not Disclosed,Bengaluru,3.7,74541  Reviews,1 day ago,https://www.naukri.com/job-listings-data-eng-mgmt-governance-specialist-accenture-solutions-pvt-ltd-bengaluru-7-to-11-years-150626935390
S&C GN - Data&AI - Resources -  Associate Director Data Science,Accenture,10-15 Yrs,Not Disclosed,Bengaluru,3.7,74541  Reviews,1 day ago,https://www.naukri.com/job-listings-s-c-gn-data-ai-resources-associate-director-data-science-accenture-solutions-pvt-ltd-bengaluru-10-to-15-years-150626935387
S&C GN - Data&AI - Resources - Data Science Manager,Accenture,6-11 Yrs,Not Disclosed,Bengaluru,3.7,74541  Reviews,1 day ago,https://www.naukri.com/job-listings-s-c-gn-data-ai-resources-data-science-manager-accenture-solutions-pvt-ltd-bengaluru-6-to-11-years-150626935386
Data Platform Engineer,Accenture,7-12 Yrs,Not Disclosed,Bengaluru,3.7,74541  Reviews,1 day ago,https://www.naukri.com/job-listings-data-platform-engineer-accenture-solutions-pvt-ltd-bengaluru-7-to-12-years-150626935061
Data Platform Engineer,Accenture,2-5 Yrs,Not Disclosed,Bengaluru,3.7,74541  Reviews,1 day ago,https://www.naukri.com/job-listings-data-platform-engineer-accenture-solutions-pvt-ltd-bengaluru-2-to-5-years-150626933949
Data Platform Engineer,Accenture,2-5 Yrs,Not Disclosed,Bengaluru,3.7,74541  Reviews,1 day ago,https://www.naukri.com/job-listings-data-platform-engineer-accenture-solutions-pvt-ltd-bengaluru-2-to-5-years-150626933948
Data Platform Engineer,Accenture,6-11 Yrs,Not Disclosed,Bengaluru,3.7,74541  Reviews,1 day ago,https://www.naukri.com/job-listings-data-platform-engineer-accenture-solutions-pvt-ltd-bengaluru-6-to-11-years-150626933867
Data Science Practitioner,Accenture,5-10 Yrs,Not Disclosed,Bengaluru,3.7,74541  Reviews,1 day ago,https://www.naukri.com/job-listings-data-science-practitioner-accenture-solutions-pvt-ltd-bengaluru-5-to-10-years-150626932269
Clinical Data Svs Associate,Accenture,1-6 Yrs,Not Disclosed,Bengaluru,3.7,74541  Reviews,1 day ago,https://www.naukri.com/job-listings-clinical-data-svs-associate-accenture-solutions-pvt-ltd-bengaluru-1-to-6-years-150626929133
Data Platform Engineer,Accenture,2-5 Yrs,Not Disclosed,Bengaluru,3.7,74541  Reviews,1 day ago,https://www.naukri.com/job-listings-data-platform-engineer-accenture-solutions-pvt-ltd-bengaluru-2-to-5-years-150626928389
Data Platform Engineer,Accenture,2-5 Yrs,Not Disclosed,Bengaluru,3.7,74541  Reviews,1 day ago,https://www.naukri.com/job-listings-data-platform-engineer-accenture-solutions-pvt-ltd-bengaluru-2-to-5-years-150626926972
Data Platform Engineer,Accenture,2-5 Yrs,Not Disclosed,Bengaluru,3.7,74541  Reviews,1 day ago,https://www.naukri.com/job-listings-data-platform-engineer-accenture-solutions-pvt-ltd-bengaluru-2-to-5-years-150626924546
Lead Data Engineer,Capgemini,5-8 Yrs,Not Disclosed,Bengaluru,3.6,54214  Reviews,1 day ago,https://www.naukri.com/job-listings-lead-data-engineer-capgemini-technology-services-india-limited-bengaluru-5-to-8-years-150626922254
Data Platform Engineer,Accenture,2-5 Yrs,Not Disclosed,Bengaluru,3.7,74541  Reviews,1 day ago,https://www.naukri.com/job-listings-data-platform-engineer-accenture-solutions-pvt-ltd-bengaluru-2-to-5-years-150626915388
Data Architect,Aon,12-17 Yrs,Not Disclosed,Bengaluru,3.8,1468  Reviews,1 day ago,https://www.naukri.com/job-listings-data-architect-aon-bengaluru-12-to-17-years-150626503015
Hexaware is hiring SAP BODS - Data migration Consultant,Hexaware Technologies,9-14 Yrs,Not Disclosed,"Hybrid - Hyderabad, Chennai, Bengaluru",3.4,7813  Reviews,1 day ago,https://www.naukri.com/job-listings-hexaware-is-hiring-sap-bods-data-migration-consultant-hexaware-technologies-hyderabad-chennai-bengaluru-9-to-14-years-150626015413
Data Engineer with Fabric,Airo Digital Labs,1-8 Yrs,Not Disclosed,Bengaluru,3.9,45  Reviews,3+ weeks ago,https://www.naukri.com/job-listings-data-engineer-with-fabric-airo-digital-labs-bengaluru-1-to-8-years-140526501344
Data engineer,MJC Globaltech,3-6 Yrs,Not Disclosed,Bengaluru,4.3,6  Reviews,3+ weeks ago,https://www.naukri.com/job-listings-data-engineer-mjc-globaltech-private-limited-bengaluru-3-to-6-years-130426502274
Data Engineer,Millennium Management,4-9 Yrs,Not Disclosed,Bengaluru,2.5,53  Reviews,3+ weeks ago,https://www.naukri.com/job-listings-data-engineer-millennium-management-llc-bengaluru-4-to-9-years-130226505353
Data Engineer,Satsure Analytics,3-8 Yrs,Not Disclosed,Bengaluru,3.3,18  Reviews,3+ weeks ago,https://www.naukri.com/job-listings-data-engineer-satsure-analytics-india-pvt-ltd-bengaluru-3-to-8-years-120925500550
Data Engineer,Ikigai Labs,1-3 Yrs,Not Disclosed,Bengaluru,N/A,N/A,3+ weeks ago,https://www.naukri.com/job-listings-data-engineer-ikigai-labs-bengaluru-1-to-3-years-120126501960
MIS Executive/Analyst,Updater Services (UDS),2-5 Yrs,4-5 Lacs PA ,Chennai,3.7,904  Reviews,1 week ago,https://www.naukri.com/job-listings-mis-executive-analyst-updater-services-uds-chennai-2-to-5-years-070626005488
Data Engineer,Progient Labs,8-13 Yrs,Not Disclosed,Bengaluru,4.9,2  Reviews,3+ weeks ago,https://www.naukri.com/job-listings-data-engineer-progient-labs-bengaluru-8-to-13-years-030325503070
Data Engineer,Kinara Capital,8-13 Yrs,Not Disclosed,Bengaluru,4.2,1042  Reviews,3+ weeks ago,https://www.naukri.com/job-listings-data-engineer-kinara-financial-private-limited-bengaluru-8-to-13-years-020725506073
Data Engineer,Speridian Technologies,8-12 Yrs,Not Disclosed,Bengaluru,3.5,478  Reviews,3+ weeks ago,https://www.naukri.com/job-listings-data-engineer-speridian-technologies-pvt-ltd-bengaluru-8-to-12-years-020126500537
Data Science and Analytics,Future Intern,0-1 Yrs,Not Disclosed,Bengaluru,4.3,14  Reviews,3+ weeks ago,https://www.naukri.com/job-listings-data-science-and-analytics-future-interns-bengaluru-0-to-1-years-280825503461
Data Engineer - Python-Pyspark,Diverse Lynx,6-11 Yrs,Not Disclosed,Bengaluru,3.4,389  Reviews,3+ weeks ago,https://www.naukri.com/job-listings-data-engineer-python-pyspark-diverse-lynx-bengaluru-6-to-11-years-271125504875
Data Science Intern,Videodubber.ai,N/A,Unpaid ,Bengaluru,N/A,N/A,Starts in 1-3 months,https://www.naukri.com/job-listings-data-science-intern-videodubber-ai-bengaluru-0-to-1-years-251025505753
Data Engineer,Coulomb Ai,3-8 Yrs,Not Disclosed,Bengaluru,N/A,N/A,3+ weeks ago,https://www.naukri.com/job-listings-data-engineer-coulomb-bengaluru-3-to-8-years-230625502300
Data Engineer,Diverse Lynx,5-7 Yrs,Not Disclosed,Bengaluru,3.4,389  Reviews,3+ weeks ago,https://www.naukri.com/job-listings-data-engineer-diverse-lynx-bengaluru-5-to-7-years-190925501570
BizViz - Trainee Data Engineer,360DigiTMG,3-5 Yrs,Not Disclosed,Bengaluru,4.1,108  Reviews,3+ weeks ago,https://www.naukri.com/job-listings-bizviz-trainee-data-engineer-360digitmg-bengaluru-3-to-5-years-180825503222
Expert Data Engineer,Swiss Re,2-5 Yrs,Not Disclosed,Bengaluru,3.8,362  Reviews,3+ weeks ago,https://www.naukri.com/job-listings-expert-data-engineer-swiss-re-bengaluru-2-to-5-years-180325502365
Data Engineer,Cloudphysician Healthcare,0-4 Yrs,Not Disclosed,Bengaluru,3.6,49  Reviews,3+ weeks ago,https://www.naukri.com/job-listings-data-engineer-cloudphysician-healthcare-pvt-ltd-bengaluru-0-to-4-years-171022502265
Data Engineer,Clifyx Technology,8-10 Yrs,Not Disclosed,Bengaluru,3.3,31  Reviews,3+ weeks ago,https://www.naukri.com/job-listings-data-engineer-clifyx-technology-bengaluru-8-to-10-years-160625501994
Data Stage Developer,Tata Consultancy Services,5-10 Yrs,Not Disclosed,"Hyderabad, Chennai, Bengaluru",3.3,115896  Reviews,2 days ago,https://www.naukri.com/job-listings-data-stage-developer-tata-consultancy-services-hyderabad-chennai-bengaluru-5-to-10-years-140626002631
Data Engineer,Talent Socio,2-5 Yrs,Not Disclosed,Bengaluru,N/A,N/A,3+ weeks ago,https://www.naukri.com/job-listings-data-engineer-talent-socio-bengaluru-2-to-5-years-130423501950
Data Engineer,Clifyx Technology,2-4 Yrs,Not Disclosed,Bengaluru,3.3,31  Reviews,3+ weeks ago,https://www.naukri.com/job-listings-data-engineer-clifyx-technology-bengaluru-2-to-4-years-120825500414
Data Entry Operator,Poojyaya Security Services,0-2 Yrs,Not Disclosed,Bengaluru,2.7,5  Reviews,3+ weeks ago,https://www.naukri.com/job-listings-data-entry-operator-poojyaya-security-services-bengaluru-0-to-2-years-111225504013
Data Entry Operators,GB Infotech,0-1 Yrs,Not Disclosed,Bengaluru,N/A,N/A,3+ weeks ago,https://www.naukri.com/job-listings-data-entry-operators-gbinfotec-bengaluru-0-to-1-years-101224500684
Data Engineer,Diverse Lynx,1-5 Yrs,Not Disclosed,Bengaluru,3.4,389  Reviews,3+ weeks ago,https://www.naukri.com/job-listings-data-engineer-diverse-lynx-bengaluru-1-to-5-years-061022502993
Data Engineer,Kazam,1-4 Yrs,Not Disclosed,Bengaluru,3.6,47  Reviews,3+ weeks ago,https://www.naukri.com/job-listings-data-engineer-kazam-bengaluru-1-to-4-years-060924500311
Data Engineer,Clifyx Technology,2-4 Yrs,Not Disclosed,Bengaluru,3.3,31  Reviews,3+ weeks ago,https://www.naukri.com/job-listings-data-engineer-clifyx-technology-bengaluru-2-to-4-years-040225504612
Data Engineer,Mystifly Consulting,2-5 Yrs,Not Disclosed,Bengaluru,2.5,99  Reviews,3+ weeks ago,https://www.naukri.com/job-listings-data-engineer-mystifly-bengaluru-2-to-5-years-030118500939
Finance Analyst / Sr. Finance Analyst,Delight HR Services Pvt Ltd,3-5 Yrs,7-8 Lacs PA ,"Bangalore Rural, Bengaluru(Budigere +1)",N/A,N/A,1 week ago,https://www.naukri.com/job-listings-finance-analyst-sr-finance-analyst-delight-hr-bangalore-rural-bengaluru-3-to-5-years-160426027603
"Senior Analyst(Exp in SQl, Python, Tableau in Compliance domain)",Visa Consolidated Support Services India,5-10 Yrs,Not Disclosed,Bengaluru,3.5,22  Reviews,1 week ago,https://www.naukri.com/job-listings-senior-analyst-exp-in-sql-python-tableau-in-compliance-domain-visa-consolidated-support-services-india-pvt-ltd-bengaluru-5-to-10-years-090626917727
Senior Analyst,eClerx,2-4 Yrs,Not Disclosed,Pune,3.1,6420  Reviews,3+ weeks ago,https://www.naukri.com/job-listings-senior-analyst-eclerx-services-ltd-pune-2-to-4-years-070126000776
Senior Process Analyst - Celonis,Biomed Central,5-10 Yrs,Not Disclosed,Pune,N/A,N/A,1 week ago,https://www.naukri.com/job-listings-senior-process-analyst-celonis-biomed-central-ltd-pune-5-to-10-years-030626502433
Tableau Developer Senior Analyst - BBS Analytics,Bunge,4-9 Yrs,8-18 Lacs PA ,Mohali,3.9,778  Reviews,Today,https://www.naukri.com/job-listings-tableau-developer-senior-analyst-bbs-analytics-bunge-mohali-4-to-9-years-020426032118
Senior Analyst,Firstsource,2-9 Yrs,Not Disclosed,Bengaluru,3.5,5867  Reviews,2 weeks ago,https://www.naukri.com/job-listings-senior-analyst-firstsource-solutions-ltd-bengaluru-2-to-9-years-280526505215
Content Operations Senior Analyst,Careernet,3-5 Yrs,Not Disclosed,Hybrid - Hyderabad,N/A,N/A,2 weeks ago,https://www.naukri.com/job-listings-content-operations-senior-analyst-careernet-hyderabad-3-to-5-years-280526011505
Custom Software Engineering Sr. Analyst,Accenture,5-8 Yrs,Not Disclosed,Mumbai,3.7,74541  Reviews,2 weeks ago,https://www.naukri.com/job-listings-custom-software-engineering-sr-analyst-accenture-solutions-pvt-ltd-mumbai-5-to-8-years-270526928980
Custom Software Engineering Sr. Analyst,Accenture,5-8 Yrs,Not Disclosed,Mumbai,3.7,74541  Reviews,2 weeks ago,https://www.naukri.com/job-listings-custom-software-engineering-sr-analyst-accenture-solutions-pvt-ltd-mumbai-5-to-8-years-270526928822
Business Finance / MIS Analyst,YMI Ghar Soaps,2-5 Yrs,Not Disclosed,Pune,3.6,7  Reviews,2 weeks ago,https://www.naukri.com/job-listings-business-finance-mis-analyst-ymi-ghar-soaps-pune-2-to-5-years-270526038587
Senior Analyst - Forensics - Investigations & Compliance,EY,3-8 Yrs,Not Disclosed,Chennai,3.4,14833  Reviews,3 weeks ago,https://www.naukri.com/job-listings-senior-analyst-forensics-investigations-compliance-ernst-young-llp-chennai-3-to-8-years-260526934544
Senior Analyst - Forensics - Investigations & Compliance,EY,6-10 Yrs,Not Disclosed,Gurugram,3.4,14833  Reviews,3 weeks ago,https://www.naukri.com/job-listings-senior-analyst-forensics-investigations-compliance-ernst-young-llp-gurugram-6-to-10-years-260526933401
Senior Analyst - Forensics - Investigations & Compliance,EY,3-8 Yrs,Not Disclosed,Gurugram,3.4,14833  Reviews,3 weeks ago,https://www.naukri.com/job-listings-senior-analyst-forensics-investigations-compliance-ernst-young-llp-gurugram-3-to-8-years-260526933332
Senior Analyst - Forensics - National - ASU - Forensics - Discovery,EY,5-9 Yrs,Not Disclosed,Hyderabad,3.4,14833  Reviews,3 weeks ago,https://www.naukri.com/job-listings-senior-analyst-forensics-national-asu-forensics-discovery-ernst-young-llp-hyderabad-5-to-9-years-260526930860
Senior Analyst,Evalueserve,3-6 Yrs,Not Disclosed,Gurugram,3.0,1525  Reviews,3 weeks ago,https://www.naukri.com/job-listings-senior-analyst-evalueserve-com-pvt-ltd-gurugram-3-to-6-years-260526506211
Campaign Management Sr Analyst,Accenture,5-8 Yrs,Not Disclosed,Mumbai,3.7,74541  Reviews,3 weeks ago,https://www.naukri.com/job-listings-campaign-management-sr-analyst-accenture-solutions-pvt-ltd-mumbai-5-to-8-years-250526920930
I&F Decision Sci Practitioner Sr Analyst,Accenture,5-8 Yrs,Not Disclosed,Mumbai,3.7,74541  Reviews,3 weeks ago,https://www.naukri.com/job-listings-i-f-decision-sci-practitioner-sr-analyst-accenture-solutions-pvt-ltd-mumbai-5-to-8-years-250526920702
Digital Content Management Sr. Analyst,Accenture,5-8 Yrs,Not Disclosed,Mumbai,3.7,74541  Reviews,3 weeks ago,https://www.naukri.com/job-listings-digital-content-management-sr-analyst-accenture-solutions-pvt-ltd-mumbai-5-to-8-years-250526920163
I&F Decision Sci Practitioner Sr Analyst,Accenture,5-8 Yrs,Not Disclosed,Navi Mumbai,3.7,74541  Reviews,3 weeks ago,https://www.naukri.com/job-listings-i-f-decision-sci-practitioner-sr-analyst-accenture-solutions-pvt-ltd-navi-mumbai-5-to-8-years-250526919294
I&F Decision Sci Practitioner Sr Analyst,Accenture,5-8 Yrs,Not Disclosed,Navi Mumbai,3.7,74541  Reviews,3 weeks ago,https://www.naukri.com/job-listings-i-f-decision-sci-practitioner-sr-analyst-accenture-solutions-pvt-ltd-navi-mumbai-5-to-8-years-250526919290
Senior Analyst,eClerx,2-4 Yrs,Not Disclosed,Pune,3.1,6420  Reviews,3+ weeks ago,https://www.naukri.com/job-listings-senior-analyst-eclerx-services-ltd-pune-2-to-4-years-241225026137
I&F Decision Sci Practitioner Sr Analyst,Accenture,5-8 Yrs,Not Disclosed,Mumbai,3.7,74541  Reviews,3 weeks ago,https://www.naukri.com/job-listings-i-f-decision-sci-practitioner-sr-analyst-accenture-solutions-pvt-ltd-mumbai-5-to-8-years-220526924344
Record To Report Ops Senior Analyst,Accenture,5-8 Yrs,Not Disclosed,Noida,3.7,74541  Reviews,3 weeks ago,https://www.naukri.com/job-listings-record-to-report-ops-senior-analyst-accenture-solutions-pvt-ltd-noida-5-to-8-years-210526922464
Senior Analyst,eClerx,1-8 Yrs,Not Disclosed,Mumbai,3.1,6420  Reviews,3 weeks ago,https://www.naukri.com/job-listings-senior-analyst-eclerx-services-ltd-mumbai-1-to-8-years-210526501142
Business Analyst & Executive Assistant To MD,ATS ELGI,2-7 Yrs,Not Disclosed,Coimbatore,4.0,455  Reviews,3 weeks ago,https://www.naukri.com/job-listings-business-analyst-executive-assistant-to-md-ats-elgi-coimbatore-2-to-7-years-210526011481
Senior Compensation Analyst,Saviynt,5-7 Yrs,Not Disclosed,Bengaluru,2.5,106  Reviews,3+ weeks ago,https://www.naukri.com/job-listings-senior-compensation-analyst-saviynt-bengaluru-5-to-7-years-210126501115
Custom Software Engineering Sr Analyst,Accenture,5-8 Yrs,Not Disclosed,Mumbai,3.7,74541  Reviews,3+ weeks ago,https://www.naukri.com/job-listings-custom-software-engineering-sr-analyst-accenture-solutions-pvt-ltd-mumbai-5-to-8-years-190526922342
Senior Analyst,eClerx,3-8 Yrs,Not Disclosed,Chandigarh,3.1,6420  Reviews,3+ weeks ago,https://www.naukri.com/job-listings-senior-analyst-eclerx-services-ltd-chandigarh-3-to-8-years-190526501019
Campaign Management Sr. Analyst,Accenture,5-8 Yrs,Not Disclosed,Mumbai,3.7,74541  Reviews,3+ weeks ago,https://www.naukri.com/job-listings-campaign-management-sr-analyst-accenture-solutions-pvt-ltd-mumbai-5-to-8-years-180526919899
Media & Graphics Design Senior Analyst,Accenture,5-8 Yrs,Not Disclosed,Mumbai,3.7,74541  Reviews,3+ weeks ago,https://www.naukri.com/job-listings-media-graphics-design-senior-analyst-accenture-solutions-pvt-ltd-mumbai-5-to-8-years-180526919891
Motion Design Senior Analyst,Accenture,5-8 Yrs,Not Disclosed,Mumbai,3.7,74541  Reviews,3+ weeks ago,https://www.naukri.com/job-listings-motion-design-senior-analyst-accenture-solutions-pvt-ltd-mumbai-5-to-8-years-180526919873
Motion Design Senior Analyst,Accenture,7-10 Yrs,Not Disclosed,Mumbai,3.7,74541  Reviews,3+ weeks ago,https://www.naukri.com/job-listings-motion-design-senior-analyst-accenture-solutions-pvt-ltd-mumbai-7-to-10-years-180526919502
Delivery Operations Senior Analyst,Accenture,6-11 Yrs,Not Disclosed,Mumbai,3.7,74541  Reviews,3+ weeks ago,https://www.naukri.com/job-listings-delivery-operations-senior-analyst-accenture-solutions-pvt-ltd-mumbai-6-to-11-years-180526919062
Copywriting Senior Analyst,Accenture,5-8 Yrs,Not Disclosed,Mumbai,3.7,74541  Reviews,3+ weeks ago,https://www.naukri.com/job-listings-copywriting-senior-analyst-accenture-solutions-pvt-ltd-mumbai-5-to-8-years-180526919053
Delivery Operations Senior Analyst,Accenture,6-11 Yrs,Not Disclosed,Mumbai,3.7,74541  Reviews,3+ weeks ago,https://www.naukri.com/job-listings-delivery-operations-senior-analyst-accenture-solutions-pvt-ltd-mumbai-6-to-11-years-180526918808
PPSM Sr Analyst,Accenture,5-8 Yrs,Not Disclosed,Gurugram,3.7,74541  Reviews,3+ weeks ago,https://www.naukri.com/job-listings-ppsm-sr-analyst-accenture-solutions-pvt-ltd-gurugram-5-to-8-years-180526918326
Custom Software Engineering Sr Analyst,Accenture,5-8 Yrs,Not Disclosed,Mumbai,3.7,74541  Reviews,3+ weeks ago,https://www.naukri.com/job-listings-custom-software-engineering-sr-analyst-accenture-solutions-pvt-ltd-mumbai-5-to-8-years-180526908782
Campaign Management Sr Analyst,Accenture,5-8 Yrs,Not Disclosed,Mumbai,3.7,74541  Reviews,3+ weeks ago,https://www.naukri.com/job-listings-campaign-management-sr-analyst-accenture-solutions-pvt-ltd-mumbai-5-to-8-years-180526908581
Custom Software Engineering Sr Analyst,Accenture,5-8 Yrs,Not Disclosed,Mumbai,3.7,74541  Reviews,3+ weeks ago,https://www.naukri.com/job-listings-custom-software-engineering-sr-analyst-accenture-solutions-pvt-ltd-mumbai-5-to-8-years-180526908428
Senior Analyst,eClerx,2-4 Yrs,Not Disclosed,Pune,3.1,6420  Reviews,3 weeks ago,https://www.naukri.com/job-listings-senior-analyst-eclerx-pune-2-to-4-years-180326027912
Sr Analyst I Infrastructure Services,DXC Technology,5-10 Yrs,Not Disclosed,Chennai,3.6,12153  Reviews,3+ weeks ago,https://www.naukri.com/job-listings-sr-analyst-i-infrastructure-services-dxc-technology-chennai-5-to-10-years-160226504130
Senior Decision Analyst,Barclays,2-8 Yrs,Not Disclosed,Noida,3.8,1165  Reviews,1 day ago,https://www.naukri.com/job-listings-senior-decision-analyst-barclays-shared-services-noida-2-to-8-years-150626501223
Supply Chain Analyst - Senior,Cummins,8-12 Yrs,Not Disclosed,Pune,4.3,4055  Reviews,3+ weeks ago,https://www.naukri.com/job-listings-supply-chain-analyst-senior-cummins-inc-pune-8-to-12-years-150526501805
Senior Analyst,Evalueserve,2-5 Yrs,Not Disclosed,Gurugram,3.0,1525  Reviews,3+ weeks ago,https://www.naukri.com/job-listings-senior-analyst-evalueserve-com-pvt-ltd-gurugram-2-to-5-years-140526505011
Senior Analyst,eClerx,1-8 Yrs,Not Disclosed,Mumbai,3.1,6420  Reviews,3+ weeks ago,https://www.naukri.com/job-listings-senior-analyst-eclerx-services-ltd-mumbai-1-to-8-years-140526503381
Senior Analyst - HR Research,The Hackett Group,3-8 Yrs,Not Disclosed,Hyderabad,3.2,139  Reviews,3 weeks ago,https://www.naukri.com/job-listings-senior-analyst-hr-research-the-hackett-group-hyderabad-3-to-8-years-140526036599
Senior Analyst - Finance Research,The Hackett Group,5-10 Yrs,Not Disclosed,Hyderabad,3.2,139  Reviews,3 weeks ago,https://www.naukri.com/job-listings-senior-analyst-finance-research-the-hackett-group-hyderabad-5-to-10-years-140526017004
Sr IT Analyst,Sparta Systems,5-10 Yrs,Not Disclosed,Bengaluru,4.1,13  Reviews,4 days ago,https://www.naukri.com/job-listings-sr-it-analyst-spartasystems-bengaluru-5-to-10-years-120626503596
Senior Product Database Analyst,Miles Education,5-8 Yrs,Not Disclosed,Bengaluru,3.2,315  Reviews,6 days ago,https://www.naukri.com/job-listings-senior-product-database-analyst-miles-education-bengaluru-5-to-8-years-100626014405
Senior Analyst People Analytics & Insights,Astellas Pharma,5-10 Yrs,Not Disclosed,Bengaluru,3.0,25  Reviews,1 week ago,https://www.naukri.com/job-listings-senior-analyst-people-analytics-insights-astellas-pharma-bengaluru-5-to-10-years-090626502391
Senior Security Analyst,Classic Marble Company,5-10 Yrs,Not Disclosed,Bengaluru,3.5,149  Reviews,1 week ago,https://www.naukri.com/job-listings-senior-security-analyst-classic-marble-bengaluru-5-to-10-years-090626502344
Senior Analyst - IAM Governance Sailpoint,First Citizens India,4-6 Yrs,Not Disclosed,Hybrid - Bengaluru,3.9,218  Reviews,1 week ago,https://www.naukri.com/job-listings-senior-analyst-iam-governance-sailpoint-first-citizens-india-bengaluru-4-to-6-years-090626026827
Senior Solution Analyst,Exxon Mobil Corporation,5-10 Yrs,Not Disclosed,Bengaluru,3.7,546  Reviews,3+ weeks ago,https://www.naukri.com/job-listings-senior-solution-analyst-exxon-mobil-corporation-bengaluru-5-to-10-years-060526503990
Senior Analyst - Forensics - Investigations & Compliance,EY,1-6 Yrs,Not Disclosed,Gurugram,3.4,14833  Reviews,3+ weeks ago,https://www.naukri.com/job-listings-senior-analyst-forensics-investigations-compliance-ernst-young-gurugram-1-to-6-years-060526503836
Sr Analyst (Index),Evalueserve,3-5 Yrs,Not Disclosed,Gurugram,3.0,1525  Reviews,3+ weeks ago,https://www.naukri.com/job-listings-sr-analyst-index-evalueserve-com-pvt-ltd-gurugram-3-to-5-years-060526502621
Sr Analyst,Evalueserve,3-5 Yrs,Not Disclosed,Gurugram,3.0,1525  Reviews,3+ weeks ago,https://www.naukri.com/job-listings-sr-analyst-evalueserve-com-pvt-ltd-gurugram-3-to-5-years-060526501521
Senior Analyst - Forensics - Investigations & Compliance,EY,3-8 Yrs,Not Disclosed,Gurugram,3.4,14833  Reviews,3+ weeks ago,https://www.naukri.com/job-listings-senior-analyst-forensics-investigations-compliance-ernst-young-gurugram-3-to-8-years-060526501080
Executive Assistant cum Business Analyst To CEO - Bilaspur (Manesar),stenohouse,5-10 Yrs,10-15 Lacs PA ,Gurugram(Bilaspur),N/A,N/A,2 weeks ago,https://www.naukri.com/job-listings-executive-assistant-business-analyst-to-ceo-bilaspur-manesar-steno-house-gurugram-5-to-10-years-050526034363
Senior Analyst,Dun & Bradstreet,6-9 Yrs,Not Disclosed,Hybrid - Hyderabad,3.0,447  Reviews,2 weeks ago,https://www.naukri.com/job-listings-senior-analyst-dun-bradstreet-hyderabad-6-to-9-years-020626009790
Senior Analyst,eClerx,2-4 Yrs,Not Disclosed,Navi Mumbai,3.1,6420  Reviews,3+ weeks ago,https://www.naukri.com/job-listings-senior-analyst-eclerx-services-ltd-navi-mumbai-2-to-4-years-010226001440
Data Scientist,Business Brio,2-5 Yrs,Not Disclosed,Kolkata,4.0,2  Reviews,3+ weeks ago,https://www.naukri.com/job-listings-data-scientist-business-brio-kolkata-2-to-5-years-260923501509
Senior Analyst - Projects,Microland,3-7 Yrs,Not Disclosed,Bengaluru,3.5,1958  Reviews,3+ weeks ago,https://www.naukri.com/job-listings-senior-analyst-projects-microland-limited-bengaluru-3-to-7-years-250825504095
Senior Lead Analyst - Varicent Configuration / Commissions,Thomson Reuters,4-9 Yrs,Not Disclosed,Hyderabad,3.7,1922  Reviews,3+ weeks ago,https://www.naukri.com/job-listings-senior-lead-analyst-varicent-configuration-commissions-thomson-reuters-india-pvt-ltd-hyderabad-4-to-9-years-230326502621
Analytics & Intelligence - Senior Analyst (Medical Analytics),Hoffmann La Roche,4-8 Yrs,Not Disclosed,Hyderabad,5.0,2  Reviews,3+ weeks ago,https://www.naukri.com/job-listings-analytics-intelligence-senior-analyst-medical-analytics-hoffmann-la-roche-hyderabad-4-to-8-years-200426501165
Senior Pricing Analyst,Thomson Reuters,6-8 Yrs,Not Disclosed,Hyderabad,3.7,1922  Reviews,3+ weeks ago,https://www.naukri.com/job-listings-senior-pricing-analyst-thomson-reuters-india-pvt-ltd-hyderabad-6-to-8-years-200126505533
Senior Analyst,eClerx,1-8 Yrs,Not Disclosed,Pune,3.1,6420  Reviews,3+ weeks ago,https://www.naukri.com/job-listings-senior-analyst-eclerx-services-ltd-pune-1-to-8-years-190326502298
I&F Decision Sci Practitioner Sr. Analyst,Accenture,5-8 Yrs,Not Disclosed,Gurugram,3.7,74541  Reviews,3+ weeks ago,https://www.naukri.com/job-listings-i-f-decision-sci-practitioner-sr-analyst-accenture-solutions-pvt-ltd-gurugram-5-to-8-years-180526921013
Media & Graphics Design Senior Analyst,Accenture,5-8 Yrs,Not Disclosed,Mumbai,3.7,74541  Reviews,3+ weeks ago,https://www.naukri.com/job-listings-media-graphics-design-senior-analyst-accenture-solutions-pvt-ltd-mumbai-5-to-8-years-180526919858
Supply Chain Plan & Analyt Senior Analyst,Accenture,6-9 Yrs,Not Disclosed,Mumbai,3.7,74541  Reviews,3+ weeks ago,https://www.naukri.com/job-listings-supply-chain-plan-analyt-senior-analyst-accenture-solutions-pvt-ltd-mumbai-6-to-9-years-180526918736
Data Scientist,Business Brio,1-2 Yrs,Not Disclosed,Kolkata,4.0,2  Reviews,3+ weeks ago,https://www.naukri.com/job-listings-data-scientist-business-brio-kolkata-1-to-2-years-171224501141
Senior Analyst,eClerx,3-8 Yrs,Not Disclosed,Mumbai,3.1,6420  Reviews,3+ weeks ago,https://www.naukri.com/job-listings-senior-analyst-eclerx-services-ltd-mumbai-3-to-8-years-130226505644
Senior Analyst,Merck Group,1-6 Yrs,Not Disclosed,Bengaluru,4.0,411  Reviews,4 days ago,https://www.naukri.com/job-listings-senior-analyst-merck-group-bengaluru-1-to-6-years-120626504765
Senior Analyst,eClerx,5-6 Yrs,Not Disclosed,Pune,3.1,6420  Reviews,3+ weeks ago,https://www.naukri.com/job-listings-senior-analyst-eclerx-services-ltd-pune-5-to-6-years-120226500261
Senior Analyst - Operations Analytics,Microland,3-8 Yrs,Not Disclosed,Bengaluru,3.5,1958  Reviews,3+ weeks ago,https://www.naukri.com/job-listings-senior-analyst-operations-analytics-microland-limited-bengaluru-3-to-8-years-090226504916
Senior Analyst People Success Partner,Zinnov Management Consulting,7-10 Yrs,Not Disclosed,Bengaluru,3.2,225  Reviews,3+ weeks ago,https://www.naukri.com/job-listings-senior-analyst-people-success-partner-zinnov-management-consulting-pvt-ltd-bengaluru-7-to-10-years-060326501947
Support Analyst - Ody.C,Alstom,3-6 Yrs,Not Disclosed,Bengaluru,3.7,3353  Reviews,1 week ago,https://www.naukri.com/job-listings-support-analyst-ody-c-alstom-transport-india-ltd-bengaluru-3-to-6-years-080626934038
ACN S&C GN - MC - Industry X - Capital Projects - Analyst,Accenture,4-8 Yrs,Not Disclosed,Bengaluru,3.7,74541  Reviews,1 week ago,https://www.naukri.com/job-listings-acn-s-c-gn-mc-industry-x-capital-projects-analyst-accenture-solutions-pvt-ltd-bengaluru-4-to-8-years-080626932050
ACN S&C GN - MC - Industry X - Smart Connected Products - Analyst,Accenture,3-8 Yrs,Not Disclosed,Bengaluru,3.7,74541  Reviews,1 week ago,https://www.naukri.com/job-listings-acn-s-c-gn-mc-industry-x-smart-connected-products-analyst-accenture-solutions-pvt-ltd-bengaluru-3-to-8-years-080626932049
ACN S&C Global Network - AI -Song-Analyst,Accenture,2-6 Yrs,Not Disclosed,Bengaluru,3.7,74541  Reviews,1 week ago,https://www.naukri.com/job-listings-acn-s-c-global-network-ai-song-analyst-accenture-solutions-pvt-ltd-bengaluru-2-to-6-years-080626931342
S&C Global Network - Ai - Cmt - Telecom Analyst,Accenture,6-11 Yrs,Not Disclosed,Bengaluru,3.7,74541  Reviews,1 week ago,https://www.naukri.com/job-listings-s-c-global-network-ai-cmt-telecom-analyst-accenture-solutions-pvt-ltd-bengaluru-6-to-11-years-080626930793
ACN S&C GN - SC&O - SCM Planning  Kinaxis  Analyst,Accenture,4-7 Yrs,Not Disclosed,Bengaluru,3.7,74541  Reviews,1 week ago,https://www.naukri.com/job-listings-acn-s-c-gn-sc-o-scm-planning-kinaxis-analyst-accenture-solutions-pvt-ltd-bengaluru-4-to-7-years-080626930740
Financial Plan & Analysis Analyst,Accenture,3-5 Yrs,Not Disclosed,Bengaluru,3.7,74541  Reviews,1 week ago,https://www.naukri.com/job-listings-financial-plan-analysis-analyst-accenture-solutions-pvt-ltd-bengaluru-3-to-5-years-040626931211
Sales Operations Analyst,Accenture,3-5 Yrs,Not Disclosed,Bengaluru,3.7,74541  Reviews,1 week ago,https://www.naukri.com/job-listings-sales-operations-analyst-accenture-solutions-pvt-ltd-bengaluru-3-to-5-years-040626931137
IT Service Management Analyst,Accenture,3-5 Yrs,Not Disclosed,Bengaluru,3.7,74541  Reviews,1 week ago,https://www.naukri.com/job-listings-it-service-management-analyst-accenture-solutions-pvt-ltd-bengaluru-3-to-5-years-040626931015
Lead Treasury Analyst - Product Owner,Wells Fargo,10-18 Yrs,Not Disclosed,Hybrid - Bengaluru,3.6,8839  Reviews,1 week ago,https://www.naukri.com/job-listings-lead-treasury-analyst-product-owner-wells-fargo-international-solutions-private-ltd-bengaluru-10-to-18-years-040626009609
SALES OPS ANALYST IV,TE Connectivity,8-13 Yrs,Not Disclosed,Bengaluru,4.1,1357  Reviews,1 week ago,https://www.naukri.com/job-listings-sales-ops-analyst-iv-te-connectivity-india-private-limited-bengaluru-8-to-13-years-030626930594
Media Monitoring & Research Analyst,First Partners,0-1 Yrs,3-3.25 Lacs PA ,Noida(Sector 142),3.2,19  Reviews,1 week ago,https://www.naukri.com/job-listings-media-monitoring-research-analyst-first-partners-noida-0-to-1-years-030626018478
Quant Analyst (Macquarie ),Acuity Knowledge Partners,3-8 Yrs,Not Disclosed,Bengaluru,3.1,1490  Reviews,2 weeks ago,https://www.naukri.com/job-listings-quant-analyst-macquarie-acuity-knowledge-partners-bengaluru-3-to-8-years-020626503506
Informatica Production Support Analyst,Bitwise Solutions,0-2 Yrs,Not Disclosed,Pune,3.6,755  Reviews,2 weeks ago,https://www.naukri.com/job-listings-informatica-production-support-analyst-bitwise-solutions-pune-0-to-2-years-020426034485
Assistant Manager- Finance & Procurement Services (Reporting Analyst),Siemens,6-11 Yrs,Not Disclosed,Bengaluru,3.9,5890  Reviews,2 weeks ago,https://www.naukri.com/job-listings-assistant-manager-finance-procurement-services-reporting-analyst-siemens-limited-bengaluru-6-to-11-years-010626921580
ACN Industry Consulting- Travel -Airports & Hospitality -Analyst,Accenture,2-6 Yrs,Not Disclosed,Bengaluru,3.7,74541  Reviews,2 weeks ago,https://www.naukri.com/job-listings-acn-industry-consulting-travel-airports-hospitality-analyst-accenture-solutions-pvt-ltd-bengaluru-2-to-6-years-010626917368
Engineering Services Analyst,Accenture,2-5 Yrs,Not Disclosed,Bengaluru,3.7,74541  Reviews,2 weeks ago,https://www.naukri.com/job-listings-engineering-services-analyst-accenture-solutions-pvt-ltd-bengaluru-2-to-5-years-010626916718
Financial Analyst II,Hewlett Packard Enterprise,2-7 Yrs,Not Disclosed,Bengaluru,4.0,4678  Reviews,2 weeks ago,https://www.naukri.com/job-listings-financial-analyst-ii-hewlett-packard-enterprise-bengaluru-2-to-7-years-020626500320
Service Desk  Quality Analyst,Tata Consultancy Services,5-8 Yrs,5-15 Lacs PA ,Bengaluru,3.3,115896  Reviews,2 weeks ago,https://www.naukri.com/job-listings-service-desk-quality-analyst-tata-consultancy-services-bengaluru-5-to-8-years-010626009027
Data Analyst,Rusada Aviation,1-3 Yrs,5.5-13 Lacs PA ,Hybrid - Chennai,3.2,12  Reviews,1 week ago,https://www.naukri.com/job-listings-data-analyst-rusada-aviation-chennai-1-to-3-years-030626017619
Senior Data Scientist/Lead Data Scientist,Tredence,5-10 Yrs,Not Disclosed,"Hybrid - Pune, Gurugram, Bengaluru",3.3,729  Reviews,2 weeks ago,https://www.naukri.com/job-listings-senior-data-scientist-lead-data-scientist-tredence-pune-gurugram-bengaluru-5-to-10-years-290526014179
Senior Data Scientist,Billennium,4-9 Yrs,Not Disclosed,"Kolkata, Mumbai, New Delhi, Hyderabad, Pune, Chennai, Bengaluru",3.9,77  Reviews,3+ weeks ago,https://www.naukri.com/job-listings-senior-data-scientist-billennium-kolkata-mumbai-new-delhi-hyderabad-pune-chennai-bengaluru-4-to-9-years-200426504564
Senior Data Scientist,Tredence,5-8 Yrs,Not Disclosed,"Hybrid - Pune, Gurugram, Bengaluru",3.3,729  Reviews,3+ weeks ago,https://www.naukri.com/job-listings-senior-data-scientist-tredence-pune-gurugram-bengaluru-5-to-8-years-190526037208
Senior/Lead Data Scientist,Tredence,5-10 Yrs,Not Disclosed,"Hybrid - Pune, Gurugram, Bengaluru",3.3,729  Reviews,3+ weeks ago,https://www.naukri.com/job-listings-senior-lead-data-scientist-tredence-pune-gurugram-bengaluru-5-to-10-years-150526018403
Senior Data Scientist,ORCAPOD,8-11 Yrs,Not Disclosed,Bengaluru,N/A,N/A,2 weeks ago,https://www.naukri.com/job-listings-senior-data-scientist-orcapod-consulting-services-bengaluru-8-to-11-years-300526014359
Senior Data Scientist - Generative AI (LLM/RAG),US MNC (analytics),5-10 Yrs,20-35 Lacs PA ,"Hybrid - Gurugram, Bengaluru, Delhi / NCR",N/A,N/A,2 weeks ago,https://www.naukri.com/job-listings-senior-data-scientist-generative-ai-llm-rag-aspyra-hr-services-gurugram-bengaluru-delhi-ncr-5-to-10-years-280526029071
Senior Data Scientist Client Analytics,Epsilon Data Management,5-8 Yrs,Not Disclosed,Bengaluru,3.6,890  Reviews,3 weeks ago,https://www.naukri.com/job-listings-senior-data-scientist-client-analytics-epsilon-asia-group-of-companies-bengaluru-5-to-8-years-260526504721
Sr Data Scientist,Aqilea,9-12 Yrs,Not Disclosed,Bengaluru,4.6,8  Reviews,3+ weeks ago,https://www.naukri.com/job-listings-sr-data-scientist-aqilea-formerly-soltia-bengaluru-9-to-12-years-240426501366
Sr Data Scientist,AxionConnect,2-5 Yrs,Not Disclosed,Bengaluru,3.7,45  Reviews,3 weeks ago,https://www.naukri.com/job-listings-sr-data-scientist-axionconnect-infosolutions-pvt-ltd-bengaluru-2-to-5-years-220526504848
"Sr Manager Data Scientist, Client Analytics",Epsilon Data Management,12-17 Yrs,Not Disclosed,Bengaluru,3.6,890  Reviews,3 weeks ago,https://www.naukri.com/job-listings-sr-manager-data-scientist-client-analytics-epsilon-asia-group-of-companies-bengaluru-12-to-17-years-220526503258
Sr Data Scientist Client Analytics,Epsilon Data Management,5-8 Yrs,Not Disclosed,Bengaluru,3.6,890  Reviews,3 weeks ago,https://www.naukri.com/job-listings-sr-data-scientist-client-analytics-epsilon-asia-group-of-companies-bengaluru-5-to-8-years-220526502776
Sr Advanced Data Scientist,Sparta Systems,5-10 Yrs,Not Disclosed,Bengaluru,4.1,13  Reviews,3 weeks ago,https://www.naukri.com/job-listings-sr-advanced-data-scientist-spartasystems-bengaluru-5-to-10-years-220526501210
Sr Advanced Data Scientist,Sparta Systems,6-11 Yrs,Not Disclosed,Bengaluru,4.1,13  Reviews,3 weeks ago,https://www.naukri.com/job-listings-sr-advanced-data-scientist-spartasystems-bengaluru-6-to-11-years-220526501209
Sr. Data Scientist,Vmock,3-6 Yrs,Not Disclosed,"Kolkata, Mumbai, New Delhi, Hyderabad, Pune, Chennai, Bengaluru",2.0,45  Reviews,3+ weeks ago,https://www.naukri.com/job-listings-sr-data-scientist-vmock-india-pvt-ltd-kolkata-mumbai-new-delhi-hyderabad-pune-chennai-bengaluru-3-to-6-years-190924501023
Senior Data Scientist - R01557312,brillio-2,5-10 Yrs,Not Disclosed,Bengaluru,3.3,1342  Reviews,3+ weeks ago,https://www.naukri.com/job-listings-senior-data-scientist-r01557312-brillio-2-bengaluru-5-to-10-years-190526500644
Senior Data Scientist,Bigtapp,5-8 Yrs,Not Disclosed,Bengaluru,2.4,15  Reviews,3+ weeks ago,https://www.naukri.com/job-listings-senior-data-scientist-bigtapp-india-private-ltd-bengaluru-5-to-8-years-170326501616
Senior Data Scientist,Amgen Inc,8-12 Yrs,Not Disclosed,Hyderabad,2.8,166  Reviews,1 day ago,https://www.naukri.com/job-listings-senior-data-scientist-amgen-inc-hyderabad-8-to-12-years-150626938264
Senior Data Scientist,Smiths,5-10 Yrs,Not Disclosed,"Kolkata, Mumbai, New Delhi, Hyderabad, Pune, Chennai, Bengaluru",3.5,19  Reviews,3+ weeks ago,https://www.naukri.com/job-listings-senior-data-scientist-smiths-group-plc-kolkata-mumbai-new-delhi-hyderabad-pune-chennai-bengaluru-5-to-10-years-100225503314
Senior Data Scientist,InfoCepts,6-11 Yrs,Not Disclosed,"Kolkata, Mumbai, New Delhi, Hyderabad, Pune, Chennai, Bengaluru",3.5,351  Reviews,3+ weeks ago,https://www.naukri.com/job-listings-senior-data-scientist-infocepts-kolkata-mumbai-new-delhi-hyderabad-pune-chennai-bengaluru-6-to-11-years-080825503650
Senior Data Scientist,Tarento Technologies,5-6 Yrs,Not Disclosed,Bengaluru,3.6,156  Reviews,3+ weeks ago,https://www.naukri.com/job-listings-senior-data-scientist-tarento-technologies-pvt-ltd-bengaluru-5-to-6-years-080526500455
Senior Data Scientist (Gen AI),Bluevine,5-10 Yrs,Not Disclosed,Bengaluru,2.4,31  Reviews,3+ weeks ago,https://www.naukri.com/job-listings-senior-data-scientist-gen-ai-bluevine-bengaluru-5-to-10-years-310326502153
Senior Data Scientist,Hilabs,3-5 Yrs,Not Disclosed,Bengaluru,3.6,84  Reviews,3+ weeks ago,https://www.naukri.com/job-listings-senior-data-scientist-hilabs-bengaluru-3-to-5-years-301225505599
Senior Data Scientist,Ingenium It,5-9 Yrs,Not Disclosed,Bengaluru,4.1,2  Reviews,3+ weeks ago,https://www.naukri.com/job-listings-senior-data-scientist-ingenium-it-bengaluru-5-to-9-years-301025505180
Sr. Data Scientist,Lifesight,5-7 Yrs,Not Disclosed,Bengaluru,2.8,19  Reviews,3+ weeks ago,https://www.naukri.com/job-listings-sr-data-scientist-lifesight-bengaluru-5-to-7-years-300426503730
Senior Data Scientist,Sberbank,6-7 Yrs,Not Disclosed,Bengaluru,3.2,157  Reviews,3+ weeks ago,https://www.naukri.com/job-listings-senior-data-scientist-sberbank-bengaluru-6-to-7-years-300126505459
Senior Data Scientist,Tekskills india,5-9 Yrs,Not Disclosed,Hybrid - Bengaluru,N/A,N/A,2 weeks ago,https://www.naukri.com/job-listings-senior-data-scientist-tekskills-bengaluru-5-to-9-years-290526916207
Senior Data Scientist II,Elsevier,7-12 Yrs,Not Disclosed,Bengaluru,3.6,189  Reviews,3+ weeks ago,https://www.naukri.com/job-listings-senior-data-scientist-ii-reed-elsevier-india-a-part-of-relx-india-pvt-ltd-bengaluru-7-to-12-years-290126510687
"Junior Analyst - Advity , Hyderbad",Leading Client,0-1 Yrs,Not Disclosed,Hyderabad,N/A,N/A,2 weeks ago,https://www.naukri.com/job-listings-junior-analyst-advity-hyderbad-nextenti-tech-private-limited-hyderabad-0-to-1-years-280526921491
Senior Data Scientist,Cardinal Drugs Ltd.,6-9 Yrs,Not Disclosed,Bengaluru,N/A,N/A,2 weeks ago,https://www.naukri.com/job-listings-senior-data-scientist-cardinal-drugs-ltd-bengaluru-6-to-9-years-280526503397
Senior Data Scientist,Savantys Solutions,5-10 Yrs,Not Disclosed,Bengaluru,N/A,N/A,2 weeks ago,https://www.naukri.com/job-listings-senior-data-scientist-savantys-solutions-bengaluru-5-to-10-years-280526502013
Senior Data Scientist(Retail Domain)_Remote,Lester Infoservices,8-12 Yrs,19-20 Lacs PA ,Remote,3.2,156  Reviews,2 weeks ago,https://www.naukri.com/job-listings-senior-data-scientist-retail-domain-remote-lester-infoservices-bengaluru-8-to-12-years-280526015842
Senior Data Scientist,Continental,8-13 Yrs,Not Disclosed,Bengaluru,3.7,637  Reviews,3+ weeks ago,https://www.naukri.com/job-listings-senior-data-scientist-continental-corporation-bengaluru-8-to-13-years-270326504754
Sr. Data Scientist,Flocareer,5-10 Yrs,Not Disclosed,Bengaluru,4.2,47  Reviews,3 weeks ago,https://www.naukri.com/job-listings-sr-data-scientist-flocareer-com-bengaluru-5-to-10-years-260526504974
Senior Data Scientist,Algoleap Technologies,3-6 Yrs,Not Disclosed,Bengaluru,4.2,139  Reviews,3 weeks ago,https://www.naukri.com/job-listings-senior-data-scientist-algoleap-technologies-bengaluru-3-to-6-years-260526033180
Senior Data Scientist,Terawe Technologies,7-10 Yrs,Not Disclosed,Bengaluru,3.3,8  Reviews,3+ weeks ago,https://www.naukri.com/job-listings-senior-data-scientist-terawe-technologies-pvt-ltd-bengaluru-7-to-10-years-250625502517
Senior Data Scientist,Gun Marine Services (GMS),3-8 Yrs,Not Disclosed,"Hyderabad, Banglore,  Kerala",3.0,17  Reviews,3 weeks ago,https://www.naukri.com/job-listings-senior-data-scientist-gms-hyderabad-banglore-kerala-3-to-8-years-250526926731
Senior Data Scientist - Industrial AI,Symphonyincubator Business Services,7-12 Yrs,Not Disclosed,Bengaluru,N/A,N/A,3 weeks ago,https://www.naukri.com/job-listings-senior-data-scientist-industrial-ai-symphonyincubator-business-services-private-limite-d-bengaluru-7-to-12-years-250526913578
Senior Data Scientist,Tredence,5-8 Yrs,Not Disclosed,Bengaluru(Whitefield +1),3.3,729  Reviews,3 weeks ago,https://www.naukri.com/job-listings-senior-data-scientist-tredence-bengaluru-5-to-8-years-250526005662
Senior Data Scientist - Demand Forecasting,o9 Solutions,4-9 Yrs,Not Disclosed,Bengaluru,3.4,335  Reviews,3+ weeks ago,https://www.naukri.com/job-listings-senior-data-scientist-demand-forecasting-o9-solutions-inc-bengaluru-4-to-9-years-250326508316
Senior Data scientist - AI/ML,Jenoptik India,7-8 Yrs,Not Disclosed,Bengaluru,1.8,6  Reviews,3+ weeks ago,https://www.naukri.com/job-listings-senior-data-scientist-ai-ml-jenoptik-india-pvt-ltd-bengaluru-7-to-8-years-250326504588
Senior Data Scientist - Program Developer,Armstrong Fluid Technology,5-10 Yrs,Not Disclosed,Bengaluru,3.6,48  Reviews,3+ weeks ago,https://www.naukri.com/job-listings-senior-data-scientist-program-developer-armstrong-fluid-technology-bengaluru-5-to-10-years-230924502364
Senior Data Scientist,John Crane Sealing Systems India,4-9 Yrs,Not Disclosed,Bengaluru,3.4,226  Reviews,3+ weeks ago,https://www.naukri.com/job-listings-senior-data-scientist-john-crane-sealing-systems-india-pvt-ltd-bengaluru-4-to-9-years-230125505557
Senior Data Scientist,Anheuser Busch InBev,8-13 Yrs,Not Disclosed,Bengaluru,3.3,1448  Reviews,3+ weeks ago,https://www.naukri.com/job-listings-senior-data-scientist-abinbev-india-private-limited-bengaluru-8-to-13-years-220525505005
Senior Data Scientist,Talent Smart Soft Solutions,5-10 Yrs,Not Disclosed,Bengaluru,4.0,14  Reviews,3+ weeks ago,https://www.naukri.com/job-listings-senior-data-scientist-talent-smart-soft-solutions-opc-private-limited-bengaluru-5-to-10-years-190725500533
Senior Data Scientist,Equinix,7-12 Yrs,Not Disclosed,Bengaluru,3.2,132  Reviews,3+ weeks ago,https://www.naukri.com/job-listings-senior-data-scientist-equinix-india-professional-services-private-limited-bengaluru-7-to-12-years-180526925469
Senior Manager  Data Scientist,Codincity Digital Technologies,12-21 Yrs,19-34 Lacs PA ,"Chennai, Bengaluru",4.7,83  Reviews,3+ weeks ago,https://www.naukri.com/job-listings-senior-manager-data-scientist-codincity-digital-technologies-chennai-bengaluru-12-to-21-years-180526012910
Senior Data Scientist,Visar Software Llp,8-13 Yrs,Not Disclosed,Bengaluru,N/A,N/A,3+ weeks ago,https://www.naukri.com/job-listings-senior-data-scientist-visar-software-llp-bengaluru-8-to-13-years-180425501931
Senior Data Scientist,Locus IT Services Pvt Ltd,6-11 Yrs,Not Disclosed,Bengaluru,4.7,20  Reviews,3+ weeks ago,https://www.naukri.com/job-listings-senior-data-scientist-locus-it-services-private-limited-bengaluru-6-to-11-years-171122502642
Sr. Associate Data Scientist,Amgen Inc,3-5 Yrs,Not Disclosed,Hyderabad,2.8,166  Reviews,Today,https://www.naukri.com/job-listings-sr-associate-data-scientist-amgen-inc-hyderabad-3-to-5-years-160626917591
Sr. Data Scientist,Reserve Bank Information Technology,6-11 Yrs,Not Disclosed,Navi Mumbai,3.3,222  Reviews,Few hours ago,https://www.naukri.com/job-listings-sr-data-scientist-reserve-bank-information-technology-pvt-ltd-navi-mumbai-6-to-11-years-160626504554
Senior Data Scientist,Securly Software,8-15 Yrs,Not Disclosed,Pune,4.2,4  Reviews,Today,https://www.naukri.com/job-listings-senior-data-scientist-securly-pune-8-to-15-years-160626500435
Senior Data Scientist I,Elsevier,7-12 Yrs,Not Disclosed,Bengaluru,3.6,189  Reviews,3+ weeks ago,https://www.naukri.com/job-listings-senior-data-scientist-i-reed-elsevier-india-a-part-of-relx-india-pvt-ltd-bengaluru-7-to-12-years-160226507003
Senior Data Scientist II,Elsevier,7-12 Yrs,Not Disclosed,Bengaluru,3.6,189  Reviews,3+ weeks ago,https://www.naukri.com/job-listings-senior-data-scientist-ii-reed-elsevier-india-a-part-of-relx-india-pvt-ltd-bengaluru-7-to-12-years-160226507001
Senior Data Scientist,Dentsu Webchutney,3-7 Yrs,Not Disclosed,Mumbai,2.9,32  Reviews,1 day ago,https://www.naukri.com/job-listings-senior-data-scientist-dentsu-inc-mumbai-3-to-7-years-150626500999
Senior Data Scientist,Equinix,5-8 Yrs,Not Disclosed,Bengaluru,3.2,132  Reviews,3+ weeks ago,https://www.naukri.com/job-listings-senior-data-scientist-equinix-bengaluru-5-to-8-years-140426504200
Senior Data Scientist,Datazymes Analytics,2-6 Yrs,15-30 Lacs PA ,Bengaluru,N/A,N/A,5 days ago,https://www.naukri.com/job-listings-senior-data-scientist-qikrecruit-bengaluru-2-to-6-years-130526041882
Senior Data Scientist II,Elsevier,5-10 Yrs,Not Disclosed,Bengaluru,3.6,189  Reviews,3+ weeks ago,https://www.naukri.com/job-listings-senior-data-scientist-ii-reed-elsevier-india-a-part-of-relx-india-pvt-ltd-bengaluru-5-to-10-years-130226502272
Data Engineer Business Intelligence,Enigmatics Labs,2-4 Yrs,Not Disclosed,Bengaluru,N/A,N/A,3+ weeks ago,https://www.naukri.com/job-listings-data-engineer-business-intelligence-enigmatics-labs-private-limited-bengaluru-2-to-4-years-130125502182
Senior Data Scientist,Inito,1-3 Yrs,Not Disclosed,Bengaluru,3.7,17  Reviews,3+ weeks ago,https://www.naukri.com/job-listings-senior-data-scientist-inito-bengaluru-1-to-3-years-110226503882
Senior Data Scientist,Emmes Group,4-9 Yrs,Not Disclosed,Bengaluru,1.0,3  Reviews,3+ weeks ago,https://www.naukri.com/job-listings-senior-data-scientist-emmes-group-bengaluru-4-to-9-years-090426503070
Sr. Data Scientist,Tech Stalwart Solution,5-9 Yrs,Not Disclosed,Bengaluru,3.2,8  Reviews,3+ weeks ago,https://www.naukri.com/job-listings-sr-data-scientist-tech-stalwart-solution-private-limited-bengaluru-5-to-9-years-080125502268
Senior Data Scientist,Loadshare Networks,3-7 Yrs,Not Disclosed,Bengaluru,3.5,466  Reviews,3+ weeks ago,https://www.naukri.com/job-listings-senior-data-scientist-loadshare-bengaluru-3-to-7-years-070725502893
Senior Data Scientist,Elanco,4-9 Yrs,Not Disclosed,Bengaluru,4.1,100  Reviews,3+ weeks ago,https://www.naukri.com/job-listings-senior-data-scientist-elanco-bengaluru-4-to-9-years-060526504026
Sr Data Scientist,Iquanti,4-9 Yrs,Not Disclosed,Bengaluru,4.0,180  Reviews,3+ weeks ago,https://www.naukri.com/job-listings-sr-data-scientist-iquanti-inc-bengaluru-4-to-9-years-060526502001
Senior Data Scientist,Bread Financial,4-9 Yrs,Not Disclosed,Bengaluru,3.7,240  Reviews,3+ weeks ago,https://www.naukri.com/job-listings-senior-data-scientist-bread-financial-bengaluru-4-to-9-years-050526502901
Senior Data Scientist,Crimson Interactive,7-10 Yrs,Not Disclosed,Mumbai,2.5,209  Reviews,1 week ago,https://www.naukri.com/job-listings-senior-data-scientist-crimson-interactive-pvt-ltd-mumbai-7-to-10-years-040626500183
Senior Data Scientist - CP&A,Anheuser Busch InBev,8-10 Yrs,Not Disclosed,Bengaluru,3.3,1448  Reviews,3+ weeks ago,https://www.naukri.com/job-listings-senior-data-scientist-cp-a-abinbev-india-private-limited-bengaluru-8-to-10-years-031224503975
Sr. Data Scientist,Ideapoke,3-4 Yrs,Not Disclosed,Bengaluru,2.1,45  Reviews,3+ weeks ago,https://www.naukri.com/job-listings-sr-data-scientist-ideapoke-bengaluru-3-to-4-years-010920500703
Junior Analyst,MDH Spices,0-1 Yrs,2.25-3.25 Lacs PA ,Gurugram,3.0,46  Reviews,2 weeks ago,https://www.naukri.com/job-listings-junior-analyst-mdh-spices-gurugram-0-to-1-years-010626006837
Junior Data Operation Executive,Sthapatya Software,0-2 Yrs,Not Disclosed,Pune,2.8,6  Reviews,3+ weeks ago,https://www.naukri.com/job-listings-junior-data-operation-executive-sthapatya-software-pvt-ltd-pune-0-to-2-years-311225501955
Senior Data Scientist,Kazhuga,5-8 Yrs,Not Disclosed,Bengaluru,N/A,N/A,3+ weeks ago,https://www.naukri.com/job-listings-senior-data-scientist-kazhuga-bengaluru-5-to-8-years-300525502191
Senior Data Scientist,Project44,5-10 Yrs,Not Disclosed,Bengaluru,2.8,18  Reviews,3+ weeks ago,https://www.naukri.com/job-listings-senior-data-scientist-project44-bengaluru-5-to-10-years-300326503531
Sr Data Scientist,Xoom,3-8 Yrs,Not Disclosed,Bengaluru,N/A,N/A,3+ weeks ago,https://www.naukri.com/job-listings-sr-data-scientist-xoom-inc-bengaluru-3-to-8-years-290126511109
Sr. Data Scientist,Thomson Reuters,3-8 Yrs,Not Disclosed,Bengaluru,3.7,1922  Reviews,3+ weeks ago,https://www.naukri.com/job-listings-sr-data-scientist-sureprep-india-pvt-ltd-bengaluru-3-to-8-years-290126509897
Senior Data Scientist,Thomson Reuters,6-11 Yrs,Not Disclosed,Bengaluru,3.7,1922  Reviews,3+ weeks ago,https://www.naukri.com/job-listings-senior-data-scientist-sureprep-india-pvt-ltd-bengaluru-6-to-11-years-290126509891
Senior Data Scientist,First Advantage,5-10 Yrs,Not Disclosed,Bengaluru,3.4,792  Reviews,3+ weeks ago,https://www.naukri.com/job-listings-senior-data-scientist-first-advantage-bengaluru-5-to-10-years-280525504854
Sr. Data Scientist,Pegasus Knowledge Solutions (PKSI),5-10 Yrs,Not Disclosed,Bengaluru,4.1,5  Reviews,3+ weeks ago,https://www.naukri.com/job-listings-sr-data-scientist-pegasus-knowledge-solutions-india-private-limited-bengaluru-5-to-10-years-270420500548
Senior AI Data Scientist,UL Solutions,4-9 Yrs,Not Disclosed,Bengaluru,3.9,219  Reviews,3+ weeks ago,https://www.naukri.com/job-listings-senior-ai-data-scientist-ul-bengaluru-4-to-9-years-260226503745
Senior Data Scientist,Useready,6-8 Yrs,Not Disclosed,Bengaluru,3.1,106  Reviews,3+ weeks ago,https://www.naukri.com/job-listings-senior-data-scientist-useready-technology-bengaluru-6-to-8-years-260226501849
Senior Data Scientist,Sigmoid Analytics,3-5 Yrs,Not Disclosed,Bengaluru,3.8,314  Reviews,3+ weeks ago,https://www.naukri.com/job-listings-senior-data-scientist-sigmoid-bengaluru-3-to-5-years-251125503291
Senior Data Scientist,Netcore Cloud,4-6 Yrs,Not Disclosed,Bengaluru,4.1,356  Reviews,3+ weeks ago,https://www.naukri.com/job-listings-senior-data-scientist-netcore-cloud-bengaluru-4-to-6-years-250725501790
Senior Lead Data Scientist,Clifyx Technology,5-10 Yrs,Not Disclosed,Bengaluru,3.3,31  Reviews,3+ weeks ago,https://www.naukri.com/job-listings-senior-lead-data-scientist-clifyx-technology-bengaluru-5-to-10-years-240625504171
Senior Data Scientist I/II,R S A,5-10 Yrs,Not Disclosed,Bengaluru,3.8,79  Reviews,3+ weeks ago,https://www.naukri.com/job-listings-senior-data-scientist-i-ii-rsa-security-bengaluru-5-to-10-years-200525500985
Senior Data Scientist-Manufacturing,LLP S3bglobal Technologies,6-10 Yrs,Not Disclosed,Bengaluru,3.5,7  Reviews,3+ weeks ago,https://www.naukri.com/job-listings-senior-data-scientist-manufacturing-s3b-global-bengaluru-6-to-10-years-181125502059
Sr Data Scientist- Search,Target,4-9 Yrs,Not Disclosed,Bengaluru,4.0,935  Reviews,3+ weeks ago,https://www.naukri.com/job-listings-sr-data-scientist-search-target-corporation-india-pvt-ltd-bengaluru-4-to-9-years-180226500162
Senior Data Scientist,Impact Analytics,3-8 Yrs,Not Disclosed,Bengaluru,4.0,233  Reviews,3+ weeks ago,https://www.naukri.com/job-listings-senior-data-scientist-impact-analytics-bengaluru-3-to-8-years-171025502253
Sr. Data Scientist,Smart,10-15 Yrs,Not Disclosed,Bengaluru,3.7,21  Reviews,3+ weeks ago,https://www.naukri.com/job-listings-sr-data-scientist-smart-bengaluru-10-to-15-years-141025501595
Senior Data Scientist,Useready,6-12 Yrs,Not Disclosed,Bengaluru,3.1,106  Reviews,3+ weeks ago,https://www.naukri.com/job-listings-senior-data-scientist-useready-technology-bengaluru-6-to-12-years-130126504855
Sr Data Scientist,Xoom,3-8 Yrs,Not Disclosed,Bengaluru,N/A,N/A,3+ weeks ago,https://www.naukri.com/job-listings-sr-data-scientist-xoom-inc-bengaluru-3-to-8-years-130126501437
Senior Data Scientist Client Analytics,Epsilon Data Management,5-10 Yrs,Not Disclosed,Bengaluru,3.6,890  Reviews,3+ weeks ago,https://www.naukri.com/job-listings-senior-data-scientist-client-analytics-epsilon-asia-group-of-companies-bengaluru-5-to-10-years-120526503331
Senior Data Scientist,Dover Corporation,3-5 Yrs,Not Disclosed,Bengaluru,3.7,117  Reviews,3+ weeks ago,https://www.naukri.com/job-listings-senior-data-scientist-dover-corporation-bengaluru-3-to-5-years-120526501721
Senior Data Scientist AI & Data Platforms,Itorizon,5-10 Yrs,Not Disclosed,Bengaluru,2.9,44  Reviews,3+ weeks ago,https://www.naukri.com/job-listings-senior-data-scientist-ai-data-platforms-itorizon-bengaluru-5-to-10-years-100426502570
Senior Data Scientist - Demand Forecasting,o9 Solutions,4-9 Yrs,Not Disclosed,Bengaluru,3.4,335  Reviews,3+ weeks ago,https://www.naukri.com/job-listings-senior-data-scientist-demand-forecasting-o9-solutions-inc-bengaluru-4-to-9-years-091025503914
Senior Data Scientist,Definitive Healthcare,3-5 Yrs,Not Disclosed,Bengaluru,3.7,32  Reviews,3+ weeks ago,https://www.naukri.com/job-listings-senior-data-scientist-definitive-healthcare-india-bengaluru-3-to-5-years-090725502419
Sr. Data Scientist,Ingersoll Rand,4-9 Yrs,Not Disclosed,Bengaluru,3.8,437  Reviews,3+ weeks ago,https://www.naukri.com/job-listings-sr-data-scientist-ingersoll-rand-india-limited-bengaluru-4-to-9-years-070526502391
Junior Process Analyst,Chaosology,0-1 Yrs,Not Disclosed,Tirunelveli,3.5,7  Reviews,3+ weeks ago,https://www.naukri.com/job-listings-junior-process-analyst-chaosology-tirunelveli-0-to-1-years-060525503154
Junior Process Analyst,Chaosology,0-1 Yrs,Not Disclosed,Thiruvananthapuram,3.5,7  Reviews,3+ weeks ago,https://www.naukri.com/job-listings-junior-process-analyst-chaosology-thiruvananthapuram-0-to-1-years-060525503153
Senior Data Scientist ( - ),Scry Analytics,4-9 Yrs,Not Disclosed,Bengaluru,4.0,54  Reviews,3+ weeks ago,https://www.naukri.com/job-listings-senior-data-scientist-scry-analytics-bengaluru-4-to-9-years-060326504691
Senior Data Scientist,Definitive Healthcare,5-10 Yrs,Not Disclosed,Bengaluru,3.7,32  Reviews,3+ weeks ago,https://www.naukri.com/job-listings-senior-data-scientist-definitive-healthcare-india-bengaluru-5-to-10-years-050226500763
Senior Data Scientist,Origin Hr,5-10 Yrs,Not Disclosed,Bengaluru,3.5,6  Reviews,3+ weeks ago,https://www.naukri.com/job-listings-senior-data-scientist-origin-hr-bengaluru-5-to-10-years-020426507160
"Senior Data Scientist, Payments",Circle Internet Tech,5-10 Yrs,Not Disclosed,Bengaluru,N/A,N/A,3+ weeks ago,https://www.naukri.com/job-listings-senior-data-scientist-payments-circle-internet-financial-bengaluru-5-to-10-years-020426506859
Senior Data Scientist,Ecolab Life Sciences,3-7 Yrs,Not Disclosed,Bengaluru,3.7,281  Reviews,3+ weeks ago,https://www.naukri.com/job-listings-senior-data-scientist-ecolab-life-sciences-bengaluru-3-to-7-years-011225502638
Data Scientist Professional,Photon,6-9 Yrs,Not Disclosed,"Kolkata, Mumbai, New Delhi, Hyderabad, Pune, Chennai, Bengaluru",4.0,2659  Reviews,3+ weeks ago,https://www.naukri.com/job-listings-data-scientist-professional-photon-infotech-p-ltd-kolkata-mumbai-new-delhi-hyderabad-pune-chennai-bengaluru-6-to-9-years-270225501150
Data Scientist with AI,Humming Brains,6-10 Yrs,20-25 Lacs PA ,"Noida, Gurugram",N/A,N/A,3 weeks ago,https://www.naukri.com/job-listings-data-scientist-with-ai-aliqan-services-noida-gurugram-6-to-10-years-210526028747
Data Scientist Manager,Axtria,5-18 Yrs,Not Disclosed,"Noida, Hyderabad, Bengaluru",2.7,801  Reviews,3 weeks ago,https://www.naukri.com/job-listings-data-scientist-manager-axtria-noida-hyderabad-bengaluru-5-to-18-years-200526043942
Associate Data Scientist,Birlasoft,5-12 Yrs,Not Disclosed,Pune,3.4,3822  Reviews,1 day ago,https://www.naukri.com/job-listings-associate-data-scientist-birlasoft-india-limited-pune-5-to-12-years-150626501018
Principal Data Scientist,Johnson & Johnson Innovative Medicine,13-18 Yrs,Not Disclosed,Pune,3.9,1638  Reviews,5 days ago,https://www.naukri.com/job-listings-principal-data-scientist-johnson-johnson-innovative-medicine-pune-13-to-18-years-110626504189
Data Scientist,Careernet,11-15 Yrs,Not Disclosed,Hybrid - Hyderabad,N/A,N/A,5 days ago,https://www.naukri.com/job-listings-data-scientist-careernet-hyderabad-11-to-15-years-110626031141
Data Scientist AIML,Tata Consultancy Services,6-10 Yrs,Not Disclosed,"Hyderabad, Gurugram, Mumbai (All Areas)",3.3,115896  Reviews,5 days ago,https://www.naukri.com/job-listings-data-scientist-aiml-tata-consultancy-services-hyderabad-gurugram-mumbai-all-areas-6-to-10-years-110626011391
Data Scientist AI ML Deep Learning_Bangalore,Global investment Bank,2-4 Yrs,Not Disclosed,Bengaluru,N/A,N/A,6 days ago,https://www.naukri.com/job-listings-data-scientist-ai-ml-deep-learning-bangalore-allegis-global-solutions-ags-bengaluru-2-to-4-years-100626035902
Data Scientist-Artificial Intelligence,IBM,6-8 Yrs,Not Disclosed,Hyderabad,3.9,26038  Reviews,6 days ago,https://www.naukri.com/job-listings-data-scientist-artificial-intelligence-ibm-hyderabad-6-to-8-years-100626015613
Data Scientist,TEKsystems,4-8 Yrs,Not Disclosed,Hybrid - Pune,N/A,N/A,6 days ago,https://www.naukri.com/job-listings-data-scientist-allegis-group-pune-4-to-8-years-100626007554
Data Scientist,Axtria,4-10 Yrs,Not Disclosed,"Hyderabad, Delhi / NCR, Bengaluru",2.7,801  Reviews,2 weeks ago,https://www.naukri.com/job-listings-data-scientist-axtria-hyderabad-delhi-ncr-bengaluru-4-to-10-years-290526023406
Data Scientist,Damco Solutions,7-12 Yrs,Not Disclosed,Hybrid - Bengaluru,3.4,585  Reviews,2 weeks ago,https://www.naukri.com/job-listings-data-scientist-damco-solutions-bengaluru-7-to-12-years-290526023214
Data Scientist Professional,Photon,6-9 Yrs,Not Disclosed,Bangalore Rural,4.0,2659  Reviews,3+ weeks ago,https://www.naukri.com/job-listings-data-scientist-professional-photon-infotech-p-ltd-bangalore-rural-6-to-9-years-270225501151
Data Scientist,Cyient,5-7 Yrs,20-35 Lacs PA ,"Hyderabad, Bengaluru",3.6,5373  Reviews,3+ weeks ago,https://www.naukri.com/job-listings-data-scientist-cyient-hyderabad-bengaluru-5-to-7-years-180526013837
Lead Data Scientist,Here Technologies,7-12 Yrs,Not Disclosed,Mumbai,3.8,1610  Reviews,1 day ago,https://www.naukri.com/job-listings-lead-data-scientist-here-mumbai-7-to-12-years-150626502059
"Data Scientist II, Supply Engine Operations & Analytics",Expedia,2-5 Yrs,Not Disclosed,Gurugram,3.6,385  Reviews,4 days ago,https://www.naukri.com/job-listings-data-scientist-ii-supply-engine-operations-analytics-expedia-group-gurugram-2-to-5-years-120626505120
"Data Scientist III, Commercial Operations Analytics",Expedia,5-10 Yrs,Not Disclosed,Gurugram,3.6,385  Reviews,4 days ago,https://www.naukri.com/job-listings-data-scientist-iii-commercial-operations-analytics-expedia-group-gurugram-5-to-10-years-120626505118
Data Scientist,KSB,10-15 Yrs,Not Disclosed,Pune,3.7,786  Reviews,4 days ago,https://www.naukri.com/job-listings-data-scientist-ksb-tech-pvt-ltd-pune-10-to-15-years-120626003102
Lead Data Scientist,Kantar,2-5 Yrs,Not Disclosed,Hyderabad,3.4,85  Reviews,5 days ago,https://www.naukri.com/job-listings-lead-data-scientist-kantar-imrb-hyderabad-2-to-5-years-110626923395
Manager Data Scientist,Baxter,12-17 Yrs,Not Disclosed,Gurugram,3.8,840  Reviews,5 days ago,https://www.naukri.com/job-listings-manager-data-scientist-baxter-india-pvt-ltd-gurugram-12-to-17-years-110626504226
Data Scientist,Vodafone Idea Limited,2-7 Yrs,Not Disclosed,Mumbai,3.9,17739  Reviews,5 days ago,https://www.naukri.com/job-listings-data-scientist-vodafone-idea-limited-mumbai-2-to-7-years-110626003812
"Data Scientist III, Hotels.com Analytics",Expedia,3-7 Yrs,Not Disclosed,Gurugram,3.6,385  Reviews,6 days ago,https://www.naukri.com/job-listings-data-scientist-iii-hotels-com-analytics-expedia-group-gurugram-3-to-7-years-100626500692
Data Scientist - Gen AI,Fractal Analytics,3-5 Yrs,Not Disclosed,Hyderabad,4.0,1065  Reviews,6 days ago,https://www.naukri.com/job-listings-data-scientist-gen-ai-fractal-analytics-ltd-hyderabad-3-to-5-years-100626500244
Data Scientist - Gen AI,Fractal Analytics,3-5 Yrs,Not Disclosed,Gurugram,4.0,1065  Reviews,6 days ago,https://www.naukri.com/job-listings-data-scientist-gen-ai-fractal-analytics-ltd-gurugram-3-to-5-years-100626500243
Data Scientist - Gen AI,Fractal Analytics,3-5 Yrs,Not Disclosed,Noida,4.0,1065  Reviews,6 days ago,https://www.naukri.com/job-listings-data-scientist-gen-ai-fractal-analytics-ltd-noida-3-to-5-years-100626500242
Data Scientist - Gen AI,Fractal Analytics,3-5 Yrs,Not Disclosed,Pune,4.0,1065  Reviews,6 days ago,https://www.naukri.com/job-listings-data-scientist-gen-ai-fractal-analytics-ltd-pune-3-to-5-years-100626500241
Data Scientist - Gen AI,Fractal Analytics,3-5 Yrs,Not Disclosed,Mumbai,4.0,1065  Reviews,6 days ago,https://www.naukri.com/job-listings-data-scientist-gen-ai-fractal-analytics-ltd-mumbai-3-to-5-years-100626500240
Data Scientist (Predictive Analytics),Adani Group,1-10 Yrs,Not Disclosed,Ahmedabad,3.8,2519  Reviews,6 days ago,https://www.naukri.com/job-listings-data-scientist-predictive-analytics-adani-group-ahmedabad-1-to-10-years-100626029657
Data Scientist / Machine Learning Engineer,HCLTech,6-10 Yrs,Not Disclosed,Chennai,3.4,46613  Reviews,6 days ago,https://www.naukri.com/job-listings-data-scientist-machine-learning-engineer-hcltech-chennai-6-to-10-years-090626030911
Data Scientist - SCPO - Support Services,Blue Yonder,3-6 Yrs,Not Disclosed,Bengaluru,3.5,696  Reviews,3+ weeks ago,https://www.naukri.com/job-listings-data-scientist-scpo-support-services-jda-software-bengaluru-3-to-6-years-221025503024
"Data Scientist, Program Lead",Lam Research,8-12 Yrs,Not Disclosed,Bengaluru,3.7,361  Reviews,3+ weeks ago,https://www.naukri.com/job-listings-data-scientist-program-lead-lam-research-bengaluru-8-to-12-years-220426502739
Tech Product Lead - Data Scientist,Jones Lang LaSalle (JLL),5-10 Yrs,Not Disclosed,Bengaluru,4.1,6528  Reviews,3 weeks ago,https://www.naukri.com/job-listings-tech-product-lead-data-scientist-jones-lang-lasalle-bengaluru-5-to-10-years-200526503051
Data Scientist 3,Lam Research,5-10 Yrs,Not Disclosed,Bengaluru,3.7,361  Reviews,3+ weeks ago,https://www.naukri.com/job-listings-data-scientist-3-lam-research-bengaluru-5-to-10-years-170426502694
Data Scientist,Tavant,4-9 Yrs,Not Disclosed,Bengaluru,3.8,729  Reviews,3+ weeks ago,https://www.naukri.com/job-listings-data-scientist-tavant-technologies-india-pvt-ltd-bengaluru-4-to-9-years-150426503041
Data Scientist People Data Analytics & Insights,Syngenta,4-8 Yrs,Not Disclosed,Hybrid - Pune,4.2,1097  Reviews,4 days ago,https://www.naukri.com/job-listings-data-scientist-people-data-analytics-insights-syngenta-pune-4-to-8-years-120626023025
Data Scientist Cyber Threat Intelligence,A.P. Moller Maersk,5-10 Yrs,Not Disclosed,Pune,3.9,3852  Reviews,6 days ago,https://www.naukri.com/job-listings-data-scientist-cyber-threat-intelligence-maersk-global-service-centres-india-pvt-ltd-pune-5-to-10-years-100626506794
Data Scientist,Egdk,3-8 Yrs,Not Disclosed,Bengaluru,3.7,135  Reviews,3+ weeks ago,https://www.naukri.com/job-listings-data-scientist-eg-a-s-bengaluru-3-to-8-years-100426503239
Senior Data Engineer,Expian Technologies,5-10 Yrs,28-48 Lacs PA ,Bengaluru,3.1,40  Reviews,1 day ago,https://www.naukri.com/job-listings-senior-data-engineer-expian-technologies-bengaluru-5-to-10-years-150626007227
Business Analyst,Innova Solutions,12-14 Yrs,Not Disclosed,"Hybrid - Noida, Hyderabad, Chennai",3.3,1197  Reviews,1 week ago,https://www.naukri.com/job-listings-business-analyst-innova-solutions-noida-hyderabad-chennai-12-to-14-years-130526037266
Business Analyst  - US Banking Analytics,Top-Rated Financial Services Company,2-6 Yrs,18-20 Lacs PA ,Remote,N/A,N/A,6 days ago,https://www.naukri.com/job-listings-business-analyst-us-banking-analytics-khushboo-hyderabad-2-to-6-years-100626016873
Axiom Business Analyst,Luxoft,3-7 Yrs,Not Disclosed,"Mumbai, Pune, Chennai",3.6,843  Reviews,1 week ago,https://www.naukri.com/job-listings-axiom-business-analyst-luxoft-india-llp-mumbai-pune-chennai-3-to-7-years-050626924074
Temenos Business Analyst Corp Actions,Luxoft,12-17 Yrs,Not Disclosed,Chennai,3.6,843  Reviews,1 week ago,https://www.naukri.com/job-listings-temenos-business-analyst-corp-actions-luxoft-india-llp-chennai-12-to-17-years-050626923834
Business Analyst,Qube Cinema,8-10 Yrs,Not Disclosed,Chennai,3.7,183  Reviews,1 week ago,https://www.naukri.com/job-listings-business-analyst-qube-cinema-chennai-8-to-10-years-050626503634
Senior Data Engineer,Mastek,7-10 Yrs,25-32.5 Lacs PA ,Hybrid - Bengaluru,3.6,1009  Reviews,1 week ago,https://www.naukri.com/job-listings-senior-data-engineer-mastek-bengaluru-7-to-10-years-040626025518
Business Analyst,Muthoot Housing Finance Company (MHFCL),2-7 Yrs,Not Disclosed,Mumbai(Bandra Kurla Complex),4.1,396  Reviews,3 weeks ago,https://www.naukri.com/job-listings-business-analyst-muthoot-housing-finance-company-mhfcl-mumbai-2-to-7-years-290126015228
Business Analyst- Associate,Orcapod Consulting Services,3-6 Yrs,Not Disclosed,Hybrid - Gurugram,N/A,N/A,3 days ago,https://www.naukri.com/job-listings-business-analyst-associate-orcapod-consulting-services-gurugram-3-to-6-years-220526020280
Techno Functional Business Analyst,Aditya Birla Sun Life Insurance (ABSLI),2-5 Yrs,2-6 Lacs PA ,"Mumbai, Mumbai Suburban, Mumbai (All Areas)",N/A,N/A,5 days ago,https://www.naukri.com/job-listings-techno-functional-business-analyst-manek-consulting-mumbai-mumbai-suburban-mumbai-all-areas-2-to-5-years-210226017343
Senior Data Engineer,HashedIn,5-7 Yrs,Not Disclosed,"Hybrid - Hyderabad, Chennai, Bengaluru",3.9,623  Reviews,1 day ago,https://www.naukri.com/job-listings-senior-data-engineer-hashedin-hyderabad-chennai-bengaluru-5-to-7-years-190526030294
Business Analyst/Stakeholder Management/ SQL (Credit Risk/Lending),MNC,8-12 Yrs,18-20 Lacs PA ,Chennai,N/A,N/A,3 days ago,https://www.naukri.com/job-listings-business-analyst-stakeholder-management-sql-credit-risk-lending-sharp-gaze-tech-services-chennai-8-to-12-years-130626013110
Sr Lead - SFDC Data Cloud,Birlasoft,8-13 Yrs,Not Disclosed,Noida,3.4,3822  Reviews,4 days ago,https://www.naukri.com/job-listings-sr-lead-sfdc-data-cloud-birlasoft-india-limited-noida-8-to-13-years-120626505085
Senior Data Engineer,Dun & Bradstreet,6-10 Yrs,Not Disclosed,Hyderabad,3.0,447  Reviews,4 days ago,https://www.naukri.com/job-listings-senior-data-engineer-dun-bradstreet-hyderabad-6-to-10-years-120626020521
Senior Data Engineer,CGI,6-11 Yrs,Not Disclosed,Hyderabad,4.0,5499  Reviews,5 days ago,https://www.naukri.com/job-listings-senior-data-engineer-cgi-information-systems-and-management-consultants-hyderabad-6-to-11-years-110626923029
Sr. Data Engineer (Big Data & Analytics Engineering),Mastercard,5-10 Yrs,Not Disclosed,Pune,3.8,1017  Reviews,6 days ago,https://www.naukri.com/job-listings-sr-data-engineer-big-data-analytics-engineering-mastercard-india-services-private-limited-pune-5-to-10-years-100626930098
Data Science - Senior Engineer,Iris Software,5-10 Yrs,Not Disclosed,Noida,3.7,1916  Reviews,1 week ago,https://www.naukri.com/job-listings-data-science-senior-engineer-iris-software-technologies-private-limited-noida-5-to-10-years-090626917762
Senior Data Anlayst,Sopra Steria,6-10 Yrs,Not Disclosed,Noida,3.9,2352  Reviews,1 week ago,https://www.naukri.com/job-listings-senior-data-anlayst-sopra-steria-noida-6-to-10-years-090626017487
IN Senior Associate Azure Data Engineer Digital Integration,PwC Service Delivery Center,3-5 Yrs,Not Disclosed,Gurugram,3.3,12897  Reviews,1 week ago,https://www.naukri.com/job-listings-in-senior-associate-azure-data-engineer-digital-integration-pricewaterhouse-coopers-service-delivery-center-kolkata-gurugram-3-to-5-years-080626502872
Duck Creek Policy & Billing Business Analyst,Ciber,9-14 Yrs,Not Disclosed,Hyderabad,3.6,106  Reviews,1 week ago,https://www.naukri.com/job-listings-duck-creek-policy-billing-business-analyst-ciber-global-solutions-center-hyderabad-9-to-14-years-080626501461
"Senior Officer, Data Analytics & Transformation Group",DBS Bank,3-5 Yrs,Not Disclosed,Mumbai,3.7,2641  Reviews,1 week ago,https://www.naukri.com/job-listings-senior-officer-data-analytics-transformation-group-dbs-bank-ltd-mumbai-3-to-5-years-080626501345
IT Business Analyst || Product IT MNC (Permanent) || Kolkata (WFO),Digital Aptech,7-12 Yrs,Not Disclosed,Kolkata,4.4,147  Reviews,1 week ago,https://www.naukri.com/job-listings-it-business-analyst-product-it-mnc-permanent-kolkata-wfo-digital-aptech-kolkata-7-to-12-years-080626029169
Product Specialist & Business Analyst,n,15-24 Yrs,Not Disclosed,"Hyderabad, Mumbai (All Areas)",N/A,N/A,1 week ago,https://www.naukri.com/job-listings-product-specialist-business-analyst-primus-global-technologies-hyderabad-mumbai-all-areas-15-to-24-years-080626029070
Business Analyst Lead,Experion,6-11 Yrs,Not Disclosed,"Hybrid - Kochi, Thiruvananthapuram",3.9,168  Reviews,1 week ago,https://www.naukri.com/job-listings-business-analyst-lead-experion-kochi-thiruvananthapuram-6-to-11-years-080626017685
Senior Data/ETL Engineer,Sonata Software,6-11 Yrs,11-21 Lacs PA ,Hybrid - Bengaluru,3.4,1516  Reviews,1 week ago,https://www.naukri.com/job-listings-senior-data-etl-engineer-sonata-software-bengaluru-6-to-11-years-080626016606
Calypso Finance Business Analyst,Luxoft,3-8 Yrs,Not Disclosed,Gurugram,3.6,843  Reviews,1 week ago,https://www.naukri.com/job-listings-calypso-finance-business-analyst-luxoft-india-llp-gurugram-3-to-8-years-050626924358
Murex Business Analyst,Luxoft,4-9 Yrs,Not Disclosed,Hyderabad,3.6,843  Reviews,1 week ago,https://www.naukri.com/job-listings-murex-business-analyst-luxoft-india-llp-hyderabad-4-to-9-years-050626924119
Business Analyst,Atlas,7-12 Yrs,Not Disclosed,Pune,3.5,24  Reviews,1 week ago,https://www.naukri.com/job-listings-business-analyst-atlas-pune-7-to-12-years-050626503639
Lead II - Business Analysis,UST,8-10 Yrs,Not Disclosed,Thiruvananthapuram,3.7,5781  Reviews,1 week ago,https://www.naukri.com/job-listings-lead-ii-business-analysis-ust-thiruvananthapuram-8-to-10-years-050626500285
Sales Analyst/ Business Analyst,Aparajitha Corporate Services,1-2 Yrs,3-4.5 Lacs PA ,"Madurai, Chennai",3.8,1019  Reviews,1 week ago,https://www.naukri.com/job-listings-sales-analyst-business-analyst-aparajitha-corporate-services-madurai-chennai-1-to-2-years-050626010888
Business Intelligence Analyst,Compunnel,2-5 Yrs,5-12 Lacs PA ,Noida,3.7,354  Reviews,1 week ago,https://www.naukri.com/job-listings-business-intelligence-analyst-compunnel-noida-2-to-5-years-050626005212
Business Analyst,Bicxo - Enterprise Performance Management,3-6 Yrs,Not Disclosed,Thane,N/A,N/A,1 week ago,https://www.naukri.com/job-listings-business-analyst-bicxo-enterprise-performance-management-thane-3-to-6-years-040626500936
Business Analyst - Edelweiss Group,Clover Infotech,2-4 Yrs,5.5-7.5 Lacs PA ,"Mumbai, Mumbai Suburban, Mumbai (All Areas)",3.3,1685  Reviews,1 week ago,https://www.naukri.com/job-listings-business-analyst-edelweiss-group-clover-infotech-mumbai-mumbai-suburban-mumbai-all-areas-2-to-4-years-040626032799
Business Intelligence Analyst,Instem,3-8 Yrs,Not Disclosed,Hybrid - Pune,3.4,52  Reviews,1 week ago,https://www.naukri.com/job-listings-business-intelligence-analyst-instem-pune-3-to-8-years-040626026837
Business Analyst,Angel One,4-6 Yrs,17-25 Lacs PA ,Hybrid - Mumbai(Andheri East),3.5,1937  Reviews,1 week ago,https://www.naukri.com/job-listings-business-analyst-angel-one-mumbai-4-to-6-years-040626008631
Business Analyst I,iQor,1-2 Yrs,Not Disclosed,Noida,3.3,1033  Reviews,1 week ago,https://www.naukri.com/job-listings-business-analyst-i-iqor-noida-1-to-2-years-030626504678
"MSET QR Data Strats , Senior Manager , Institutional Equity Division",Morgan Stanley,5-10 Yrs,Not Disclosed,Mumbai,3.6,2079  Reviews,1 week ago,https://www.naukri.com/job-listings-mset-qr-data-strats-senior-manager-institutional-equity-division-morgan-stanley-advantage-services-pvt-ltd-mumbai-5-to-10-years-030626502954
EY - GDS Consulting - AI And DATA - Data Modeller -Senior,EY,8-10 Yrs,Not Disclosed,Hyderabad,3.4,14833  Reviews,1 week ago,https://www.naukri.com/job-listings-ey-gds-consulting-ai-and-data-data-modeller-senior-ernst-young-hyderabad-8-to-10-years-030626502128
Business Analyst,Superprocure,6-8 Yrs,Not Disclosed,Ahmedabad,4.8,113  Reviews,1 week ago,https://www.naukri.com/job-listings-business-analyst-superprocure-ahmedabad-6-to-8-years-030626501610
Techno-Functional Business Analyst in Chennai,Clover Infotech,3-8 Yrs,5-12 Lacs PA ,Chennai,3.3,1685  Reviews,1 week ago,https://www.naukri.com/job-listings-techno-functional-business-analyst-in-chennai-clover-infotech-chennai-3-to-8-years-030626020918
Techno-Functional Business Analyst in Chennai,Clover Infotech,5-8 Yrs,5-12 Lacs PA ,Chennai,3.3,1685  Reviews,1 week ago,https://www.naukri.com/job-listings-techno-functional-business-analyst-in-chennai-clover-infotech-chennai-5-to-8-years-030626020333
Business Analyst,Nik Baker's,3-7 Yrs,7-12 Lacs PA ,Mohali,4.2,35  Reviews,1 week ago,https://www.naukri.com/job-listings-business-analyst-nik-baker-s-mohali-3-to-7-years-030626018471
Business Analyst -3,Apidel Technologies,4-7 Yrs,10-15 Lacs PA ,Pune,N/A,N/A,1 week ago,https://www.naukri.com/job-listings-business-analyst-3-apidel-technologies-pune-4-to-7-years-030626011678
Senior Engineer - Data Engineering,SLK Software,5-7 Yrs,Not Disclosed,Pune,3.2,1422  Reviews,6 days ago,https://www.naukri.com/job-listings-senior-engineer-data-engineering-slk-software-services-private-limited-pune-5-to-7-years-020626502944
Senior Data Engineer,Lloyds Technology Centre India,8-12 Yrs,Not Disclosed,Hyderabad,3.5,268  Reviews,2 weeks ago,https://www.naukri.com/job-listings-senior-data-engineer-lloyds-technology-centre-india-hyderabad-8-to-12-years-020626502591
Business Analyst,QualityKiosk,3-5 Yrs,Not Disclosed,Mumbai,3.2,1497  Reviews,2 weeks ago,https://www.naukri.com/job-listings-business-analyst-qualitykiosk-mumbai-3-to-5-years-020626502155
Business Analyst,Iflow,1-4 Yrs,Not Disclosed,Pune,4.7,6  Reviews,2 weeks ago,https://www.naukri.com/job-listings-business-analyst-iflow-pune-1-to-4-years-020626500928
Business Analyst,IntouchCX,5-10 Yrs,Not Disclosed,Hyderabad,2.7,2617  Reviews,2 weeks ago,https://www.naukri.com/job-listings-business-analyst-intouchcx-hyderabad-5-to-10-years-010626922656
Insights Business Analyst,Quincy Compressor,3-8 Yrs,Not Disclosed,Pune,N/A,N/A,2 weeks ago,https://www.naukri.com/job-listings-insights-business-analyst-quincy-compressor-pune-3-to-8-years-010626501007
Business Analyst - BI,Codincity Digital Technologies,5-8 Yrs,5-8 Lacs PA ,Chennai,4.7,83  Reviews,2 weeks ago,https://www.naukri.com/job-listings-business-analyst-bi-codincity-digital-technologies-chennai-5-to-8-years-010626004653
Business Analyst (Project Manager),US MNC (analytics),4-9 Yrs,15-25 Lacs PA ,"Hybrid - Noida, Gurugram, Delhi / NCR",N/A,N/A,1 week ago,https://www.naukri.com/job-listings-business-analyst-project-manager-aspyra-hr-services-noida-gurugram-delhi-ncr-4-to-9-years-040626022569
Business Analyst - Business Analyst III,TekWissen,3-5 Yrs,Not Disclosed,Pune,N/A,N/A,1 week ago,https://www.naukri.com/job-listings-business-analyst-business-analyst-iii-tekwissen-pune-3-to-5-years-030626501506
Lead - Business Analyst,Neurealm,5-7 Yrs,Not Disclosed,Chennai,3.4,786  Reviews,1 week ago,https://www.naukri.com/job-listings-lead-business-analyst-gs-lab-gavs-chennai-5-to-7-years-030626500198
AI-Business Analyst,Agrim Housing Finance,2-5 Yrs,Not Disclosed,Dombivli,4.2,114  Reviews,2 weeks ago,https://www.naukri.com/job-listings-ai-business-analyst-agrim-housing-finance-dombivli-2-to-5-years-010626502230
Data Governance Anlayst,Moody's,3-4 Yrs,Not Disclosed,Hybrid - Bengaluru,4.0,321  Reviews,3 weeks ago,https://www.naukri.com/job-listings-data-governance-anlayst-moody-s-bengaluru-3-to-4-years-250526038676
Azure Data Engineer,Tata Consultancy Services,8-12 Yrs,Not Disclosed,"Pune, Chennai, Bengaluru",3.3,115896  Reviews,4 days ago,https://www.naukri.com/job-listings-azure-data-engineer-tata-consultancy-services-pune-chennai-bengaluru-8-to-12-years-280426017740
"Data and Analytics, Supervisor 1",RSM US in India,5-8 Yrs,Not Disclosed,Hyderabad,3.4,382  Reviews,1 day ago,https://www.naukri.com/job-listings-data-and-analytics-supervisor-1-rsm-india-hyderabad-5-to-8-years-150626502828
Group Manager- Data Science,IBM,10-12 Yrs,Not Disclosed,Bangalore Rural,3.9,26038  Reviews,4 days ago,https://www.naukri.com/job-listings-group-manager-data-science-ibm-bangalore-rural-10-to-12-years-120626011755
AI Data Engineer,Tech Mahindra,5-12 Yrs,Not Disclosed,"Hyderabad, Pune, Bengaluru",3.3,43873  Reviews,4 days ago,https://www.naukri.com/job-listings-ai-data-engineer-tech-mahindra-hyderabad-pune-bengaluru-5-to-12-years-120626004580
IN_Senior Associate_ AI/ML Engineer __ Data & Analytics,PwC Service Delivery Center,4-8 Yrs,Not Disclosed,Bengaluru,3.3,12897  Reviews,6 days ago,https://www.naukri.com/job-listings-in-senior-associate-ai-ml-engineer-data-analytics-pricewaterhouse-coopers-service-delivery-center-kolkata-bengaluru-4-to-8-years-100626506180
MIS Executive / Power BI Analyst,Placementship,2-4 Yrs,3.5-4.5 Lacs PA ,Bengaluru(Basavangudi),N/A,N/A,6 days ago,https://www.naukri.com/job-listings-mis-executive-power-bi-analyst-placementship-in-bengaluru-2-to-4-years-100626015902
Junior Business Analyst,Appglide,2-7 Yrs,Not Disclosed,Chennai,3.7,3  Reviews,3+ weeks ago,https://www.naukri.com/job-listings-junior-business-analyst-appglide-chennai-2-to-7-years-310326500583
Junior Business Analyst,Ktech Education,1-6 Yrs,Not Disclosed,Hyderabad,N/A,N/A,3+ weeks ago,https://www.naukri.com/job-listings-junior-business-analyst-ktech-education-hyderabad-1-to-6-years-171224503325
MIS Executive / Analyst,Smartcall Infotech,1-3 Yrs,Not Disclosed,Gurugram,4.2,16  Reviews,3+ weeks ago,https://www.naukri.com/job-listings-mis-executive-analyst-smartcall-infotech-pvt-ltd-gurugram-1-to-3-years-170924508827
Azure Data Engineer,CGI,6-10 Yrs,Not Disclosed,Hybrid - Bengaluru,4.0,5499  Reviews,Today,https://www.naukri.com/job-listings-azure-data-engineer-cgi-bengaluru-6-to-10-years-160626015482
Aws Data Engineer,Shell Infotech,6-10 Yrs,Not Disclosed,Bengaluru,N/A,N/A,Today,https://www.naukri.com/job-listings-aws-data-engineer-shell-infotech-bengaluru-6-to-10-years-160626007506
Internship Trainee (Compliance and Data Privacy),Bahwan CyberTek,0-1 Yrs,Not Disclosed,Hybrid - Chennai,3.3,721  Reviews,3+ weeks ago,https://www.naukri.com/job-listings-internship-trainee-compliance-and-data-privacy-bahwan-cybertek-chennai-0-to-1-years-150526010796
Data Engineer Intern,Nutrabay,N/A,Unpaid ,Gurugram,4.5,58  Reviews,Starts in 1-3 months,https://www.naukri.com/job-listings-data-engineer-intern-nutrabay-gurugram-0-to-1-years-110626505071
Data Engineer-Trainee,Tru India,0-1 Yrs,Not Disclosed,Mohali,N/A,N/A,5 days ago,https://www.naukri.com/job-listings-data-engineer-trainee-tru-india-mohali-0-to-1-years-110626504853
Data Analytics Intern,8 Miles Solution,N/A,Unpaid ,Pune,4.6,8  Reviews,Starts in 1-3 months,https://www.naukri.com/job-listings-data-analytics-intern-8-miles-solution-pune-0-to-1-years-110626504499
Data Engineering Team Lead,Hewlett Packard Enterprise,10-15 Yrs,Not Disclosed,Bengaluru,4.0,4678  Reviews,5 days ago,https://www.naukri.com/job-listings-data-engineering-team-lead-hewlett-packard-enterprise-bengaluru-10-to-15-years-110626503557
Lead Data Engineer,Globallogic,5-10 Yrs,Not Disclosed,"Chennai, Bengaluru",3.5,5861  Reviews,5 days ago,https://www.naukri.com/job-listings-lead-data-engineer-globallogic-chennai-bengaluru-5-to-10-years-110626014704
Data Science Practitioner,Accenture,1-3 Yrs,Not Disclosed,Bengaluru,3.7,74541  Reviews,6 days ago,https://www.naukri.com/job-listings-data-science-practitioner-accenture-solutions-pvt-ltd-bengaluru-1-to-3-years-100626929556
Data Operator,TP,1-6 Yrs,Not Disclosed,"Mumbai, Thane",3.9,39210  Reviews,6 days ago,https://www.naukri.com/job-listings-data-operator-teleperformance-global-business-private-limited-mumbai-thane-1-to-6-years-100626928595
Data Operator,TP,1-3 Yrs,Not Disclosed,"Mumbai, Thane",3.9,39210  Reviews,6 days ago,https://www.naukri.com/job-listings-data-operator-teleperformance-global-business-private-limited-mumbai-thane-1-to-3-years-100626928582
Data Operator,TP,1-3 Yrs,Not Disclosed,"Mumbai, Thane",3.9,39210  Reviews,6 days ago,https://www.naukri.com/job-listings-data-operator-teleperformance-global-business-private-limited-mumbai-thane-1-to-3-years-100626928539
IN_Senior Associate_Adobe Target QA _Data and Analytics,PwC Service Delivery Center,5-10 Yrs,Not Disclosed,Bengaluru,3.3,12897  Reviews,6 days ago,https://www.naukri.com/job-listings-in-senior-associate-adobe-target-qa-data-and-analytics-pricewaterhouse-coopers-service-delivery-center-kolkata-bengaluru-5-to-10-years-100626506517
EY - GDS Consulting - AI And DATA - BI Architect - Manager,EY,8-13 Yrs,Not Disclosed,Bengaluru,3.4,14833  Reviews,6 days ago,https://www.naukri.com/job-listings-ey-gds-consulting-ai-and-data-bi-architect-manager-ernst-young-bengaluru-8-to-13-years-100626504085
Associate Engineer - Embedded AI & Data Analytics,HARMAN India,1-3 Yrs,Not Disclosed,Bengaluru,3.8,3367  Reviews,6 days ago,https://www.naukri.com/job-listings-associate-engineer-embedded-ai-data-analytics-harman-india-bengaluru-1-to-3-years-100626502186
Data Science Engineer,Elabs Infotech,5-10 Yrs,Not Disclosed,"Hybrid - Hyderabad, Bengaluru",N/A,N/A,6 days ago,https://www.naukri.com/job-listings-data-science-engineer-elabs-infotech-hyderabad-bengaluru-5-to-10-years-100626033789
Hiring For Data Modeler-Bangalore,PwC India,4-7 Yrs,Not Disclosed,Hybrid - Bengaluru,3.3,12897  Reviews,6 days ago,https://www.naukri.com/job-listings-hiring-for-data-modeler-bangalore-pwc-india-bengaluru-4-to-7-years-100626031429
Data Platform Engineer,Accenture,2-5 Yrs,Not Disclosed,Bengaluru,3.7,74541  Reviews,1 week ago,https://www.naukri.com/job-listings-data-platform-engineer-accenture-solutions-pvt-ltd-bengaluru-2-to-5-years-090626929839
Data Platform Engineer,Accenture,15-20 Yrs,Not Disclosed,Bengaluru,3.7,74541  Reviews,1 week ago,https://www.naukri.com/job-listings-data-platform-engineer-accenture-solutions-pvt-ltd-bengaluru-15-to-20-years-090626929782
Data Management and ERP Intern,Durogreen Waste Management,N/A,Unpaid ,Ahmedabad,4.8,2  Reviews,Starts in 1-3 months,https://www.naukri.com/job-listings-data-management-and-erp-intern-durogreen-waste-management-pvt-ltd-ahmedabad-0-to-2-years-090626503717
Azure Data Engineer,Tata Consultancy Services,4-9 Yrs,Not Disclosed,"Hyderabad, Chennai, Bengaluru",3.3,115896  Reviews,6 days ago,https://www.naukri.com/job-listings-azure-data-engineer-tata-consultancy-services-hyderabad-chennai-bengaluru-4-to-9-years-010626008279
Databricks Data Engineer,Indium Global Services,5-10 Yrs,Not Disclosed,Gurugram,N/A,N/A,3+ weeks ago,https://www.naukri.com/job-listings-databricks-data-engineer-indium-global-services-pvt-ltd-gurugram-5-to-10-years-310326501587
Junior Business Intelligence Analyst,Cloud Counselage,1-2 Yrs,Not Disclosed,Mumbai,4.6,38  Reviews,3+ weeks ago,https://www.naukri.com/job-listings-junior-business-intelligence-analyst-cloud-counselage-pvt-ltd-mumbai-1-to-2-years-301225507884
Data Research Mining (Marketing intern),Innovative Techno Institute,N/A,Unpaid ,Jalandhar,N/A,N/A,Starts in 1-3 months,https://www.naukri.com/job-listings-data-research-mining-marketing-intern-innovative-techno-institute-jalandhar-0-to-1-years-210226501727
Junior Business Analyst,Aldous Glare Tech & Energy,1-3 Yrs,Not Disclosed,Kochi,3.7,2  Reviews,3+ weeks ago,https://www.naukri.com/job-listings-junior-business-analyst-aldous-glare-tech-energy-kochi-1-to-3-years-131124504847
Data Engineer,Hewlett Packard Enterprise,4-8 Yrs,Not Disclosed,Bengaluru,4.0,4678  Reviews,5 days ago,https://www.naukri.com/job-listings-data-engineer-hewlett-packard-enterprise-bengaluru-4-to-8-years-110626504178
Data Entry Operator,Capital Placement Services Gurgaon,0-2 Yrs,Not Disclosed,Manesar,N/A,N/A,3+ weeks ago,https://www.naukri.com/job-listings-data-entry-operator-capital-placement-services-gurgaon-manesar-0-to-2-years-050526503659
Senior Traded Risk Analyst (Techno Functional),Luxoft,9-14 Yrs,Not Disclosed,"Pune, Bengaluru, Delhi / NCR",3.6,843  Reviews,2 weeks ago,https://www.naukri.com/job-listings-senior-traded-risk-analyst-techno-functional-luxoft-pune-bengaluru-delhi-ncr-9-to-14-years-020626026436
Zensar is Hiring For Sr Quant Analyst Role_ Pune,Zensar,5-10 Yrs,9-18 Lacs PA ,Pune,3.7,3030  Reviews,3 weeks ago,https://www.naukri.com/job-listings-zensar-is-hiring-for-sr-quant-analyst-role-pune-zensar-pune-5-to-10-years-230526010361
Senior Financial Analyst,BMC Software,4-9 Yrs,17-20 Lacs PA ,Pune,3.9,618  Reviews,3 weeks ago,https://www.naukri.com/job-listings-senior-financial-analyst-bmc-software-pune-4-to-9-years-210526028249
Senior FinOps Analyst,First American,5-8 Yrs,Not Disclosed,Remote,3.5,1855  Reviews,1 week ago,https://www.naukri.com/job-listings-senior-finops-analyst-first-american-bengaluru-5-to-8-years-200126021780
Senior Quantitative Analyst Risk Technology,Zensar,4-7 Yrs,Not Disclosed,Pune,3.7,3030  Reviews,3+ weeks ago,https://www.naukri.com/job-listings-senior-quantitative-analyst-risk-technology-zensar-technologies-pune-4-to-7-years-150426500701
Analyst/Senior Analyst -Analytics (Night Shift),Omnicom Global Solutions,3-7 Yrs,Not Disclosed,Hybrid - Pune,3.3,372  Reviews,4 days ago,https://www.naukri.com/job-listings-analyst-senior-analyst-analytics-night-shift-omnicom-global-solutions-pune-3-to-7-years-120626012113
Sr Customer Experience Analyst,Cyberark,5-10 Yrs,Not Disclosed,Bengaluru,2.9,50  Reviews,1 week ago,https://www.naukri.com/job-listings-sr-customer-experience-analyst-cybereak-bengaluru-5-to-10-years-080626502721
Senior Product Database Analyst,Miles Education,5-8 Yrs,Not Disclosed,Bengaluru,3.2,315  Reviews,1 week ago,https://www.naukri.com/job-listings-senior-product-database-analyst-miles-education-bengaluru-5-to-8-years-080626002524
Analyst / Consultant / Sr. Consultant - Fullstack Developer,Blue Altair,4-10 Yrs,Not Disclosed,Pune,3.8,21  Reviews,3+ weeks ago,https://www.naukri.com/job-listings-analyst-consultant-sr-consultant-fullstack-developer-blue-altair-pune-4-to-10-years-070126503723
Senior Traded Risk Analyst (Techno Functional),Luxoft,8-13 Yrs,Not Disclosed,Bengaluru,3.6,843  Reviews,1 week ago,https://www.naukri.com/job-listings-senior-traded-risk-analyst-techno-functional-luxoft-india-llp-bengaluru-8-to-13-years-050626924569
Senior Analyst - Cyber Defense Operations,DISH Network Technologies,5-8 Yrs,Not Disclosed,Hybrid - Bengaluru,3.0,92  Reviews,1 week ago,https://www.naukri.com/job-listings-senior-analyst-cyber-defense-operations-dish-network-technologies-bengaluru-5-to-8-years-040626029171
Senior Analyst - Supply Chain Analytics,Wesco,5-10 Yrs,Not Disclosed,Bengaluru,3.7,67  Reviews,1 week ago,https://www.naukri.com/job-listings-senior-analyst-supply-chain-analytics-aelux-a-division-of-wesco-bengaluru-5-to-10-years-030626504231
Senior TA Analyst,Swiss Re,3-8 Yrs,Not Disclosed,Bengaluru,3.8,362  Reviews,1 week ago,https://www.naukri.com/job-listings-senior-ta-analyst-swiss-re-bengaluru-3-to-8-years-030626502976
Senior Benefits Analyst - Regional Support APAC,Iron Mountain,3-5 Yrs,Not Disclosed,Bengaluru,3.7,600  Reviews,1 week ago,https://www.naukri.com/job-listings-senior-benefits-analyst-regional-support-apac-regency-technologies-bengaluru-3-to-5-years-030626502606
ESG Senior Analyst,Crisil,2-5 Yrs,Not Disclosed,Mumbai,3.5,1966  Reviews,3+ weeks ago,https://www.naukri.com/job-listings-esg-senior-analyst-crisil-mumbai-2-to-5-years-240326500522
Senior Analyst - Valuations,Crisil,1-5 Yrs,Not Disclosed,Mumbai,3.5,1966  Reviews,3+ weeks ago,https://www.naukri.com/job-listings-senior-analyst-valuations-crisil-mumbai-1-to-5-years-210426502830
"Senior Analyst, Mastercard Value Quantification (MVQ) Program",Mastercard,4-9 Yrs,Not Disclosed,Gurugram,3.8,1017  Reviews,3 weeks ago,https://www.naukri.com/job-listings-senior-analyst-mastercard-value-quantification-mvq-program-mastercard-india-services-private-limited-gurugram-4-to-9-years-200526937716
"Senior Analyst, Mastercard Value Quantification (MVQ) Program",Mastercard,5-9 Yrs,Not Disclosed,Gurugram,3.8,1017  Reviews,3 weeks ago,https://www.naukri.com/job-listings-senior-analyst-mastercard-value-quantification-mvq-program-mastercard-india-services-private-limited-gurugram-5-to-9-years-200526937693
Senior Valuation Analyst,Crisil,4-6 Yrs,Not Disclosed,Pune,3.5,1966  Reviews,3+ weeks ago,https://www.naukri.com/job-listings-senior-valuation-analyst-crisil-pune-4-to-6-years-120226502329
"Sr. Professional, Reporting Analyst",INGRAM MICRO PLATFORM TECHNOLOGY INDIA PVT LTD,2-7 Yrs,Not Disclosed,Mumbai,3.7,113  Reviews,3+ weeks ago,https://www.naukri.com/job-listings-sr-professional-reporting-analyst-ingram-micro-i-pvt-ltd-mumbai-2-to-7-years-100925501352
Quant / Senior Quant Analyst - Market Risk Model Validation (FRTB),Crisil,2-7 Yrs,Not Disclosed,Mumbai,3.5,1966  Reviews,3+ weeks ago,https://www.naukri.com/job-listings-quant-senior-quant-analyst-market-risk-model-validation-frtb-crisil-mumbai-2-to-7-years-100426503740
"Senior Analyst, Algorithm Development Engineering",KLA,3-7 Yrs,Not Disclosed,Chennai,3.8,86  Reviews,3+ weeks ago,https://www.naukri.com/job-listings-senior-analyst-algorithm-development-engineering-kla-tencor-software-india-pvt-ltd-chennai-3-to-7-years-090425502341
Senior Research Analyst,Crisil,1-6 Yrs,Not Disclosed,Mumbai,3.5,1966  Reviews,3+ weeks ago,https://www.naukri.com/job-listings-senior-research-analyst-crisil-mumbai-1-to-6-years-060526500255
Senior Analyst-AA,Mindshare,2-7 Yrs,Not Disclosed,Bengaluru,3.5,78  Reviews,1 week ago,https://www.naukri.com/job-listings-senior-analyst-aa-mindshare-india-pvt-ltd-bengaluru-2-to-7-years-030626501992
Sr Analyst Accounts Payable,Global Foundries Inc,3-5 Yrs,Not Disclosed,Bengaluru,3.2,133  Reviews,2 weeks ago,https://www.naukri.com/job-listings-sr-analyst-accounts-payable-global-foundries-inc-bengaluru-3-to-5-years-010626505358
Technical Market Risk Analyst,EY,5-8 Yrs,Not Disclosed,"Pune, Bengaluru, Delhi / NCR",3.4,14833  Reviews,2 weeks ago,https://www.naukri.com/job-listings-technical-market-risk-analyst-ey-pune-bengaluru-delhi-ncr-5-to-8-years-290526025747
Venture Strategy & Research Analyst Intern,Yasham Software Services,N/A,Unpaid ,"Akola, Raipur",4.4,10  Reviews,Starts in 1-3 months,https://www.naukri.com/job-listings-venture-strategy-research-analyst-intern-yasham-software-services-private-limited-akola-raipur-0-to-1-years-250825501126
Sales Support Analyst,Epropelled Systems,0-2 Yrs,Not Disclosed,Chennai,2.4,3  Reviews,3 weeks ago,https://www.naukri.com/job-listings-sales-support-analyst-epropelled-chennai-0-to-2-years-220526501454
Google Analyst,Hexaware Technologies,9-12 Yrs,Not Disclosed,"Hybrid - Pune, Chennai, Bengaluru",3.4,7813  Reviews,3 weeks ago,https://www.naukri.com/job-listings-google-analyst-hexaware-technologies-pune-chennai-bengaluru-9-to-12-years-220526016955
DI Analyst,Experian,2-5 Yrs,Not Disclosed,"Mumbai, Kursela",3.8,184  Reviews,3+ weeks ago,https://www.naukri.com/job-listings-di-analyst-experian-services-india-private-limited-mumbai-kursela-2-to-5-years-180526917018
Team Leader / Call Quality Analyst,Kalam Academy,3-4 Yrs,Not Disclosed,"Kolkata, Mumbai, New Delhi, Hyderabad, Pune, Chennai, Bengaluru",4.7,6  Reviews,3+ weeks ago,https://www.naukri.com/job-listings-team-leader-call-quality-analyst-kalam-academy-kolkata-mumbai-new-delhi-hyderabad-pune-chennai-bengaluru-3-to-4-years-041124501383
Global Mobility Analyst,Deloitte Consulting,0-2 Yrs,1-4 Lacs PA ,Hybrid - Hyderabad,N/A,N/A,2 weeks ago,https://www.naukri.com/job-listings-global-mobility-analyst-dynpro-hyderabad-0-to-2-years-290526021390
Client Operations Delivery Analyst,Cisco,5-10 Yrs,Not Disclosed,Bengaluru,4.1,2245  Reviews,2 weeks ago,https://www.naukri.com/job-listings-client-operations-delivery-analyst-cisco-bengaluru-5-to-10-years-280526504432
Brand-Marketing and Communications Analyst - Supervising Associate,EY,6-8 Yrs,Not Disclosed,Bengaluru,3.4,14833  Reviews,2 weeks ago,https://www.naukri.com/job-listings-brand-marketing-and-communications-analyst-supervising-associate-ernst-young-bengaluru-6-to-8-years-280526503951
DE-RCE-CCAR-LiqRisk-Tech-Analyst-GDSN02,EY,4-7 Yrs,Not Disclosed,Bengaluru,3.4,14833  Reviews,3 weeks ago,https://www.naukri.com/job-listings-de-rce-ccar-liqrisk-tech-analyst-gdsn02-ernst-young-llp-bengaluru-4-to-7-years-260526934166
DE-RCE-Operational Risk-SrTechnical Analyst-GDSN02,EY,7-12 Yrs,Not Disclosed,Bengaluru,3.4,14833  Reviews,3 weeks ago,https://www.naukri.com/job-listings-de-rce-operational-risk-srtechnical-analyst-gdsn02-ernst-young-llp-bengaluru-7-to-12-years-260526930739
Analyst - TAX - National - TAX - PAS - Mobility Core,EY,2-7 Yrs,Not Disclosed,Bengaluru,3.4,14833  Reviews,3 weeks ago,https://www.naukri.com/job-listings-analyst-tax-national-tax-pas-mobility-core-ernst-young-llp-bengaluru-2-to-7-years-260526927320
DE-RCE-CCAR-CreditRisk-Tech-Analyst-GDSN02,EY,4-7 Yrs,Not Disclosed,Bengaluru,3.4,14833  Reviews,3 weeks ago,https://www.naukri.com/job-listings-de-rce-ccar-creditrisk-tech-analyst-gdsn02-ernst-young-llp-bengaluru-4-to-7-years-260526927170
DE-RCE-CCAR-CreditRisk-Tech-Analyst-Mgr-GDSN02,EY,7-12 Yrs,Not Disclosed,Bengaluru,3.4,14833  Reviews,3 weeks ago,https://www.naukri.com/job-listings-de-rce-ccar-creditrisk-tech-analyst-mgr-gdsn02-ernst-young-llp-bengaluru-7-to-12-years-260526926974
EYP-OPS-Advance Analyst,EY,3-6 Yrs,Not Disclosed,Bengaluru,3.4,14833  Reviews,3 weeks ago,https://www.naukri.com/job-listings-eyp-ops-advance-analyst-ernst-young-llp-bengaluru-3-to-6-years-260526926854
Inbound Sales Representative Analyst - Voice,Accenture,3-5 Yrs,Not Disclosed,Bengaluru,3.7,74541  Reviews,3 weeks ago,https://www.naukri.com/job-listings-inbound-sales-representative-analyst-voice-accenture-solutions-pvt-ltd-bengaluru-3-to-5-years-250526930289
Network & Svcs Operation Analyst,Accenture,3-5 Yrs,Not Disclosed,Bengaluru,3.7,74541  Reviews,3 weeks ago,https://www.naukri.com/job-listings-network-svcs-operation-analyst-accenture-solutions-pvt-ltd-bengaluru-3-to-5-years-250526928021
DE-RCE-Operational Risk-Technical Analyst-GDSN02,EY,4-8 Yrs,Not Disclosed,Bengaluru,3.4,14833  Reviews,3 weeks ago,https://www.naukri.com/job-listings-de-rce-operational-risk-technical-analyst-gdsn02-ernst-young-llp-bengaluru-4-to-8-years-250526917003
DE-Technical Risk Analyst-GDSN02,EY,4-6 Yrs,Not Disclosed,Bengaluru,3.4,14833  Reviews,3 weeks ago,https://www.naukri.com/job-listings-de-technical-risk-analyst-gdsn02-ernst-young-llp-bengaluru-4-to-6-years-250526916743
Analyst-TAX-TMT-TAX-Indirect Tax-Core,EY,2-7 Yrs,Not Disclosed,Bengaluru,3.4,14833  Reviews,3 weeks ago,https://www.naukri.com/job-listings-analyst-tax-tmt-tax-indirect-tax-core-ernst-young-llp-bengaluru-2-to-7-years-250526916570
Associate Analyst - TAX - TMT - TAX - Indirect Tax - Core,EY,1-4 Yrs,Not Disclosed,Bengaluru,3.4,14833  Reviews,3 weeks ago,https://www.naukri.com/job-listings-associate-analyst-tax-tmt-tax-indirect-tax-core-ernst-young-llp-bengaluru-1-to-4-years-250526916467
Capabilities & Insights Analytics Analyst - SHaPE HALO,Mckinsey & Company,1-3 Yrs,14-22.5 Lacs PA ,"Hybrid - Gurugram, Bengaluru",3.8,737  Reviews,3 weeks ago,https://www.naukri.com/job-listings-capabilities-insights-analytics-analyst-shape-halo-mckinsey-company-gurugram-bengaluru-1-to-3-years-250526004046
HR Executive - Data Analytics,Ecozen Solutions,0-1 Yrs,Not Disclosed,Pune,4.2,152  Reviews,3+ weeks ago,https://www.naukri.com/job-listings-hr-executive-data-analytics-ecofrost-technologies-pvt-ltd-pune-0-to-1-years-250326507846
Asset & Wealth Management- Investor Relations- Analyst,Goldman Sachs,1-3 Yrs,Not Disclosed,Bengaluru,3.3,1633  Reviews,3+ weeks ago,https://www.naukri.com/job-listings-asset-wealth-management-investor-relations-analyst-goldman-sachs-bengaluru-1-to-3-years-250326500392
Data Process Executive,Prgx India,0-3 Yrs,Not Disclosed,Pune,3.3,186  Reviews,3+ weeks ago,https://www.naukri.com/job-listings-data-process-executive-prgx-india-pvt-ltd-pune-0-to-3-years-240426502041
Data Research & AI Support Executive,Com1,0-2 Yrs,Not Disclosed,Nagpur,4.3,35  Reviews,3+ weeks ago,https://www.naukri.com/job-listings-data-research-ai-support-executive-com1-nagpur-0-to-2-years-240326507972
Financial Analyst,Trigger Education Services,0 Yrs,3-5 Lacs PA ,Gurugram,N/A,N/A,3 weeks ago,https://www.naukri.com/job-listings-financial-analyst-trigger-education-services-gurugram-0-to-0-years-230426010664
Hiring Analyst For KYC/AML,Trigger Education Services,0 Yrs,4-6 Lacs PA ,"New Delhi, Gurugram, Delhi / NCR",N/A,N/A,3 weeks ago,https://www.naukri.com/job-listings-hiring-analyst-for-kyc-aml-trigger-education-services-new-delhi-gurugram-delhi-ncr-0-to-0-years-230426010631
Data Executive,Codezin Technology Solutions,0-2 Yrs,Not Disclosed,Kolkata,4.5,25  Reviews,3+ weeks ago,https://www.naukri.com/job-listings-data-executive-codez-in-kolkata-0-to-2-years-230126501215
HR People Analytics Analyst,Wabtec,5-10 Yrs,Not Disclosed,Bengaluru,4.0,216  Reviews,3 weeks ago,https://www.naukri.com/job-listings-hr-people-analytics-analyst-wabtec-india-industrial-private-limited-bengaluru-5-to-10-years-220526929602
HR People Analytics Analyst,Wabtec,5-10 Yrs,Not Disclosed,Bengaluru,4.0,216  Reviews,3 weeks ago,https://www.naukri.com/job-listings-hr-people-analytics-analyst-wabtec-india-industrial-private-limited-bengaluru-5-to-10-years-220526929600
GN-Industry Consulting-MC-Travel-Airports & Hospitality- Analyst,Accenture,3-8 Yrs,Not Disclosed,Bengaluru,3.7,74541  Reviews,3 weeks ago,https://www.naukri.com/job-listings-gn-industry-consulting-mc-travel-airports-hospitality-analyst-accenture-solutions-pvt-ltd-bengaluru-3-to-8-years-220526924586
ACN GN-SONG-Service-CE Salesforce Platforms-Analyst,Accenture,1-5 Yrs,Not Disclosed,Bengaluru,3.7,74541  Reviews,3 weeks ago,https://www.naukri.com/job-listings-acn-gn-song-service-ce-salesforce-platforms-analyst-accenture-solutions-pvt-ltd-bengaluru-1-to-5-years-220526923893
DE-RCE-CCAR-LiqRisk-Tech-Analyst,EY,4-7 Yrs,Not Disclosed,Bengaluru,3.4,14833  Reviews,3 weeks ago,https://www.naukri.com/job-listings-de-rce-ccar-liqrisk-tech-analyst-ernst-young-bengaluru-4-to-7-years-220526502881
DE-RCE-CCAR-CreditRisk-Tech-Analyst-GDSN02,EY,4-7 Yrs,Not Disclosed,Bengaluru,3.4,14833  Reviews,3 weeks ago,https://www.naukri.com/job-listings-de-rce-ccar-creditrisk-tech-analyst-gdsn02-ernst-young-bengaluru-4-to-7-years-210526502475
Product Analyst Intern,Velocity Clinical Research,N/A,Unpaid ,Hyderabad,3.9,15  Reviews,Starts in 1-3 months,https://www.naukri.com/job-listings-product-analyst-intern-velocity-clinical-research-inc-hyderabad-0-to-1-years-210526501997
Data & Reporting Executive,Podar Education Network,0-4 Yrs,Not Disclosed,Mumbai(Parel),4.0,1167  Reviews,3 weeks ago,https://www.naukri.com/job-listings-data-reporting-executive-podar-education-network-mumbai-0-to-4-years-200526036229
Trade Desk Analyst,Teesta Investment,0-1 Yrs,Not Disclosed,Kolkata,N/A,N/A,3+ weeks ago,https://www.naukri.com/job-listings-trade-desk-analyst-teesta-investment-pvt-ltd-kolkata-0-to-1-years-200226502657
Analyst,Saarthee,0-2 Yrs,Not Disclosed,Gurugram,3.7,32  Reviews,3+ weeks ago,https://www.naukri.com/job-listings-analyst-saarthee-gurugram-0-to-2-years-190326502758
FinOps Analyst,Anaplan,4-5 Yrs,Not Disclosed,Gurugram,3.1,9  Reviews,3+ weeks ago,https://www.naukri.com/job-listings-finops-analyst-anaplan-inc-gurugram-4-to-5-years-190326502092
Financial Plan & Analysis Analyst,Accenture,3-8 Yrs,Not Disclosed,Bengaluru,3.7,74541  Reviews,3+ weeks ago,https://www.naukri.com/job-listings-financial-plan-analysis-analyst-accenture-solutions-pvt-ltd-bengaluru-3-to-8-years-180526923832
Campaign Management Analyst,Accenture,3-8 Yrs,Not Disclosed,Bengaluru,3.7,74541  Reviews,3+ weeks ago,https://www.naukri.com/job-listings-campaign-management-analyst-accenture-solutions-pvt-ltd-bengaluru-3-to-8-years-180526923557
Campaign Management Analyst,Accenture,3-8 Yrs,Not Disclosed,Bengaluru,3.7,74541  Reviews,3+ weeks ago,https://www.naukri.com/job-listings-campaign-management-analyst-accenture-solutions-pvt-ltd-bengaluru-3-to-8-years-180526923554
IMPO UAM Governance Analyst,Johnson & Johnson Innovative Medicine,5-10 Yrs,Not Disclosed,Bengaluru,3.9,1638  Reviews,3+ weeks ago,https://www.naukri.com/job-listings-impo-uam-governance-analyst-johnson-johnson-innovative-medicine-bengaluru-5-to-10-years-180526503024
Verbatim Analyst Intern,Purespectrum,N/A,Unpaid ,Hyderabad,3.8,8  Reviews,Starts in 1-3 months,https://www.naukri.com/job-listings-verbatim-analyst-intern-purespectrum-hyderabad-0-to-1-years-170226504681
Customer Contact Comms Analyst-Messaging,Accenture,3-5 Yrs,Not Disclosed,Mumbai,3.7,74541  Reviews,Few hours ago,https://www.naukri.com/job-listings-customer-contact-comms-analyst-messaging-accenture-solutions-pvt-ltd-mumbai-3-to-5-years-160626927877
Consumer & Shop Insights Analyst,Pepsico,7-8 Yrs,Not Disclosed,Hyderabad,4.0,3230  Reviews,Today,https://www.naukri.com/job-listings-consumer-shop-insights-analyst-pepsico-global-business-services-india-llp-hyderabad-7-to-8-years-160626917439
MBA Sales & Marketing Executive (Data Mining),Wtechy,0-3 Yrs,Not Disclosed,Panchkula,2.5,11  Reviews,3+ weeks ago,https://www.naukri.com/job-listings-mba-sales-marketing-executive-data-mining-wtechy-panchkula-0-to-3-years-160426501177
Web Developer Analyst,Accenture,3-8 Yrs,Not Disclosed,Mumbai,3.7,74541  Reviews,1 day ago,https://www.naukri.com/job-listings-web-developer-analyst-accenture-solutions-pvt-ltd-mumbai-3-to-8-years-150626928051
Creative Production Analyst,Accenture,3-8 Yrs,Not Disclosed,Mumbai,3.7,74541  Reviews,1 day ago,https://www.naukri.com/job-listings-creative-production-analyst-accenture-solutions-pvt-ltd-mumbai-3-to-8-years-150626927614
Creative Production Analyst,Accenture,3-8 Yrs,Not Disclosed,Mumbai,3.7,74541  Reviews,1 day ago,https://www.naukri.com/job-listings-creative-production-analyst-accenture-solutions-pvt-ltd-mumbai-3-to-8-years-150626927611
Creative Production Analyst,Accenture,3-8 Yrs,Not Disclosed,Mumbai,3.7,74541  Reviews,1 day ago,https://www.naukri.com/job-listings-creative-production-analyst-accenture-solutions-pvt-ltd-mumbai-3-to-8-years-150626927609
Creative Production Analyst,Accenture,3-8 Yrs,Not Disclosed,Mumbai,3.7,74541  Reviews,1 day ago,https://www.naukri.com/job-listings-creative-production-analyst-accenture-solutions-pvt-ltd-mumbai-3-to-8-years-150626927579
Record To Report Ops Analyst,Accenture,3-5 Yrs,Not Disclosed,Jaipur,3.7,74541  Reviews,1 day ago,https://www.naukri.com/job-listings-record-to-report-ops-analyst-accenture-solutions-pvt-ltd-jaipur-3-to-5-years-150626926223
S&C Global Network - AI - Resources -Analyst,Accenture,2-7 Yrs,Not Disclosed,Gurugram,3.7,74541  Reviews,1 day ago,https://www.naukri.com/job-listings-s-c-global-network-ai-resources-analyst-accenture-solutions-pvt-ltd-gurugram-2-to-7-years-150626924006
Production Support Analyst,Accenture,3-5 Yrs,Not Disclosed,Navi Mumbai,3.7,74541  Reviews,1 day ago,https://www.naukri.com/job-listings-production-support-analyst-accenture-solutions-pvt-ltd-navi-mumbai-3-to-5-years-150626916894
Web Developer Analyst,Accenture,3-5 Yrs,Not Disclosed,Mumbai,3.7,74541  Reviews,1 day ago,https://www.naukri.com/job-listings-web-developer-analyst-accenture-solutions-pvt-ltd-mumbai-3-to-5-years-150626916878
Campaign Management Analyst,Accenture,3-5 Yrs,Not Disclosed,Mumbai,3.7,74541  Reviews,1 day ago,https://www.naukri.com/job-listings-campaign-management-analyst-accenture-solutions-pvt-ltd-mumbai-3-to-5-years-150626916849
"Adv. Analyst I, Infra CX",Invesco,5-7 Yrs,Not Disclosed,Hyderabad,3.7,497  Reviews,1 day ago,https://www.naukri.com/job-listings-adv-analyst-i-infra-cx-invesco-india-pvt-ltd-hyderabad-5-to-7-years-150626502711
Product Analyst,Exxat Systems,0-3 Yrs,Not Disclosed,Vadodara,3.5,96  Reviews,3+ weeks ago,https://www.naukri.com/job-listings-product-analyst-exxat-vadodara-0-to-3-years-150526500990
Financial Analyst (Controllership),Hewlett Packard Enterprise,2-7 Yrs,Not Disclosed,Bengaluru,4.0,4678  Reviews,3+ weeks ago,https://www.naukri.com/job-listings-financial-analyst-controllership-hewlett-packard-enterprise-bengaluru-2-to-7-years-130526502226
BI Analyst,Fractal Analytics,5-10 Yrs,Not Disclosed,Bengaluru,4.0,1065  Reviews,3+ weeks ago,https://www.naukri.com/job-listings-bi-analyst-fractal-analytics-ltd-bengaluru-5-to-10-years-130326504499
Consultant (Pricing Analyst),Hewlett Packard Enterprise,6-11 Yrs,Not Disclosed,Bengaluru,4.0,4678  Reviews,3+ weeks ago,https://www.naukri.com/job-listings-consultant-pricing-analyst-hewlett-packard-enterprise-bengaluru-6-to-11-years-120526501976
Research Analyst,Neoteric Research Consulting Services,0-3 Yrs,Not Disclosed,Navi Mumbai,2.6,3  Reviews,3+ weeks ago,https://www.naukri.com/job-listings-research-analyst-neoteric-research-services-navi-mumbai-0-to-3-years-120226503452
Marketplace Analyst,Clickforge,3-5 Yrs,Not Disclosed,Jaipur,3.6,13  Reviews,3+ weeks ago,https://www.naukri.com/job-listings-marketplace-analyst-clickforge-jaipur-3-to-5-years-110526505111
Analyst I HR Operations,DXC Technology,2-7 Yrs,Not Disclosed,Bengaluru,3.6,12153  Reviews,3+ weeks ago,https://www.naukri.com/job-listings-analyst-i-hr-operations-dxc-technology-bengaluru-2-to-7-years-110526503987
Product Analyst,A1apps,0-3 Yrs,Not Disclosed,Gurugram,3.7,27  Reviews,3+ weeks ago,https://www.naukri.com/job-listings-product-analyst-a1apps-gurugram-0-to-3-years-100325501092
CSM Ops Analyst,Xpheno,5-7 Yrs,Not Disclosed,Noida,N/A,N/A,3+ weeks ago,https://www.naukri.com/job-listings-csm-ops-analyst-xpheno-noida-5-to-7-years-100123500056
Content Analyst,Meta Algorithm Solutions,0-1 Yrs,Not Disclosed,Kochi,3.3,25  Reviews,3+ weeks ago,https://www.naukri.com/job-listings-content-analyst-meta-algorithm-solutions-kochi-0-to-1-years-090326502332
Associative Content Analyst,Meta Algorithm Solutions,0-4 Yrs,Not Disclosed,Kochi,3.3,25  Reviews,3+ weeks ago,https://www.naukri.com/job-listings-associative-content-analyst-meta-algorithm-solutions-kochi-0-to-4-years-090326502331
Server Silicon Performance Analysis Engineer,"Advanced Micro Devices, Inc",4-9 Yrs,Not Disclosed,Bengaluru,3.7,354  Reviews,1 week ago,https://www.naukri.com/job-listings-server-silicon-performance-analysis-engineer-advanced-micro-devices-inc-bengaluru-4-to-9-years-080626502848
Occupancy Planning Analyst,Jones Lang LaSalle (JLL),3-5 Yrs,Not Disclosed,Bengaluru,4.1,6528  Reviews,1 week ago,https://www.naukri.com/job-listings-occupancy-planning-analyst-jones-lang-lasalle-bengaluru-3-to-5-years-080626502820
Research Analyst,CapeStart,0-5 Yrs,Not Disclosed,Nagercoil,4.5,405  Reviews,3+ weeks ago,https://www.naukri.com/job-listings-research-analyst-capestart-software-private-limited-nagercoil-0-to-5-years-060526500927
ACN Industry Strategy_ Banking_ Analyst,Accenture,2-4 Yrs,Not Disclosed,Bengaluru,3.7,74541  Reviews,3+ weeks ago,https://www.naukri.com/job-listings-acn-industry-strategy-banking-analyst-accenture-solutions-pvt-ltd-bengaluru-2-to-4-years-050526904949
Pricing Analyst,CGI,2-5 Yrs,Not Disclosed,Hybrid - Bengaluru,4.0,5499  Reviews,1 week ago,https://www.naukri.com/job-listings-pricing-analyst-cgi-bengaluru-2-to-5-years-040626026307
Lead Analyst - Programmatic Buying,Inmobi,5-6 Yrs,Not Disclosed,Bengaluru,3.0,222  Reviews,3+ weeks ago,https://www.naukri.com/job-listings-lead-analyst-programmatic-buying-inmobi-solutions-pvt-ltd-bengaluru-5-to-6-years-040526501614
"Analyst I, Client Service Operations",Kroll,0-2 Yrs,Not Disclosed,Hyderabad,3.5,241  Reviews,3+ weeks ago,https://www.naukri.com/job-listings-analyst-i-client-service-operations-kroll-associates-india-pvt-ltd-hyderabad-0-to-2-years-040226504067
Walk-in || Process Analyst (US Mortgage) | Freshers & Graduates,Ruralshores,N/A,2-2.25 Lacs PA ,N/A,3.6,550  Reviews,2 weeks ago,https://www.naukri.com/job-listings-process-analyst-us-mortgage-freshers-graduates-ruralshores-bagepalli-chikkaballapura-0-to-5-years-010626023120
GIS Analyst,Sthapatya Software,0-5 Yrs,Not Disclosed,Pune,2.8,6  Reviews,3+ weeks ago,https://www.naukri.com/job-listings-gis-analyst-sthapatya-software-pvt-ltd-pune-0-to-5-years-311225501092
Geospatial / GeoAI Analyst,Amrita Vishwa Vidyapeetham,0-3 Yrs,Not Disclosed,Kollam,3.7,222  Reviews,3+ weeks ago,https://www.naukri.com/job-listings-geospatial-geoai-analyst-amrita-vishwa-vidyapeetham-kollam-0-to-3-years-310326502105
Research Analyst,Manlitics B2b Ites,0-2 Yrs,Not Disclosed,Pune,2.3,75  Reviews,3+ weeks ago,https://www.naukri.com/job-listings-research-analyst-manlitics-b2b-ites-pune-0-to-2-years-301225506434
Economics Analyst Intern,Arthashastra Intelligence,0-3 Yrs,Not Disclosed,Hyderabad,2.8,7  Reviews,3+ weeks ago,https://www.naukri.com/job-listings-economics-analyst-intern-arthashastra-intelligence-hyderabad-0-to-3-years-301123500707
Analyst,Specialist Advisory & Intervention Group (SAIG),0-4 Yrs,Not Disclosed,Mumbai,4.4,4  Reviews,3+ weeks ago,https://www.naukri.com/job-listings-analyst-specialist-advisory-intervention-group-saig-mumbai-0-to-4-years-301025504840
Analyst,Savista,0-1 Yrs,Not Disclosed,Noida,4.1,348  Reviews,3+ weeks ago,https://www.naukri.com/job-listings-analyst-savista-noida-0-to-1-years-300725502348
Quantitative Analyst,Clear Quant,0-1 Yrs,Not Disclosed,Ahmedabad,5.0,2  Reviews,3+ weeks ago,https://www.naukri.com/job-listings-quantitative-analyst-clearquant-ahmedabad-0-to-1-years-290425504277
Associate Analyst TAX TMT TAX Indirect Tax Core,EY,2-7 Yrs,Not Disclosed,Bengaluru,3.4,14833  Reviews,3+ weeks ago,https://www.naukri.com/job-listings-associate-analyst-tax-tmt-tax-indirect-tax-core-ernst-young-bengaluru-2-to-7-years-290126507612
Associate Analyst - TMT - TAX - Indirect Tax - Core,EY,2-7 Yrs,Not Disclosed,Bengaluru,3.4,14833  Reviews,3+ weeks ago,https://www.naukri.com/job-listings-associate-analyst-tmt-tax-indirect-tax-core-ernst-young-bengaluru-2-to-7-years-290126504080
Analyst,Prgx India,2-4 Yrs,Not Disclosed,Pune,3.3,186  Reviews,3+ weeks ago,https://www.naukri.com/job-listings-analyst-prgx-india-pvt-ltd-pune-2-to-4-years-280625500169
Analyst II - ML Services,Sprinklr,2-7 Yrs,Not Disclosed,Bengaluru,2.9,394  Reviews,3+ weeks ago,https://www.naukri.com/job-listings-analyst-ii-ml-services-sprinklr-solutions-pvt-ltd-bengaluru-2-to-7-years-270326503684
GIS Analyst-Python,Geoconsultants India Services,0-2 Yrs,Not Disclosed,Hyderabad,N/A,N/A,3+ weeks ago,https://www.naukri.com/job-listings-gis-analyst-python-geoconsultants-india-services-hyderabad-0-to-2-years-261125500025
Jr. Market Research Analyst,Enable It Solutions,0-2 Yrs,Not Disclosed,Nagpur,4.5,9  Reviews,3+ weeks ago,https://www.naukri.com/job-listings-jr-market-research-analyst-enable-it-solutions-pvt-ltd-nagpur-0-to-2-years-260525502396
Growth Analyst,Saras Analytics,3-5 Yrs,Not Disclosed,Hyderabad,3.7,65  Reviews,3+ weeks ago,https://www.naukri.com/job-listings-growth-analyst-saras-analytics-hyderabad-3-to-5-years-260225502410
Associate Software Analyst,PTC,0-3 Yrs,Not Disclosed,Pune,4.2,589  Reviews,3+ weeks ago,https://www.naukri.com/job-listings-associate-software-analyst-servicemax-india-pune-0-to-3-years-251025507683
Decision Science Analyst,Jumbotail Technologies,1-5 Yrs,Not Disclosed,Bengaluru,3.7,489  Reviews,3+ weeks ago,https://www.naukri.com/job-listings-decision-science-analyst-jumbotail-technologies-pvt-ltd-bengaluru-1-to-5-years-250723500760
Financial Analyst,Mishra N Co,0-2 Yrs,Not Disclosed,Ghaziabad,N/A,N/A,3+ weeks ago,https://www.naukri.com/job-listings-financial-analyst-mishra-n-co-ghaziabad-0-to-2-years-231225503270
Quality Analyst - Intern,Accredian,N/A,Unpaid ,Gurugram,3.3,17  Reviews,Starts in 1-3 months,https://www.naukri.com/job-listings-quality-analyst-intern-accredian-gurugram-0-to-5-years-230326500567
O365 Analyst,John Crane Sealing Systems India,4-9 Yrs,Not Disclosed,Pune,3.4,226  Reviews,3+ weeks ago,https://www.naukri.com/job-listings-o365-analyst-john-crane-sealing-systems-india-pvt-ltd-pune-4-to-9-years-230125505301
Market Research Analyst,Prospectmetrix,0-2 Yrs,Not Disclosed,Tumkur,N/A,N/A,3+ weeks ago,https://www.naukri.com/job-listings-market-research-analyst-prospectmetrix-tumkur-0-to-2-years-230123501526
BESS Analyst,Globus Thenken,3-4 Yrs,Not Disclosed,Pune,3.7,15  Reviews,3+ weeks ago,https://www.naukri.com/job-listings-bess-analyst-globus-thenken-pune-3-to-4-years-220925503676
Functional Analyst,Quicko,0-1 Yrs,Not Disclosed,Ahmedabad,2.4,8  Reviews,3+ weeks ago,https://www.naukri.com/job-listings-functional-analyst-quicko-com-ahmedabad-0-to-1-years-220825502990
GIS Analyst-Python,Geoconsultants India Services,0-1 Yrs,Not Disclosed,Hyderabad,N/A,N/A,3+ weeks ago,https://www.naukri.com/job-listings-gis-analyst-python-geoconsultants-india-services-hyderabad-0-to-1-years-211125501790
Research Analyst,Introspective Market Research,0-1 Yrs,Not Disclosed,Pune,3.1,6  Reviews,3+ weeks ago,https://www.naukri.com/job-listings-research-analyst-introspective-market-research-pune-0-to-1-years-210725500472
Research Analyst,Myfollo,0-1 Yrs,Not Disclosed,Gurugram,4.0,3  Reviews,3+ weeks ago,https://www.naukri.com/job-listings-research-analyst-myfollo-com-gurugram-0-to-1-years-210426501983
Capital Formation & ESG Analyst,Econ Climate Fund,2-7 Yrs,Not Disclosed,Gurugram,N/A,N/A,3+ weeks ago,https://www.naukri.com/job-listings-capital-formation-esg-analyst-econ-climate-fund-gurugram-2-to-7-years-210426501189
QE Analyst,Logic Planet,4-8 Yrs,Not Disclosed,Chennai,2.8,66  Reviews,3+ weeks ago,https://www.naukri.com/job-listings-qe-analyst-logicplanet-it-services-chennai-4-to-8-years-210226502374
Research Analyst,Factentry Data Solutions,N/A,Unpaid ,Vellore,3.1,52  Reviews,Starts in 1-3 months,https://www.naukri.com/job-listings-research-analyst-factentry-data-solutions-private-limited-vellore-0-to-3-years-200325505337
BI Analyst,Shell Pvt Ltd,3-5 Yrs,Not Disclosed,Bengaluru,3.9,2770  Reviews,3+ weeks ago,https://www.naukri.com/job-listings-bi-analyst-shell-pvt-ltd-bengaluru-3-to-5-years-200226502916
Analyst,GD Research Center (GDRC),2-7 Yrs,Not Disclosed,Hyderabad,3.3,1051  Reviews,3+ weeks ago,https://www.naukri.com/job-listings-analyst-gd-research-center-pvt-ltd-hyderabad-2-to-7-years-200126508471
Data Management Executive,Cvviz Softwares,0-2 Yrs,Not Disclosed,Jaipur,N/A,N/A,3+ weeks ago,https://www.naukri.com/job-listings-data-management-executive-cvviz-softwares-pvt-ltd-jaipur-0-to-2-years-200126500426
Equity Analyst,LIC Mutual Fund (LICMF),0-4 Yrs,Not Disclosed,Mumbai,3.6,128  Reviews,3+ weeks ago,https://www.naukri.com/job-listings-equity-analyst-lic-mutual-fund-asset-management-company-ltd-mumbai-0-to-4-years-190923500729
Quant Analytics Analyst - Audience Management,JPMorgan Chase Bank,3-8 Yrs,Not Disclosed,Bengaluru,3.8,7940  Reviews,3+ weeks ago,https://www.naukri.com/job-listings-quant-analytics-analyst-audience-management-jp-morgan-and-chase-bengaluru-3-to-8-years-190526501184
IT Recruiter Analyst: 1-3 years: Work From Office : Bangalore,TRIGENT SOFTWARE PRIVATE LIMITED,1-3 Yrs,Not Disclosed,Bengaluru,N/A,N/A,3+ weeks ago,https://www.naukri.com/job-listings-it-recruiter-analyst-1-3-years-work-from-office-bangalore-trigent-software-bengaluru-1-to-3-years-190526018228
Crowd Funding Research Analyst,Kokan Ngo,0-2 Yrs,Not Disclosed,Mumbai,3.1,5  Reviews,3+ weeks ago,https://www.naukri.com/job-listings-crowd-funding-research-analyst-kokan-ngo-mumbai-0-to-2-years-171225503856
Underwriting Analyst,Viveja It Services,0-5 Yrs,Not Disclosed,Hyderabad,3.1,106  Reviews,3+ weeks ago,https://www.naukri.com/job-listings-underwriting-analyst-viveja-it-services-private-limited-hyderabad-0-to-5-years-171225503384
Analyst,Prgx India,2-4 Yrs,Not Disclosed,Pune,3.3,186  Reviews,3+ weeks ago,https://www.naukri.com/job-listings-analyst-prgx-india-pvt-ltd-pune-2-to-4-years-170323501703
Analyst - TAX - TMT - TAX - Indirect Tax - Core,EY,2-7 Yrs,Not Disclosed,Bengaluru,3.4,14833  Reviews,3+ weeks ago,https://www.naukri.com/job-listings-analyst-tax-tmt-tax-indirect-tax-core-ernst-young-bengaluru-2-to-7-years-160126503565
Transparency reporting Analyst,Cognizant,6-9 Yrs,Not Disclosed,"Hybrid - Hyderabad, Chennai, Bengaluru",3.7,62199  Reviews,3+ weeks ago,https://www.naukri.com/job-listings-transparency-reporting-analyst-cognizant-hyderabad-chennai-bengaluru-6-to-9-years-150526007748
Global M&S Analyst,Hitachi Energy,5-10 Yrs,Not Disclosed,Bengaluru,4.0,1075  Reviews,3+ weeks ago,https://www.naukri.com/job-listings-global-m-s-analyst-hitachi-energy-bengaluru-5-to-10-years-150426501297
SEO Analyst,SKG Infosolutions India,0-2 Yrs,Not Disclosed,Hyderabad,4.7,12  Reviews,3+ weeks ago,https://www.naukri.com/job-listings-seo-analyst-skg-infosolutions-india-pvt-ltd-hyderabad-0-to-2-years-141220500103
Post Graduate Management Trainee Analyst,Axience,0-2 Yrs,Not Disclosed,Mumbai,N/A,N/A,3+ weeks ago,https://www.naukri.com/job-listings-post-graduate-management-trainee-analyst-axience-mumbai-0-to-2-years-141025500902
Analyst - Core HCM,Tech Stalwart Solution,2-6 Yrs,Not Disclosed,Gurugram,3.2,8  Reviews,3+ weeks ago,https://www.naukri.com/job-listings-analyst-core-hcm-tech-stalwart-solution-private-limited-gurugram-2-to-6-years-140525501625
Lead Analyst - Programmatic Buying,Inmobi,5-10 Yrs,Not Disclosed,Bengaluru,3.0,222  Reviews,3+ weeks ago,https://www.naukri.com/job-listings-lead-analyst-programmatic-buying-inmobi-solutions-pvt-ltd-bengaluru-5-to-10-years-130426502903
Bioinformatics Analyst,CRF - Chest Research Foundation,0-3 Yrs,Not Disclosed,Hyderabad,3.8,4  Reviews,3+ weeks ago,https://www.naukri.com/job-listings-bioinformatics-analyst-crf-chest-research-foundation-hyderabad-0-to-3-years-130226503570
Revenue Analyst,Hewlett Packard Enterprise,4-6 Yrs,Not Disclosed,Bengaluru,4.0,4678  Reviews,3+ weeks ago,https://www.naukri.com/job-listings-revenue-analyst-hewlett-packard-enterprise-bengaluru-4-to-6-years-130226503202
GHG EMISSIONS AND DECARBONISATION ANALYST,Auroville Consulting,5-12 Yrs,Not Disclosed,Chennai,4.4,4  Reviews,3+ weeks ago,https://www.naukri.com/job-listings-ghg-emissions-and-decarbonisation-analyst-auroville-consulting-chennai-5-to-12-years-130126504902
DE-RCE-CCAR-LiqRisk-Tech-Analyst-Mgr-GDSN02,EY,4-7 Yrs,Not Disclosed,Bengaluru,3.4,14833  Reviews,3+ weeks ago,https://www.naukri.com/job-listings-de-rce-ccar-liqrisk-tech-analyst-mgr-gdsn02-ernst-young-bengaluru-4-to-7-years-110526504985
DE-RCE-CCAR-CreditRisk-Tech-Analyst-Mgr-GDSN02,EY,7-12 Yrs,Not Disclosed,Bengaluru,3.4,14833  Reviews,3+ weeks ago,https://www.naukri.com/job-listings-de-rce-ccar-creditrisk-tech-analyst-mgr-gdsn02-ernst-young-bengaluru-7-to-12-years-110526504984
Forecast Analyst 2,Iqvia Biotech,5-10 Yrs,Not Disclosed,Bengaluru,3.4,23  Reviews,3+ weeks ago,https://www.naukri.com/job-listings-forecast-analyst-2-iqvia-biotech-bengaluru-5-to-10-years-110326506807
"Analyst, Quality Assurance",Altisource,2-5 Yrs,Not Disclosed,Bengaluru,3.5,977  Reviews,3+ weeks ago,https://www.naukri.com/job-listings-analyst-quality-assurance-altisource-business-solutions-pvt-ltd-bengaluru-2-to-5-years-110325504817
Analyst- Project Coordination,Valueonshore,0-3 Yrs,Not Disclosed,Gurugram,3.6,223  Reviews,3+ weeks ago,https://www.naukri.com/job-listings-analyst-project-coordination-valueonshore-advisors-gurugram-0-to-3-years-100822500265
Analyst,Dexter Capital Advisors,1-5 Yrs,Not Disclosed,Mumbai,4.1,12  Reviews,3+ weeks ago,https://www.naukri.com/job-listings-analyst-dexter-capital-advisors-mumbai-1-to-5-years-091025503129
Data Process Executive,Prgx India,0-3 Yrs,Not Disclosed,Pune,3.3,186  Reviews,3+ weeks ago,https://www.naukri.com/job-listings-data-process-executive-prgx-india-pvt-ltd-pune-0-to-3-years-091025501880
Analyst,Reconzo,1-4 Yrs,Not Disclosed,Gurugram,N/A,N/A,3+ weeks ago,https://www.naukri.com/job-listings-analyst-reconzo-gurugram-1-to-4-years-090925504922
"Engineering Analyst, Video and Image Experiences Trust Safety",Google,2-7 Yrs,Not Disclosed,Bengaluru,4.4,1916  Reviews,3+ weeks ago,https://www.naukri.com/job-listings-engineering-analyst-video-and-image-experiences-trust-safety-google-india-private-limited-bengaluru-2-to-7-years-090725503775
"Engineering Analyst, Trust and Safety",Google,1-6 Yrs,Not Disclosed,"Hyderabad, Bengaluru",4.4,1916  Reviews,3+ weeks ago,https://www.naukri.com/job-listings-engineering-analyst-trust-and-safety-google-india-private-limited-hyderabad-bengaluru-1-to-6-years-090725503343
Engineering-L2-Bengaluru-Analyst-Software Engineering,Goldman Sachs,5-10 Yrs,Not Disclosed,Bengaluru,3.3,1633  Reviews,3+ weeks ago,https://www.naukri.com/job-listings-engineering-l2-bengaluru-analyst-software-engineering-goldman-sachs-bengaluru-5-to-10-years-081025500660
Research Analyst,CapeStart,0-5 Yrs,Not Disclosed,Nagercoil,4.5,405  Reviews,3+ weeks ago,https://www.naukri.com/job-listings-research-analyst-capestart-software-private-limited-nagercoil-0-to-5-years-080126500462
Actuarial Analyst,Parasmani Switch Tech,0-1 Yrs,Not Disclosed,Vadodara,N/A,N/A,3+ weeks ago,https://www.naukri.com/job-listings-actuarial-analyst-parasmani-switch-tech-vadodara-0-to-1-years-070325503140
Growth Analyst,Across Assist,1-3 Yrs,Not Disclosed,Mumbai,3.0,57  Reviews,3+ weeks ago,https://www.naukri.com/job-listings-growth-analyst-across-assist-private-limited-mumbai-1-to-3-years-061124500733
Product Analyst,Across Assist,0-3 Yrs,Not Disclosed,Gurugram,3.0,57  Reviews,3+ weeks ago,https://www.naukri.com/job-listings-product-analyst-across-assist-private-limited-gurugram-0-to-3-years-061124500732
Analyst,New Opportunity Consultancy,2-8 Yrs,Not Disclosed,Mumbai,4.2,366  Reviews,3+ weeks ago,https://www.naukri.com/job-listings-analyst-nocpl-mumbai-2-to-8-years-061025504361
CLINICAL DATA EXECUTIVE,Anutech Solutions,0-3 Yrs,Not Disclosed,Vijayawada,4.8,4  Reviews,3+ weeks ago,https://www.naukri.com/job-listings-clinical-data-executive-anutech-solutions-vijayawada-0-to-3-years-060325504938
Research Analyst,Neoteric Research Consulting Services,0-3 Yrs,Not Disclosed,"Mumbai, Navi Mumbai",2.6,3  Reviews,3+ weeks ago,https://www.naukri.com/job-listings-research-analyst-neoteric-research-services-mumbai-navi-mumbai-0-to-3-years-060226506524
Research Analyst,Ratnabali Capital Markets Limited (RCML),0-1 Yrs,Not Disclosed,Kolkata,3.4,5  Reviews,3+ weeks ago,https://www.naukri.com/job-listings-research-analyst-ratnabali-capital-markets-limited-rcml-kolkata-0-to-1-years-060225503005
Research Analyst,Stellar Market Research,0-2 Yrs,Not Disclosed,Pune,N/A,N/A,3+ weeks ago,https://www.naukri.com/job-listings-research-analyst-stellar-market-research-pvt-ltd-pune-0-to-2-years-060125507455
Analyst,Altfort Capital,3-8 Yrs,Not Disclosed,Mumbai,4.7,6  Reviews,3+ weeks ago,https://www.naukri.com/job-listings-analyst-altfort-capital-mumbai-3-to-8-years-050925506373
Associate Product Analyst,Vistex Asia Pacific,0-2 Yrs,Not Disclosed,Hyderabad,3.7,104  Reviews,3+ weeks ago,https://www.naukri.com/job-listings-associate-product-analyst-vistex-asia-pacific-pvt-ltd-hyderabad-0-to-2-years-050825502073
Biness Analyst,Motion Education,1-4 Yrs,Not Disclosed,Kota,3.3,211  Reviews,3+ weeks ago,https://www.naukri.com/job-listings-biness-analyst-motion-education-pvt-ltd-kota-1-to-4-years-041225500364
Research Analyst,Flyways Softwares And Solutions,0-2 Yrs,Not Disclosed,Kanyakumari,N/A,N/A,3+ weeks ago,https://www.naukri.com/job-listings-research-analyst-flyways-softwares-and-solutions-kanyakumari-0-to-2-years-041224502466
Services Analyst,Akamai,2-7 Yrs,Not Disclosed,Bengaluru,4.4,486  Reviews,1 week ago,https://www.naukri.com/job-listings-services-analyst-akamai-technologies-bengaluru-2-to-7-years-040626502290
Sales Analyst,Supranix Technologies,0-3 Yrs,Not Disclosed,Ranchi,N/A,N/A,3+ weeks ago,https://www.naukri.com/job-listings-sales-analyst-suparnix-technologies-ranchi-0-to-3-years-031125504336
Research Analyst - Resume Dropbox,CapeStart,0-4 Yrs,Not Disclosed,Nagercoil,4.5,405  Reviews,3+ weeks ago,https://www.naukri.com/job-listings-research-analyst-resume-dropbox-capestart-software-private-limited-nagercoil-0-to-4-years-030225500317
IN-Manager- Web Analyst _D&A-Advisory,PwC Service Delivery Center,8-12 Yrs,Not Disclosed,Bengaluru,3.3,12897  Reviews,3+ weeks ago,https://www.naukri.com/job-listings-in-manager-web-analyst-d-a-advisory-pricewaterhouse-coopers-service-delivery-center-kolkata-bengaluru-8-to-12-years-020725503773
Financial Analyst,Hewlett Packard Enterprise,10-15 Yrs,Not Disclosed,Bengaluru,4.0,4678  Reviews,3+ weeks ago,https://www.naukri.com/job-listings-financial-analyst-hewlett-packard-enterprise-bengaluru-10-to-15-years-020426506394
Data Analyst- Tally and Excel Expert,Synergy Hpl Solutions Llp,1-3 Yrs,Not Disclosed,Kolkata(Dalhousie),N/A,N/A,3+ weeks ago,https://www.naukri.com/job-listings-data-analyst-tally-and-excel-expert-synergy-hpl-solutions-llp-kolkata-1-to-3-years-180526013910
Senior Data Scientist - GOM,Getinz Techno Services,5-7 Yrs,Not Disclosed,Chennai,3.8,8  Reviews,3+ weeks ago,https://www.naukri.com/job-listings-senior-data-scientist-gom-getinz-techno-services-chennai-5-to-7-years-290126506109
Mis Executive,AnandRathi,3-8 Yrs,Not Disclosed,Mumbai(Goregaon East),3.4,292  Reviews,3 weeks ago,https://www.naukri.com/job-listings-mis-executive-anandrathi-mumbai-3-to-8-years-250526036260
Sr Associate Data Scientist,Amgen Inc,7-9 Yrs,Not Disclosed,Hyderabad,2.8,166  Reviews,5 days ago,https://www.naukri.com/job-listings-sr-associate-data-scientist-amgen-inc-hyderabad-7-to-9-years-110626924624
Senior Data Scientist,Minfy,6-8 Yrs,Not Disclosed,Hyderabad,3.1,117  Reviews,5 days ago,https://www.naukri.com/job-listings-senior-data-scientist-minfy-hyderabad-6-to-8-years-110626504993
Sr. Data Scientist,Athena Global Education,3-5 Yrs,Not Disclosed,Pune,3.2,9  Reviews,5 days ago,https://www.naukri.com/job-listings-sr-data-scientist-athena-global-education-pune-3-to-5-years-110626504818
Senior Data Scientist,Solenis,8-13 Yrs,50-65 Lacs PA ,Hybrid - Hyderabad,3.6,30  Reviews,5 days ago,https://www.naukri.com/job-listings-senior-data-scientist-solenis-hyderabad-8-to-13-years-110626029739
Senior Data Scientist,Puresoftware Technology,5-9 Yrs,30-40 Lacs PA ,Hybrid - Pune,2.9,589  Reviews,1 week ago,https://www.naukri.com/job-listings-senior-data-scientist-puresoftware-technology-pune-5-to-9-years-090626033986
Senior Data Scientist,Caterpillar Inc,8-13 Yrs,Not Disclosed,Chennai,4.1,1708  Reviews,3+ weeks ago,https://www.naukri.com/job-listings-senior-data-scientist-caterpillar-brazil-chennai-8-to-13-years-311025508601
Senior Manager - Data Scientist,M&G Global Services,6-10 Yrs,Not Disclosed,"Hybrid - Mumbai, Pune",3.5,187  Reviews,2 weeks ago,https://www.naukri.com/job-listings-senior-manager-data-scientist-m-g-global-services-mumbai-pune-6-to-10-years-290526023048
Senior Data Scientist,Welspun World,5-9 Yrs,Not Disclosed,Hyderabad,3.7,684  Reviews,2 weeks ago,https://www.naukri.com/job-listings-senior-data-scientist-welspun-world-hyderabad-5-to-9-years-290526000023
Sr.Data Scientist,Ecolab Global Services,3-4 Yrs,Not Disclosed,Pune,3.4,234  Reviews,2 weeks ago,https://www.naukri.com/job-listings-sr-data-scientist-ecolab-global-services-private-limited-pune-3-to-4-years-270526935638
Senior Data Scientist Cyber Threat Intelligence,APM Terminals,7-12 Yrs,Not Disclosed,Pune,4.3,230  Reviews,3+ weeks ago,https://www.naukri.com/job-listings-senior-data-scientist-cyber-threat-intelligence-apm-terminal-sport-india-pune-7-to-12-years-240426503595
Associate Senior Data Scientist,The World Bank,10-15 Yrs,Not Disclosed,Chennai,3.8,112  Reviews,3+ weeks ago,https://www.naukri.com/job-listings-associate-senior-data-scientist-world-bank-chennai-10-to-15-years-200426503658
Senior Data Scientist,Caterpillar Inc,6-11 Yrs,Not Disclosed,Chennai,4.1,1708  Reviews,3+ weeks ago,https://www.naukri.com/job-listings-senior-data-scientist-caterpillar-brazil-chennai-6-to-11-years-160126501993
Senior Data scientist,Crayon Data,4-7 Yrs,Not Disclosed,Chennai,3.5,42  Reviews,4 days ago,https://www.naukri.com/job-listings-senior-data-scientist-crayon-data-chennai-4-to-7-years-141025922054
Business Lead Analytics & Data Insights (FMCG),Love In Store,2-6 Yrs,Not Disclosed,Mumbai,3.9,88  Reviews,4 days ago,https://www.naukri.com/job-listings-business-lead-analytics-data-insights-fmcg-love-in-store-mumbai-2-to-6-years-120626505254
Senior Data Scientist,brillio-2,5-10 Yrs,Not Disclosed,Gurugram,3.3,1342  Reviews,4 days ago,https://www.naukri.com/job-listings-senior-data-scientist-brillio-2-gurugram-5-to-10-years-120626504574
Business Lead Analytics & Data Insights (FMCG),Love In Store,2-6 Yrs,Not Disclosed,Gurugram,3.9,88  Reviews,4 days ago,https://www.naukri.com/job-listings-business-lead-analytics-data-insights-fmcg-love-in-store-gurugram-2-to-6-years-120626502899
Senior/Lead Data Scientist,Tredence,5-10 Yrs,Not Disclosed,Hybrid - Gurugram,3.3,729  Reviews,5 days ago,https://www.naukri.com/job-listings-senior-lead-data-scientist-tredence-gurugram-5-to-10-years-110626013480
Senior Data Scientist,Tredence,5-7 Yrs,Not Disclosed,Hybrid - Gurugram,3.3,729  Reviews,5 days ago,https://www.naukri.com/job-listings-senior-data-scientist-tredence-gurugram-5-to-7-years-110626011380
Sr. Associate Data Scientist,Amgen Inc,3-5 Yrs,Not Disclosed,Hyderabad,2.8,166  Reviews,6 days ago,https://www.naukri.com/job-listings-sr-associate-data-scientist-amgen-inc-hyderabad-3-to-5-years-100626930158
Senior Data Scientist,Bluphlux,5-10 Yrs,Not Disclosed,Hyderabad,N/A,N/A,6 days ago,https://www.naukri.com/job-listings-senior-data-scientist-bluphlux-hyderabad-5-to-10-years-100626503862
Sr Data Scientist LLM & Generative AI,Rinalytics Advisors,5-10 Yrs,Not Disclosed,Hyderabad,N/A,N/A,6 days ago,https://www.naukri.com/job-listings-sr-data-scientist-llm-generative-ai-rinalytics-advisors-hyderabad-5-to-10-years-100626503518
Senior Data Scientist ML,Rinalytics Advisors,5-8 Yrs,Not Disclosed,Hyderabad,N/A,N/A,6 days ago,https://www.naukri.com/job-listings-senior-data-scientist-ml-rinalytics-advisors-hyderabad-5-to-8-years-100626503100
Senior Data Scientist,Tredence,5-8 Yrs,Not Disclosed,Hybrid - Kolkata,3.3,729  Reviews,1 week ago,https://www.naukri.com/job-listings-senior-data-scientist-tredence-kolkata-5-to-8-years-090626027058
Senior/Lead Data Scientist,Tredence,6-11 Yrs,Not Disclosed,Hybrid - Kolkata,3.3,729  Reviews,1 week ago,https://www.naukri.com/job-listings-senior-lead-data-scientist-tredence-kolkata-6-to-11-years-090626011550
Principal/Sr Data Scientist,Comviva Technology,2-5 Yrs,Not Disclosed,Gurugram,2.8,1023  Reviews,3+ weeks ago,https://www.naukri.com/job-listings-principal-sr-data-scientist-comviva-technologies-limited-gurugram-2-to-5-years-301224506167
Junior Cybersecurity Governance Analyst,Egdk,N/A,Unpaid ,Bengaluru,3.7,135  Reviews,Starts in 1-3 months,https://www.naukri.com/job-listings-junior-cybersecurity-governance-analyst-eg-a-s-bengaluru-1-to-2-years-231225503123
GenAI / Python coding (Data Scientist) - Senior Level,Firstsource,10-16 Yrs,Not Disclosed,Remote,3.5,5867  Reviews,3 weeks ago,https://www.naukri.com/job-listings-genai-python-coding-data-scientist-senior-level-firstsource-hyderabad-10-to-16-years-220526016583
Senior Data Scientist,Grid Dynamics,5-10 Yrs,Not Disclosed,Hyderabad,3.1,116  Reviews,3+ weeks ago,https://www.naukri.com/job-listings-senior-data-scientist-grid-dynamics-hyderabad-5-to-10-years-160426503472
Senior Data Scientist,Decimal Point Analytics,3-8 Yrs,Not Disclosed,Chennai,2.7,331  Reviews,3+ weeks ago,https://www.naukri.com/job-listings-senior-data-scientist-decision-point-analytics-chennai-3-to-8-years-060624500822
"Data Scientists with exp in GenAI,Gen ai,Agentic,Python, NLP, LLM,RAG",Quadrangle,5-11 Yrs,Not Disclosed,"Noida, Pune, Bengaluru",4.2,20  Reviews,1 day ago,https://www.naukri.com/job-listings-data-scientists-with-exp-in-genai-gen-ai-agentic-python-nlp-llm-rag-quadrangle-noida-pune-bengaluru-5-to-11-years-150626034519
Data scientist (Banking)- US MNC (analytics),US MNC (analytics),3-8 Yrs,20-35 Lacs PA ,"Hybrid - Pune, Gurugram, Bengaluru",N/A,N/A,1 day ago,https://www.naukri.com/job-listings-data-scientist-banking-us-mnc-analytics-aspyra-hr-services-pune-gurugram-bengaluru-3-to-8-years-150626002088
Lead Data Scientist,US MNC (Analytics),6-10 Yrs,27.5-42.5 Lacs PA ,"Hybrid - Gurugram, Bengaluru, Delhi / NCR",N/A,N/A,1 day ago,https://www.naukri.com/job-listings-lead-data-scientist-aspyra-hr-services-gurugram-bengaluru-delhi-ncr-6-to-10-years-150626001927
Principal Data Scientist,GE VERNOVA,10-15 Yrs,Not Disclosed,Bengaluru,4.1,1517  Reviews,Few hours ago,https://www.naukri.com/job-listings-principal-data-scientist-ge-renewable-energy-technologies-private-limited-bengaluru-10-to-15-years-160626930737
Data Scientist,Great Learning,1-6 Yrs,Not Disclosed,"Gurugram, Bengaluru",3.4,519  Reviews,Few hours ago,https://www.naukri.com/job-listings-data-scientist-greatlearning-gurugram-bengaluru-1-to-6-years-160626504641
Data Scientist,Tata Consultancy Services(TCS),8-13 Yrs,10-20 Lacs PA ,"Hybrid - Pune, Bengaluru, Delhi / NCR",N/A,N/A,Today,https://www.naukri.com/job-listings-data-scientist-it-scient-pune-bengaluru-delhi-ncr-8-to-13-years-160626004302
Data Scientist 2,Bread Financial,2-5 Yrs,Not Disclosed,Bengaluru,3.7,240  Reviews,1 day ago,https://www.naukri.com/job-listings-data-scientist-2-bread-financial-bengaluru-2-to-5-years-150626502961
Data Scientist,Onzestt Services,8-10 Yrs,Not Disclosed,"Pune, Chennai, Bengaluru",N/A,N/A,1 day ago,https://www.naukri.com/job-listings-data-scientist-onzestt-services-pune-chennai-bengaluru-8-to-10-years-150626029500
Data Scientist (Machine Learning),US MNC (analytics),4-9 Yrs,20-35 Lacs PA ,"Hybrid - Gurugram, Bengaluru, Delhi / NCR",N/A,N/A,1 day ago,https://www.naukri.com/job-listings-data-scientist-machine-learning-aspyra-hr-services-gurugram-bengaluru-delhi-ncr-4-to-9-years-150626002112
Business Development Executive,Interviewbit Software Services,0-3 Yrs,6-7.5 Lacs PA ,"Gurugram, Bengaluru",3.5,547  Reviews,3+ weeks ago,https://www.naukri.com/job-listings-business-development-executive-interviewbit-software-services-gurugram-bengaluru-0-to-3-years-150526031719
Principal Data Scientist,Signify,12-17 Yrs,Not Disclosed,Bengaluru,3.4,962  Reviews,1 week ago,https://www.naukri.com/job-listings-principal-data-scientist-signify-bengaluru-12-to-17-years-050626501218
Data Scientist,ti Steps,2-5 Yrs,3-6 Lacs PA ,"Hyderabad, Chennai, Bengaluru",3.9,18  Reviews,Today,https://www.naukri.com/job-listings-data-scientist-ti-steps-hyderabad-chennai-bengaluru-2-to-5-years-241025012787
Sn Geospatial Data Scientist,Varaha Systems,5-10 Yrs,Not Disclosed,Bengaluru,N/A,N/A,Few hours ago,https://www.naukri.com/job-listings-sn-geospatial-data-scientist-varaha-systems-inc-bengaluru-5-to-10-years-160626502807
Data Scientist,Ingersoll Rand,4-5 Yrs,Not Disclosed,Bengaluru,3.8,437  Reviews,Today,https://www.naukri.com/job-listings-data-scientist-ingersoll-rand-india-limited-bengaluru-4-to-5-years-160626500676
Data Scientist,Axiscades Engineering Technologies,4-9 Yrs,10-20 Lacs PA ,"Chennai, Bengaluru",3.1,587  Reviews,Few hours ago,https://www.naukri.com/job-listings-data-scientist-axiscades-engineering-technologies-chennai-bengaluru-4-to-9-years-160626032894
Data Scientist,confidential,5-10 Yrs,Not Disclosed,"Chennai, Bengaluru",N/A,N/A,Today,https://www.naukri.com/job-listings-data-scientist-tech-tales-accelerantz-chennai-bengaluru-5-to-10-years-160626009437
Embedded AI Data Scientist,Version 1,3-7 Yrs,Not Disclosed,Bengaluru,3.7,97  Reviews,1 day ago,https://www.naukri.com/job-listings-embedded-ai-data-scientist-version-1-services-private-limited-bengaluru-3-to-7-years-150626938114
Data Scientist,Cyient,5-9 Yrs,Not Disclosed,Bengaluru,N/A,N/A,1 day ago,https://www.naukri.com/job-listings-data-scientist-naukri-e-hire-campaign-bengaluru-5-to-9-years-150626005147
Data Scientist,ICICI Lombard,3-8 Yrs,Not Disclosed,Mumbai,3.5,5889  Reviews,4 days ago,https://www.naukri.com/job-listings-data-scientist-icici-lombard-mumbai-3-to-8-years-120626011880
Data Scientist -Pan India-   13th May (Wed) - Virtual Interview,Tata Consultancy Services,5-10 Yrs,Not Disclosed,"India, Hyderabad, Delhi / NCR",3.3,115896  Reviews,2 weeks ago,https://www.naukri.com/job-listings-data-scientist-pan-india-13th-may-wed-virtual-interview-tata-consultancy-services-hyderabad-delhi-ncr-india-5-to-10-years-110526013627
Data Scientist II,Mastercard,4-8 Yrs,Not Disclosed,Gurugram,3.8,1017  Reviews,6 days ago,https://www.naukri.com/job-listings-data-scientist-ii-mastercard-india-services-private-limited-gurugram-4-to-8-years-100626930327
Lead Data Scientist,Yash Technologies,8-12 Yrs,35-45 Lacs PA ,Pune,3.6,2044  Reviews,1 week ago,https://www.naukri.com/job-listings-lead-data-scientist-yash-technologies-pune-8-to-12-years-090626026897
Data Scientist,Ecolab Global Services,3-5 Yrs,Not Disclosed,Bengaluru,3.4,234  Reviews,1 week ago,https://www.naukri.com/job-listings-data-scientist-ecolab-global-services-private-limited-bengaluru-3-to-5-years-080626934255
Data Scientist,Paytm,2-7 Yrs,Not Disclosed,Gurugram,3.2,9456  Reviews,1 week ago,https://www.naukri.com/job-listings-data-scientist-one97-communications-limited-gurugram-2-to-7-years-080626933456
S&C Global Network - AI - Retail - Consultant - Data Scientist,Accenture,3-7 Yrs,Not Disclosed,Gurugram,3.7,74541  Reviews,1 week ago,https://www.naukri.com/job-listings-s-c-global-network-ai-retail-consultant-data-scientist-accenture-solutions-pvt-ltd-gurugram-3-to-7-years-080626915497
Data Scientist,Ecolab Global Services,3-5 Yrs,Not Disclosed,Bengaluru,3.4,234  Reviews,1 week ago,https://www.naukri.com/job-listings-data-scientist-ecolab-global-services-private-limited-bengaluru-3-to-5-years-080626912194
Data Scientist - Gen AI,Fractal Analytics,3-5 Yrs,Not Disclosed,Chennai,4.0,1065  Reviews,1 week ago,https://www.naukri.com/job-listings-data-scientist-gen-ai-fractal-analytics-ltd-chennai-3-to-5-years-080626500797
Data Scientist,Tata Consultancy Services,6-11 Yrs,Not Disclosed,Chennai,3.3,115896  Reviews,1 week ago,https://www.naukri.com/job-listings-data-scientist-tata-consultancy-services-chennai-6-to-11-years-080626001617
Principal Data Scientist,MakeMyTrip,7-11 Yrs,Not Disclosed,Bengaluru,2.5,184  Reviews,1 week ago,https://www.naukri.com/job-listings-principal-data-scientist-makemytrip-bengaluru-7-to-11-years-050626021586
Lead Data Scientist | Coforge | Bangalore,Coforge,6-8 Yrs,15-30 Lacs PA ,Hybrid - Bengaluru,3.3,8954  Reviews,1 week ago,https://www.naukri.com/job-listings-lead-data-scientist-coforge-bangalore-coforge-bengaluru-6-to-8-years-050626018844
Data Scientist,Tata Consultancy Services,9-14 Yrs,Not Disclosed,"Noida, Gurugram, Delhi / NCR",3.3,115896  Reviews,1 week ago,https://www.naukri.com/job-listings-data-scientist-tata-consultancy-services-noida-gurugram-delhi-ncr-9-to-14-years-050626012612
Data Scientist,Tata Consultancy Services,4-9 Yrs,Not Disclosed,"Noida, Gurugram, Delhi / NCR",3.3,115896  Reviews,1 week ago,https://www.naukri.com/job-listings-data-scientist-tata-consultancy-services-noida-gurugram-delhi-ncr-4-to-9-years-050626011471
Data & AI Scientist,Lloyds Technology Centre India,7-12 Yrs,Not Disclosed,Hyderabad,3.5,268  Reviews,1 week ago,https://www.naukri.com/job-listings-data-ai-scientist-lloyds-technology-centre-india-hyderabad-7-to-12-years-040626501812
Tech Lead - Data Scientist,KSB,5-8 Yrs,Not Disclosed,Pune,3.7,786  Reviews,1 week ago,https://www.naukri.com/job-listings-tech-lead-data-scientist-ksb-pumps-limited-pune-5-to-8-years-030626502602
"Associate, Specialist Data Scientist, Transformation and Data",DBS Bank,3-8 Yrs,Not Disclosed,Mumbai,3.7,2641  Reviews,1 week ago,https://www.naukri.com/job-listings-associate-specialist-data-scientist-transformation-and-data-dbs-bank-ltd-mumbai-3-to-8-years-030626502176
Data Scientist II,Conduent,3-7 Yrs,Not Disclosed,Hyderabad,3.4,3335  Reviews,2 weeks ago,https://www.naukri.com/job-listings-data-scientist-ii-conduent-business-services-india-llp-hyderabad-3-to-7-years-010626911852
Lead Data and AI Scientist,Lloyds Technology Centre India,16-22 Yrs,Not Disclosed,Hyderabad,3.5,268  Reviews,2 weeks ago,https://www.naukri.com/job-listings-lead-data-and-ai-scientist-lloyds-technology-centre-india-hyderabad-16-to-22-years-010626505140
Data-scientist - Machine Learning & AI,Hdfc Bank,7-12 Yrs,Not Disclosed,"Gurugram, Delhi / NCR, Mumbai (All Areas)",3.8,53286  Reviews,2 weeks ago,https://www.naukri.com/job-listings-data-scientist-machine-learning-ai-hdfc-bank-gurugram-delhi-ncr-mumbai-all-areas-7-to-12-years-010626012906
Data Scientist,Tata Consultancy Services,6-11 Yrs,12-22 Lacs PA ,Chennai,3.3,115896  Reviews,1 week ago,https://www.naukri.com/job-listings-data-scientist-tata-consultancy-services-chennai-6-to-11-years-080626035269
Lead Data & AI Scientist,Lloyds Technology Centre India,18-22 Yrs,Not Disclosed,Hyderabad,3.5,268  Reviews,1 week ago,https://www.naukri.com/job-listings-lead-data-ai-scientist-lloyds-technology-centre-india-hyderabad-18-to-22-years-040626502116
Data Scientist - MLOps,Barclays,2-7 Yrs,Not Disclosed,Pune,3.8,1165  Reviews,1 week ago,https://www.naukri.com/job-listings-data-scientist-mlops-barclays-shared-services-pune-2-to-7-years-040626500371
Data Scientist,Tata Consultancy Services,6-10 Yrs,Not Disclosed,"Chennai, Delhi / NCR",3.3,115896  Reviews,1 week ago,https://www.naukri.com/job-listings-data-scientist-tata-consultancy-services-chennai-delhi-ncr-6-to-10-years-040626017259
Data Scientist AIML,Tata Consultancy Services,4-9 Yrs,Not Disclosed,Hyderabad,3.3,115896  Reviews,1 week ago,https://www.naukri.com/job-listings-data-scientist-aiml-tata-consultancy-services-hyderabad-4-to-9-years-040626010656
Senior Snowflake Developer (With Azure Data Factory- Lead),Coforge,10-15 Yrs,Not Disclosed,"Hyderabad, Pune, Greater Noida",3.3,8954  Reviews,Today,https://www.naukri.com/job-listings-senior-snowflake-developer-with-azure-data-factory-lead-coforge-hyderabad-pune-greater-noida-10-to-15-years-160626007519
Senior Data Governance Consultant - Collibra - Pan India,Crescendo Global,6-10 Yrs,Not Disclosed,"Hybrid - Pune, Gurugram, Bengaluru",N/A,N/A,4 days ago,https://www.naukri.com/job-listings-senior-data-governance-consultant-collibra-pan-india-crescendo-global-leadership-hiring-india-pune-gurugram-bengaluru-6-to-10-years-120626014958
Senior Data Engineer,Alt-s Technology,7-12 Yrs,40-45 Lacs PA ,"Noida, Pune, Bengaluru",N/A,N/A,1 week ago,https://www.naukri.com/job-listings-senior-data-engineer-alt-s-technology-noida-pune-bengaluru-7-to-12-years-090626925679
Business Analyst,Ergode It Services,2-7 Yrs,Not Disclosed,Kolkata,3.2,460  Reviews,3+ weeks ago,https://www.naukri.com/job-listings-business-analyst-ergode-it-services-pvt-ltd-kolkata-2-to-7-years-080426503929
Senior Data Engineer,TEKsystems,6-11 Yrs,19-32.5 Lacs PA ,"Hybrid - Hyderabad, Pune, Delhi / NCR",N/A,N/A,3+ weeks ago,https://www.naukri.com/job-listings-senior-data-engineer-allegis-group-hyderabad-pune-delhi-ncr-6-to-11-years-080426012964
Senior Data Engineer,Iris Software,6-9 Yrs,Not Disclosed,"Hybrid - Noida, Pune, Gurugram",3.7,1916  Reviews,1 week ago,https://www.naukri.com/job-listings-senior-data-engineer-iris-software-noida-pune-gurugram-6-to-9-years-040626017295
Technical Business Analyst,Service Industry,8-13 Yrs,Not Disclosed,"Hybrid - Hyderabad, Pune, Mumbai (All Areas)",N/A,N/A,2 weeks ago,https://www.naukri.com/job-listings-technical-business-analyst-prodcon-tech-services-hyderabad-pune-mumbai-all-areas-8-to-13-years-300526012486
Lead I - Business Analysis,UST,7-12 Yrs,Not Disclosed,Thiruvananthapuram,3.7,5781  Reviews,2 weeks ago,https://www.naukri.com/job-listings-lead-i-business-analysis-ust-thiruvananthapuram-7-to-12-years-290526504900
Business Analyst,banking,7-12 Yrs,Not Disclosed,"Hybrid - Hyderabad, Pune, Delhi / NCR",N/A,N/A,2 weeks ago,https://www.naukri.com/job-listings-business-analyst-purview-services-hyderabad-pune-delhi-ncr-7-to-12-years-280526928147
Business Analyst,banking,6-10 Yrs,Not Disclosed,"Hybrid - Hyderabad, Pune",N/A,N/A,2 weeks ago,https://www.naukri.com/job-listings-business-analyst-purview-services-hyderabad-pune-6-to-10-years-280526928097
Senior Data Engineer,Globallogic,4-9 Yrs,20-26 Lacs PA ,Hyderabad,3.5,5861  Reviews,2 weeks ago,https://www.naukri.com/job-listings-senior-data-engineer-globallogic-hyderabad-4-to-9-years-280526018702
Senior Expert Data Engineer,Indium Global Services,8-13 Yrs,Not Disclosed,Bengaluru,N/A,N/A,2 weeks ago,https://www.naukri.com/job-listings-senior-expert-data-engineer-indium-global-services-pvt-ltd-bengaluru-8-to-13-years-270526502673
Business Analyst,Finvesco Capital,3-4 Yrs,Not Disclosed,Hyderabad,4.2,10  Reviews,2 weeks ago,https://www.naukri.com/job-listings-business-analyst-finvesco-hyderabad-3-to-4-years-270526502313
Senior Data Engineer - Hyderabad,Optum,2-7 Yrs,15-22.5 Lacs PA ,Hybrid - Hyderabad,4.0,8091  Reviews,3 weeks ago,https://www.naukri.com/job-listings-senior-data-engineer-hyderabad-optum-hyderabad-2-to-7-years-260526034477
EY - GDS Consulting - AI And DATA - AWS Data Engineer - Senior,EY,4-9 Yrs,Not Disclosed,Pune,3.4,14833  Reviews,3 weeks ago,https://www.naukri.com/job-listings-ey-gds-consulting-ai-and-data-aws-data-engineer-senior-ernst-young-llp-pune-4-to-9-years-250526915384
Senior Manager Data Science & Data engineering,Factspan Analytics,10-18 Yrs,Not Disclosed,"Bangalore Rural, Bengaluru",3.3,147  Reviews,6 days ago,https://www.naukri.com/job-listings-senior-manager-data-science-data-engineering-factspan-analytics-bangalore-rural-bengaluru-10-to-18-years-240426013924
Business Analyst,MSN Group,6-8 Yrs,12-14 Lacs PA ,Hyderabad(Kothur),3.6,3166  Reviews,3 weeks ago,https://www.naukri.com/job-listings-business-analyst-msn-group-hyderabad-6-to-8-years-220526031097
Business Analyst,Apex 2000 INC,3-6 Yrs,Not Disclosed,Chennai,3.3,7  Reviews,3 weeks ago,https://www.naukri.com/job-listings-business-analyst-apex-2000-inc-chennai-3-to-6-years-210526500741
Business Analyst,Rezo,4-5 Yrs,Not Disclosed,Noida,1.8,9  Reviews,3+ weeks ago,https://www.naukri.com/job-listings-business-analyst-rezo-ai-noida-4-to-5-years-210426500557
Business Analyst (Banking Analytics),US MNC (analytics),3-8 Yrs,15-30 Lacs PA ,"Hybrid - Pune, Gurugram, Delhi / NCR",N/A,N/A,3 weeks ago,https://www.naukri.com/job-listings-business-analyst-banking-analytics-aspyra-hr-services-pune-gurugram-delhi-ncr-3-to-8-years-200526045333
Business Analyst,Empowered Margins,5-10 Yrs,Not Disclosed,Noida,3.3,8  Reviews,3+ weeks ago,https://www.naukri.com/job-listings-business-analyst-empowered-margins-noida-5-to-10-years-190226502170
Business Analyst,Squircle IT,4-7 Yrs,Not Disclosed,Mumbai,N/A,N/A,3+ weeks ago,https://www.naukri.com/job-listings-business-analyst-squircle-it-consulting-services-pvt-ltd-mumbai-4-to-7-years-140126503160
Senior Data Engineer,EXL,6-11 Yrs,14-24 Lacs PA ,"Gurugram, Bengaluru",3.6,8713  Reviews,3 days ago,https://www.naukri.com/job-listings-senior-data-engineer-exl-gurugram-bengaluru-6-to-11-years-130626000058
Senior Data Analyat Professional,Electronic Arts,3-8 Yrs,Not Disclosed,Hyderabad,3.9,271  Reviews,3+ weeks ago,https://www.naukri.com/job-listings-senior-data-analyat-professional-electronic-arts-hyderabad-3-to-8-years-120526503035
Senior Data Engineer,Ganit Business Solutions,6-10 Yrs,0-25 Lacs PA ,"Mumbai, Bengaluru",3.8,221  Reviews,5 days ago,https://www.naukri.com/job-listings-senior-data-engineer-ganit-business-solutions-mumbai-bengaluru-6-to-10-years-110626016224
Business Analyst,Kroll,3-5 Yrs,Not Disclosed,Hyderabad,3.5,241  Reviews,3+ weeks ago,https://www.naukri.com/job-listings-business-analyst-kroll-associates-india-pvt-ltd-hyderabad-3-to-5-years-110226500998
Senior Data Engineer,Koantek,6-8 Yrs,Not Disclosed,"Hyderabad, Navi Mumbai, Bengaluru",3.2,66  Reviews,6 days ago,https://www.naukri.com/job-listings-senior-data-engineer-koantek-hyderabad-navi-mumbai-bengaluru-6-to-8-years-100626017741
Sr. Data Engineer - Databricks/Azure - 5+ Years - PAN India (Hybrid),Crescendo Global,5-10 Yrs,Not Disclosed,"Hybrid - Pune, Bengaluru, Delhi / NCR",N/A,N/A,3 days ago,https://www.naukri.com/job-listings-sr-data-engineer-databricks-azure-5-years-pan-india-hybrid-crescendo-global-leadership-hiring-india-pune-bengaluru-delhi-ncr-5-to-10-years-060626006326
Senior Data Engineer,Ness Digital Engineering,5-8 Yrs,Not Disclosed,"Hybrid - Noida, New Delhi",3.2,710  Reviews,1 week ago,https://www.naukri.com/job-listings-senior-data-engineer-ness-digital-engineering-noida-new-delhi-5-to-8-years-050626024639
Senior Engineer - Data Analytics,SLK Software,5-10 Yrs,Not Disclosed,Chennai,3.2,1422  Reviews,2 weeks ago,https://www.naukri.com/job-listings-senior-engineer-data-analytics-slk-software-services-private-limited-chennai-5-to-10-years-020626502959
Senior Engineer - Data Science,SLK Software,6-10 Yrs,Not Disclosed,Chennai,3.2,1422  Reviews,2 weeks ago,https://www.naukri.com/job-listings-senior-engineer-data-science-slk-software-services-private-limited-chennai-6-to-10-years-020626502805
Senior Engineer - Data Science,SLK Software,6-10 Yrs,Not Disclosed,Chennai,3.2,1422  Reviews,2 weeks ago,https://www.naukri.com/job-listings-senior-engineer-data-science-slk-software-services-private-limited-chennai-6-to-10-years-020626502778
Business Analyst (BA),Mobile Programming,5-10 Yrs,Not Disclosed,Mumbai,2.9,516  Reviews,3+ weeks ago,https://www.naukri.com/job-listings-business-analyst-ba-mobileprogramming-mumbai-5-to-10-years-020426508715
Business Analyst,Ngauge Digital,5-10 Yrs,Not Disclosed,Nagpur,N/A,N/A,3+ weeks ago,https://www.naukri.com/job-listings-business-analyst-ngauge-digital-nagpur-5-to-10-years-020426508272
Data Engineer-Senior II-14,FedEx,5-7 Yrs,Not Disclosed,Chennai,4.0,1396  Reviews,3+ weeks ago,https://www.naukri.com/job-listings-data-engineer-senior-ii-14-fedex-express-chennai-5-to-7-years-010526502493
Data Engineer-Senior II-10,FedEx,5-7 Yrs,Not Disclosed,Chennai,4.0,1396  Reviews,3+ weeks ago,https://www.naukri.com/job-listings-data-engineer-senior-ii-10-fedex-express-chennai-5-to-7-years-010526502492
Data Engineer-Senior II-5,FedEx,5-7 Yrs,Not Disclosed,Chennai,4.0,1396  Reviews,3+ weeks ago,https://www.naukri.com/job-listings-data-engineer-senior-ii-5-fedex-express-chennai-5-to-7-years-010526502491
Data Engineer-Senior II-1,FedEx,2-6 Yrs,Not Disclosed,Chennai,4.0,1396  Reviews,3+ weeks ago,https://www.naukri.com/job-listings-data-engineer-senior-ii-1-fedex-express-chennai-2-to-6-years-010526502014
Data Engineer-Senior II-6,FedEx,5-7 Yrs,Not Disclosed,Chennai,4.0,1396  Reviews,3+ weeks ago,https://www.naukri.com/job-listings-data-engineer-senior-ii-6-fedex-express-chennai-5-to-7-years-010526502006
Data Engineer-Senior II-8,FedEx,5-7 Yrs,Not Disclosed,Chennai,4.0,1396  Reviews,3+ weeks ago,https://www.naukri.com/job-listings-data-engineer-senior-ii-8-fedex-express-chennai-5-to-7-years-010526502005
Data Engineer-Senior II-4,FedEx,5-7 Yrs,Not Disclosed,Chennai,4.0,1396  Reviews,3+ weeks ago,https://www.naukri.com/job-listings-data-engineer-senior-ii-4-fedex-express-chennai-5-to-7-years-010526502004
Data Engineer-Senior II-2,FedEx,5-7 Yrs,Not Disclosed,Chennai,4.0,1396  Reviews,3+ weeks ago,https://www.naukri.com/job-listings-data-engineer-senior-ii-2-fedex-express-chennai-5-to-7-years-010526502003
Data Engineer-Senior II-11,FedEx,5-7 Yrs,Not Disclosed,Chennai,4.0,1396  Reviews,3+ weeks ago,https://www.naukri.com/job-listings-data-engineer-senior-ii-11-fedex-express-chennai-5-to-7-years-010526502002
Data Engineer-Senior II-12,FedEx,5-7 Yrs,Not Disclosed,Chennai,4.0,1396  Reviews,3+ weeks ago,https://www.naukri.com/job-listings-data-engineer-senior-ii-12-fedex-express-chennai-5-to-7-years-010526502001
Data Engineer-Senior II-7,FedEx,5-7 Yrs,Not Disclosed,Chennai,4.0,1396  Reviews,3+ weeks ago,https://www.naukri.com/job-listings-data-engineer-senior-ii-7-fedex-express-chennai-5-to-7-years-010526502000
Data Engineer-Senior II-13,FedEx,5-7 Yrs,Not Disclosed,Chennai,4.0,1396  Reviews,3+ weeks ago,https://www.naukri.com/job-listings-data-engineer-senior-ii-13-fedex-express-chennai-5-to-7-years-010526501999
Data Engineer-Senior II-9,FedEx,5-7 Yrs,Not Disclosed,Chennai,4.0,1396  Reviews,3+ weeks ago,https://www.naukri.com/job-listings-data-engineer-senior-ii-9-fedex-express-chennai-5-to-7-years-010526501998
Data Engineer-Senior II-3,FedEx,11-12 Yrs,Not Disclosed,Chennai,4.0,1396  Reviews,3+ weeks ago,https://www.naukri.com/job-listings-data-engineer-senior-ii-3-fedex-express-chennai-11-to-12-years-010526501994
Business Analyst,Echofeel,4-5 Yrs,Not Disclosed,Mumbai,2.7,8  Reviews,3+ weeks ago,https://www.naukri.com/job-listings-business-analyst-echofeel-mumbai-4-to-5-years-310316502464
Business Analyst,Empclaims Solutions Llp,3-7 Yrs,"50,000-1.25 Lacs PA ",Ahmedabad,2.9,21  Reviews,2 weeks ago,https://www.naukri.com/job-listings-business-analyst-empclaims-solutions-llp-ahmedabad-3-to-7-years-300526013076
Senior Data Engineer,Dr. Martens,4-6 Yrs,Not Disclosed,Hybrid - Bengaluru(Manayata Tech Park),N/A,N/A,1 week ago,https://www.naukri.com/job-listings-senior-data-engineer-dr-martens-bengaluru-4-to-6-years-300426016059
IN-Senior Associate_Python Developer_ Data and Analytics_Advisory,PwC Service Delivery Center,6-9 Yrs,Not Disclosed,Kolkata,3.3,12897  Reviews,3+ weeks ago,https://www.naukri.com/job-listings-in-senior-associate-python-developer-data-and-analytics-advisory-pricewaterhouse-coopers-service-delivery-center-kolkata-kolkata-6-to-9-years-300326502458
EY - GDS Consulting - AI And DATA - AWS Data Engineer - Senior,EY,4-7 Yrs,Not Disclosed,Pune,3.4,14833  Reviews,3+ weeks ago,https://www.naukri.com/job-listings-ey-gds-consulting-ai-and-data-aws-data-engineer-senior-ernst-young-pune-4-to-7-years-300326501785
Salesforce FSC Business Analyst,Tekskills India Pvt ltd,5-10 Yrs,Not Disclosed,Pune,N/A,N/A,2 weeks ago,https://www.naukri.com/job-listings-salesforce-fsc-business-analyst-tekskills-pune-5-to-10-years-290526921414
Salesforce FSC Business Analyst,Tekskills India Pvt ltd,5-10 Yrs,Not Disclosed,Chennai,N/A,N/A,2 weeks ago,https://www.naukri.com/job-listings-salesforce-fsc-business-analyst-tekskills-chennai-5-to-10-years-290526921412
Microsoft Dynamics 365 CRM Technical Business Analyst,Tekskills India pvt ltd,4-6 Yrs,Not Disclosed,Chennai,N/A,N/A,2 weeks ago,https://www.naukri.com/job-listings-microsoft-dynamics-365-crm-technical-business-analyst-tekskills-chennai-4-to-6-years-290526916701
Opening For Business Analyst/ Finance Analyst,Tekskills India Pvt ltd,6-10 Yrs,Not Disclosed,Hyderabad,N/A,N/A,2 weeks ago,https://www.naukri.com/job-listings-opening-for-business-analyst-finance-analyst-tekskills-hyderabad-6-to-10-years-290526916201
Opening For Business Analyst/ Finance Analyst,Tekskills India Pvt ltd,6-10 Yrs,Not Disclosed,Pune,N/A,N/A,2 weeks ago,https://www.naukri.com/job-listings-opening-for-business-analyst-finance-analyst-tekskills-pune-6-to-10-years-290526916199
ASCA Business Analyst,Top B2B MNC in Management Consulting Domain,1-3 Yrs,1-5 Lacs PA ,Nagpur,N/A,N/A,2 weeks ago,https://www.naukri.com/job-listings-asca-business-analyst-tekskills-nagpur-1-to-3-years-290526915731
ASCA Business Analyst,Top B2B MNC in Management Consulting Domain,1-3 Yrs,1-5 Lacs PA ,Pune,N/A,N/A,2 weeks ago,https://www.naukri.com/job-listings-asca-business-analyst-tekskills-pune-1-to-3-years-290526915727
Business Analyst,Hops Healthcare,2-5 Yrs,Not Disclosed,Ahmedabad,2.5,19  Reviews,2 weeks ago,https://www.naukri.com/job-listings-business-analyst-hops-healthcare-ahmedabad-2-to-5-years-290526507987
Business Systems Analyst- Payment Intelligence,AArete,4-9 Yrs,Not Disclosed,Pune,4.1,15  Reviews,2 weeks ago,https://www.naukri.com/job-listings-business-systems-analyst-intelligence-aarete-pune-4-to-9-years-290526505927
Business System Analyst,Getclarity Fintech Services,2-3 Yrs,4.5-5 Lacs PA ,Noida(Sector 125),3.4,70  Reviews,2 weeks ago,https://www.naukri.com/job-listings-business-system-analyst-getclarity-fintech-services-noida-2-to-3-years-290526004918
Business Analyst,Paramount Health Services,4-6 Yrs,Not Disclosed,Thane,3.9,581  Reviews,3+ weeks ago,https://www.naukri.com/job-listings-business-analyst-paramount-health-services-tpa-pvt-ltd-thane-4-to-6-years-281125500510
Business Analyst,Dreamworth Solutions,2-5 Yrs,Not Disclosed,Mumbai,3.1,27  Reviews,2 weeks ago,https://www.naukri.com/job-listings-business-analyst-dreamworth-solutions-mumbai-2-to-5-years-280526929869
Business System Analyst And Snowflake,Leading Client,5-10 Yrs,Not Disclosed,Hyderabad,N/A,N/A,2 weeks ago,https://www.naukri.com/job-listings-business-system-analyst-and-snowflake-ideslabs-private-limited-hyderabad-5-to-10-years-280526921524
Technical Business Analyst,Neuronimbus Software Services,3-8 Yrs,Not Disclosed,Remote,4.1,77  Reviews,2 weeks ago,https://www.naukri.com/job-listings-technical-business-analyst-neuronimbus-software-services-gurugram-3-to-8-years-280526027707
Technical Business Analyst,Unistanz Software,2-4 Yrs,Not Disclosed,"Mumbai, Mumbai Suburban, Mumbai (All Areas)",3.5,30  Reviews,2 weeks ago,https://www.naukri.com/job-listings-technical-business-analyst-unistanz-software-mumbai-mumbai-suburban-mumbai-all-areas-2-to-4-years-280526024633
Urgent Opening For Business Analyst,Management and Computer Consultants (MCC),3-6 Yrs,Not Disclosed,Kolkata(New Town),3.6,54  Reviews,2 weeks ago,https://www.naukri.com/job-listings-urgent-opening-for-business-analyst-management-and-computer-consultants-mcc-kolkata-3-to-6-years-280526018376
Business Analyst,Maxiq Pune,1-3 Yrs,Not Disclosed,Pune,2.2,4  Reviews,3+ weeks ago,https://www.naukri.com/job-listings-business-analyst-maxiq-pune-1-to-3-years-280425500347
Control-M Business Analyst,Gforce Consulting Solutions,1-5 Yrs,Not Disclosed,Pune,N/A,N/A,3+ weeks ago,https://www.naukri.com/job-listings-control-m-business-analyst-gforce-consulting-solutions-pune-1-to-5-years-270923501753
Servicenow Business Analyst,Service based Top B2B MNC in IT Services Sector,6-10 Yrs,Not Disclosed,Hybrid - Ahmedabad,N/A,N/A,2 weeks ago,https://www.naukri.com/job-listings-servicenow-business-analyst-kaizen-sra-technologies-ahmedabad-6-to-10-years-270526935256
Servicenow Business Analyst,Service based Top B2B MNC in IT Services Sector,6-10 Yrs,Not Disclosed,Hybrid - Kolkata,N/A,N/A,2 weeks ago,https://www.naukri.com/job-listings-servicenow-business-analyst-kaizen-sra-technologies-kolkata-6-to-10-years-270526935255
Servicenow Business Analyst,Service based Top B2B MNC in IT Services Sector,6-10 Yrs,Not Disclosed,Hybrid - Chennai,N/A,N/A,2 weeks ago,https://www.naukri.com/job-listings-servicenow-business-analyst-kaizen-sra-technologies-chennai-6-to-10-years-270526935254
Servicenow Business Analyst,Service based Top B2B MNC in IT Services Sector,6-10 Yrs,Not Disclosed,Hybrid - Pune,N/A,N/A,2 weeks ago,https://www.naukri.com/job-listings-servicenow-business-analyst-kaizen-sra-technologies-pune-6-to-10-years-270526935252
Servicenow Business Analyst,Service based Top B2B MNC in IT Services Sector,6-10 Yrs,Not Disclosed,Hybrid - Hyderabad,N/A,N/A,2 weeks ago,https://www.naukri.com/job-listings-servicenow-business-analyst-kaizen-sra-technologies-hyderabad-6-to-10-years-270526935251
Servicenow Business Analyst,Service based Top B2B MNC in IT Services Sector,6-10 Yrs,Not Disclosed,Hybrid - Mumbai,N/A,N/A,2 weeks ago,https://www.naukri.com/job-listings-servicenow-business-analyst-kaizen-sra-technologies-mumbai-6-to-10-years-270526935248
Servicenow Business Analyst,Service based Top B2B MNC in IT Services Sector,6-10 Yrs,Not Disclosed,Hybrid - Chennai,N/A,N/A,2 weeks ago,https://www.naukri.com/job-listings-servicenow-business-analyst-kaizen-sra-technologies-chennai-6-to-10-years-270526935219
Servicenow Business Analyst,Service based Top B2B MNC in IT Services Sector,6-10 Yrs,Not Disclosed,Hybrid - Kochi,N/A,N/A,2 weeks ago,https://www.naukri.com/job-listings-servicenow-business-analyst-kaizen-sra-technologies-kochi-6-to-10-years-270526935210
Business Analyst,Olam International,8-10 Yrs,Not Disclosed,Chennai,3.7,277  Reviews,2 weeks ago,https://www.naukri.com/job-listings-business-analyst-mindsprint-chennai-8-to-10-years-270526504907
Senior Data Engineer,Lloyds Technology Centre India,6-12 Yrs,Not Disclosed,Hyderabad,3.5,268  Reviews,2 weeks ago,https://www.naukri.com/job-listings-senior-data-engineer-lloyds-technology-centre-india-hyderabad-6-to-12-years-270526504015
Sr.Associate_Master Data Management,Acuity Knowledge Partners,3-7 Yrs,Not Disclosed,Pune,3.1,1490  Reviews,2 weeks ago,https://www.naukri.com/job-listings-sr-associate-master-data-management-acuity-knowledge-partners-pune-3-to-7-years-270526501239
Business Analyst,Emcuso Solutions,3-8 Yrs,Not Disclosed,Hyderabad,2.9,21  Reviews,3+ weeks ago,https://www.naukri.com/job-listings-business-analyst-emcuso-hyderabad-3-to-8-years-260924502212
EY - GDS Consulting - AI And DATA - Snowflake -Senior Professional,EY,3-8 Yrs,Not Disclosed,Hyderabad,3.4,14833  Reviews,3 weeks ago,https://www.naukri.com/job-listings-ey-gds-consulting-ai-and-data-snowflake-senior-professional-ernst-young-llp-hyderabad-3-to-8-years-260526927141
GDS Consulting-AI And DATA-MS Fabric-Senior Professional,EY,4-7 Yrs,Not Disclosed,Noida,3.4,14833  Reviews,3 weeks ago,https://www.naukri.com/job-listings-gds-consulting-ai-and-data-ms-fabric-senior-professional-ernst-young-llp-noida-4-to-7-years-260526926839
Business Analyst,Srijan Spectrum,3-5 Yrs,Not Disclosed,Chennai,2.4,48  Reviews,3 weeks ago,https://www.naukri.com/job-listings-business-analyst-srijan-spectrum-pvt-ltd-chennai-3-to-5-years-260526505776
Business Analyst,Cogitate Technology Solutions,3-8 Yrs,Not Disclosed,Mumbai,3.2,60  Reviews,3 weeks ago,https://www.naukri.com/job-listings-business-analyst-cogitate-technology-solutions-mumbai-3-to-8-years-260526503007
Senior Consultant- Data Engineer,Evalueserve,8-13 Yrs,Not Disclosed,Gurugram,3.0,1525  Reviews,3 weeks ago,https://www.naukri.com/job-listings-senior-consultant-data-engineer-evalueserve-com-pvt-ltd-gurugram-8-to-13-years-260526500677
Sr Associate-Data Science,Cognizant,8-12 Yrs,Not Disclosed,Chennai,3.7,62199  Reviews,3 weeks ago,https://www.naukri.com/job-listings-sr-associate-data-science-cognizant-chennai-8-to-12-years-260526036186
Senior Hire - Data Science,Tiger Analytics,10-18 Yrs,Not Disclosed,"Remote, Hyderabad, Bengaluru",3.7,1007  Reviews,3 weeks ago,https://www.naukri.com/job-listings-senior-hire-data-science-tiger-analytics-remote-hyderabad-bengaluru-10-to-18-years-260526020632
Business Analyst,Recex,2-5 Yrs,Not Disclosed,Vasai,N/A,N/A,3 weeks ago,https://www.naukri.com/job-listings-business-analyst-recex-vasai-2-to-5-years-260526016820
Business Analyst,Talent Corner HR Services,2-5 Yrs,4.5-8 Lacs PA ,Hybrid - Chennai,N/A,N/A,3 weeks ago,https://www.naukri.com/job-listings-business-analyst-talent-corner-hr-services-chennai-2-to-5-years-260526015332
Team Lead Business Analyst,Brainvire Infotech,7-10 Yrs,Not Disclosed,Mumbai,2.8,490  Reviews,3+ weeks ago,https://www.naukri.com/job-listings-team-lead-business-analyst-brainvire-infotech-pvt-ltd-mumbai-7-to-10-years-260326501688
CX Business Analyst,Management Health Solutions India,5-10 Yrs,Not Disclosed,Hyderabad,4.8,18  Reviews,3+ weeks ago,https://www.naukri.com/job-listings-cx-business-analyst-ghx-hyderabad-5-to-10-years-260226506012
Senior Specialist - Data Engineering,Microland,4-8 Yrs,Not Disclosed,Bengaluru,3.5,1958  Reviews,3+ weeks ago,https://www.naukri.com/job-listings-senior-specialist-data-engineering-microland-limited-bengaluru-4-to-8-years-250825503762
Specialist Business Analyst (Life Sciences),Amgen Inc,1-4 Yrs,Not Disclosed,Hyderabad,2.8,166  Reviews,3 weeks ago,https://www.naukri.com/job-listings-specialist-business-analyst-life-sciences-amgen-inc-hyderabad-1-to-4-years-250526935333
Associate IS Business System Analyst - Veeva Promomats_ Medcomms,Amgen Inc,2-6 Yrs,Not Disclosed,Hyderabad,2.8,166  Reviews,3 weeks ago,https://www.naukri.com/job-listings-associate-is-business-system-analyst-veeva-promomats-medcomms-amgen-inc-hyderabad-2-to-6-years-250526935319
S&C Global Network - AI - CDI - Data Science Sr Manager,Accenture,6-9 Yrs,Not Disclosed,Gurugram,3.7,74541  Reviews,3 weeks ago,https://www.naukri.com/job-listings-s-c-global-network-ai-cdi-data-science-sr-manager-accenture-solutions-pvt-ltd-gurugram-6-to-9-years-250526926998
CA Business analyst,BCForward,4-6 Yrs,12-17 Lacs PA ,Ahmedabad,N/A,N/A,3 weeks ago,https://www.naukri.com/job-listings-ca-business-analyst-bcforward-ahmedabad-4-to-6-years-250526919086
CA Business analyst,BCForward,4-6 Yrs,12-17 Lacs PA ,Kolkata,N/A,N/A,3 weeks ago,https://www.naukri.com/job-listings-ca-business-analyst-bcforward-kolkata-4-to-6-years-250526919084
CA Business analyst,BCForward,4-6 Yrs,12-17 Lacs PA ,Chennai,N/A,N/A,3 weeks ago,https://www.naukri.com/job-listings-ca-business-analyst-bcforward-chennai-4-to-6-years-250526919081
CA Business analyst,BCForward,4-6 Yrs,12-17 Lacs PA ,Pune,N/A,N/A,3 weeks ago,https://www.naukri.com/job-listings-ca-business-analyst-bcforward-pune-4-to-6-years-250526919079
CA Business analyst,BCForward,4-6 Yrs,12-17 Lacs PA ,Hyderabad,N/A,N/A,3 weeks ago,https://www.naukri.com/job-listings-ca-business-analyst-bcforward-hyderabad-4-to-6-years-250526919077
CA Business analyst,BCForward,4-6 Yrs,12-17 Lacs PA ,Mumbai,N/A,N/A,3 weeks ago,https://www.naukri.com/job-listings-ca-business-analyst-bcforward-mumbai-4-to-6-years-250526919075
S&C Global Network - AI - CDI - Data Science  Sr Manager,Accenture,6-9 Yrs,Not Disclosed,Gurugram,3.7,74541  Reviews,3 weeks ago,https://www.naukri.com/job-listings-s-c-global-network-ai-cdi-data-science-sr-manager-accenture-solutions-pvt-ltd-gurugram-6-to-9-years-250526917481
Senior Data Engineer,Morningstar,5-9 Yrs,Not Disclosed,Hybrid - Navi Mumbai,3.7,1445  Reviews,3 weeks ago,https://www.naukri.com/job-listings-senior-data-engineer-morningstar-navi-mumbai-5-to-9-years-250526010676
Business Analyst,Growbiz Solutions,5-10 Yrs,Not Disclosed,Chandigarh,N/A,N/A,3+ weeks ago,https://www.naukri.com/job-listings-business-analyst-growbiz-solutions-inc-chandigarh-5-to-10-years-250226502524
Business Analyst (Power BI & SQL),anblicks,4-9 Yrs,Not Disclosed,Ahmedabad,4.1,90  Reviews,3+ weeks ago,https://www.naukri.com/job-listings-business-analyst-power-bi-sql-anblicks-ahmedabad-4-to-9-years-240326500874
Business Analyst,Echofeel,4-9 Yrs,Not Disclosed,Mumbai,2.7,8  Reviews,3+ weeks ago,https://www.naukri.com/job-listings-business-analyst-echofeel-mumbai-4-to-9-years-231220500585
Business Analyst,Risk Advisors Inc.,1-5 Yrs,Not Disclosed,Mumbai,N/A,N/A,3+ weeks ago,https://www.naukri.com/job-listings-business-analyst-risk-advisors-inc-mumbai-1-to-5-years-230326501732
Capital Markets Business Analyst,Han Digital Solution,3-6 Yrs,Not Disclosed,"Mumbai, Nagpur, Thane, Nashik, Pune, Aurangabad",N/A,N/A,3+ weeks ago,https://www.naukri.com/job-listings-capital-markets-business-analyst-han-digital-solution-mumbai-nagpur-thane-nashik-pune-aurangabad-3-to-6-years-221125501083
Technical Business Analyst,Toppan Merrill,3-5 Yrs,Not Disclosed,Gurugram,3.8,214  Reviews,3 weeks ago,https://www.naukri.com/job-listings-technical-business-analyst-toppan-merrill-technology-services-private-limited-gurugram-3-to-5-years-220526504882
Technical Business Analyst,Toppan Merrill,3-5 Yrs,Not Disclosed,Hyderabad,3.8,214  Reviews,3 weeks ago,https://www.naukri.com/job-listings-technical-business-analyst-toppan-merrill-technology-services-private-limited-hyderabad-3-to-5-years-220526504881
Business Analyst,Payglocal,3-4 Yrs,Not Disclosed,Pune,3.4,12  Reviews,3 weeks ago,https://www.naukri.com/job-listings-business-analyst-payglocal-pune-3-to-4-years-220526501766
Business Analyst & Process Manager,Jinvani Channel,1-2 Yrs,Not Disclosed,Agra,4.1,11  Reviews,3 weeks ago,https://www.naukri.com/job-listings-business-analyst-process-manager-jinvani-channel-agra-1-to-2-years-220526500888
Senior Data Consultant,ALLIANZ SERVICES PRIVATE LIMITED,3-8 Yrs,Not Disclosed,Pune,4.0,598  Reviews,3 weeks ago,https://www.naukri.com/job-listings-senior-data-consultant-allianz-services-private-limited-pune-3-to-8-years-220526031445
Business Analyst,Qube Cinema,3-6 Yrs,Not Disclosed,Chennai,3.7,183  Reviews,3+ weeks ago,https://www.naukri.com/job-listings-business-analyst-qube-cinema-chennai-3-to-6-years-220126503914
Business Analyst (Marketing),Habuild,2-4 Yrs,Not Disclosed,Gurugram,3.5,8  Reviews,3 weeks ago,https://www.naukri.com/job-listings-business-analyst-marketing-habuild-gurugram-2-to-4-years-210526501060
Business Analyst,S2 Tech,9-14 Yrs,20-25 Lacs PA ,Remote,N/A,N/A,3 weeks ago,https://www.naukri.com/job-listings-business-analyst-s2-tech-hyderabad-9-to-14-years-210526014150
Jr. Business Analyst,LMD Consulting,2-7 Yrs,Not Disclosed,Jaipur,4.0,11  Reviews,3+ weeks ago,https://www.naukri.com/job-listings-jr-business-analyst-lmd-consulting-jaipur-2-to-7-years-210426502075
Technical Business Analyst,Onemagnify,1-4 Yrs,Not Disclosed,Chennai,4.2,33  Reviews,3+ weeks ago,https://www.naukri.com/job-listings-technical-business-analyst-onemagnify-chennai-1-to-4-years-210226501932
Business Analyst,Intworks Solutions,6-11 Yrs,Not Disclosed,Hyderabad,N/A,N/A,3 weeks ago,https://www.naukri.com/job-listings-business-analyst-intworks-hyderabad-6-to-11-years-200526502828
Business Analyst,Supple Tek,5-10 Yrs,Not Disclosed,Amritsar,3.5,178  Reviews,3 weeks ago,https://www.naukri.com/job-listings-business-analyst-supple-tek-industries-pvt-ltd-amritsar-5-to-10-years-200526501452
Business Analyst / Product Owner (AI),delaPlex,2-4 Yrs,Not Disclosed,Nagpur,4.2,226  Reviews,3 weeks ago,https://www.naukri.com/job-listings-business-analyst-product-owner-ai-delaplex-software-nagpur-2-to-4-years-200526500807
Business Analyst- Project manager-- US MNC (Analytics),US MNC (analytics),4-8 Yrs,15-30 Lacs PA ,"Hybrid - Pune, Gurugram",N/A,N/A,3 weeks ago,https://www.naukri.com/job-listings-business-analyst-project-manager-us-mnc-analytics-aspyra-hr-services-pune-gurugram-4-to-8-years-200526043305
Business Analyst,Naukri Expert Assist,2-7 Yrs,8-10 Lacs PA ,Gurugram,N/A,N/A,3 weeks ago,https://www.naukri.com/job-listings-business-analyst-naukri-employer-services-gurugram-2-to-7-years-200526036719
Business Analyst,Ethics Infinity,7-8 Yrs,Not Disclosed,Vadodara,5.0,3  Reviews,3+ weeks ago,https://www.naukri.com/job-listings-business-analyst-ethics-infinity-pvt-ltd-vadodara-7-to-8-years-200426501626
Business Analyst,Clustor Computing,1-5 Yrs,Not Disclosed,Nagpur,3.9,17  Reviews,3+ weeks ago,https://www.naukri.com/job-listings-business-analyst-cluster-computing-nagpur-1-to-5-years-200326502152
Business Analyst,Eicore Technologies,4-5 Yrs,Not Disclosed,Gurugram,3.7,56  Reviews,3+ weeks ago,https://www.naukri.com/job-listings-business-analyst-eicore-technologies-gurugram-4-to-5-years-200326501912
Business Analyst,Ergode It Services,2-5 Yrs,Not Disclosed,Siliguri,3.2,460  Reviews,3+ weeks ago,https://www.naukri.com/job-listings-business-analyst-ergode-it-services-pvt-ltd-siliguri-2-to-5-years-200126504082
Business Analyst (Travel&FinTech Domain),TIGI HR SOLUTION PVT. LTD.,5-10 Yrs,Not Disclosed,Gurugram,N/A,N/A,3+ weeks ago,https://www.naukri.com/job-listings-business-analyst-travel-fintech-domain-tigi-hr-solution-pvt-ltd-gurugram-5-to-10-years-191225503371
Business Analyst - Software Development,Texala India,1-3 Yrs,Not Disclosed,Pune,2.8,30  Reviews,3+ weeks ago,https://www.naukri.com/job-listings-business-analyst-software-development-texala-india-pune-1-to-3-years-190526503115
Sr. DATA Engineer,Aziro,7-10 Yrs,Not Disclosed,Bengaluru,3.6,231  Reviews,3+ weeks ago,https://www.naukri.com/job-listings-sr-data-engineer-msys-tech-india-pvt-ltd-bengaluru-7-to-10-years-190526502450
Business Analyst,Quarks Technosoft,5-8 Yrs,Not Disclosed,Hyderabad,3.6,146  Reviews,3+ weeks ago,https://www.naukri.com/job-listings-business-analyst-quarks-hyderabad-5-to-8-years-190526500776
IT Business Systems Analyst,Revvity Healthcare,8-13 Yrs,Not Disclosed,Mumbai,3.8,15  Reviews,3+ weeks ago,https://www.naukri.com/job-listings-it-business-systems-analyst-revvity-healthcare-mumbai-8-to-13-years-190526500401
Business Analyst,Simplify Healthcare,3-6 Yrs,Not Disclosed,Hybrid - Pune,2.6,204  Reviews,3+ weeks ago,https://www.naukri.com/job-listings-business-analyst-simplify-healthcare-pune-3-to-6-years-190526038155
Business System Analyst,Assurant Automotive Warranty Solutions,5-10 Yrs,15-20 Lacs PA ,Hybrid - Hyderabad,4.0,25  Reviews,3+ weeks ago,https://www.naukri.com/job-listings-business-system-analyst-assurant-automotive-warranty-solutions-hyderabad-5-to-10-years-190526024258
Business Analyst,Pixelstat Esolutions Development,1-4 Yrs,Not Disclosed,Mumbai,3.4,5  Reviews,3+ weeks ago,https://www.naukri.com/job-listings-business-analyst-pixelstat-esolutions-development-pvt-ltd-mumbai-1-to-4-years-190226503834
Data Science Research Senior Manager,Accenture,14-19 Yrs,Not Disclosed,Hyderabad,3.7,74541  Reviews,3+ weeks ago,https://www.naukri.com/job-listings-data-science-research-senior-manager-accenture-solutions-pvt-ltd-hyderabad-14-to-19-years-180526920947
Business Analyst,TD Synnex,5-10 Yrs,Not Disclosed,Chennai,3.8,12  Reviews,3+ weeks ago,https://www.naukri.com/job-listings-business-analyst-td-synnex-chennai-5-to-10-years-180526502603
Business Analyst,AM Infoweb,3-6 Yrs,Not Disclosed,Pune,3.8,567  Reviews,3+ weeks ago,https://www.naukri.com/job-listings-business-analyst-am-infoweb-pune-3-to-6-years-180526016541
Business Analyst,Impronics Technologies,4-9 Yrs,Not Disclosed,Gurugram,N/A,N/A,3+ weeks ago,https://www.naukri.com/job-listings-business-analyst-impronics-technologies-gurugram-4-to-9-years-180425503020
IT Business Analyst f m d,Thinkproject,1-4 Yrs,Not Disclosed,Pune,2.1,11  Reviews,3+ weeks ago,https://www.naukri.com/job-listings-it-business-analyst-f-m-d-thinkproject-pune-1-to-4-years-180226502168
Business Analyst,CAMBRIDGE TECHNOLOGY ENTERPRISES (CTE),2-4 Yrs,Not Disclosed,Hyderabad,3.2,131  Reviews,3+ weeks ago,https://www.naukri.com/job-listings-business-analyst-cambridge-technology-india-pvt-ltd-hyderabad-2-to-4-years-170326500529
Technical Business Analyst   - 6+ Yrs - Chennai,A MNC Client of GSN,6-11 Yrs,20-30 Lacs PA ,Chennai,N/A,N/A,3+ weeks ago,https://www.naukri.com/job-listings-technical-business-analyst-6-yrs-chennai-gsn-consulting-chennai-6-to-11-years-150526031453
Business Analyst Trainee,APA Engineering,1-2 Yrs,Not Disclosed,Remote,4.0,90  Reviews,3+ weeks ago,https://www.naukri.com/job-listings-business-analyst-trainee-apa-engineering-chennai-1-to-2-years-150526029293
Financial Business Analyst,Ascend Performance Materials,5-10 Yrs,Not Disclosed,Hybrid - Chennai(Taramani),4.0,13  Reviews,3+ weeks ago,https://www.naukri.com/job-listings-financial-business-analyst-ascend-performance-materials-chennai-5-to-10-years-150526017508
Business Analyst,Rarr Technologies,2-5 Yrs,Not Disclosed,Mumbai,4.2,37  Reviews,3+ weeks ago,https://www.naukri.com/job-listings-business-analyst-rarr-technologies-mumbai-2-to-5-years-150126501992
Business Analyst Intern,Evoastra Ventures,1-4 Yrs,Not Disclosed,Hyderabad,4.2,18  Reviews,3+ weeks ago,https://www.naukri.com/job-listings-business-analyst-intern-evoastra-ventures-pvt-ltd-hyderabad-1-to-4-years-140725503480
Business Analyst,HELYXON Healthcare,3-5 Yrs,Not Disclosed,Chennai,1.8,8  Reviews,3+ weeks ago,https://www.naukri.com/job-listings-business-analyst-helyxon-healthcare-solutions-chennai-3-to-5-years-140625500458
Business Systems Analyst,Fastly,5-7 Yrs,Not Disclosed,Pune,N/A,N/A,3+ weeks ago,https://www.naukri.com/job-listings-business-systems-analyst-fastly-pune-5-to-7-years-140526502502
Business Analyst For HR,Squircle IT,4-6 Yrs,Not Disclosed,Mumbai,N/A,N/A,3+ weeks ago,https://www.naukri.com/job-listings-business-analyst-for-hr-squircle-it-consulting-services-pvt-ltd-mumbai-4-to-6-years-140126502552
Business Analyst,Mobigic Technologies,3-6 Yrs,Not Disclosed,Thane,2.3,20  Reviews,3+ weeks ago,https://www.naukri.com/job-listings-business-analyst-mobigic-technologies-private-limited-thane-3-to-6-years-131124504427
Senior Data Engineer,Zinnov Management Consulting,2-5 Yrs,Not Disclosed,Bengaluru,3.2,225  Reviews,3+ weeks ago,https://www.naukri.com/job-listings-senior-data-engineer-zinnov-management-consulting-pvt-ltd-bengaluru-2-to-5-years-130526503360
Senior Data Engineer,Luxoft,10-15 Yrs,Not Disclosed,Bengaluru,3.6,843  Reviews,4 days ago,https://www.naukri.com/job-listings-senior-data-engineer-luxoft-india-llp-bengaluru-10-to-15-years-120626916422
Senior Data Engineer,Altera Corporation,4-8 Yrs,Not Disclosed,Bengaluru,N/A,N/A,4 days ago,https://www.naukri.com/job-listings-senior-data-engineer-altera-bengaluru-4-to-8-years-120626503741
Senior Engineer - Data,Wesco,4-7 Yrs,Not Disclosed,Bengaluru,3.7,67  Reviews,5 days ago,https://www.naukri.com/job-listings-senior-engineer-data-aelux-a-division-of-wesco-bengaluru-4-to-7-years-110626504951
Senior Data Engineer,Nam Info Pvt Ltd,6-11 Yrs,Not Disclosed,"Hybrid - Hyderabad, Chennai, Bengaluru",N/A,N/A,6 days ago,https://www.naukri.com/job-listings-senior-data-engineer-nam-info-hyderabad-chennai-bengaluru-6-to-11-years-110526032092
Business Analyst - Scrum,Sequoia Applied Technologies,6-10 Yrs,Not Disclosed,Chennai,4.7,32  Reviews,3+ weeks ago,https://www.naukri.com/job-listings-business-analyst-scrum-sequoia-applied-technologies-chennai-6-to-10-years-110325502820
Business Analyst,bijlipay,2-5 Yrs,3.5-4.5 Lacs PA ,Chennai,3.4,124  Reviews,3+ weeks ago,https://www.naukri.com/job-listings-business-analyst-bijlipay-chennai-2-to-5-years-101225018995
Manager - Software Business Analysis,Dayal Group,3-5 Yrs,Not Disclosed,Meerut,4.0,179  Reviews,3+ weeks ago,https://www.naukri.com/job-listings-manager-software-business-analysis-dayal-fertilizer-pvt-ltd-meerut-3-to-5-years-100725501286
Senior Data Engineer - Ag & Trading,Cargill,5-10 Yrs,Not Disclosed,Bengaluru,3.9,2156  Reviews,6 days ago,https://www.naukri.com/job-listings-senior-data-engineer-ag-trading-cargill-business-services-india-private-limited-bengaluru-5-to-10-years-100626930026
Senior Data Engineer,Cognite,8-13 Yrs,Not Disclosed,Bengaluru,2.0,6  Reviews,6 days ago,https://www.naukri.com/job-listings-senior-data-engineer-cognite-bengaluru-8-to-13-years-100626503871
Senior Data Engineer I,Elsevier,9-12 Yrs,Not Disclosed,Bengaluru,3.6,189  Reviews,6 days ago,https://www.naukri.com/job-listings-senior-data-engineer-i-reed-elsevier-india-a-part-of-relx-india-pvt-ltd-bengaluru-9-to-12-years-100626500251
DST Business Analyst and Business Intelligence Developer,Husky Injection Molding Systems,5-10 Yrs,Not Disclosed,Chennai(Guindy),4.2,115  Reviews,3+ weeks ago,https://www.naukri.com/job-listings-dst-business-analyst-and-business-intelligence-developer-husky-injection-molding-systems-chennai-5-to-10-years-100326012665
Business Analysts,YES Crm Consultants,1-2 Yrs,Not Disclosed,Mumbai,2.7,2  Reviews,3+ weeks ago,https://www.naukri.com/job-listings-business-analysts-yes-crm-consultants-mumbai-1-to-2-years-100226503955
Business Analyst (BA),Iqud Tek,3-8 Yrs,Not Disclosed,Gandhinagar,4.1,13  Reviews,3+ weeks ago,https://www.naukri.com/job-listings-business-analyst-ba-iqud-tek-gandhinagar-3-to-8-years-091225501493
Senior Data Engineer,Logmein,5-10 Yrs,Not Disclosed,Bengaluru,4.4,29  Reviews,1 week ago,https://www.naukri.com/job-listings-senior-data-engineer-logmein-bengaluru-5-to-10-years-090626500776
Senior Data Engineer AI & Analytics,Siemens Healthcare,7-12 Yrs,Not Disclosed,Bengaluru,4.0,382  Reviews,1 week ago,https://www.naukri.com/job-listings-senior-data-engineer-ai-analytics-siemens-healthcare-bengaluru-7-to-12-years-090626500707
SENIOR DATA ENGINEER - SQL,Happiest Minds Technologies,6-8 Yrs,Not Disclosed,Bengaluru,3.4,1467  Reviews,1 week ago,https://www.naukri.com/job-listings-senior-data-engineer-sql-happiest-minds-technologies-bengaluru-6-to-8-years-090626021721
Business Analyst (Salesforce),Accellor Inc,4-9 Yrs,Not Disclosed,Hyderabad,2.7,24  Reviews,3+ weeks ago,https://www.naukri.com/job-listings-business-analyst-salesforce-accellor-inc-hyderabad-4-to-9-years-090426500838
Senior AWS Glue Data Engineer,Global MNC,6-11 Yrs,Not Disclosed,"Hyderabad, Bengaluru, Delhi / NCR",N/A,N/A,5 days ago,https://www.naukri.com/job-listings-senior-aws-glue-data-engineer-hucon-solutions-hyderabad-bengaluru-delhi-ncr-6-to-11-years-081225025900
Business Analyst,Almonds Ai,2-7 Yrs,Not Disclosed,Gurugram,4.3,133  Reviews,3+ weeks ago,https://www.naukri.com/job-listings-business-analyst-almonds-ai-gurugram-2-to-7-years-081124502392
Business Analyst (Datawarehousing):,Openace,2-7 Yrs,Not Disclosed,Hyderabad,N/A,N/A,3+ weeks ago,https://www.naukri.com/job-listings-business-analyst-datawarehousing-openace-llc-hyderabad-2-to-7-years-081117501830
Senior Data Engineer,Stantec,10-15 Yrs,Not Disclosed,Pune,4.0,27  Reviews,1 week ago,https://www.naukri.com/job-listings-senior-data-engineer-stantec-pune-10-to-15-years-080626501365
Hotel Distribution Analyst (API Business),Tripjack,2-4 Yrs,Not Disclosed,Mumbai,3.9,201  Reviews,3+ weeks ago,https://www.naukri.com/job-listings-hotel-distribution-analyst-api-business-tripjack-mumbai-2-to-4-years-080526500793
Business Analyst,IDESLABS,5-10 Yrs,Not Disclosed,Gurugram,3.8,23  Reviews,3+ weeks ago,https://www.naukri.com/job-listings-business-analyst-ideslabs-private-limited-gurugram-5-to-10-years-071223501414
Business Analyst,IDESLABS,5-9 Yrs,Not Disclosed,Chennai,3.8,23  Reviews,3+ weeks ago,https://www.naukri.com/job-listings-business-analyst-ideslabs-private-limited-chennai-5-to-9-years-071223500988
Senior Specialist - Data Engineering,Microland,5-8 Yrs,Not Disclosed,Bengaluru,3.5,1958  Reviews,3+ weeks ago,https://www.naukri.com/job-listings-senior-specialist-data-engineering-microland-limited-bengaluru-5-to-8-years-071125500971
Senior Specialist - Data Engineering,Microland,5-8 Yrs,Not Disclosed,Bengaluru,3.5,1958  Reviews,3+ weeks ago,https://www.naukri.com/job-listings-senior-specialist-data-engineering-microland-limited-bengaluru-5-to-8-years-071125500970
Technical Professional - Data Science/ Sr/ Principal Data Science,Halliburton,5-10 Yrs,Not Disclosed,Bengaluru,3.6,343  Reviews,3+ weeks ago,https://www.naukri.com/job-listings-technical-professional-data-science-sr-principal-data-science-halliburton-bengaluru-5-to-10-years-070526502798
Technical Business Analyst,Pronix It Solutions,1-5 Yrs,Not Disclosed,Hyderabad,3.9,11  Reviews,3+ weeks ago,https://www.naukri.com/job-listings-technical-business-analyst-pronix-inc-hyderabad-1-to-5-years-070125505937
Business Process Reengineering (BPR) Business Analyst,Kasadara Technology Solutions Pvt Ltd,3-8 Yrs,Not Disclosed,Coimbatore,4.0,45  Reviews,3+ weeks ago,https://www.naukri.com/job-listings-business-process-reengineering-bpr-business-analyst-kasadara-technology-solutions-pvt-ltd-coimbatore-3-to-8-years-050526502600
"Business Process Analyst (SME, Metricstream & ERM)",Glencore,8-13 Yrs,Not Disclosed,Chennai,3.5,24  Reviews,3+ weeks ago,https://www.naukri.com/job-listings-business-process-analyst-sme-metricstream-erm-glencore-chennai-8-to-13-years-050226501319
Senior Data Engineer,Lloyds Technology Centre India,6-9 Yrs,Not Disclosed,Hyderabad,3.5,268  Reviews,3+ weeks ago,https://www.naukri.com/job-listings-senior-data-engineer-lloyds-technology-centre-india-hyderabad-6-to-9-years-040526501556
Business Analyst,Premad Software Solutions,2-7 Yrs,Not Disclosed,Jaipur,N/A,N/A,3+ weeks ago,https://www.naukri.com/job-listings-business-analyst-premad-software-solutions-pvt-ltd-jaipur-2-to-7-years-031224506578
Business Analyst,Scarbluu,1-3 Yrs,Not Disclosed,Mumbai,4.0,2  Reviews,3+ weeks ago,https://www.naukri.com/job-listings-business-analyst-scarbluu-mumbai-1-to-3-years-031224506305
Senior Data Engineer - Data & AI Platform,Mastercard,4-8 Yrs,Not Disclosed,Pune,3.8,1017  Reviews,1 week ago,https://www.naukri.com/job-listings-senior-data-engineer-data-ai-platform-mastercard-india-services-private-limited-pune-4-to-8-years-030626930889
Senior Data Engineer-3,Mastercard,5-10 Yrs,Not Disclosed,Gurugram,3.8,1017  Reviews,1 week ago,https://www.naukri.com/job-listings-senior-data-engineer-3-mastercard-india-services-private-limited-gurugram-5-to-10-years-030626930823
Business Analyst - Digital / Chennai / Immediate Joinner,Mount Talent Consulting,4-8 Yrs,10-12 Lacs PA ,Chennai,N/A,N/A,2 weeks ago,https://www.naukri.com/job-listings-business-analyst-digital-chennai-immediate-joinner-mount-talent-consulting-chennai-4-to-8-years-030426015400
Senior Staff Engineer - Data Engineering,SLK Software,3-8 Yrs,Not Disclosed,Chennai,3.2,1422  Reviews,2 weeks ago,https://www.naukri.com/job-listings-senior-staff-engineer-data-engineering-slk-software-services-private-limited-chennai-3-to-8-years-020626502799
Staff Business Systems Analyst,Mobile Programming,5-8 Yrs,Not Disclosed,Pune,2.9,516  Reviews,3+ weeks ago,https://www.naukri.com/job-listings-staff-business-systems-analyst-mobileprogramming-pune-5-to-8-years-020426508140
Senior Associate - Data Science,Axtria,2-5 Yrs,Not Disclosed,Noida,2.7,801  Reviews,2 weeks ago,https://www.naukri.com/job-listings-senior-associate-data-science-axtria-india-private-limited-noida-2-to-5-years-010626922441
Senior Data Engineer,Lloyds Technology Centre India,10-15 Yrs,Not Disclosed,Hyderabad,3.5,268  Reviews,3+ weeks ago,https://www.naukri.com/job-listings-senior-data-engineer-lloyds-technology-centre-india-hyderabad-10-to-15-years-010426502087
Principal Business Systems Analyst,Cornerstone,8-12 Yrs,Not Disclosed,"Hyderabad, Pune",3.3,185  Reviews,2 weeks ago,https://www.naukri.com/job-listings-principal-business-systems-analyst-cornerstone-hyderabad-pune-8-to-12-years-010326002995
Business Analyst,Fornax,3-8 Yrs,Not Disclosed,Mumbai,N/A,N/A,3+ weeks ago,https://www.naukri.com/job-listings-business-analyst-fornax-mumbai-3-to-8-years-311025502522
IN-Senior Associate_SAP BODS_ Data and Analytics_Advisory_Pan India,PwC Service Delivery Center,3-7 Yrs,Not Disclosed,Gurugram,3.3,12897  Reviews,3+ weeks ago,https://www.naukri.com/job-listings-in-senior-associate-sap-bods-data-and-analytics-advisory-pan-india-pricewaterhouse-coopers-service-delivery-center-kolkata-gurugram-3-to-7-years-310126501296
Oliver Wyman - Business Development Analyst,Oliver Wyman,2-7 Yrs,Not Disclosed,Gurugram,3.3,19  Reviews,3+ weeks ago,https://www.naukri.com/job-listings-oliver-wyman-business-development-analyst-oliver-wyman-gurugram-2-to-7-years-301225503536
Business Analyst,Tgsane Technologies,1-3 Yrs,Not Disclosed,Jaipur,1.1,2  Reviews,3+ weeks ago,https://www.naukri.com/job-listings-business-analyst-tgsane-technologies-jaipur-1-to-3-years-301025508843
Business Analyst,Sandcup Design Studio,2-7 Yrs,Not Disclosed,Ahmedabad,4.1,18  Reviews,3+ weeks ago,https://www.naukri.com/job-listings-business-analyst-sandcup-design-studio-ahmedabad-2-to-7-years-301025504755
Salesforce Business Analyst,Techaim Information Technologies,3-4 Yrs,Not Disclosed,Pune,4.1,25  Reviews,3+ weeks ago,https://www.naukri.com/job-listings-salesforce-business-analyst-techaim-pune-3-to-4-years-301025501286
Analyst  in Business Analyst,RIGHT STEP CONSULTING PRIVATE LIMITED,2-7 Yrs,Not Disclosed,Gurugram,N/A,N/A,3+ weeks ago,https://www.naukri.com/job-listings-analyst-in-business-analyst-right-step-consulting-private-limited-gurugram-2-to-7-years-300617501340
Business Intelligence Analyst,Priority Technology Holdings,4-9 Yrs,Not Disclosed,Chandigarh,3.6,95  Reviews,3+ weeks ago,https://www.naukri.com/job-listings-business-intelligence-analyst-priority-technology-holdings-chandigarh-4-to-9-years-300126506205
BUSINESS ANALYST,Jobstars Hr Solutions,3-8 Yrs,Not Disclosed,Kochi,N/A,N/A,3+ weeks ago,https://www.naukri.com/job-listings-business-analyst-jobstars-hr-solutions-private-limited-kochi-3-to-8-years-300126505293
Coupa Business Analyst,Yitro Global,1-4 Yrs,Not Disclosed,Hyderabad,2.7,4  Reviews,3+ weeks ago,https://www.naukri.com/job-listings-coupa-business-analyst-yitro-global-hyderabad-1-to-4-years-290925503618
Business Analyst,Yocreativ,1-3 Yrs,Not Disclosed,Gurugram,3.1,6  Reviews,3+ weeks ago,https://www.naukri.com/job-listings-business-analyst-yocreativ-gurugram-1-to-3-years-290725501990
Technical Business Analyst,Fidelity International,2-4 Yrs,Not Disclosed,Gurugram,3.5,784  Reviews,2 weeks ago,https://www.naukri.com/job-listings-technical-business-analyst-fil-india-business-and-research-services-private-limited-gurugram-2-to-4-years-290526920359
Business Analyst,Garudan Unmanned System,4-5 Yrs,Not Disclosed,Coimbatore,N/A,N/A,3+ weeks ago,https://www.naukri.com/job-listings-business-analyst-garudan-unmanned-system-private-limited-coimbatore-4-to-5-years-290525502415
MIS- Reporting Analyst Sr.Process Executive,Inspiration Manpower Consultancy Pvt. Ltd.,3-6 Yrs,Not Disclosed,Hyderabad,N/A,N/A,3+ weeks ago,https://www.naukri.com/job-listings-mis-reporting-analyst-sr-process-executive-inspiration-manpower-consultancy-pvt-ltd-hyderabad-3-to-6-years-290520501108
Business Analyst & BI Developer,Datachamps,1-5 Yrs,Not Disclosed,Nashik,3.0,4  Reviews,3+ weeks ago,https://www.naukri.com/job-listings-business-analyst-bi-developer-datachamps-nashik-1-to-5-years-290324500182
Business Analyst Experience,24x7 Internet Technologies,2-7 Yrs,Not Disclosed,Noida,4.2,4  Reviews,3+ weeks ago,https://www.naukri.com/job-listings-business-analyst-experience-24x7-internet-noida-2-to-7-years-280923500268
Salesforce Business Analyst,Elearning Solutions,2-5 Yrs,Not Disclosed,Pune,2.7,39  Reviews,3+ weeks ago,https://www.naukri.com/job-listings-salesforce-business-analyst-elearning-solutions-pune-2-to-5-years-280725500683
Business Analyst,OctaShop,1-4 Yrs,Not Disclosed,Mumbai,3.1,17  Reviews,3+ weeks ago,https://www.naukri.com/job-listings-business-analyst-octashop-eretail-services-private-limited-mumbai-1-to-4-years-280524501516
Business Analyst,OctaShop,1-5 Yrs,Not Disclosed,Mumbai,3.1,17  Reviews,3+ weeks ago,https://www.naukri.com/job-listings-business-analyst-octashop-eretail-services-private-limited-mumbai-1-to-5-years-280524501515
Business Analyst Required For UK Shift,Progmattic Ai,2-3 Yrs,Not Disclosed,Gurugram,3.4,12  Reviews,3+ weeks ago,https://www.naukri.com/job-listings-business-analyst-required-for-uk-shift-progmattic-ai-gurugram-2-to-3-years-271224500717
Business Analyst with SAP Implementation,The It Mind Services,2-5 Yrs,Not Disclosed,Hyderabad,4.1,17  Reviews,3+ weeks ago,https://www.naukri.com/job-listings-business-analyst-with-sap-implementation-the-it-mind-hyderabad-2-to-5-years-270825503608
Business Analyst - Technical,Makunai Global Technologies,2-6 Yrs,Not Disclosed,Noida,3.6,60  Reviews,3+ weeks ago,https://www.naukri.com/job-listings-business-analyst-technical-makunai-global-technologies-noida-2-to-6-years-270625507290
Business Analyst,PW,1-4 Yrs,Not Disclosed,Noida,3.6,2818  Reviews,2 weeks ago,https://www.naukri.com/job-listings-business-analyst-pw-noida-1-to-4-years-270526505310
Business Analyst,PW,3-7 Yrs,Not Disclosed,Noida,3.6,2818  Reviews,2 weeks ago,https://www.naukri.com/job-listings-business-analyst-pw-noida-3-to-7-years-270526505093
Business Analyst,Bondsindia,4-5 Yrs,Not Disclosed,Mumbai,2.1,29  Reviews,3+ weeks ago,https://www.naukri.com/job-listings-business-analyst-bondsindia-mumbai-4-to-5-years-270325503632
Technical Business Analyst using Databricks,Stack Digital,2-5 Yrs,Not Disclosed,Hyderabad,N/A,N/A,3+ weeks ago,https://www.naukri.com/job-listings-technical-business-analyst-using-databricks-stack-digital-hyderabad-2-to-5-years-270226500042
Business Analyst,Hmsa Consultancy,2-3 Yrs,Not Disclosed,Mumbai,N/A,N/A,3+ weeks ago,https://www.naukri.com/job-listings-business-analyst-konfer-netpresence-private-limited-mumbai-2-to-3-years-270225501493
Business Analyst Gathering & Analysis,ECS ME,5-8 Yrs,Not Disclosed,Hyderabad,4.3,131  Reviews,3+ weeks ago,https://www.naukri.com/job-listings-business-analyst-gathering-analysis-ecs-me-llc-hyderabad-5-to-8-years-270126503798
Technical Business Analyst II,Swiss Re,2-4 Yrs,Not Disclosed,Hyderabad,3.8,362  Reviews,3+ weeks ago,https://www.naukri.com/job-listings-technical-business-analyst-ii-swiss-re-hyderabad-2-to-4-years-260825504134
Senior Data Science Engineer,Adobe,12-17 Yrs,Not Disclosed,Noida,3.7,1416  Reviews,3+ weeks ago,https://www.naukri.com/job-listings-senior-data-science-engineer-adobe-systems-india-pvt-ltd-noida-12-to-17-years-260226506177
Business Analyst (Post Sales),Emizen Tech,1-3 Yrs,Not Disclosed,Jaipur,3.6,39  Reviews,3+ weeks ago,https://www.naukri.com/job-listings-business-analyst-post-sales-emizen-tech-pvt-ltd-jaipur-1-to-3-years-260224500128
Business Analyst ( Technical ),Phoneme Solutions,8-12 Yrs,Not Disclosed,Noida,3.9,6  Reviews,3+ weeks ago,https://www.naukri.com/job-listings-business-analyst-technical-phoneme-solutions-noida-8-to-12-years-251124500880
Business Analyst,Technical Offerings & System Solutions,2-4 Yrs,Not Disclosed,Noida,N/A,N/A,3+ weeks ago,https://www.naukri.com/job-listings-business-analyst-technical-offerings-system-solutions-pvt-ltd-noida-2-to-4-years-251025503894
Business Analyst,Moneymul Technologies Pvt Ltd,1-2 Yrs,Not Disclosed,Noida,3.6,22  Reviews,3+ weeks ago,https://www.naukri.com/job-listings-business-analyst-moneymul-noida-1-to-2-years-250924508428
Business Analyst,Xplorelogic,1-3 Yrs,Not Disclosed,Pune,N/A,N/A,3+ weeks ago,https://www.naukri.com/job-listings-business-analyst-xplorelogic-pune-1-to-3-years-250725503072
BUSINESS ANALYST,Alpharithm Technologies,6-8 Yrs,Not Disclosed,Mumbai,4.3,12  Reviews,3 weeks ago,https://www.naukri.com/job-listings-business-analyst-alpharithm-technologies-pvt-ltd-mumbai-6-to-8-years-250325501617
Lead Business Analyst,Anrgi Tech,6-11 Yrs,Not Disclosed,Thiruvananthapuram,N/A,N/A,3+ weeks ago,https://www.naukri.com/job-listings-lead-business-analyst-anrgi-tech-thiruvananthapuram-6-to-11-years-241225501482
"Business Analyst(HRMS, FA, RI, Ticketing)",India Insure Risk Management Insurance Broking Services,8-10 Yrs,Not Disclosed,Hyderabad,3.5,56  Reviews,3+ weeks ago,https://www.naukri.com/job-listings-business-analyst-hrms-fa-ri-ticketing-india-insure-risk-management-insurance-broking-s-hyderabad-8-to-10-years-241224504278
Business Analyst (Automotive/Manufacturing) - Meghna POC,Han Digital Solution,2-7 Yrs,Not Disclosed,"Mumbai, Nagpur, Thane, Nashik, Pune, Aurangabad",N/A,N/A,3+ weeks ago,https://www.naukri.com/job-listings-business-analyst-automotive-manufacturing-meghna-poc-han-digital-solution-mumbai-nagpur-thane-nashik-pune-aurangabad-2-to-7-years-241125507401
Business Analyst,Zeblearn Technologies,1-3 Yrs,Not Disclosed,Noida,4.3,26  Reviews,3+ weeks ago,https://www.naukri.com/job-listings-business-analyst-zeblearn-india-noida-1-to-3-years-240924502619
IT Business Analyst Program,QBI Institute,2-4 Yrs,Not Disclosed,Noida,N/A,N/A,3+ weeks ago,https://www.naukri.com/job-listings-it-business-analyst-program-qbi-institute-noida-2-to-4-years-240823501791
Business Analyst - AI & Enterprise Solutions,Velodata Global,4-7 Yrs,Not Disclosed,Kochi,N/A,N/A,3+ weeks ago,https://www.naukri.com/job-listings-business-analyst-ai-enterprise-solutions-velodata-global-pvt-ltd-kochi-4-to-7-years-240426501305
Business Analyst,Techocipher It Solution,1-3 Yrs,Not Disclosed,Pune,4.9,5  Reviews,3+ weeks ago,https://www.naukri.com/job-listings-business-analyst-techocipher-pune-1-to-3-years-240426500238
AI-Business Analyst,Unwind Learning Labs,2-4 Yrs,Not Disclosed,Nagar,N/A,N/A,3+ weeks ago,https://www.naukri.com/job-listings-ai-business-analyst-unwind-learning-labs-private-limited-nagar-2-to-4-years-240326505206
Business Analyst (Healthcare),Iware Software Solutions,3-4 Yrs,Not Disclosed,Kochi,N/A,N/A,3+ weeks ago,https://www.naukri.com/job-listings-business-analyst-healthcare-iware-solutions-kochi-3-to-4-years-231025501796
IT Business Analyst -Risk Management,Intuitive Apps,7-9 Yrs,Not Disclosed,Mumbai,2.7,6  Reviews,3+ weeks ago,https://www.naukri.com/job-listings-it-business-analyst-risk-management-intuitive-apps-mumbai-7-to-9-years-230823500819
Business Analyst,Intuitive Apps,3-7 Yrs,Not Disclosed,Chennai,2.7,6  Reviews,3+ weeks ago,https://www.naukri.com/job-listings-business-analyst-intuitive-apps-chennai-3-to-7-years-230823500762
Business analyst,Magellanix Technology Solutions,1-4 Yrs,Not Disclosed,Chennai,N/A,N/A,3+ weeks ago,https://www.naukri.com/job-listings-business-analyst-magellanix-technology-solutions-chennai-1-to-4-years-230625501320
Business Analyst III,iQor,2-5 Yrs,Not Disclosed,Noida,3.3,1033  Reviews,3+ weeks ago,https://www.naukri.com/job-listings-business-analyst-iii-iqor-noida-2-to-5-years-230326504905
Business System Analyst,Han Digital Solution,5-7 Yrs,Not Disclosed,Hyderabad,N/A,N/A,3+ weeks ago,https://www.naukri.com/job-listings-business-system-analyst-han-digital-solution-hyderabad-5-to-7-years-230326503563
Business Analyst -Liquidity Management /Risk,Han Digital Solution,6-11 Yrs,Not Disclosed,Pune,N/A,N/A,3+ weeks ago,https://www.naukri.com/job-listings-business-analyst-liquidity-management-risk-han-digital-solution-pune-6-to-11-years-221125501758
Business Analyst / Application Manager,Brodos Ag,4-9 Yrs,Not Disclosed,Ahmedabad,4.6,4  Reviews,3+ weeks ago,https://www.naukri.com/job-listings-business-analyst-application-manager-brodos-ahmedabad-4-to-9-years-221124506343
Business Analyst : Regulatory Reporting,Ikrux,3-7 Yrs,Not Disclosed,Mumbai,N/A,N/A,3+ weeks ago,https://www.naukri.com/job-listings-business-analyst-regulatory-reporting-ikrux-mumbai-3-to-7-years-221124501569
Business Analyst,Neologix Software Solutions,3-7 Yrs,Not Disclosed,Thiruvananthapuram,4.0,3  Reviews,3+ weeks ago,https://www.naukri.com/job-listings-business-analyst-neologix-software-solutions-india-pvt-ltd-thiruvananthapuram-3-to-7-years-220925502846
Business Analyst,Unite Computech Info,N/A,Unpaid ,Vadodara,2.9,4  Reviews,Starts in 1-3 months,https://www.naukri.com/job-listings-business-analyst-uciindia-vadodara-1-to-3-years-220825503031
Business Analyst,Intersources Inc,3-7 Yrs,Not Disclosed,Salem,3.5,9  Reviews,3 weeks ago,https://www.naukri.com/job-listings-business-analyst-intersources-inc-salem-3-to-7-years-220526503279
Senior Data Engineer,LTM,3-5 Yrs,Not Disclosed,Hyderabad,3.6,26816  Reviews,3+ weeks ago,https://www.naukri.com/job-listings-senior-data-engineer-mindtree-limited-hyderabad-3-to-5-years-220426501332
Business Analyst,Seaant Web Technologies,1-3 Yrs,Not Disclosed,Chennai,3.3,5  Reviews,3+ weeks ago,https://www.naukri.com/job-listings-business-analyst-seaant-web-technologies-private-ltd-chennai-1-to-3-years-210923500580
Business Analyst,Icubespro,5-10 Yrs,Not Disclosed,Kochi,N/A,N/A,3 weeks ago,https://www.naukri.com/job-listings-business-analyst-icubespro-kochi-5-to-10-years-210526505216
Business Analyst,Verisk,3-8 Yrs,Not Disclosed,Hyderabad,3.7,94  Reviews,3 weeks ago,https://www.naukri.com/job-listings-business-analyst-verisk-analytics-india-private-limited-hyderabad-3-to-8-years-210526502031
Business Analyst & Mentor,Valuedx Technologies,3-8 Yrs,Not Disclosed,Pune,3.5,17  Reviews,3+ weeks ago,https://www.naukri.com/job-listings-business-analyst-mentor-valuedx-technologies-pune-3-to-8-years-210425502035
Business Analyst,Acme Services,1-5 Yrs,Not Disclosed,Mumbai,N/A,N/A,3+ weeks ago,https://www.naukri.com/job-listings-business-analyst-acme-services-mumbai-1-to-5-years-210223503390
Business Analyst,Acme Services,1-5 Yrs,Not Disclosed,Mumbai,N/A,N/A,3+ weeks ago,https://www.naukri.com/job-listings-business-analyst-acme-services-mumbai-1-to-5-years-210223501970
Business Analyst,Acme Services,1-5 Yrs,Not Disclosed,Mumbai,N/A,N/A,3+ weeks ago,https://www.naukri.com/job-listings-business-analyst-acme-services-mumbai-1-to-5-years-210223501969
Business Analyst,Acme Services,4-5 Yrs,Not Disclosed,Gurugram,N/A,N/A,3+ weeks ago,https://www.naukri.com/job-listings-business-analyst-acme-services-gurugram-4-to-5-years-210223501968
Business Analyst,DMS Strategy Consulting,2-5 Yrs,Not Disclosed,Pune,4.4,5  Reviews,3+ weeks ago,https://www.naukri.com/job-listings-business-analyst-dms-strategy-and-management-consulting-pune-2-to-5-years-201224500289
Business Analyst,Mediception Science,1-2 Yrs,Not Disclosed,Gurugram,3.0,11  Reviews,3+ weeks ago,https://www.naukri.com/job-listings-business-analyst-mediception-science-pvt-ltd-gurugram-1-to-2-years-201125502551
Business Analyst,Zithas Nextzen,1-3 Yrs,Not Disclosed,Ahmedabad,3.4,31  Reviews,3+ weeks ago,https://www.naukri.com/job-listings-business-analyst-zithas-technologies-pvt-ltd-ahmedabad-1-to-3-years-200924501833
Business Analyst,Moneymul Technologies Pvt Ltd,1-3 Yrs,Not Disclosed,Noida,3.6,22  Reviews,3+ weeks ago,https://www.naukri.com/job-listings-business-analyst-moneymul-noida-1-to-3-years-200525504644
IT Business Systems Analyst,Midh Technologies,8-13 Yrs,Not Disclosed,Hyderabad,N/A,N/A,3+ weeks ago,https://www.naukri.com/job-listings-it-business-systems-analyst-midhtechnologies-pvt-ltd-hyderabad-8-to-13-years-200326502463
Software - Business Analyst,Dayal Group,3-8 Yrs,Not Disclosed,Meerut,4.0,179  Reviews,3+ weeks ago,https://www.naukri.com/job-listings-software-business-analyst-dayal-fertilizer-pvt-ltd-meerut-3-to-8-years-200325505233
Business Analyst Lead,Cloud Counselage,4-8 Yrs,Not Disclosed,Mumbai,4.6,38  Reviews,3+ weeks ago,https://www.naukri.com/job-listings-business-analyst-lead-cloud-counselage-pvt-ltd-mumbai-4-to-8-years-200126509327
Business Analyst,KTree,7-12 Yrs,Not Disclosed,Hyderabad,2.7,18  Reviews,3+ weeks ago,https://www.naukri.com/job-listings-business-analyst-k-tree-computer-solutions-i-pvt-ltd-hyderabad-7-to-12-years-191125506441
Business Analysts,Asite Solutions,3-5 Yrs,Not Disclosed,Pune,3.1,65  Reviews,3+ weeks ago,https://www.naukri.com/job-listings-business-analysts-asite-solutions-pvt-ltd-pune-3-to-5-years-190326503816
Business Analyst - Airline Industry,ECS ME,5-7 Yrs,Not Disclosed,Hyderabad,4.3,131  Reviews,3+ weeks ago,https://www.naukri.com/job-listings-business-analyst-airline-industry-ecs-me-llc-hyderabad-5-to-7-years-190326501448
Business Analyst,Orica,10-15 Yrs,Not Disclosed,Hyderabad,4.1,9  Reviews,3+ weeks ago,https://www.naukri.com/job-listings-business-analyst-orica-hyderabad-10-to-15-years-190126501876
Business Analyst,ZINFI,2-4 Yrs,Not Disclosed,Kolkata,2.5,96  Reviews,3+ weeks ago,https://www.naukri.com/job-listings-business-analyst-zinfi-software-systems-pvt-ltd-kolkata-2-to-4-years-180924502846
AI And DATA - Snowflake -Senior Professional,EY,3-8 Yrs,Not Disclosed,Hyderabad,3.4,14833  Reviews,3+ weeks ago,https://www.naukri.com/job-listings-ai-and-data-snowflake-senior-professional-ernst-young-hyderabad-3-to-8-years-180526504328
Business Intelligence Analyst,DATATERRAIN LTD,4-6 Yrs,Not Disclosed,Chennai,3.4,23  Reviews,3+ weeks ago,https://www.naukri.com/job-listings-business-intelligence-analyst-dataterrain-ltd-chennai-4-to-6-years-180425504739
Business Analyst - Financial Transformation,CSB Bank,8-13 Yrs,Not Disclosed,Mumbai,3.2,1929  Reviews,3+ weeks ago,https://www.naukri.com/job-listings-business-analyst-financial-transformation-csb-bank-mumbai-8-to-13-years-180326500816
Business Analyst,Infyni,1-3 Yrs,Not Disclosed,Gurugram,2.3,19  Reviews,3+ weeks ago,https://www.naukri.com/job-listings-business-analyst-infyni-gurugram-1-to-3-years-180325503653
Senior Associate _ ML Ops/Data Ops_ Emerging Technologies,PwC Service Delivery Center,3-8 Yrs,Not Disclosed,Gurugram,3.3,12897  Reviews,3+ weeks ago,https://www.naukri.com/job-listings-senior-associate-ml-ops-data-ops-emerging-technologies-pricewaterhouse-coopers-service-delivery-center-kolkata-gurugram-3-to-8-years-180225504344
Application Business Analyst,Codeboard Technology,5-10 Yrs,Not Disclosed,Chennai,3.2,34  Reviews,3+ weeks ago,https://www.naukri.com/job-listings-application-business-analyst-codeboard-technology-private-limited-chennai-5-to-10-years-170425500305
Business Analyst Product Management,Han Digital Solution,10-12 Yrs,Not Disclosed,Hyderabad,N/A,N/A,3+ weeks ago,https://www.naukri.com/job-listings-business-analyst-product-management-han-digital-solution-hyderabad-10-to-12-years-170226501471
"Financial Controller, Business Planner & Analyst",Developer Group,4-8 Yrs,Not Disclosed,Chennai,4.6,16  Reviews,3+ weeks ago,https://www.naukri.com/job-listings-financial-controller-business-planner-analyst-developer-group-india-pvt-ltd-chennai-4-to-8-years-170222500370
Business Analyst,Diverse Lynx,1-4 Yrs,Not Disclosed,Noida,3.4,389  Reviews,3+ weeks ago,https://www.naukri.com/job-listings-business-analyst-diverse-lynx-noida-1-to-4-years-160625501867
Principal Business Systems Analyst,Cornerstone India,8-13 Yrs,Not Disclosed,Pune,3.2,88  Reviews,3+ weeks ago,https://www.naukri.com/job-listings-principal-business-systems-analyst-cornerstone-india-pune-8-to-13-years-160226503719
Senior Big Data Engineer,Iqvia Biotech,6-11 Yrs,Not Disclosed,Hyderabad,3.4,23  Reviews,3+ weeks ago,https://www.naukri.com/job-listings-senior-big-data-engineer-iqvia-biotech-hyderabad-6-to-11-years-160126501936
BA (Business Analyst),Singhtek,2-7 Yrs,Not Disclosed,Jaipur,2.7,2  Reviews,3+ weeks ago,https://www.naukri.com/job-listings-ba-business-analyst-singhtek-jaipur-2-to-7-years-150725505467
Business Analyst,Pulsehrm,3-7 Yrs,Not Disclosed,Gurugram,N/A,N/A,3+ weeks ago,https://www.naukri.com/job-listings-business-analyst-pulsehrm-gurugram-3-to-7-years-150725501528
"Senior Associate, Data Analytics, Transformation & Data",DBS Bank,3-7 Yrs,Not Disclosed,Mumbai,3.7,2641  Reviews,3+ weeks ago,https://www.naukri.com/job-listings-senior-associate-data-analytics-transformation-data-dbs-bank-ltd-mumbai-3-to-7-years-150526501939
Business Analyst,Ilensys Technologies,7-12 Yrs,Not Disclosed,Hyderabad,4.0,188  Reviews,3+ weeks ago,https://www.naukri.com/job-listings-business-analyst-ilensys-technologies-hyderabad-7-to-12-years-150526030311
Business Analyst,Squirrel Softech Services,3-6 Yrs,Not Disclosed,Ahmedabad,4.4,50  Reviews,3+ weeks ago,https://www.naukri.com/job-listings-business-analyst-squirrel-softech-services-pvt-ltd-ahmedabad-3-to-6-years-150424500864
Business Analyst,Datamatics Staffing Services Pvt Ltd,8-10 Yrs,Not Disclosed,Mumbai,N/A,N/A,3+ weeks ago,https://www.naukri.com/job-listings-business-analyst-datamatics-staffing-services-pvt-ltd-mumbai-8-to-10-years-150125503404
Business Analyst,Aayan India,1-5 Yrs,Not Disclosed,Lucknow,N/A,N/A,3+ weeks ago,https://www.naukri.com/job-listings-business-analyst-aayan-india-lucknow-1-to-5-years-141125503395
Business Analyst,Bluebenz Digitizations,2-4 Yrs,Not Disclosed,Chennai,3.2,33  Reviews,3+ weeks ago,https://www.naukri.com/job-listings-business-analyst-bluebenz-digitizations-private-limited-chennai-2-to-4-years-140526504198
"Specialist Business Analyst, Actimize(Fraud Detection, SQL)",NICE,3-8 Yrs,Not Disclosed,Pune,4.4,14  Reviews,3+ weeks ago,https://www.naukri.com/job-listings-specialist-business-analyst-actimize-fraud-detection-sql-nice-pune-3-to-8-years-140526503757
Business Analyst,STEM Healthcare,2-3 Yrs,Not Disclosed,Gurugram,3.1,49  Reviews,3+ weeks ago,https://www.naukri.com/job-listings-business-analyst-stem-healthcare-gurugram-2-to-3-years-140426503222
Business Analyst,Infinite,4-9 Yrs,Not Disclosed,Noida,3.2,2146  Reviews,3+ weeks ago,https://www.naukri.com/job-listings-business-analyst-infinite-computer-solutions-india-pvt-ltd-noida-4-to-9-years-140426501219
Business Analyst,Geotechnosoft,1-3 Yrs,Not Disclosed,Noida,3.6,18  Reviews,3+ weeks ago,https://www.naukri.com/job-listings-business-analyst-geotechnosoft-noida-1-to-3-years-140324502122
Business Analyst : Founder s Office,Daiom,1-2 Yrs,Not Disclosed,Gurugram,N/A,N/A,3+ weeks ago,https://www.naukri.com/job-listings-business-analyst-founder-s-office-daiom-gurugram-1-to-2-years-130624501999
Technical Business Analyst,OrangeMantra,3-8 Yrs,Not Disclosed,Gurugram,3.6,227  Reviews,3+ weeks ago,https://www.naukri.com/job-listings-technical-business-analyst-orangemantra-gurugram-3-to-8-years-130226505806
Principal Business Systems Analyst,Cornerstone,4-9 Yrs,Not Disclosed,Pune,3.3,185  Reviews,3+ weeks ago,https://www.naukri.com/job-listings-principal-business-systems-analyst-cornerstone-on-demand-pune-4-to-9-years-130226505246
Business Analyst - II,TalaKunchi,2-4 Yrs,Not Disclosed,Mumbai,3.6,65  Reviews,3+ weeks ago,https://www.naukri.com/job-listings-business-analyst-ii-talakunchi-networks-private-limited-mumbai-2-to-4-years-121125501757
Business Analyst,Flash Aligners,3-4 Yrs,Not Disclosed,Mumbai,N/A,N/A,3+ weeks ago,https://www.naukri.com/job-listings-business-analyst-flash-aligners-mumbai-3-to-4-years-120624502142
Business Analyst,Regnology,5-8 Yrs,Not Disclosed,Pune,N/A,N/A,3+ weeks ago,https://www.naukri.com/job-listings-business-analyst-regnology-pune-5-to-8-years-120326500154
Business Operations Analyst,Exhibitors Data,4-9 Yrs,Not Disclosed,Dimapur,N/A,N/A,3+ weeks ago,https://www.naukri.com/job-listings-business-operations-analyst-exhibitors-data-dimapur-4-to-9-years-120226505339
Business Analyst,vnnogile,3-5 Yrs,Not Disclosed,Mumbai,4.3,6  Reviews,3+ weeks ago,https://www.naukri.com/job-listings-business-analyst-vnnogile-mumbai-3-to-5-years-111224504454
Business Analyst,Beinex,4-5 Yrs,Not Disclosed,Kochi,2.2,59  Reviews,3+ weeks ago,https://www.naukri.com/job-listings-business-analyst-beinex-consulting-kochi-4-to-5-years-111224502057
Business Analyst,Datamatics,8-10 Yrs,Not Disclosed,Mumbai,3.4,2457  Reviews,3+ weeks ago,https://www.naukri.com/job-listings-business-analyst-datamatics-software-services-ltd-mumbai-8-to-10-years-111024501768
Business Development Analyst,Clinztech Research Solutions,2-4 Yrs,Not Disclosed,Hyderabad,4.6,21  Reviews,3+ weeks ago,https://www.naukri.com/job-listings-business-development-analyst-clinztech-hyderabad-2-to-4-years-110725500678
Business Analyst,Cogniview,15-20 Yrs,Not Disclosed,Visakhapatnam,N/A,N/A,3+ weeks ago,https://www.naukri.com/job-listings-business-analyst-cogniview-visakhapatnam-15-to-20-years-110526504401
Business Analyst,Software Education And Research,1-3 Yrs,Not Disclosed,Patna,2.9,5  Reviews,3+ weeks ago,https://www.naukri.com/job-listings-business-analyst-software-education-research-pvt-ltd-patna-1-to-3-years-101224500759
Business Analyst - Product Owner,Thyssenkrupp Polysius,5-6 Yrs,Not Disclosed,Pune,N/A,N/A,3+ weeks ago,https://www.naukri.com/job-listings-business-analyst-product-owner-thyssenkrupp-polysius-pune-5-to-6-years-100924500996
Business Analyst,Winfomi,2-4 Yrs,Not Disclosed,Coimbatore,4.4,2  Reviews,3+ weeks ago,https://www.naukri.com/job-listings-business-analyst-winfomi-coimbatore-2-to-4-years-100724501619
Business Analyst,Careervira,1-3 Yrs,Not Disclosed,Gurugram,2.7,12  Reviews,3+ weeks ago,https://www.naukri.com/job-listings-business-analyst-careervira-gurugram-1-to-3-years-100523500872
Senior Software Engineer-Power BI / Data Analytics,Nest Digital,5-8 Yrs,Not Disclosed,Bengaluru,3.5,181  Reviews,3+ weeks ago,https://www.naukri.com/job-listings-senior-software-engineer-power-bi-data-analytics-nest-digital-bengaluru-5-to-8-years-100326500753
Business Analyst,Rudder Analytics,2-4 Yrs,Not Disclosed,Pune,4.0,30  Reviews,3+ weeks ago,https://www.naukri.com/job-listings-business-analyst-rudder-analytics-pune-2-to-4-years-091225501578
SENIOR DATA ENGINEER - SQL,Happiest Minds Technologies,5-10 Yrs,Not Disclosed,Bengaluru,3.4,1467  Reviews,1 week ago,https://www.naukri.com/job-listings-senior-data-engineer-sql-happiest-minds-technologies-pvt-ltd-bengaluru-5-to-10-years-090626501552
Business Analyst,Fourty60 - Website Designing & SEO,1-4 Yrs,Not Disclosed,Mumbai,2.3,15  Reviews,3+ weeks ago,https://www.naukri.com/job-listings-business-analyst-fourty60-website-designing-seo-mumbai-1-to-4-years-090426502185
Business Analyst,WEB And Crafts,1-2 Yrs,Not Disclosed,Thrissur,3.0,55  Reviews,3+ weeks ago,https://www.naukri.com/job-listings-business-analyst-webandcrafts-thrissur-1-to-2-years-081025500221
Business Analyst,Lofty Technologies Pvt. Ltd,1-5 Yrs,Not Disclosed,Kochi,2.8,5  Reviews,3+ weeks ago,https://www.naukri.com/job-listings-business-analyst-lofty-technologies-pvt-ltd-kochi-1-to-5-years-080525504307
"Senior IT Architect, Data Architect, Platinion",Boston Consulting Group,7-12 Yrs,Not Disclosed,Gurugram,3.6,512  Reviews,3+ weeks ago,https://www.naukri.com/job-listings-senior-it-architect-data-architect-platinion-boston-consulting-group-gurugram-7-to-12-years-080525502820
Sr. Associate Data and Analytics Engineer,Pfizer,3-5 Yrs,Not Disclosed,Chennai,3.9,2122  Reviews,3+ weeks ago,https://www.naukri.com/job-listings-sr-associate-data-and-analytics-engineer-pfizer-chennai-3-to-5-years-080426504763
Business Analyst II,iQor,1-4 Yrs,Not Disclosed,Noida,3.3,1033  Reviews,3+ weeks ago,https://www.naukri.com/job-listings-business-analyst-ii-iqor-noida-1-to-4-years-070126502624
Business Analyst - CART,Novel Patterns,5-10 Yrs,Not Disclosed,Noida,4.1,46  Reviews,3+ weeks ago,https://www.naukri.com/job-listings-business-analyst-cart-novel-patterns-noida-5-to-10-years-061224501789
Technical Business Analyst (TBA),Toppan Merrill,3-5 Yrs,Not Disclosed,Gurugram,3.8,214  Reviews,3+ weeks ago,https://www.naukri.com/job-listings-technical-business-analyst-tba-toppan-merrill-technology-services-private-limited-gurugram-3-to-5-years-061125505441
Technical Business Analyst,Toppan Merrill,3-5 Yrs,Not Disclosed,Chennai,3.8,214  Reviews,3+ weeks ago,https://www.naukri.com/job-listings-technical-business-analyst-toppan-merrill-technology-services-private-limited-chennai-3-to-5-years-061125505440
Business analyst,Inspiration Manpower Consultancy Pvt. Ltd.,6-12 Yrs,Not Disclosed,Chennai,N/A,N/A,3+ weeks ago,https://www.naukri.com/job-listings-business-analyst-inspiration-manpower-consultancy-pvt-ltd-chennai-6-to-12-years-060720500835
Business Analyst-Emerging Market,Hetero,3-6 Yrs,Not Disclosed,Hyderabad,3.9,4651  Reviews,3+ weeks ago,https://www.naukri.com/job-listings-business-analyst-emerging-market-hetero-drugs-limited-hyderabad-3-to-6-years-060526501719
Business Analyst,Synaptica Tech,5-10 Yrs,Not Disclosed,Hyderabad,N/A,N/A,3+ weeks ago,https://www.naukri.com/job-listings-business-analyst-synapticatech-hyderabad-5-to-10-years-060426501812
Business Analyst,Zentek Infosoft,5-8 Yrs,Not Disclosed,Jaipur,3.9,72  Reviews,3+ weeks ago,https://www.naukri.com/job-listings-business-analyst-zentek-infosoft-india-pvt-ltd-jaipur-5-to-8-years-060225507470
Solution Engineer / Business Analyst,Botminds,2-7 Yrs,Not Disclosed,Chennai,N/A,N/A,3+ weeks ago,https://www.naukri.com/job-listings-solution-engineer-business-analyst-botminds-chennai-2-to-7-years-041125503407
Business Analyst / Product Manager,Sysarc Infomatix,5-10 Yrs,Not Disclosed,Chennai,3.6,152  Reviews,3+ weeks ago,https://www.naukri.com/job-listings-business-analyst-product-manager-sysarc-infomatix-pvt-ltd-chennai-5-to-10-years-040725504013
Business Intelligence Analyst,Convoso Tech,3-4 Yrs,Not Disclosed,Vadodara,4.5,7  Reviews,3+ weeks ago,https://www.naukri.com/job-listings-business-intelligence-analyst-convoso-vadodara-3-to-4-years-031225503344
Business Analysts,Amudhalakshmi Systems,1-2 Yrs,Not Disclosed,Chennai,3.8,3  Reviews,3+ weeks ago,https://www.naukri.com/job-listings-business-analysts-amudhalakshmi-systems-pvt-ltd-chennai-1-to-2-years-031224507499
Business Analyst,Supranix Technologies,1-3 Yrs,Not Disclosed,Bermo,N/A,N/A,3+ weeks ago,https://www.naukri.com/job-listings-business-analyst-suparnix-technologies-bermo-1-to-3-years-031125503238
Senior Research Scientist: Product Growth & Impact Analysis,Convegenius Edu,5-10 Yrs,Not Disclosed,"Prayagraj, Varanasi, Ghaziabad, Kanpur, Lucknow, Agra",3.9,66  Reviews,3+ weeks ago,https://www.naukri.com/job-listings-senior-research-scientist-product-growth-impact-analysis-convegenius-edu-solutions-pvt-ltd-prayagraj-varanasi-ghaziabad-kanpur-lucknow-agra-5-to-10-years-030725504422
Business Analyst,Odysseus Solutions,3-5 Yrs,Not Disclosed,Vadodara,1.8,45  Reviews,3+ weeks ago,https://www.naukri.com/job-listings-business-analyst-odysseus-solutions-vadodara-3-to-5-years-030226501854
Business Intelligence Analyst/BI Analyst,Savantys Solutions,5-10 Yrs,Not Disclosed,Hyderabad,N/A,N/A,3+ weeks ago,https://www.naukri.com/job-listings-business-intelligence-analyst-bi-analyst-savantys-solutions-hyderabad-5-to-10-years-011122500816
Business Analyst,Skill Hive Hub,1-4 Yrs,Not Disclosed,Vijayawada,N/A,N/A,3+ weeks ago,https://www.naukri.com/job-listings-business-analyst-skill-hive-hub-vijayawada-1-to-4-years-010526501191
IN-Sr Associate_Azure Devops _Data & Analytics _Advisory,PwC Service Delivery Center,6-9 Yrs,Not Disclosed,Kolkata,3.3,12897  Reviews,3+ weeks ago,https://www.naukri.com/job-listings-in-sr-associate-azure-devops-data-analytics-advisory-pricewaterhouse-coopers-service-delivery-center-kolkata-kolkata-6-to-9-years-010426504920
Data Engineer,Hexaware Technologies,6-11 Yrs,Not Disclosed,"Hybrid - Hyderabad, Pune, Bangalore Rural",3.4,7813  Reviews,1 week ago,https://www.naukri.com/job-listings-data-engineer-hexaware-technologies-hyderabad-pune-bangalore-rural-6-to-11-years-080626017851
"Python Data Engineer - DBT, Python, AWS, and SQL",Globallogic,3-5 Yrs,Not Disclosed,"Pune, Delhi / NCR, Bengaluru",3.5,5861  Reviews,1 week ago,https://www.naukri.com/job-listings-python-data-engineer-dbt-python-aws-and-sql-globallogic-pune-delhi-ncr-bengaluru-3-to-5-years-050626020565
"Inviting applications For Data Visualization (Tableau, Power BI)",Genpact,12-15 Yrs,Not Disclosed,"Kolkata, Hyderabad, Bengaluru",3.6,42987  Reviews,1 week ago,https://www.naukri.com/job-listings-inviting-applications-for-data-visualization-tableau-power-bi-genpact-kolkata-hyderabad-bengaluru-12-to-15-years-110226042156
Data Engineer,Amgen Inc,4-8 Yrs,Not Disclosed,Hyderabad,2.8,166  Reviews,1 week ago,https://www.naukri.com/job-listings-data-engineer-amgen-inc-hyderabad-4-to-8-years-080626934237
Data Strategist,Accenture,5-10 Yrs,Not Disclosed,Bengaluru,3.7,74541  Reviews,1 week ago,https://www.naukri.com/job-listings-data-strategist-accenture-solutions-pvt-ltd-bengaluru-5-to-10-years-080626929326
"Data Engineer - Cloud, Big Data, ETL & Data Security",Synechron,6-11 Yrs,Not Disclosed,Bengaluru,3.4,3794  Reviews,1 week ago,https://www.naukri.com/job-listings-data-engineer-cloud-big-data-etl-data-security-synechron-technologies-pvt-ltd-bengaluru-6-to-11-years-080626914017
Data Science Engineer Intern,BlueRipples Technologies Pvt.Ltd.,N/A,Unpaid ,Thiruvananthapuram,4.1,10  Reviews,Starts in 1-3 months,https://www.naukri.com/job-listings-data-science-engineer-intern-blueripples-technologies-pvt-ltd-thiruvananthapuram-0-to-1-years-030626504468
AWS Data Engineer,Virtusa,6-9 Yrs,Not Disclosed,"Hybrid - Hyderabad, Chennai, Bengaluru",3.7,6200  Reviews,3 days ago,https://www.naukri.com/job-listings-aws-data-engineer-virtusa-hyderabad-chennai-bengaluru-6-to-9-years-130626011059
AWS Data Engineer,Virtusa,3-6 Yrs,Not Disclosed,"Hybrid - Hyderabad, Chennai, Bengaluru",3.7,6200  Reviews,3 days ago,https://www.naukri.com/job-listings-aws-data-engineer-virtusa-hyderabad-chennai-bengaluru-3-to-6-years-130626011043
Azure Data Engineer - 15 May (Friday) - Virtual Interview,Tata Consultancy Services,5-10 Yrs,Not Disclosed,"Pune, Bengaluru, Delhi / NCR",3.3,115896  Reviews,2 weeks ago,https://www.naukri.com/job-listings-azure-data-engineer-15-may-friday-virtual-interview-tata-consultancy-services-pune-bengaluru-delhi-ncr-5-to-10-years-120526037231
"Cloud Engineer, Data Platforms",Aveva,5-10 Yrs,Not Disclosed,Bengaluru,4.0,572  Reviews,6 days ago,https://www.naukri.com/job-listings-cloud-engineer-data-platforms-aveva-solutions-india-llp-bengaluru-5-to-10-years-100626930347
International Data Research,Kinetiq,0-2 Yrs,1-3 Lacs PA ,Ahmedabad(Thaltej),N/A,N/A,3 days ago,https://www.naukri.com/job-listings-international-data-research-ikamate-ahmedabad-0-to-2-years-100326030442
Data Engineering Lead,Infosys,5-8 Yrs,Not Disclosed,Bengaluru,3.5,49475  Reviews,1 week ago,https://www.naukri.com/job-listings-data-engineering-lead-infosys-limited-bengaluru-5-to-8-years-080626933784
"Data Eng, Mgmt & Governance Assoc Mgr",Accenture,10-14 Yrs,Not Disclosed,Bengaluru,3.7,74541  Reviews,1 week ago,https://www.naukri.com/job-listings-data-eng-mgmt-governance-assoc-mgr-accenture-solutions-pvt-ltd-bengaluru-10-to-14-years-080626933127
Data Platform Engineer,Accenture,5-10 Yrs,Not Disclosed,Bengaluru,3.7,74541  Reviews,1 week ago,https://www.naukri.com/job-listings-data-platform-engineer-accenture-solutions-pvt-ltd-bengaluru-5-to-10-years-080626932067
Data Science Practitioner,Accenture,1-3 Yrs,Not Disclosed,Bengaluru,3.7,74541  Reviews,1 week ago,https://www.naukri.com/job-listings-data-science-practitioner-accenture-solutions-pvt-ltd-bengaluru-1-to-3-years-080626931567
Data Architect,Accenture,7-11 Yrs,Not Disclosed,Bengaluru,3.7,74541  Reviews,1 week ago,https://www.naukri.com/job-listings-data-architect-accenture-solutions-pvt-ltd-bengaluru-7-to-11-years-080626931320
S&C Global Network - Ai - Cmt - Consultant Data Science,Accenture,6-11 Yrs,Not Disclosed,Bengaluru,3.7,74541  Reviews,1 week ago,https://www.naukri.com/job-listings-s-c-global-network-ai-cmt-consultant-data-science-accenture-solutions-pvt-ltd-bengaluru-6-to-11-years-080626930796
"Data Eng, Mgmt & Governance Specialist",Accenture,7-11 Yrs,Not Disclosed,Bengaluru,3.7,74541  Reviews,1 week ago,https://www.naukri.com/job-listings-data-eng-mgmt-governance-specialist-accenture-solutions-pvt-ltd-bengaluru-7-to-11-years-080626930774
Data Platform Engineer,Accenture,2-5 Yrs,Not Disclosed,Bengaluru,3.7,74541  Reviews,1 week ago,https://www.naukri.com/job-listings-data-platform-engineer-accenture-solutions-pvt-ltd-bengaluru-2-to-5-years-080626930773
Data Platform Engineer,Accenture,5-10 Yrs,Not Disclosed,Bengaluru,3.7,74541  Reviews,1 week ago,https://www.naukri.com/job-listings-data-platform-engineer-accenture-solutions-pvt-ltd-bengaluru-5-to-10-years-080626930344
Data Science Practitioner,Accenture,7-12 Yrs,Not Disclosed,Bengaluru,3.7,74541  Reviews,1 week ago,https://www.naukri.com/job-listings-data-science-practitioner-accenture-solutions-pvt-ltd-bengaluru-7-to-12-years-080626930122
Data Platform Engineer,Accenture,12-17 Yrs,Not Disclosed,Bengaluru,3.7,74541  Reviews,1 week ago,https://www.naukri.com/job-listings-data-platform-engineer-accenture-solutions-pvt-ltd-bengaluru-12-to-17-years-080626928011
Data Platform Engineer,Accenture,2-5 Yrs,Not Disclosed,Bengaluru,3.7,74541  Reviews,1 week ago,https://www.naukri.com/job-listings-data-platform-engineer-accenture-solutions-pvt-ltd-bengaluru-2-to-5-years-080626927842
Data Architect,Accenture,7-11 Yrs,Not Disclosed,Bengaluru,3.7,74541  Reviews,1 week ago,https://www.naukri.com/job-listings-data-architect-accenture-solutions-pvt-ltd-bengaluru-7-to-11-years-080626926641
Data Platform Engineer,Accenture,2-5 Yrs,Not Disclosed,Bengaluru,3.7,74541  Reviews,1 week ago,https://www.naukri.com/job-listings-data-platform-engineer-accenture-solutions-pvt-ltd-bengaluru-2-to-5-years-080626925249
S&C GN - Data&AI - AI - S&P- GenAI Manager,Accenture,4-9 Yrs,Not Disclosed,Bengaluru,3.7,74541  Reviews,1 week ago,https://www.naukri.com/job-listings-s-c-gn-data-ai-ai-s-p-genai-manager-accenture-solutions-pvt-ltd-bengaluru-4-to-9-years-080626923960
"Data Eng, Mgmt & Governance Assoc Mgr",Accenture,10-14 Yrs,Not Disclosed,Bengaluru,3.7,74541  Reviews,1 week ago,https://www.naukri.com/job-listings-data-eng-mgmt-governance-assoc-mgr-accenture-solutions-pvt-ltd-bengaluru-10-to-14-years-080626923908
"Enterprise Data Integration Lead | Informatica, SQL",Synechron,6-7 Yrs,Not Disclosed,Bengaluru,3.4,3794  Reviews,1 week ago,https://www.naukri.com/job-listings-enterprise-data-integration-lead-informatica-sql-synechron-technologies-pvt-ltd-bengaluru-6-to-7-years-080626912455
Salesforce Data cloud,Cognizant,5-10 Yrs,Not Disclosed,"Hybrid - Hyderabad, Chennai, Bengaluru",3.7,62199  Reviews,1 week ago,https://www.naukri.com/job-listings-salesforce-data-cloud-cognizant-hyderabad-chennai-bengaluru-5-to-10-years-080626010255
Data Researcher,Triveni Interchem,0-3 Yrs,2.5-3.5 Lacs PA ,Vapi,4.5,59  Reviews,5 days ago,https://www.naukri.com/job-listings-data-researcher-triveni-interchem-vapi-0-to-3-years-041225028097
IN_Senior Associate_ Data Engineering_ Data & Analytics _ Advisory,PwC Service Delivery Center,5-8 Yrs,Not Disclosed,Bengaluru,3.3,12897  Reviews,1 week ago,https://www.naukri.com/job-listings-in-senior-associate-data-engineering-data-analytics-advisory-pricewaterhouse-coopers-service-delivery-center-kolkata-bengaluru-5-to-8-years-040626503012
AI/ML Data Engineer,Hewlett Packard Enterprise,5-10 Yrs,Not Disclosed,Bengaluru,4.0,4678  Reviews,1 week ago,https://www.naukri.com/job-listings-ai-ml-data-engineer-hewlett-packard-enterprise-bengaluru-5-to-10-years-040626502994
AI/ML - Data Engineer,Hewlett Packard Enterprise,7-12 Yrs,Not Disclosed,Bengaluru,4.0,4678  Reviews,1 week ago,https://www.naukri.com/job-listings-ai-ml-data-engineer-hewlett-packard-enterprise-bengaluru-7-to-12-years-040626502988
Data Entry Operator,Bhairav Exports,0-3 Yrs,1-1.75 Lacs PA ,Bhiwandi,N/A,N/A,1 week ago,https://www.naukri.com/job-listings-data-entry-operator-bhairav-exports-bhiwandi-0-to-3-years-040626029236
Azure Data Engineer,HCLTech,5-8 Yrs,Not Disclosed,"Hybrid - Chennai, Bengaluru",3.4,46613  Reviews,1 week ago,https://www.naukri.com/job-listings-azure-data-engineer-hcltech-chennai-bengaluru-5-to-8-years-040626017136
Gcp Data Engineer,HCLTech,5-9 Yrs,Not Disclosed,"Hybrid - Chennai, Bengaluru",3.4,46613  Reviews,1 week ago,https://www.naukri.com/job-listings-gcp-data-engineer-hcltech-chennai-bengaluru-5-to-9-years-040626016207
Lead Data Science Consultant,Wells Fargo,5-10 Yrs,Not Disclosed,Bengaluru,3.6,8839  Reviews,1 week ago,https://www.naukri.com/job-listings-lead-data-science-consultant-wells-fargo-international-solutions-private-ltd-bengaluru-5-to-10-years-030626913485
Data Engineer,Rolls-Royce,6-11 Yrs,Not Disclosed,Bengaluru,3.8,158  Reviews,1 week ago,https://www.naukri.com/job-listings-data-engineer-rolls-royce-india-private-ltd-bengaluru-6-to-11-years-030626502032
Data Engineering Consultant,Optum,6-11 Yrs,15-30 Lacs PA ,Hybrid - Bengaluru,4.0,8091  Reviews,2 weeks ago,https://www.naukri.com/job-listings-data-engineering-consultant-optum-bengaluru-6-to-11-years-020626023447
"Data Steward - Data Governance, Management and Compliance",Siemens,10-15 Yrs,Not Disclosed,Bengaluru,3.9,5890  Reviews,2 weeks ago,https://www.naukri.com/job-listings-data-steward-data-governance-management-and-compliance-siemens-limited-bengaluru-10-to-15-years-010626921140
Data Platform Engineer,Accenture,3-8 Yrs,Not Disclosed,Bengaluru,3.7,74541  Reviews,2 weeks ago,https://www.naukri.com/job-listings-data-platform-engineer-accenture-solutions-pvt-ltd-bengaluru-3-to-8-years-010626919180
Data Architect,Accenture,7-11 Yrs,Not Disclosed,Bengaluru,3.7,74541  Reviews,2 weeks ago,https://www.naukri.com/job-listings-data-architect-accenture-solutions-pvt-ltd-bengaluru-7-to-11-years-010626918738
Data Platform Engineer,Accenture,4-9 Yrs,Not Disclosed,Bengaluru,3.7,74541  Reviews,2 weeks ago,https://www.naukri.com/job-listings-data-platform-engineer-accenture-solutions-pvt-ltd-bengaluru-4-to-9-years-010626918625
Data Platform Engineer,Accenture,3-8 Yrs,Not Disclosed,Bengaluru,3.7,74541  Reviews,2 weeks ago,https://www.naukri.com/job-listings-data-platform-engineer-accenture-solutions-pvt-ltd-bengaluru-3-to-8-years-010626918347
Data Platform Engineer,Accenture,3-8 Yrs,Not Disclosed,Bengaluru,3.7,74541  Reviews,2 weeks ago,https://www.naukri.com/job-listings-data-platform-engineer-accenture-solutions-pvt-ltd-bengaluru-3-to-8-years-010626918344
Data Platform Engineer,Accenture,3-8 Yrs,Not Disclosed,Bengaluru,3.7,74541  Reviews,2 weeks ago,https://www.naukri.com/job-listings-data-platform-engineer-accenture-solutions-pvt-ltd-bengaluru-3-to-8-years-010626918341
Data Platform Engineer,Accenture,3-8 Yrs,Not Disclosed,Bengaluru,3.7,74541  Reviews,2 weeks ago,https://www.naukri.com/job-listings-data-platform-engineer-accenture-solutions-pvt-ltd-bengaluru-3-to-8-years-010626918340
Data Platform Engineer,Accenture,3-8 Yrs,Not Disclosed,Bengaluru,3.7,74541  Reviews,2 weeks ago,https://www.naukri.com/job-listings-data-platform-engineer-accenture-solutions-pvt-ltd-bengaluru-3-to-8-years-010626918339
Data Platform Engineer,Accenture,3-8 Yrs,Not Disclosed,Bengaluru,3.7,74541  Reviews,2 weeks ago,https://www.naukri.com/job-listings-data-platform-engineer-accenture-solutions-pvt-ltd-bengaluru-3-to-8-years-010626918336
Data Platform Engineer,Accenture,3-8 Yrs,Not Disclosed,Bengaluru,3.7,74541  Reviews,2 weeks ago,https://www.naukri.com/job-listings-data-platform-engineer-accenture-solutions-pvt-ltd-bengaluru-3-to-8-years-010626918335
Data Platform Engineer,Accenture,3-8 Yrs,Not Disclosed,Bengaluru,3.7,74541  Reviews,2 weeks ago,https://www.naukri.com/job-listings-data-platform-engineer-accenture-solutions-pvt-ltd-bengaluru-3-to-8-years-010626918334
Data Platform Engineer,Accenture,3-8 Yrs,Not Disclosed,Bengaluru,3.7,74541  Reviews,2 weeks ago,https://www.naukri.com/job-listings-data-platform-engineer-accenture-solutions-pvt-ltd-bengaluru-3-to-8-years-010626918333
ACN GN - Public Services -Data & AI - Consultant,Accenture,4-8 Yrs,Not Disclosed,Bengaluru,3.7,74541  Reviews,2 weeks ago,https://www.naukri.com/job-listings-acn-gn-public-services-data-ai-consultant-accenture-solutions-pvt-ltd-bengaluru-4-to-8-years-010626917558
AI ML with Data,HCLTech,8-12 Yrs,Not Disclosed,Hybrid - Bengaluru,3.4,46613  Reviews,1 week ago,https://www.naukri.com/job-listings-ai-ml-with-data-hcltech-bengaluru-8-to-12-years-280526027843
Azure Data Engineer-11 Jun(Thurs)- Virtual Interview - Bengaluru - 8+,Tata Consultancy Services,8-13 Yrs,Not Disclosed,Bengaluru,3.3,115896  Reviews,1 week ago,https://www.naukri.com/job-listings-azure-data-engineer-11-jun-thurs-virtual-interview-bengaluru-8-tata-consultancy-services-bengaluru-8-to-13-years-080626010428
Data Quality and Data Governance Lead,Fidelity International,12-18 Yrs,Not Disclosed,Bengaluru,3.5,784  Reviews,1 week ago,https://www.naukri.com/job-listings-data-quality-and-data-governance-lead-fidelity-international-bengaluru-12-to-18-years-080626010367
Data Stage Developer,Tata Consultancy Services,5-10 Yrs,Not Disclosed,"Hyderabad, Chennai, Bengaluru",3.3,115896  Reviews,1 week ago,https://www.naukri.com/job-listings-data-stage-developer-tata-consultancy-services-hyderabad-chennai-bengaluru-5-to-10-years-060626003420
Data Stage Developer,Tata Consultancy Services,5-10 Yrs,Not Disclosed,"Hyderabad, Chennai, Bengaluru",3.3,115896  Reviews,1 week ago,https://www.naukri.com/job-listings-data-stage-developer-tata-consultancy-services-hyderabad-chennai-bengaluru-5-to-10-years-030626000134
Senior Revenue Operations Analyst,Leading Client,5-9 Yrs,Not Disclosed,"Mumbai, Gurugram, Bengaluru",N/A,N/A,3 weeks ago,https://www.naukri.com/job-listings-senior-revenue-operations-analyst-talent-corner-hr-services-pvt-ltd-mumbai-gurugram-bengaluru-5-to-9-years-260526935986
Senior Technical Analyst,Azilen,7-12 Yrs,Not Disclosed,"Kolkata, Mumbai, New Delhi, Hyderabad, Pune, Chennai, Bengaluru",2.9,101  Reviews,3+ weeks ago,https://www.naukri.com/job-listings-senior-technical-analyst-azilen-technologies-pvt-ltd-kolkata-mumbai-new-delhi-hyderabad-pune-chennai-bengaluru-7-to-12-years-260725500805
Sr. BI Analyst,Amherst Group,8-11 Yrs,Not Disclosed,"Kolkata, Mumbai, New Delhi, Hyderabad, Pune, Chennai, Bengaluru",2.1,15  Reviews,3+ weeks ago,https://www.naukri.com/job-listings-sr-bi-analyst-amherst-kolkata-mumbai-new-delhi-hyderabad-pune-chennai-bengaluru-8-to-11-years-240725503435
Senior AI Analyst,Impact Analytics,3-7 Yrs,Not Disclosed,Hybrid - Bengaluru,4.0,233  Reviews,3+ weeks ago,https://www.naukri.com/job-listings-senior-ai-analyst-impact-analytics-bengaluru-3-to-7-years-180526002908
Scrum Master Senior Analyst,Cigna Medical Group,4-9 Yrs,Not Disclosed,Bengaluru,3.0,43  Reviews,3+ weeks ago,https://www.naukri.com/job-listings-scrum-master-senior-analyst-cigna-medical-group-bengaluru-4-to-9-years-090426502136
Sr. Operations Research Analyst,GForce Consulting Solutions,2-6 Yrs,Not Disclosed,"Kolkata, Mumbai, New Delhi, Hyderabad, Pune, Chennai, Bengaluru",N/A,N/A,3+ weeks ago,https://www.naukri.com/job-listings-sr-operations-research-analyst-gforce-consulting-solutions-kolkata-mumbai-new-delhi-hyderabad-pune-chennai-bengaluru-2-to-6-years-050623500098
Advanced Analytics Senior Analyst,CBA Cross Border Associates,7-12 Yrs,Not Disclosed,Bengaluru,N/A,N/A,2 weeks ago,https://www.naukri.com/job-listings-advanced-analytics-senior-analyst-cba-cross-border-associates-bengaluru-7-to-12-years-290526505828
